,Unnamed: 0,Tar,Item,Condition,Completion,Part,Cloze,Cloze_Balanced,Association_Noun,Association_Verb,Association_MainVerb,article,target,context,semantic_association,implementation,model
0,1,Axt,1,A,und hackte die Holzscheite.,0,0.75,1,6.9,3.1,6.0,die,Axt,"Gestern schärfte der Holzfäller, bevor er das Holz stapelte, die",0.6975135,SE,jinaai/jina-embeddings-v2-base-de
1,2,Axt,1,B,und hackte die Holzscheite.,0,0.67,1,3.1,1.2,6.0,die,Axt,"Gestern schärfte der Holzfäller, bevor er den Film schaute, die",0.7347704,SE,jinaai/jina-embeddings-v2-base-de
2,3,Axt,1,C,und hackte die Holzscheite.,0,0.0,1,6.9,3.1,1.4,die,Axt,"Gestern aß der Holzfäller, bevor er das Holz stapelte, die",0.5972127,SE,jinaai/jina-embeddings-v2-base-de
3,4,Axt,1,D,und hackte die Holzscheite.,0,0.0,1,3.1,1.2,1.4,die,Axt,"Gestern aß der Holzfäller, bevor er den Film schaute, die",0.6922253,SE,jinaai/jina-embeddings-v2-base-de
4,5,Messer,2,A,und rasiert den Kunden.,0,0.67,1,5.0,5.1,6.4,das,Messer,"Nachdenklich schärft der Barbier, nachdem er den Rasierschaum aufgetragen hat, das",0.6205167,SE,jinaai/jina-embeddings-v2-base-de
5,6,Messer,2,B,und rasiert den Kunden.,0,0.75,1,1.2,1.4,6.4,das,Messer,"Nachdenklich schärft der Barbier, nachdem er die Topfpflanze gegossen hat, das",0.31926683,SE,jinaai/jina-embeddings-v2-base-de
6,7,Messer,2,C,und rasiert den Kunden.,0,0.0,1,5.0,5.1,1.4,das,Messer,"Nachdenklich trinkt der Barbier, nachdem er den Rasierschaum aufgetragen hat, das",0.60009843,SE,jinaai/jina-embeddings-v2-base-de
7,8,Messer,2,D,und rasiert den Kunden.,0,0.0,1,1.2,1.4,1.4,das,Messer,"Nachdenklich trinkt der Barbier, nachdem er die Topfpflanze gegossen hat, das",0.5159878,SE,jinaai/jina-embeddings-v2-base-de
8,9,Kaffee,3,A,und gießt die Milch dazu.,0,0.58,0,5.8,2.3,5.8,den,Kaffee,"Sogleich süßt der Kellner, nachdem er die Bestellung aufgenommen hat, den",0.3064601,SE,jinaai/jina-embeddings-v2-base-de
9,10,Kaffee,3,B,und gießt die Milch dazu.,0,0.25,0,3.5,3.5,5.8,den,Kaffee,"Sogleich süßt der Kellner, nachdem er das Radio angemacht hat, den",0.46893474,SE,jinaai/jina-embeddings-v2-base-de
10,11,Kaffee,3,C,und gießt die Milch dazu.,0,0.0,0,5.8,2.3,3.0,den,Kaffee,"Sogleich putzt der Kellner, nachdem er die Bestellung aufgenommen hat, den",0.21191777,SE,jinaai/jina-embeddings-v2-base-de
11,12,Kaffee,3,D,und gießt die Milch dazu.,0,0.0,0,3.5,3.5,3.0,den,Kaffee,"Sogleich putzt der Kellner, nachdem er das Radio angemacht hat, den",0.28875777,SE,jinaai/jina-embeddings-v2-base-de
12,13,Ofen,4,A,auf 180 Grad.,0,1.0,0,6.0,2.7,6.6,den,Ofen,"Vorsichtig erhitzt der Bäckerlehrling, nachdem er die Brötchen geformt hat, den",0.5490694,SE,jinaai/jina-embeddings-v2-base-de
13,14,Ofen,4,B,auf 180 Grad.,0,0.75,0,2.4,1.3,6.6,den,Ofen,"Vorsichtig erhitzt der Bäckerlehrling, nachdem er die Fenster gekippt hat, den",0.5512506,SE,jinaai/jina-embeddings-v2-base-de
14,15,Ofen,4,C,auf 180 Grad.,0,0.0,0,6.0,2.7,1.3,den,Ofen,"Vorsichtig schlürft der Bäckerlehrling, nachdem er die Brötchen geformt hat, den",0.5583069,SE,jinaai/jina-embeddings-v2-base-de
15,16,Ofen,4,D,auf 180 Grad.,0,0.08,0,2.4,1.3,1.3,den,Ofen,"Vorsichtig schlürft der Bäckerlehrling, nachdem er die Fenster gekippt hat, den",0.5991709,SE,jinaai/jina-embeddings-v2-base-de
16,17,Weinflasche,5,A,für die Weinprobe.,0,1.0,1,5.9,1.7,6.8,die,Weinflasche,"Zufrieden entkorkt der Winzer, der die Reben geschnitten hat, die",0.55540633,SE,jinaai/jina-embeddings-v2-base-de
17,18,Weinflasche,5,B,für die Weinprobe.,0,1.0,1,2.0,2.7,6.8,die,Weinflasche,"Zufrieden entkorkt der Winzer, der die Lohnabrechnungen beendet hat, die",0.37668145,SE,jinaai/jina-embeddings-v2-base-de
18,19,Weinflasche,5,C,für die Weinprobe.,0,0.08,1,5.9,1.7,1.0,die,Weinflasche,"Zufrieden glättet der Winzer, der die Reben geschnitten hat, die",0.23427653,SE,jinaai/jina-embeddings-v2-base-de
19,20,Weinflasche,5,D,für die Weinprobe.,0,0.0,1,2.0,2.7,1.0,die,Weinflasche,"Zufrieden glättet der Winzer, der die Lohnabrechnungen beendet hat, die",0.5004665,SE,jinaai/jina-embeddings-v2-base-de
20,21,Ticket,6,A,für die Fahrt.,0,0.33,1,6.7,2.3,6.3,das,Ticket,"Umgehend löst der Fahrgast, der den Automaten bedient, das",0.69783753,SE,jinaai/jina-embeddings-v2-base-de
21,22,Ticket,6,B,für die Fahrt.,0,0.33,1,1.3,1.3,6.3,das,Ticket,"Umgehend löst der Fahrgast, der die Einkaufstasche abstellt, das",0.59629923,SE,jinaai/jina-embeddings-v2-base-de
22,23,Ticket,6,C,für die Fahrt.,0,0.0,1,6.7,2.3,1.2,das,Ticket,"Umgehend knotet der Fahrgast, der den Automaten bedient, das",0.76798195,SE,jinaai/jina-embeddings-v2-base-de
23,24,Ticket,6,D,für die Fahrt.,0,0.0,1,1.3,1.3,1.2,das,Ticket,"Umgehend knotet der Fahrgast, der die Einkaufstasche abstellt, das",0.41560826,SE,jinaai/jina-embeddings-v2-base-de
24,25,Sieg,7,A,mit einer Party.,0,0.5,0,6.8,4.4,6.2,den,Sieg,"Am Abend feiert der Gewinner, der den Pokal erhält, den",0.3293738,SE,jinaai/jina-embeddings-v2-base-de
25,26,Sieg,7,B,mit einer Party.,0,0.75,0,1.8,2.0,6.2,den,Sieg,"Am Abend feiert der Gewinner, der das Eis isst, den",0.42065817,SE,jinaai/jina-embeddings-v2-base-de
26,27,Sieg,7,C,mit einer Party.,0,0.0,0,6.8,4.4,1.8,den,Sieg,"Am Abend knabbert der Gewinner, der den Pokal erhält, den",0.5717013,SE,jinaai/jina-embeddings-v2-base-de
27,28,Sieg,7,D,mit einer Party.,0,0.0,0,1.8,2.0,1.8,den,Sieg,"Am Abend knabbert der Gewinner, der das Eis isst, den",0.41915402,SE,jinaai/jina-embeddings-v2-base-de
28,29,Fisch,8,A,für das Abendessen.,1,0.83,1,7.0,4.9,6.9,den,Fisch,"Endlich fängt der Angler, der den Köder auswarf, den",0.711872,SE,jinaai/jina-embeddings-v2-base-de
29,30,Fisch,8,B,für das Abendessen.,1,0.83,1,2.0,1.2,6.9,den,Fisch,"Endlich fängt der Angler, der die Zeitung las, den",0.62882155,SE,jinaai/jina-embeddings-v2-base-de
30,31,Fisch,8,C,für das Abendessen.,1,0.0,1,7.0,4.9,1.3,den,Fisch,"Endlich baut der Angler, der den Köder auswarf, den",0.4654617,SE,jinaai/jina-embeddings-v2-base-de
31,32,Fisch,8,D,für das Abendessen.,1,0.0,1,2.0,1.2,1.3,den,Fisch,"Endlich baut der Angler, der die Zeitung las, den",0.46073744,SE,jinaai/jina-embeddings-v2-base-de
32,33,Unkraut,9,A,und leerte den Kompost.,0,0.83,0,6.7,3.3,6.9,das,Unkraut,"Am Nachmittag jätete der Schrebergärtner, der das Beet pflegte, das",0.4812946,SE,jinaai/jina-embeddings-v2-base-de
33,34,Unkraut,9,B,und leerte den Kompost.,0,0.67,0,3.3,1.4,6.9,das,Unkraut,"Am Nachmittag jätete der Schrebergärtner, der die Sonne genoss, das",0.517738,SE,jinaai/jina-embeddings-v2-base-de
34,35,Unkraut,9,C,und leerte den Kompost.,0,0.0,0,6.7,3.3,1.2,das,Unkraut,"Am Nachmittag polierte der Schrebergärtner, der das Beet pflegte, das",0.5633206,SE,jinaai/jina-embeddings-v2-base-de
35,36,Unkraut,9,D,und leerte den Kompost.,0,0.0,0,3.3,1.4,1.2,das,Unkraut,"Am Nachmittag polierte der Schrebergärtner, der die Sonne genoss, das",0.47571662,SE,jinaai/jina-embeddings-v2-base-de
36,37,Klassenzimmer,10,A,und nimmt ein Stück Kreide.,1,0.75,1,6.8,3.7,5.5,das,Klassenzimmer,"Eine Weile lüftet der Lehrer, bevor er die Tafel beschreibt, das",0.23056293,SE,jinaai/jina-embeddings-v2-base-de
37,38,Klassenzimmer,10,B,und nimmt ein Stück Kreide.,1,0.75,1,1.9,2.6,5.5,das,Klassenzimmer,"Eine Weile lüftet der Lehrer, bevor er den Mantel aufhängt, das",0.543791,SE,jinaai/jina-embeddings-v2-base-de
38,39,Klassenzimmer,10,C,und nimmt ein Stück Kreide.,1,0.0,1,6.8,3.7,4.7,das,Klassenzimmer,"Eine Weile bastelt der Lehrer, bevor er die Tafel beschreibt, das",0.552581,SE,jinaai/jina-embeddings-v2-base-de
39,40,Klassenzimmer,10,D,und nimmt ein Stück Kreide.,1,0.0,1,1.9,2.6,4.7,das,Klassenzimmer,"Eine Weile bastelt der Lehrer, bevor er den Mantel aufhängt, das",0.6835581,SE,jinaai/jina-embeddings-v2-base-de
40,41,Käse,11,A,und gibt Öl in die Pfanne.,0,0.5,1,5.2,4.6,6.4,den,Käse,"Schnell reibt der Chefkoch, während er die Nudeln kocht, den",0.6574233,SE,jinaai/jina-embeddings-v2-base-de
41,42,Käse,11,B,und gibt Öl in die Pfanne.,0,0.58,1,1.7,1.2,6.4,den,Käse,"Schnell reibt der Chefkoch, während er die Nachrichten hört, den",0.7351444,SE,jinaai/jina-embeddings-v2-base-de
42,43,Käse,11,C,und gibt Öl in die Pfanne.,0,0.0,1,5.2,4.6,1.1,den,Käse,"Schnell flickt der Chefkoch, während er die Nudeln kocht, den",0.71349216,SE,jinaai/jina-embeddings-v2-base-de
43,44,Käse,11,D,und gibt Öl in die Pfanne.,0,0.0,1,1.7,1.2,1.1,den,Käse,"Schnell flickt der Chefkoch, während er die Nachrichten hört, den",0.44935447,SE,jinaai/jina-embeddings-v2-base-de
44,45,Bier,12,A,das zuvor gebraut wurde.,0,0.67,1,3.9,1.2,5.0,das,Bier,"Vorgestern probierte der Braumeister, nachdem er den Kessel ausgeschaltet hatte, das",0.38785455,SE,jinaai/jina-embeddings-v2-base-de
45,46,Bier,12,B,das zuvor gebraut wurde.,0,0.58,1,1.8,2.3,5.0,das,Bier,"Vorgestern probierte der Braumeister, nachdem er den Boden gewischt hatte, das",0.41922742,SE,jinaai/jina-embeddings-v2-base-de
46,47,Bier,12,C,das zuvor gebraut wurde.,0,0.0,1,3.9,1.2,1.1,das,Bier,"Vorgestern bemalte der Braumeister, nachdem er den Kessel ausgeschaltet hatte, das",0.297698,SE,jinaai/jina-embeddings-v2-base-de
47,48,Bier,12,D,das zuvor gebraut wurde.,0,0.0,1,1.8,2.3,1.1,das,Bier,"Vorgestern bemalte der Braumeister, nachdem er den Boden gewischt hatte, das",0.4945846,SE,jinaai/jina-embeddings-v2-base-de
48,49,Rasen,13,A,hinter der Villa.,0,0.92,1,7.0,5.6,6.8,den,Rasen,"Eine Zeit lang mähte der Gartenhelfer, nachdem er den Garten umgegraben hatte, den",0.39504677,SE,jinaai/jina-embeddings-v2-base-de
49,50,Rasen,13,B,hinter der Villa.,0,0.92,1,2.2,1.9,6.8,den,Rasen,"Eine Zeit lang mähte der Gartenhelfer, nachdem er die Garage aufgeräumt hatte, den",0.35801607,SE,jinaai/jina-embeddings-v2-base-de
50,51,Rasen,13,C,hinter der Villa.,0,0.0,1,7.0,5.6,1.4,den,Rasen,"Eine Zeit lang räucherte der Gartenhelfer, nachdem er den Garten umgegraben hatte, den",0.39104906,SE,jinaai/jina-embeddings-v2-base-de
51,52,Rasen,13,D,hinter der Villa.,0,0.0,1,2.2,1.9,1.4,den,Rasen,"Eine Zeit lang räucherte der Gartenhelfer, nachdem er die Garage aufgeräumt hatte, den",0.52047694,SE,jinaai/jina-embeddings-v2-base-de
52,53,Straße,14,A,und den Bürgersteig.,1,0.42,1,6.5,5.1,6.8,die,Straße,"Achtsam pflasterte der Bauarbeiter, der die Absperrungen umging, die",0.72314,SE,jinaai/jina-embeddings-v2-base-de
53,54,Straße,14,B,und den Bürgersteig.,1,0.42,1,5.7,2.0,6.8,die,Straße,"Achtsam pflasterte der Bauarbeiter, der die Steine schleppte, die",0.30964702,SE,jinaai/jina-embeddings-v2-base-de
54,55,Straße,14,C,und den Bürgersteig.,1,0.08,1,6.5,5.1,2.0,die,Straße,"Achtsam salzte der Bauarbeiter, der die Absperrungen umging, die",0.72486293,SE,jinaai/jina-embeddings-v2-base-de
55,56,Straße,14,D,und den Bürgersteig.,1,0.0,1,5.7,2.0,2.0,die,Straße,"Achtsam salzte der Bauarbeiter, der die Steine schleppte, die",0.74965245,SE,jinaai/jina-embeddings-v2-base-de
56,57,Glocken,15,A,und freute sich.,0,1.0,1,6.7,1.1,7.0,die,Glocken,"Gestern läutete der Priester, nachdem er den Kirchturm erklommen hatte, die",0.5123792,SE,jinaai/jina-embeddings-v2-base-de
57,58,Glocken,15,B,und freute sich.,0,0.92,1,2.2,1.1,7.0,die,Glocken,"Gestern läutete der Priester, nachdem er die Armbanduhr ausgezogen hatte, die",0.45760977,SE,jinaai/jina-embeddings-v2-base-de
58,59,Glocken,15,C,und freute sich.,0,0.0,1,6.7,1.1,1.0,die,Glocken,"Gestern faltete der Priester, nachdem er den Kirchturm erklommen hatte, die",0.49810955,SE,jinaai/jina-embeddings-v2-base-de
59,60,Glocken,15,D,und freute sich.,0,0.0,1,2.2,1.1,1.0,die,Glocken,"Gestern faltete der Priester, nachdem er die Armbanduhr ausgezogen hatte, die",0.59092003,SE,jinaai/jina-embeddings-v2-base-de
60,61,Wunde,16,A,mit fünf Stichen.,0,0.92,1,6.7,3.3,5.8,die,Wunde,"Rasch näht der Notarzt, der den Verletzten betreut, die",0.36716133,SE,jinaai/jina-embeddings-v2-base-de
61,62,Wunde,16,B,mit fünf Stichen.,0,0.92,1,3.2,1.8,5.8,die,Wunde,"Rasch näht der Notarzt, der den Ohrring trägt, die",0.47609758,SE,jinaai/jina-embeddings-v2-base-de
62,63,Wunde,16,C,mit fünf Stichen.,0,0.0,1,6.7,3.3,2.0,die,Wunde,"Rasch versteckt der Notarzt, der den Verletzten betreut, die",0.34677294,SE,jinaai/jina-embeddings-v2-base-de
63,64,Wunde,16,D,mit fünf Stichen.,0,0.0,1,3.2,1.8,2.0,die,Wunde,"Rasch versteckt der Notarzt, der den Ohrring trägt, die",0.67151326,SE,jinaai/jina-embeddings-v2-base-de
64,65,Hemd,17,A,und die Hose.,0,0.75,1,6.4,1.5,6.9,das,Hemd,"Eilig bügelt der Geschäftsmann, nachdem er das Bügelbrett aufgestellt hat, das",0.5052968,SE,jinaai/jina-embeddings-v2-base-de
65,66,Hemd,17,B,und die Hose.,0,0.67,1,1.4,1.2,6.9,das,Hemd,"Eilig bügelt der Geschäftsmann, nachdem er den Eistee ausgetrunken hat, das",0.3007272,SE,jinaai/jina-embeddings-v2-base-de
66,67,Hemd,17,C,und die Hose.,0,0.0,1,6.4,1.5,1.0,das,Hemd,"Eilig salzt der Geschäftsmann, nachdem er das Bügelbrett aufgestellt hat, das",0.36926007,SE,jinaai/jina-embeddings-v2-base-de
67,68,Hemd,17,D,und die Hose.,0,0.0,1,1.4,1.2,1.0,das,Hemd,"Eilig salzt der Geschäftsmann, nachdem er den Eistee ausgetrunken hat, das",0.76561654,SE,jinaai/jina-embeddings-v2-base-de
68,69,Auto,18,A,und übergibt es an den Kunden.,1,0.58,0,7.0,3.5,6.3,das,Auto,"Schnell repariert der KFZ-Mechatroniker, der den Motor ausgetauscht hat, das",0.5764765,SE,jinaai/jina-embeddings-v2-base-de
69,70,Auto,18,B,und übergibt es an den Kunden.,1,0.75,0,5.0,3.1,6.3,das,Auto,"Schnell repariert der KFZ-Mechatroniker, der den Urlaub gebucht hat, das",0.45997635,SE,jinaai/jina-embeddings-v2-base-de
70,71,Auto,18,C,und übergibt es an den Kunden.,1,0.0,0,7.0,3.5,1.1,das,Auto,"Schnell brät der KFZ-Mechatroniker, der den Motor ausgetauscht hat, das",0.36049896,SE,jinaai/jina-embeddings-v2-base-de
71,72,Auto,18,D,und übergibt es an den Kunden.,1,0.0,0,5.0,3.1,1.1,das,Auto,"Schnell brät der KFZ-Mechatroniker, der den Urlaub gebucht hat, das",0.37807798,SE,jinaai/jina-embeddings-v2-base-de
72,73,Teig,19,A,für das Brot.,2,1.0,1,6.9,6.9,6.6,den,Teig,"Am Morgen knetet die Bäckerin, die den Kuchen backt, den",0.75995135,SE,jinaai/jina-embeddings-v2-base-de
73,74,Teig,19,B,für das Brot.,2,1.0,1,1.5,1.0,6.6,den,Teig,"Am Morgen knetet die Bäckerin, die den Stammgast begrüßt, den",0.33361167,SE,jinaai/jina-embeddings-v2-base-de
74,75,Teig,19,C,für das Brot.,2,0.0,1,6.9,6.9,1.2,den,Teig,"Am Morgen hört die Bäckerin, die den Kuchen backt, den",0.6044961,SE,jinaai/jina-embeddings-v2-base-de
75,76,Teig,19,D,für das Brot.,2,0.0,1,1.5,1.0,1.2,den,Teig,"Am Morgen hört die Bäckerin, die den Stammgast begrüßt, den",0.29351923,SE,jinaai/jina-embeddings-v2-base-de
76,77,Steak,20,A,und die Beilagen.,0,0.67,0,4.7,2.4,6.5,das,Steak,"Am Nachmittag pfeffert der Grillmeister, bevor er die Kohle anzündet, das",0.33717847,SE,jinaai/jina-embeddings-v2-base-de
77,78,Steak,20,B,und die Beilagen.,0,0.83,0,1.4,1.1,6.5,das,Steak,"Am Nachmittag pfeffert der Grillmeister, bevor er die Mücke verscheucht, das",0.5147664,SE,jinaai/jina-embeddings-v2-base-de
78,79,Steak,20,C,und die Beilagen.,0,0.0,0,4.7,2.4,1.4,das,Steak,"Am Nachmittag druckt der Grillmeister, bevor er die Kohle anzündet, das",0.42375705,SE,jinaai/jina-embeddings-v2-base-de
79,80,Steak,20,D,und die Beilagen.,0,0.0,0,1.4,1.1,1.4,das,Steak,"Am Nachmittag druckt der Grillmeister, bevor er die Mücke verscheucht, das",0.5333882,SE,jinaai/jina-embeddings-v2-base-de
80,81,Feuer,21,A,und rennt weg.,0,0.58,0,6.6,1.5,6.8,das,Feuer,"Schnell entfacht der Brandstifter, der das Streichholz fallengelassen hat, das",0.6218598,SE,jinaai/jina-embeddings-v2-base-de
81,82,Feuer,21,B,und rennt weg.,0,1.0,0,3.3,3.0,6.8,das,Feuer,"Schnell entfacht der Brandstifter, der die Treppe hochgeklettert ist, das",0.48072803,SE,jinaai/jina-embeddings-v2-base-de
82,83,Feuer,21,C,und rennt weg.,0,0.0,0,6.6,1.5,1.6,das,Feuer,"Schnell entstaubt der Brandstifter, der das Streichholz fallengelassen hat, das",0.7186172,SE,jinaai/jina-embeddings-v2-base-de
83,84,Feuer,21,D,und rennt weg.,0,0.0,0,3.3,3.0,1.6,das,Feuer,"Schnell entstaubt der Brandstifter, der die Treppe hochgeklettert ist, das",0.33942717,SE,jinaai/jina-embeddings-v2-base-de
84,85,Haare,22,A,und holt den Föhn.,0,0.92,1,6.5,3.9,6.8,die,Haare,"Nun kämmt der Friseur, nachdem er die Kopfhaut massiert hat, die",0.61991286,SE,jinaai/jina-embeddings-v2-base-de
85,86,Haare,22,B,und holt den Föhn.,0,1.0,1,1.0,1.0,6.8,die,Haare,"Nun kämmt der Friseur, nachdem er den Cappuccino ausgetrunken hat, die",0.697751,SE,jinaai/jina-embeddings-v2-base-de
86,87,Haare,22,C,und holt den Föhn.,0,0.17,1,6.5,3.9,1.2,die,Haare,"Nun speichert der Friseur, nachdem er die Kopfhaut massiert hat, die",0.432897,SE,jinaai/jina-embeddings-v2-base-de
87,88,Haare,22,D,und holt den Föhn.,0,0.0,1,1.0,1.0,1.2,die,Haare,"Nun speichert der Friseur, nachdem er den Cappuccino ausgetrunken hat, die",0.43913227,SE,jinaai/jina-embeddings-v2-base-de
88,89,Bleistift,23,A,und machte sich wieder an die Arbeit.,0,1.0,1,6.0,3.3,6.7,den,Bleistift,"Flink spitzte der Zeichner, der die Karikatur entwarf, den",0.40627337,SE,jinaai/jina-embeddings-v2-base-de
89,90,Bleistift,23,B,und machte sich wieder an die Arbeit.,0,1.0,1,2.3,1.6,6.7,den,Bleistift,"Flink spitzte der Zeichner, der den Atlas öffnete, den",0.36617458,SE,jinaai/jina-embeddings-v2-base-de
90,91,Bleistift,23,C,und machte sich wieder an die Arbeit.,0,0.0,1,6.0,3.3,1.3,den,Bleistift,"Flink knotete der Zeichner, der die Karikatur entwarf, den",0.51697683,SE,jinaai/jina-embeddings-v2-base-de
91,92,Bleistift,23,D,und machte sich wieder an die Arbeit.,0,0.0,1,2.3,1.6,1.3,den,Bleistift,"Flink knotete der Zeichner, der den Atlas öffnete, den",0.76799464,SE,jinaai/jina-embeddings-v2-base-de
92,93,Patienten,24,A,gegen Tetanus.,0,0.25,0,6.7,2.0,6.5,den,Patienten,"Heute impft der Arzt, nachdem er die Spritze befüllt hat, den",0.43953833,SE,jinaai/jina-embeddings-v2-base-de
93,94,Patienten,24,B,gegen Tetanus.,0,0.42,0,2.1,1.3,6.5,den,Patienten,"Heute impft der Arzt, nachdem er die Schublade geschlossen hat, den",0.5779977,SE,jinaai/jina-embeddings-v2-base-de
94,95,Patienten,24,C,gegen Tetanus.,0,0.0,0,6.7,2.0,1.5,den,Patienten,"Heute feuert der Arzt, nachdem er die Spritze befüllt hat, den",0.44843683,SE,jinaai/jina-embeddings-v2-base-de
95,96,Patienten,24,D,gegen Tetanus.,0,0.0,0,2.1,1.3,1.5,den,Patienten,"Heute feuert der Arzt, nachdem er die Schublade geschlossen hat, den",0.60037076,SE,jinaai/jina-embeddings-v2-base-de
96,97,Leiche,25,A,in der Leichenhalle.,0,0.75,1,6.6,1.5,7.0,die,Leiche,"Unverzüglich obduziert der Pathologe, nachdem er die Mordakte gelesen hat, die",0.46053782,SE,jinaai/jina-embeddings-v2-base-de
97,98,Leiche,25,B,in der Leichenhalle.,0,0.75,1,2.6,1.2,7.0,die,Leiche,"Unverzüglich obduziert der Pathologe, nachdem er das Dokument unterschrieben hat, die",0.47732627,SE,jinaai/jina-embeddings-v2-base-de
98,99,Leiche,25,C,in der Leichenhalle.,0,0.0,1,6.6,1.5,1.2,die,Leiche,"Unverzüglich pfeffert der Pathologe, nachdem er die Mordakte gelesen hat, die",0.5272149,SE,jinaai/jina-embeddings-v2-base-de
99,100,Leiche,25,D,in der Leichenhalle.,0,0.0,1,2.6,1.2,1.2,die,Leiche,"Unverzüglich pfeffert der Pathologe, nachdem er das Dokument unterschrieben hat, die",0.46681604,SE,jinaai/jina-embeddings-v2-base-de
100,101,Buch,26,A,für den Fan.,1,1.0,1,6.7,3.3,6.7,das,Buch,"Am Nachmittag signiert der Autor, der die Geschichte erfunden hat, das",0.5430825,SE,jinaai/jina-embeddings-v2-base-de
101,102,Buch,26,B,für den Fan.,1,0.92,1,1.8,1.5,6.7,das,Buch,"Am Nachmittag signiert der Autor, der den Vorhang zugezogen hat, das",0.68733305,SE,jinaai/jina-embeddings-v2-base-de
102,103,Buch,26,C,für den Fan.,1,0.0,1,6.7,3.3,1.3,das,Buch,"Am Nachmittag schluckt der Autor, der die Geschichte erfunden hat, das",0.863083,SE,jinaai/jina-embeddings-v2-base-de
103,104,Buch,26,D,für den Fan.,1,0.0,1,1.8,1.5,1.3,das,Buch,"Am Nachmittag schluckt der Autor, der den Vorhang zugezogen hat, das",0.77227825,SE,jinaai/jina-embeddings-v2-base-de
104,105,Gäste,27,A,und überreichte ihnen die Schlüssel.,2,1.0,1,4.7,1.4,6.5,die,Gäste,"Sofort begrüßte der Hotelier, der die Koffer stapelte, die",0.7895045,SE,jinaai/jina-embeddings-v2-base-de
105,106,Gäste,27,B,und überreichte ihnen die Schlüssel.,2,0.92,1,1.4,1.6,6.5,die,Gäste,"Sofort begrüßte der Hotelier, der die Fische räucherte, die",0.4667296,SE,jinaai/jina-embeddings-v2-base-de
106,107,Gäste,27,C,und überreichte ihnen die Schlüssel.,2,0.0,1,4.7,1.4,1.9,die,Gäste,"Sofort feuerte der Hotelier, der die Koffer stapelte, die",0.5442559,SE,jinaai/jina-embeddings-v2-base-de
107,108,Gäste,27,D,und überreichte ihnen die Schlüssel.,2,0.0,1,1.4,1.6,1.9,die,Gäste,"Sofort feuerte der Hotelier, der die Fische räucherte, die",0.3837397,SE,jinaai/jina-embeddings-v2-base-de
108,109,Baum,28,A,neben der Schule.,0,0.92,1,5.9,1.3,7.0,den,Baum,"Vorsichtig fällt der Holzarbeiter, der die Säge gestartet hat, den",0.6383222,SE,jinaai/jina-embeddings-v2-base-de
109,110,Baum,28,B,neben der Schule.,0,0.83,1,2.8,1.9,7.0,den,Baum,"Vorsichtig fällt der Holzarbeiter, der den Transporter geparkt hat, den",0.59571904,SE,jinaai/jina-embeddings-v2-base-de
110,111,Baum,28,C,neben der Schule.,0,0.0,1,5.9,1.3,1.3,den,Baum,"Vorsichtig durchwühlt der Holzarbeiter, der die Säge gestartet hat, den",0.75848675,SE,jinaai/jina-embeddings-v2-base-de
111,112,Baum,28,D,neben der Schule.,0,0.0,1,2.8,1.9,1.3,den,Baum,"Vorsichtig durchwühlt der Holzarbeiter, der den Transporter geparkt hat, den",0.57859355,SE,jinaai/jina-embeddings-v2-base-de
112,113,Zigarre,29,A,und schlenderte über den Marktplatz.,2,1.0,1,6.2,3.2,6.9,die,Zigarre,"Langsam paffte der Kubaner, der den Rauchring blies, die",0.496346,SE,jinaai/jina-embeddings-v2-base-de
113,114,Zigarre,29,B,und schlenderte über den Marktplatz.,2,1.0,1,2.0,1.3,6.9,die,Zigarre,"Langsam paffte der Kubaner, der die Straßenbahn verpasste, die",0.7535374,SE,jinaai/jina-embeddings-v2-base-de
114,115,Zigarre,29,C,und schlenderte über den Marktplatz.,2,0.08,1,6.2,3.2,1.5,die,Zigarre,"Langsam öffnete der Kubaner, der den Rauchring blies, die",0.51304287,SE,jinaai/jina-embeddings-v2-base-de
115,116,Zigarre,29,D,und schlenderte über den Marktplatz.,2,0.08,1,2.0,1.3,1.5,die,Zigarre,"Langsam öffnete der Kubaner, der die Straßenbahn verpasste, die",0.7338056,SE,jinaai/jina-embeddings-v2-base-de
116,117,Schnitzel,30,A,für das Gericht.,0,0.58,0,6.0,1.2,6.5,das,Schnitzel,"Fröhlich paniert der Koch, nachdem er die Bratkartoffeln geschält hat, das",0.83926666,SE,jinaai/jina-embeddings-v2-base-de
117,118,Schnitzel,30,B,für das Gericht.,0,0.83,0,1.3,1.5,6.5,das,Schnitzel,"Fröhlich paniert der Koch, nachdem er die Ärmel hochgekrempelt hat, das",0.77474123,SE,jinaai/jina-embeddings-v2-base-de
118,119,Schnitzel,30,C,für das Gericht.,0,0.0,0,6.0,1.2,1.0,das,Schnitzel,"Fröhlich baut der Koch, nachdem er die Bratkartoffeln geschält hat, das",0.7921271,SE,jinaai/jina-embeddings-v2-base-de
119,120,Schnitzel,30,D,für das Gericht.,0,0.0,0,1.3,1.5,1.0,das,Schnitzel,"Fröhlich baut der Koch, nachdem er die Ärmel hochgekrempelt hat, das",0.70219225,SE,jinaai/jina-embeddings-v2-base-de
120,121,Kuchen,31,A,für die Geburtstagsfeier.,1,0.92,0,6.9,5.3,5.9,den,Kuchen,"Umsichtig glasiert der Konditor, der die Backform eingefettet hat, den",0.79901814,SE,jinaai/jina-embeddings-v2-base-de
121,122,Kuchen,31,B,für die Geburtstagsfeier.,1,0.42,0,5.4,1.6,5.9,den,Kuchen,"Umsichtig glasiert der Konditor, der den Tisch abgewischt hat, den",0.7334698,SE,jinaai/jina-embeddings-v2-base-de
122,123,Kuchen,31,C,für die Geburtstagsfeier.,1,0.0,0,6.9,5.3,1.2,den,Kuchen,"Umsichtig durchsucht der Konditor, der die Backform eingefettet hat, den",0.50117147,SE,jinaai/jina-embeddings-v2-base-de
123,124,Kuchen,31,D,für die Geburtstagsfeier.,1,0.0,0,5.4,1.6,1.2,den,Kuchen,"Umsichtig durchsucht der Konditor, der den Tisch abgewischt hat, den",0.7862405,SE,jinaai/jina-embeddings-v2-base-de
124,125,Kette,32,A,und die Bremsen.,0,0.83,0,4.9,2.0,6.8,die,Kette,"Gestern ölte der Fahrradfahrer, bevor er die Bremse einstellte, die",0.6046599,SE,jinaai/jina-embeddings-v2-base-de
125,126,Kette,32,B,und die Bremsen.,0,0.58,0,1.2,1.1,6.8,die,Kette,"Gestern ölte der Fahrradfahrer, bevor er die Limonade trank, die",0.4327795,SE,jinaai/jina-embeddings-v2-base-de
126,127,Kette,32,C,und die Bremsen.,0,0.0,0,4.9,2.0,1.4,die,Kette,"Gestern beheizte der Fahrradfahrer, bevor er die Bremse einstellte, die",0.8023883,SE,jinaai/jina-embeddings-v2-base-de
127,128,Kette,32,D,und die Bremsen.,0,0.0,0,1.2,1.1,1.4,die,Kette,"Gestern beheizte der Fahrradfahrer, bevor die Limonade trank, die",0.65526956,SE,jinaai/jina-embeddings-v2-base-de
128,129,Brief,33,A,an die Agentur.,0,0.92,1,6.8,1.3,6.6,den,Brief,"Hastig frankiert der Postbeamte, der das Postamt aufgeschlossen hat, den",0.67775756,SE,jinaai/jina-embeddings-v2-base-de
129,130,Brief,33,B,an die Agentur.,0,1.0,1,1.5,3.7,6.6,den,Brief,"Hastig frankiert der Postbeamte, der das Mittagessen bestellt hat, den",0.7067495,SE,jinaai/jina-embeddings-v2-base-de
130,131,Brief,33,C,an die Agentur.,0,0.0,1,6.8,1.3,2.2,den,Brief,"Hastig umgeht der Postbeamte, der das Postamt aufgeschlossen hat, den",0.46556827,SE,jinaai/jina-embeddings-v2-base-de
131,132,Brief,33,D,an die Agentur.,0,0.0,1,1.5,3.7,2.2,den,Brief,"Hastig umgeht der Postbeamte, der das Mittagessen bestellt hat, den",0.7180599,SE,jinaai/jina-embeddings-v2-base-de
132,133,Berg,34,A,und stellt sein Zelt auf.,1,0.75,0,6.4,3.2,6.8,den,Berg,"Fröhlich erklimmt der Wanderer, nachdem er das Tal durchquert hat, den",0.45170334,SE,jinaai/jina-embeddings-v2-base-de
133,134,Berg,34,B,und stellt sein Zelt auf.,1,0.92,0,1.4,1.5,6.8,den,Berg,"Fröhlich erklimmt der Wanderer, nachdem er die Stoppuhr gestartet hat, den",0.42610464,SE,jinaai/jina-embeddings-v2-base-de
134,135,Berg,34,C,und stellt sein Zelt auf.,1,0.0,0,6.4,3.2,1.5,den,Berg,"Fröhlich kauft der Wanderer, nachdem er das Tal durchquert hat, den",0.4113682,SE,jinaai/jina-embeddings-v2-base-de
135,136,Berg,34,D,und stellt sein Zelt auf.,1,0.0,0,1.4,1.5,1.5,den,Berg,"Fröhlich kauft der Wanderer, nachdem er die Stoppuhr gestartet hat, den",0.59635764,SE,jinaai/jina-embeddings-v2-base-de
136,137,Befehl,35,A,zum Abmarsch.,0,0.92,0,6.0,7.0,6.6,den,Befehl,"Bedächtig erteilt der General, der die Rekruten kommandiert, den",0.6147305,SE,jinaai/jina-embeddings-v2-base-de
137,138,Befehl,35,B,zum Abmarsch.,0,0.75,0,1.7,2.4,6.6,den,Befehl,"Bedächtig erteilt der General, der die Getränke einschenkt, den",0.7064208,SE,jinaai/jina-embeddings-v2-base-de
138,139,Befehl,35,C,zum Abmarsch.,0,0.0,0,6.0,7.0,1.4,den,Befehl,"Bedächtig biegt der General, der die Rekruten kommandiert, den",0.4728189,SE,jinaai/jina-embeddings-v2-base-de
139,140,Befehl,35,D,zum Abmarsch.,0,0.0,0,1.7,2.4,1.4,den,Befehl,"Bedächtig biegt der General, der die Getränke einschenkt, den",0.7066257,SE,jinaai/jina-embeddings-v2-base-de
140,141,Wand,36,A,des Büros.,0,0.5,0,7.0,5.5,6.4,die,Wand,"Sofort streicht der Maler, nachdem er die Tapete angebracht hat, die",0.39831603,SE,jinaai/jina-embeddings-v2-base-de
141,142,Wand,36,B,des Büros.,0,0.67,0,1.5,1.3,6.4,die,Wand,"Sofort streicht der Maler, nachdem er den Hund gefüttert hat, die",0.5329709,SE,jinaai/jina-embeddings-v2-base-de
142,143,Wand,36,C,des Büros.,0,0.08,0,7.0,5.5,1.1,die,Wand,"Sofort lenkt der Maler, nachdem er die Tapete angebracht hat, die",0.60608155,SE,jinaai/jina-embeddings-v2-base-de
143,144,Wand,36,D,des Büros.,0,0.0,0,1.5,1.3,1.1,die,Wand,"Sofort lenkt der Maler, nachdem er den Hund gefüttert hat, die",0.6094231,SE,jinaai/jina-embeddings-v2-base-de
144,145,Hammer,37,A,auf das Metall.,0,1.0,0,6.5,1.9,5.6,den,Hammer,"Direkt schwingt der Schmied, der den Amboss aufgestellt hat, den",0.33152473,SE,jinaai/jina-embeddings-v2-base-de
145,146,Hammer,37,B,auf das Metall.,0,0.83,0,2.9,3.8,5.6,den,Hammer,"Direkt schwingt der Schmied, der den Stuhl weggestellt hat, den",0.39496365,SE,jinaai/jina-embeddings-v2-base-de
146,147,Hammer,37,C,auf das Metall.,0,0.0,0,6.5,1.9,1.2,den,Hammer,"Direkt speichert der Schmied, der den Amboss aufgestellt hat, den",0.39790362,SE,jinaai/jina-embeddings-v2-base-de
147,148,Hammer,37,D,auf das Metall.,0,0.0,0,2.9,3.8,1.2,den,Hammer,"Direkt speichert der Schmied, der den Stuhl weggestellt hat, den",0.21465151,SE,jinaai/jina-embeddings-v2-base-de
148,149,Land,38,A,im Norden.,1,0.33,0,6.6,2.5,7.0,das,Land,"Vor langer Zeit regierte der König, der die Reise unternahm, das",0.47114742,SE,jinaai/jina-embeddings-v2-base-de
149,150,Land,38,B,im Norden.,1,0.5,0,2.4,2.5,7.0,das,Land,"Vor langer Zeit regierte der König, der den Gesang vernahm, das",0.44141895,SE,jinaai/jina-embeddings-v2-base-de
150,151,Land,38,C,im Norden.,1,0.0,0,6.6,2.5,1.2,das,Land,"Vor langer Zeit briet der König, der die Reise unternahm, das",0.6683264,SE,jinaai/jina-embeddings-v2-base-de
151,152,Land,38,D,im Norden.,1,0.0,0,2.4,2.5,1.2,das,Land,"Vor langer Zeit briet der König, der den Gesang vernahm, das",0.5647367,SE,jinaai/jina-embeddings-v2-base-de
152,153,Stab,39,A,und gab den Takt an.,0,0.42,1,1.9,1.6,3.0,den,Stab,"Zügig hob der Dirigent, der das Tempo wechselte, den",0.44249254,SE,jinaai/jina-embeddings-v2-base-de
153,154,Stab,39,B,und gab den Takt an.,0,0.5,1,1.0,1.6,3.0,den,Stab,"Zügig hob der Dirigent, der das Gähnen unterdrückte, den",0.62332666,SE,jinaai/jina-embeddings-v2-base-de
154,155,Stab,39,C,und gab den Takt an.,0,0.0,1,1.9,1.6,1.3,den,Stab,"Zügig verdrückte der Dirigent, der das Tempo wechselte, den",0.3363431,SE,jinaai/jina-embeddings-v2-base-de
155,156,Stab,39,D,und gab den Takt an.,0,0.0,1,1.0,1.6,1.3,den,Stab,"Zügig verdrückte der Dirigent, der das Gähnen unterdrückte, den",0.40878704,SE,jinaai/jina-embeddings-v2-base-de
156,157,Bart,40,A,des Mannes.,2,0.58,0,5.4,1.3,6.8,den,Bart,"Direkt trimmt der Herrenfriseur, nachdem er die Klinge ausgepackt hat, den",0.36307174,SE,jinaai/jina-embeddings-v2-base-de
157,158,Bart,40,B,des Mannes.,2,0.25,0,1.2,1.0,6.8,den,Bart,"Direkt trimmt der Herrenfriseur, nachdem er das Wasserglas abgestellt hat, den",0.27719882,SE,jinaai/jina-embeddings-v2-base-de
158,159,Bart,40,C,des Mannes.,2,0.0,0,5.4,1.3,1.7,den,Bart,"Direkt hört der Herrenfriseur, nachdem er die Klinge ausgepackt hat, den",0.4315024,SE,jinaai/jina-embeddings-v2-base-de
159,160,Bart,40,D,des Mannes.,2,0.0,0,1.2,1.0,1.7,den,Bart,"Direkt hört der Herrenfriseur, nachdem er das Wasserglas abgestellt hat, den",0.6405153,SE,jinaai/jina-embeddings-v2-base-de
160,161,Geschirr,41,A,und die Brettchen.,0,0.5,1,6.7,4.7,6.9,das,Geschirr,"Gestern spülte der Tellerwäscher, bevor er den Tisch wischte, das",0.41988355,SE,jinaai/jina-embeddings-v2-base-de
161,162,Geschirr,41,B,und die Brettchen.,0,0.42,1,1.2,1.2,6.9,das,Geschirr,"Gestern spülte der Tellerwäscher, bevor er das Taxi rief, das",0.4221058,SE,jinaai/jina-embeddings-v2-base-de
162,163,Geschirr,41,C,und die Brettchen.,0,0.0,1,6.7,4.7,1.1,das,Geschirr,"Gestern glättete der Tellerwäscher, bevor er den Tisch wischte, das",0.4126173,SE,jinaai/jina-embeddings-v2-base-de
163,164,Geschirr,41,D,und die Brettchen.,0,0.0,1,1.2,1.2,1.1,das,Geschirr,"Gestern glättete der Tellerwäscher, bevor er das Taxi rief, das",0.44221422,SE,jinaai/jina-embeddings-v2-base-de
164,165,Schloss,42,A,und stiehlt die Wertsachen.,0,0.25,0,7.0,1.8,6.4,das,Schloss,"Im Handumdrehen knackt der Einbrecher, der den Zahlencode erraten hat, das",0.53695476,SE,jinaai/jina-embeddings-v2-base-de
165,166,Schloss,42,B,und stiehlt die Wertsachen.,0,0.5,0,2.6,1.5,6.4,das,Schloss,"Im Handumdrehen knackt der Einbrecher, der die Akte durchblättert hat, das",0.61371464,SE,jinaai/jina-embeddings-v2-base-de
166,167,Schloss,42,C,und stiehlt die Wertsachen.,0,0.0,0,7.0,1.8,1.6,das,Schloss,"Im Handumdrehen kopiert der Einbrecher, der den Zahlencode erraten hat, das",0.38677907,SE,jinaai/jina-embeddings-v2-base-de
167,168,Schloss,42,D,und stiehlt die Wertsachen.,0,0.0,0,2.6,1.5,1.6,das,Schloss,"Im Handumdrehen kopiert der Einbrecher, der die Akte durchblättert hat, das",0.66608644,SE,jinaai/jina-embeddings-v2-base-de
168,169,Zwiebeln,43,A,und den Knoblauch.,0,0.25,1,5.7,2.3,6.2,die,Zwiebeln,"Routiniert hackte der Küchengehilfe, bevor er die Suppe umrührte, die",0.29737055,SE,jinaai/jina-embeddings-v2-base-de
169,170,Zwiebeln,43,B,und den Knoblauch.,0,0.33,1,1.3,1.1,6.2,die,Zwiebeln,"Routiniert hackte der Küchengehilfe, bevor er das Radio einschaltete, die",0.597193,SE,jinaai/jina-embeddings-v2-base-de
170,171,Zwiebeln,43,C,und den Knoblauch.,0,0.0,1,5.7,2.3,1.3,die,Zwiebeln,"Routiniert schraubte der Küchengehilfe, bevor er die Suppe umrührte, die",0.353215,SE,jinaai/jina-embeddings-v2-base-de
171,172,Zwiebeln,43,D,und den Knoblauch.,0,0.0,1,1.3,1.1,1.3,die,Zwiebeln,"Routiniert schraubte der Küchengehilfe, bevor er das Radio einschaltete, die",0.67741954,SE,jinaai/jina-embeddings-v2-base-de
172,173,Wachs,44,A,und fuhr mit der Arbeit fort.,0,0.83,1,6.7,2.3,6.3,das,Wachs,"Umsichtig schmolz der Kerzenzieher, nachdem er den Docht gekürzt hatte, das",0.39714086,SE,jinaai/jina-embeddings-v2-base-de
173,174,Wachs,44,B,und fuhr mit der Arbeit fort.,0,0.83,1,1.5,1.4,6.3,das,Wachs,"Umsichtig schmolz der Kerzenzieher, nachdem er das Nähkästchen zugeklappt hatte, das",0.5393725,SE,jinaai/jina-embeddings-v2-base-de
174,175,Wachs,44,C,und fuhr mit der Arbeit fort.,0,0.0,1,6.7,2.3,1.0,das,Wachs,"Umsichtig würzte der Kerzenzieher, nachdem er den Docht gekürzt hatte, das",0.3783367,SE,jinaai/jina-embeddings-v2-base-de
175,176,Wachs,44,D,und fuhr mit der Arbeit fort.,0,0.0,1,1.5,1.4,1.0,das,Wachs,"Umsichtig würzte der Kerzenzieher, nachdem er das Nähkästchen zugeklappt hatte, das",0.45201102,SE,jinaai/jina-embeddings-v2-base-de
176,177,Cocktail,45,A,für den Touristen.,0,0.5,0,6.2,1.4,6.9,den,Cocktail,"Gestern mixte der Barkeeper, der den Wodka geöffnet hatte, den",0.50971943,SE,jinaai/jina-embeddings-v2-base-de
177,178,Cocktail,45,B,für den Touristen.,0,0.83,0,1.3,1.0,6.9,den,Cocktail,"Gestern mixte der Barkeeper, der den Boden gefegt hatte, den",0.6704128,SE,jinaai/jina-embeddings-v2-base-de
178,179,Cocktail,45,C,für den Touristen.,0,0.0,0,6.2,1.4,1.6,den,Cocktail,"Gestern gründete der Barkeeper, der den Wodka geöffnet hatte, den",0.43075842,SE,jinaai/jina-embeddings-v2-base-de
179,180,Cocktail,45,D,für den Touristen.,0,0.08,0,1.3,1.0,1.6,den,Cocktail,"Gestern gründete der Barkeeper, der den Boden gefegt hatte, den",0.41437066,SE,jinaai/jina-embeddings-v2-base-de
180,181,Orchester,46,A,und das Streichquartett.,0,0.25,1,6.8,3.6,6.8,das,Orchester,"Am Abend dirigiert der Kapellmeister, der das Konzert eröffnet hat, das",0.8131459,SE,jinaai/jina-embeddings-v2-base-de
181,182,Orchester,46,B,und das Streichquartett.,0,0.25,1,1.6,1.4,6.8,das,Orchester,"Am Abend dirigiert der Kapellmeister, der die Unterschriften gesammelt hat, das",0.6356286,SE,jinaai/jina-embeddings-v2-base-de
182,183,Orchester,46,C,und das Streichquartett.,0,0.0,1,6.8,3.6,1.3,das,Orchester,"Am Abend vernichtet der Kapellmeister, der das Konzert eröffnet hat, das",0.4267399,SE,jinaai/jina-embeddings-v2-base-de
183,184,Orchester,46,D,und das Streichquartett.,0,0.0,1,1.6,1.4,1.3,das,Orchester,"Am Abend vernichtet der Kapellmeister, der die Unterschriften gesammelt hat, das",0.29108277,SE,jinaai/jina-embeddings-v2-base-de
184,185,Wort,47,A,und notiert es.,3,0.83,0,6.3,3.6,6.8,das,Wort,"Direkt buchstabiert der Sprachschüler, nachdem er das Buch aufgeschlagen hat, das",0.37404504,SE,jinaai/jina-embeddings-v2-base-de
185,186,Wort,47,B,und notiert es.,3,0.67,0,3.0,2.7,6.8,das,Wort,"Direkt buchstabiert der Sprachschüler, nachdem er den Pausenhof verlassen hat, das",0.3779021,SE,jinaai/jina-embeddings-v2-base-de
186,187,Wort,47,C,und notiert es.,3,0.0,0,6.3,3.6,1.7,das,Wort,"Direkt dekoriert der Sprachschüler, nachdem er das Buch aufgeschlagen hat, das",0.29059595,SE,jinaai/jina-embeddings-v2-base-de
187,188,Wort,47,D,und notiert es.,3,0.0,0,3.0,2.7,1.7,das,Wort,"Direkt dekoriert der Sprachschüler, nachdem er den Pausenhof verlassen hat, das",0.27996987,SE,jinaai/jina-embeddings-v2-base-de
188,189,Weide,48,A,mit einem Draht.,0,0.67,0,6.7,5.4,6.0,die,Weide,"Vorsichtig umzäunt der Schäfer, der die Schafe gehütet hat, die",0.38123837,SE,jinaai/jina-embeddings-v2-base-de
189,190,Weide,48,B,mit einem Draht.,0,0.42,0,1.4,1.4,6.0,die,Weide,"Vorsichtig umzäunt der Schäfer, der das Mittagessen vergessen hat, die",0.15053381,SE,jinaai/jina-embeddings-v2-base-de
190,191,Weide,48,C,mit einem Draht.,0,0.0,0,6.7,5.4,1.0,die,Weide,"Vorsichtig fälscht der Schäfer, der die Schafe gehütet hat, die",0.3548423,SE,jinaai/jina-embeddings-v2-base-de
191,192,Weide,48,D,mit einem Draht.,0,0.0,0,1.4,1.4,1.0,die,Weide,"Vorsichtig fälscht der Schäfer, der das Mittagessen vergessen hat, die",0.38402,SE,jinaai/jina-embeddings-v2-base-de
192,193,Predigt,49,A,für die Gemeinde.,0,0.25,0,6.2,2.1,6.2,die,Predigt,"Nachdenklich hält der Pfarrer, nachdem er die Bibel aufgeschlagen hat, die",0.43227372,SE,jinaai/jina-embeddings-v2-base-de
193,194,Predigt,49,B,für die Gemeinde.,0,0.5,0,1.6,2.9,6.2,die,Predigt,"Nachdenklich hält der Pfarrer, nachdem er die Brille aufgesetzt hat, die",0.4177189,SE,jinaai/jina-embeddings-v2-base-de
194,195,Predigt,49,C,für die Gemeinde.,0,0.0,0,6.2,2.1,1.3,die,Predigt,"Nachdenklich leert der Pfarrer, nachdem er die Bibel aufgeschlagen hat, die",0.54904646,SE,jinaai/jina-embeddings-v2-base-de
195,196,Predigt,49,D,für die Gemeinde.,0,0.0,0,1.6,2.9,1.3,die,Predigt,"Nachdenklich leert der Pfarrer, nachdem er die Brille aufgesetzt hat, die",0.3314621,SE,jinaai/jina-embeddings-v2-base-de
196,197,Wohnung,50,A,mit neuen Möbeln.,0,0.5,0,7.0,2.7,6.8,die,Wohnung,"Unverzüglich möblierte der Vermieter, der den Mieter aufgenommen hatte, die",0.726485,SE,jinaai/jina-embeddings-v2-base-de
197,198,Wohnung,50,B,mit neuen Möbeln.,0,0.75,0,4.7,3.6,6.8,die,Wohnung,"Unverzüglich möblierte der Vermieter, der die Überweisung erhalten hatte, die",0.46933585,SE,jinaai/jina-embeddings-v2-base-de
198,199,Wohnung,50,C,mit neuen Möbeln.,0,0.0,0,7.0,2.7,1.4,die,Wohnung,"Unverzüglich erntete der Vermieter, der den Mieter aufgenommen hatte, die",0.29733798,SE,jinaai/jina-embeddings-v2-base-de
199,200,Wohnung,50,D,mit neuen Möbeln.,0,0.0,0,4.7,3.6,1.4,die,Wohnung,"Unverzüglich erntete der Vermieter, der die Überweisung erhalten hatte, die",0.4001878,SE,jinaai/jina-embeddings-v2-base-de
200,201,Abzug,51,A,und trifft das Opfer.,2,0.5,0,3.2,4.4,5.9,den,Abzug,"Sofort betätigt der Killer, der das Ziel anvisiert hat, den",0.5707478,SE,jinaai/jina-embeddings-v2-base-de
201,202,Abzug,51,B,und trifft das Opfer.,2,0.33,0,1.4,3.0,5.9,den,Abzug,"Sofort betätigt der Killer, der den Tee abgestellt hat, den",0.42645007,SE,jinaai/jina-embeddings-v2-base-de
202,203,Abzug,51,C,und trifft das Opfer.,2,0.0,0,3.2,4.4,1.6,den,Abzug,"Sofort knickt der Killer, der das Ziel anvisiert hat, den",0.7024705,SE,jinaai/jina-embeddings-v2-base-de
203,204,Abzug,51,D,und trifft das Opfer.,2,0.0,0,1.4,3.0,1.6,den,Abzug,"Sofort knickt der Killer, der den Tee abgestellt hat, den",0.5563248,SE,jinaai/jina-embeddings-v2-base-de
204,205,Paket,52,A,mit der Arbeitskleidung.,0,0.42,1,6.7,4.4,6.5,das,Paket,"Heute überbringt der Bote, als er den Empfänger angetroffen hat, das",0.44854978,SE,jinaai/jina-embeddings-v2-base-de
205,206,Paket,52,B,mit der Arbeitskleidung.,0,0.33,1,3.6,1.2,6.5,das,Paket,"Heute überbringt der Bote, als er das Foyer durchquert hat, das",0.3682172,SE,jinaai/jina-embeddings-v2-base-de
206,207,Paket,52,C,mit der Arbeitskleidung.,0,0.0,1,6.7,4.4,1.3,das,Paket,"Heute erntet der Bote, als er den Empfänger angetroffen hat, das",0.6050599,SE,jinaai/jina-embeddings-v2-base-de
207,208,Paket,52,D,mit der Arbeitskleidung.,0,0.0,1,3.6,1.2,1.3,das,Paket,"Heute erntet der Bote, als er das Foyer durchquert hat, das",0.6117729,SE,jinaai/jina-embeddings-v2-base-de
208,209,Tor,53,A,und jubelte über seinen Erfolg.,3,0.92,0,6.8,3.4,6.9,das,Tor,"Schnell schoss der Fußballspieler, der das Fußballfeld überquert hatte, das",0.51893544,SE,jinaai/jina-embeddings-v2-base-de
209,210,Tor,53,B,und jubelte über seinen Erfolg.,3,0.67,0,1.6,2.7,6.9,das,Tor,"Schnell schoss der Fußballspieler, der die Jacke ausgezogen hatte, das",0.43921643,SE,jinaai/jina-embeddings-v2-base-de
210,211,Tor,53,C,und jubelte über seinen Erfolg.,3,0.0,0,6.8,3.4,1.5,das,Tor,"Schnell spürte der Fußballspieler, der das Fußballfeld überquert hatte, das",0.46206355,SE,jinaai/jina-embeddings-v2-base-de
211,212,Tor,53,D,und jubelte über seinen Erfolg.,3,0.0,0,1.6,2.7,1.5,das,Tor,"Schnell spürte der Fußballspieler, der die Jacke ausgezogen hatte, das",0.32434368,SE,jinaai/jina-embeddings-v2-base-de
212,213,Flugzeug,54,A,durch die Wolken.,0,1.0,1,7.0,1.8,5.8,das,Flugzeug,"Konzentriert steuerte der Pilot, der die Stewardess gerufen hatte, das",0.6686626,SE,jinaai/jina-embeddings-v2-base-de
213,214,Flugzeug,54,B,durch die Wolken.,0,0.92,1,1.6,3.4,5.8,das,Flugzeug,"Konzentriert steuerte der Pilot, der den Krimi gelesen hatte, das",0.33913276,SE,jinaai/jina-embeddings-v2-base-de
214,215,Flugzeug,54,C,durch die Wolken.,0,0.0,1,7.0,1.8,3.1,das,Flugzeug,"Konzentriert faltete der Pilot, der die Stewardess gerufen hatte, das",0.446334,SE,jinaai/jina-embeddings-v2-base-de
215,216,Flugzeug,54,D,durch die Wolken.,0,0.08,1,1.6,3.4,3.1,das,Flugzeug,"Konzentriert faltete der Pilot, der den Krimi gelesen hatte, das",0.55466527,SE,jinaai/jina-embeddings-v2-base-de
216,217,Skizze,55,A,für den Bauherrn.,0,0.42,0,6.4,6.5,6.7,die,Skizze,"Rasch entwarf der Architekt, bevor er den Bauplan erstellte, die",0.3408975,SE,jinaai/jina-embeddings-v2-base-de
217,218,Skizze,55,B,für den Bauherrn.,0,0.25,0,4.3,4.7,6.7,die,Skizze,"Rasch entwarf der Architekt, bevor er den Vortrag schrieb, die",0.50044966,SE,jinaai/jina-embeddings-v2-base-de
218,219,Skizze,55,C,für den Bauherrn.,0,0.0,0,6.4,6.5,1.2,die,Skizze,"Rasch schüttelte der Architekt, bevor er den Bauplan erstellte, die",0.426676,SE,jinaai/jina-embeddings-v2-base-de
219,220,Skizze,55,D,für den Bauherrn.,0,0.0,0,4.3,4.7,1.2,die,Skizze,"Rasch schüttelte der Architekt, bevor er den Vortrag schrieb, die",0.55426425,SE,jinaai/jina-embeddings-v2-base-de
220,221,Kamin,56,A,und verlässt das Grundstück.,1,0.42,0,6.8,3.0,6.4,den,Kamin,"Geschwind kehrt der Schornsteinfeger, der den Rauch einatmet, den",0.4784933,SE,jinaai/jina-embeddings-v2-base-de
221,222,Kamin,56,B,und verlässt das Grundstück.,1,0.17,0,3.0,1.3,6.4,den,Kamin,"Geschwind kehrt der Schornsteinfeger, der die Katze verscheucht, den",0.5812517,SE,jinaai/jina-embeddings-v2-base-de
222,223,Kamin,56,C,und verlässt das Grundstück.,1,0.0,0,6.8,3.0,1.1,den,Kamin,"Geschwind wirft der Schornsteinfeger, der den Rauch einatmet, den",0.4797313,SE,jinaai/jina-embeddings-v2-base-de
223,224,Kamin,56,D,und verlässt das Grundstück.,1,0.08,0,3.0,1.3,1.1,den,Kamin,"Geschwind wirft der Schornsteinfeger, der die Katze verscheucht, den",0.2908507,SE,jinaai/jina-embeddings-v2-base-de
224,225,Wahl,57,A,zum Minister.,0,1.0,0,6.5,5.3,6.7,die,Wahl,"Vorgestern gewann der Politiker, der die Stimmen zählte, die",0.65383685,SE,jinaai/jina-embeddings-v2-base-de
225,226,Wahl,57,B,zum Minister.,0,0.58,0,2.8,1.6,6.7,die,Wahl,"Vorgestern gewann der Politiker, der die Hände schüttelte, die",0.37302542,SE,jinaai/jina-embeddings-v2-base-de
226,227,Wahl,57,C,zum Minister.,0,0.08,0,6.5,5.3,1.6,die,Wahl,"Vorgestern reparierte der Politiker, der die Stimmen zählte, die",0.3867044,SE,jinaai/jina-embeddings-v2-base-de
227,228,Wahl,57,D,zum Minister.,0,0.0,0,2.8,1.6,1.6,die,Wahl,"Vorgestern reparierte der Politiker, der die Hände schüttelte, die",0.5026907,SE,jinaai/jina-embeddings-v2-base-de
228,229,Foto,58,A,von der Unfallstelle.,0,0.67,0,6.7,2.1,6.7,das,Foto,"Sofort schoss der Reporter, der die Kamera bediente, das",0.4206429,SE,jinaai/jina-embeddings-v2-base-de
229,230,Foto,58,B,von der Unfallstelle.,0,0.5,0,1.6,1.6,6.7,das,Foto,"Sofort schoss der Reporter, der die Zigarette rauchte, das",0.19042644,SE,jinaai/jina-embeddings-v2-base-de
230,231,Foto,58,C,von der Unfallstelle.,0,0.0,0,6.7,2.1,1.7,das,Foto,"Sofort verspeiste der Reporter, der die Kamera bediente, das",0.44397193,SE,jinaai/jina-embeddings-v2-base-de
231,232,Foto,58,D,von der Unfallstelle.,0,0.0,0,1.6,1.6,1.7,das,Foto,"Sofort verspeiste der Reporter, der die Zigarette rauchte, das",0.5724041,SE,jinaai/jina-embeddings-v2-base-de
232,233,Programm,59,A,für seinen Boss.,0,0.5,0,6.9,5.8,6.7,das,Programm,"Unverzüglich entwickelte der Informatiker, der den Computer hochfuhr, das",0.466626,SE,jinaai/jina-embeddings-v2-base-de
233,234,Programm,59,B,für seinen Boss.,0,0.75,0,1.8,2.0,6.7,das,Programm,"Unverzüglich entwickelte der Informatiker, der den Energydrink trank, das",0.5519002,SE,jinaai/jina-embeddings-v2-base-de
234,235,Programm,59,C,für seinen Boss.,0,0.0,0,6.9,5.8,4.5,das,Programm,"Unverzüglich trocknete der Informatiker, der den Computer hochfuhr, das",0.16618297,SE,jinaai/jina-embeddings-v2-base-de
235,236,Programm,59,D,für seinen Boss.,0,0.0,0,1.8,2.0,4.5,das,Programm,"Unverzüglich trocknete der Informatiker, der den Energydrink trank, das",0.2417726,SE,jinaai/jina-embeddings-v2-base-de
236,237,Urteil,60,A,und schloss die Verhandlung.,0,1.0,1,7.0,4.5,6.7,das,Urteil,"Nun verkündete der Richter, nachdem er den Angeklagten hereingerufen hatte, das",0.81570935,SE,jinaai/jina-embeddings-v2-base-de
237,238,Urteil,60,B,und schloss die Verhandlung.,0,1.0,1,1.9,2.8,6.7,das,Urteil,"Nun verkündete der Richter, nachdem er die Lesebrille aufgesetzt hatte, das",0.7097829,SE,jinaai/jina-embeddings-v2-base-de
238,239,Urteil,60,C,und schloss die Verhandlung.,0,0.0,1,7.0,4.5,1.7,das,Urteil,"Nun roch der Richter, nachdem er den Angeklagten hereingerufen hatte, das",0.6103821,SE,jinaai/jina-embeddings-v2-base-de
239,240,Urteil,60,D,und schloss die Verhandlung.,0,0.0,1,1.9,2.8,1.7,das,Urteil,"Nun roch der Richter, nachdem er die Lesebrille aufgesetzt hatte, das",0.6976368,SE,jinaai/jina-embeddings-v2-base-de
240,241,Prüfung,61,A,in Mathematik.,0,0.58,0,6.6,5.0,5.8,die,Prüfung,"Zunächst bestand der Student, der das Studium wiederaufnahm, die",0.53028065,SE,jinaai/jina-embeddings-v2-base-de
241,242,Prüfung,61,B,in Mathematik.,0,0.25,0,2.0,1.3,5.8,die,Prüfung,"Zunächst bestand der Student, der das Jackett auszog, die",0.80421317,SE,jinaai/jina-embeddings-v2-base-de
242,243,Prüfung,61,C,in Mathematik.,0,0.0,0,6.6,5.0,3.4,die,Prüfung,"Zunächst kochte der Student, der das Studium wiederaufnahm, die",0.6824523,SE,jinaai/jina-embeddings-v2-base-de
243,244,Prüfung,61,D,in Mathematik.,0,0.0,0,2.0,1.3,3.4,die,Prüfung,"Zunächst kochte der Student, der das Jackett auszog, die",0.58140737,SE,jinaai/jina-embeddings-v2-base-de
244,245,Lied,62,A,über die Vergangenheit.,1,0.58,1,6.3,1.3,7.0,das,Lied,"Konzentriert sang der Sänger, der das Mikrofon umklammerte, das",0.342586,SE,jinaai/jina-embeddings-v2-base-de
245,246,Lied,62,B,über die Vergangenheit.,1,0.58,1,1.9,1.5,7.0,das,Lied,"Konzentriert sang der Sänger, der den Hut abnahm, das",0.40671402,SE,jinaai/jina-embeddings-v2-base-de
246,247,Lied,62,C,über die Vergangenheit.,1,0.0,1,6.3,1.3,1.1,das,Lied,"Konzentriert reparierte der Sänger, der das Mikrofon umklammerte, das",0.2720122,SE,jinaai/jina-embeddings-v2-base-de
247,248,Lied,62,D,über die Vergangenheit.,1,0.0,1,1.9,1.5,1.1,das,Lied,"Konzentriert reparierte der Sänger, der den Hut abnahm, das",0.33474204,SE,jinaai/jina-embeddings-v2-base-de
248,249,Farbe,63,A,für den nächsten Auftrag.,0,0.92,1,6.9,3.5,6.3,die,Farbe,"Zufrieden mischte der Anstreicher, der die Pinsel gewaschen hatte, die",0.2820335,SE,jinaai/jina-embeddings-v2-base-de
249,250,Farbe,63,B,für den nächsten Auftrag.,0,1.0,1,3.5,1.8,6.3,die,Farbe,"Zufrieden mischte der Anstreicher, der die Plätzchen gegessen hatte, die",0.6506724,SE,jinaai/jina-embeddings-v2-base-de
250,251,Farbe,63,C,für den nächsten Auftrag.,0,0.0,1,6.9,3.5,1.4,die,Farbe,"Zufrieden würzte der Anstreicher, der die Pinsel gewaschen hatte, die",0.6541512,SE,jinaai/jina-embeddings-v2-base-de
251,252,Farbe,63,D,für den nächsten Auftrag.,0,0.0,1,3.5,1.8,1.4,die,Farbe,"Zufrieden würzte der Anstreicher, der die Plätzchen gegessen hatte, die",0.46236658,SE,jinaai/jina-embeddings-v2-base-de
252,253,Blumen,64,A,im Blumenkasten.,0,0.58,1,6.2,5.8,7.0,die,Blumen,"Einen Moment lang gießt der Gärtner, der den Dünger verteilt hat, die",0.5232674,SE,jinaai/jina-embeddings-v2-base-de
253,254,Blumen,64,B,im Blumenkasten.,0,0.5,1,2.0,1.4,7.0,die,Blumen,"Einen Moment lang gießt der Gärtner, der die Opernmusik angestellt hat, die",0.7248266,SE,jinaai/jina-embeddings-v2-base-de
254,255,Blumen,64,C,im Blumenkasten.,0,0.0,1,6.2,5.8,1.7,die,Blumen,"Einen Moment lang ölt der Gärtner, der den Dünger verteilt hat, die",0.741568,SE,jinaai/jina-embeddings-v2-base-de
255,256,Blumen,64,D,im Blumenkasten.,0,0.0,1,2.0,1.4,1.7,die,Blumen,"Einen Moment lang ölt der Gärtner, der die Opernmusik angestellt hat, die",0.5494652,SE,jinaai/jina-embeddings-v2-base-de
256,257,Hecke,65,A,um das Grundstück.,2,0.5,1,6.6,1.9,6.5,die,Hecke,"Gestern Nachmittag stutzte der Landschaftsgärtner, der die Gartenschere geschärft hatte, die",0.680091,SE,jinaai/jina-embeddings-v2-base-de
257,258,Hecke,65,B,um das Grundstück.,2,0.58,1,1.4,1.8,6.5,die,Hecke,"Gestern Nachmittag stutzte der Landschaftsgärtner, der die Sonnenbrille aufgesetzt hatte, die",0.49206987,SE,jinaai/jina-embeddings-v2-base-de
258,259,Hecke,65,C,um das Grundstück.,2,0.0,1,6.6,1.9,1.3,die,Hecke,"Gestern Nachmittag bezahlte der Landschaftsgärtner, der die Gartenschere geschärft hatte, die",0.49997047,SE,jinaai/jina-embeddings-v2-base-de
259,260,Hecke,65,D,um das Grundstück.,2,0.0,1,1.4,1.8,1.3,die,Hecke,"Gestern Nachmittag bezahlte der Landschaftsgärtner, der die Sonnenbrille aufgesetzt hatte, die",0.37340206,SE,jinaai/jina-embeddings-v2-base-de
260,261,Feld,66,A,mit einem Gaul.,2,0.92,0,6.8,2.1,6.2,das,Feld,"Früher beackerte der Landwirt, der den Traktor gestartet hatte, das",0.5791893,SE,jinaai/jina-embeddings-v2-base-de
261,262,Feld,66,B,mit einem Gaul.,2,0.67,0,3.9,1.1,6.2,das,Feld,"Früher beackerte der Landwirt, der den Sonnenhut aufgesetzt hatte, das",0.67255646,SE,jinaai/jina-embeddings-v2-base-de
262,263,Feld,66,C,mit einem Gaul.,2,0.0,0,6.8,2.1,2.5,das,Feld,"Früher kopierte der Landwirt, der den Traktor gestartet hatte, das",0.6461403,SE,jinaai/jina-embeddings-v2-base-de
263,264,Feld,66,D,mit einem Gaul.,2,0.0,0,3.9,1.1,2.5,das,Feld,"Früher kopierte der Landwirt, der den Sonnenhut aufgesetzt hatte, das",0.75500935,SE,jinaai/jina-embeddings-v2-base-de
264,265,Schuh,67,A,und polierte ihn.,1,0.5,0,6.4,4.1,4.9,den,Schuh,"Heute Morgen flickte der Schuster, der den Absatz ausgetauscht hatte, den",0.42432803,SE,jinaai/jina-embeddings-v2-base-de
265,266,Schuh,67,B,und polierte ihn.,1,0.75,0,1.2,1.0,4.9,den,Schuh,"Heute Morgen flickte der Schuster, der die Sirene gehört hatte, den",0.35417974,SE,jinaai/jina-embeddings-v2-base-de
266,267,Schuh,67,C,und polierte ihn.,1,0.0,0,6.4,4.1,1.0,den,Schuh,"Heute Morgen schmeckte der Schuster, der den Absatz ausgetauscht hatte, den",0.28792158,SE,jinaai/jina-embeddings-v2-base-de
267,268,Schuh,67,D,und polierte ihn.,1,0.0,0,1.2,1.0,1.0,den,Schuh,"Heute Morgen schmeckte der Schuster, der die Sirene gehört hatte, den",0.15913627,SE,jinaai/jina-embeddings-v2-base-de
268,269,Koffer,68,A,für die Kreuzfahrt.,1,0.83,0,6.6,3.5,6.9,den,Koffer,"Schnell packte der Urlauber, als er die Klamotten gefaltet hatte, den",0.43025705,SE,jinaai/jina-embeddings-v2-base-de
269,270,Koffer,68,B,für die Kreuzfahrt.,1,0.5,0,1.2,1.9,6.9,den,Koffer,"Schnell packte der Urlauber, als er die Gardinen aufgezogen hatte, den",0.5852948,SE,jinaai/jina-embeddings-v2-base-de
270,271,Koffer,68,C,für die Kreuzfahrt.,1,0.0,0,6.6,3.5,1.2,den,Koffer,"Schnell rührte der Urlauber, als er die Klamotten gefaltet hatte, den",0.4406643,SE,jinaai/jina-embeddings-v2-base-de
271,272,Koffer,68,D,für die Kreuzfahrt.,1,0.0,0,1.2,1.9,1.2,den,Koffer,"Schnell rührte der Urlauber, als er die Gardinen aufgezogen hatte, den",0.47183853,SE,jinaai/jina-embeddings-v2-base-de
272,273,Honig,69,A,aus den Waben.,0,1.0,1,6.9,1.0,5.5,den,Honig,"Sorgfältig erntet der Imker, nachdem er den Bienenstock erreicht hat, den",0.36358458,SE,jinaai/jina-embeddings-v2-base-de
273,274,Honig,69,B,aus den Waben.,0,0.92,1,2.8,1.1,5.5,den,Honig,"Sorgfältig erntet der Imker, nachdem er das Haus verlassen hat, den",0.27737322,SE,jinaai/jina-embeddings-v2-base-de
274,275,Honig,69,C,aus den Waben.,0,0.0,1,6.9,1.0,1.2,den,Honig,"Sorgfältig näht der Imker, nachdem er den Bienenstock erreicht hat, den",0.39461717,SE,jinaai/jina-embeddings-v2-base-de
275,276,Honig,69,D,aus den Waben.,0,0.0,1,2.8,1.1,1.2,den,Honig,"Sorgfältig näht der Imker, nachdem er das Haus verlassen hat, den",0.60226476,SE,jinaai/jina-embeddings-v2-base-de
276,277,Gewehr,70,A,und zielt erneut.,0,0.42,1,6.4,6.1,6.0,das,Gewehr,"Vorsichtig lädt der Jäger, der die Munition verschossen hat, das",0.6471515,SE,jinaai/jina-embeddings-v2-base-de
277,278,Gewehr,70,B,und zielt erneut.,0,0.5,1,1.4,1.3,6.0,das,Gewehr,"Vorsichtig lädt der Jäger, der den Campingplatz verlassen hat, das",0.45473886,SE,jinaai/jina-embeddings-v2-base-de
278,279,Gewehr,70,C,und zielt erneut.,0,0.0,1,6.4,6.1,1.3,das,Gewehr,"Vorsichtig schneidet der Jäger, der die Munition verschossen hat, das",0.4578183,SE,jinaai/jina-embeddings-v2-base-de
279,280,Gewehr,70,D,und zielt erneut.,0,0.0,1,1.4,1.3,1.3,das,Gewehr,"Vorsichtig schneidet der Jäger, der den Campingplatz verlassen hat, das",0.533917,SE,jinaai/jina-embeddings-v2-base-de
280,281,Mörtel,71,A,für die Mauer.,0,0.42,0,6.1,4.0,6.0,den,Mörtel,"Vorsichtig mischte der Maurer, der die Backsteine aufeinanderlegte, den",0.47894734,SE,jinaai/jina-embeddings-v2-base-de
281,282,Mörtel,71,B,für die Mauer.,0,0.25,0,1.4,1.0,6.0,den,Mörtel,"Vorsichtig mischte der Maurer, der die Nachbarn belauschte, den",0.26845217,SE,jinaai/jina-embeddings-v2-base-de
282,283,Mörtel,71,C,für die Mauer.,0,0.0,0,6.1,4.0,1.3,den,Mörtel,"Vorsichtig schrieb der Maurer, der die Backsteine aufeinanderlegte, den",0.4103617,SE,jinaai/jina-embeddings-v2-base-de
283,284,Mörtel,71,D,für die Mauer.,0,0.0,0,1.4,1.0,1.3,den,Mörtel,"Vorsichtig schrieb der Maurer, der die Nachbarn belauschte, den",0.37752494,SE,jinaai/jina-embeddings-v2-base-de
284,285,Mehl,72,A,aus dem Korn.,2,0.67,0,6.9,1.4,5.9,das,Mehl,"Vorgestern mahlte der Müller, der die Mühle betrieb, das",0.6692594,SE,jinaai/jina-embeddings-v2-base-de
285,286,Mehl,72,B,aus dem Korn.,2,0.5,0,1.0,1.1,5.9,das,Mehl,"Vorgestern mahlte der Müller, der das Lied pfiff, das",0.3238513,SE,jinaai/jina-embeddings-v2-base-de
286,287,Mehl,72,C,aus dem Korn.,2,0.0,0,6.9,1.4,2.4,das,Mehl,"Vorgestern verzierte der Müller, der die Mühle betrieb, das",0.504316,SE,jinaai/jina-embeddings-v2-base-de
287,288,Mehl,72,D,aus dem Korn.,2,0.17,0,1.0,1.1,2.4,das,Mehl,"Vorgestern verzierte der Müller, der das Lied pfiff, das",0.528177,SE,jinaai/jina-embeddings-v2-base-de
288,289,Kuh,73,A,und brachte ihr frisches Heu.,0,1.0,0,7.0,4.5,6.8,die,Kuh,"Vorsichtig melkte der Viehzüchter, nachdem er den Stall ausgemistet hatte, die",0.5601925,SE,jinaai/jina-embeddings-v2-base-de
289,290,Kuh,73,B,und brachte ihr frisches Heu.,0,0.75,0,3.1,1.0,6.8,die,Kuh,"Vorsichtig melkte der Viehzüchter, nachdem er das Gemüse sortiert hatte, die",0.7169809,SE,jinaai/jina-embeddings-v2-base-de
290,291,Kuh,73,C,und brachte ihr frisches Heu.,0,0.0,0,7.0,4.5,1.4,die,Kuh,"Vorsichtig kleidete der Viehzüchter, nachdem er den Stall ausgemistet hatte, die",0.60814404,SE,jinaai/jina-embeddings-v2-base-de
291,292,Kuh,73,D,und brachte ihr frisches Heu.,0,0.08,0,3.1,1.0,1.4,die,Kuh,"Vorsichtig kleidete der Viehzüchter, nachdem er das Gemüse sortiert hatte, die",0.53072125,SE,jinaai/jina-embeddings-v2-base-de
292,293,Bett,74,A,und das Kissen.,0,0.92,0,6.9,4.7,6.9,das,Bett,"Zuerst bezog der Hotelangestellte, nachdem er den Bezug entfaltet hatte, das",0.22663327,SE,jinaai/jina-embeddings-v2-base-de
293,294,Bett,74,B,und das Kissen.,0,0.67,0,1.1,1.8,6.9,das,Bett,"Zuerst bezog der Hotelangestellte, nachdem er den Hamburger verspeist hatte, das",0.59932613,SE,jinaai/jina-embeddings-v2-base-de
294,295,Bett,74,C,und das Kissen.,0,0.08,0,6.9,4.7,1.2,das,Bett,"Zuerst fälschte der Hotelangestellte, nachdem er den Bezug entfaltet hatte, das",0.40413222,SE,jinaai/jina-embeddings-v2-base-de
295,296,Bett,74,D,und das Kissen.,0,0.0,0,1.1,1.8,1.2,das,Bett,"Zuerst fälschte der Hotelangestellte, nachdem er den Hamburger verspeist hatte, das",0.5001812,SE,jinaai/jina-embeddings-v2-base-de
296,297,Ziel,75,A,und durchtrennt die Ziellinie.,1,0.92,0,6.0,5.8,6.6,das,Ziel,"Augenblicklich erreicht der Sprinter, der das Rennen gewinnt, das",0.5915063,SE,jinaai/jina-embeddings-v2-base-de
297,298,Ziel,75,B,und durchtrennt die Ziellinie.,1,0.75,0,1.9,2.7,6.6,das,Ziel,"Augenblicklich erreicht der Sprinter, der den Wind genießt, das",0.64262533,SE,jinaai/jina-embeddings-v2-base-de
298,299,Ziel,75,C,und durchtrennt die Ziellinie.,1,0.0,0,6.0,5.8,1.9,das,Ziel,"Augenblicklich reinigt der Sprinter, der das Rennen gewinnt, das",0.38317153,SE,jinaai/jina-embeddings-v2-base-de
299,300,Ziel,75,D,und durchtrennt die Ziellinie.,1,0.0,0,1.9,2.7,1.9,das,Ziel,"Augenblicklich reinigt der Sprinter, der den Wind genießt, das",0.5931148,SE,jinaai/jina-embeddings-v2-base-de
300,301,Welle,76,A,bis zum Strand.,0,0.58,0,5.1,1.3,7.0,die,Welle,"Direkt surft der Surfer, der die Badehose angezogen hat, die",0.35421047,SE,jinaai/jina-embeddings-v2-base-de
301,302,Welle,76,B,bis zum Strand.,0,0.42,0,3.2,1.3,7.0,die,Welle,"Direkt surft der Surfer, der den Tagesausflug unternommen hat, die",0.55024403,SE,jinaai/jina-embeddings-v2-base-de
302,303,Welle,76,C,bis zum Strand.,0,0.0,0,5.1,1.3,1.5,die,Welle,"Direkt reserviert der Surfer, der die Badehose angezogen hat, die",0.2659087,SE,jinaai/jina-embeddings-v2-base-de
303,304,Welle,76,D,bis zum Strand.,0,0.0,0,3.2,1.3,1.5,die,Welle,"Direkt reserviert der Surfer, der den Tagesausflug unternommen hat, die",0.6702326,SE,jinaai/jina-embeddings-v2-base-de
304,305,Fahrkarten,77,A,der Pendler.,0,0.5,1,6.7,3.3,6.6,die,Fahrkarten,"Gut gelaunt kontrollierte der Schaffner, der das Zugabteil betreten hatte, die",0.71318233,SE,jinaai/jina-embeddings-v2-base-de
305,306,Fahrkarten,77,B,der Pendler.,0,0.42,1,2.8,2.4,6.6,die,Fahrkarten,"Gut gelaunt kontrollierte der Schaffner, der die Mittagspause beendet hatte, die",0.6577546,SE,jinaai/jina-embeddings-v2-base-de
306,307,Fahrkarten,77,C,der Pendler.,0,0.0,1,6.7,3.3,1.3,die,Fahrkarten,"Gut gelaunt zitierte der Schaffner, der das Zugabteil betreten hatte, die",0.4177859,SE,jinaai/jina-embeddings-v2-base-de
307,308,Fahrkarten,77,D,der Pendler.,0,0.0,1,2.8,2.4,1.3,die,Fahrkarten,"Gut gelaunt zitierte der Schaffner, der die Mittagspause beendet hatte, die",0.6257983,SE,jinaai/jina-embeddings-v2-base-de
308,309,Leitung,78,A,im Gebäude.,0,0.5,1,6.8,4.5,6.2,die,Leitung,"Am Mittag verlegte der Elektriker, nachdem er den Strom abgeschaltet hatte, die",0.5034854,SE,jinaai/jina-embeddings-v2-base-de
309,310,Leitung,78,B,im Gebäude.,0,0.41,1,2.2,3.4,6.2,die,Leitung,"Am Mittag verlegte der Elektriker, nachdem er den Anwohner informiert hatte, die",0.6707913,SE,jinaai/jina-embeddings-v2-base-de
310,311,Leitung,78,C,im Gebäude.,0,0.0,1,6.8,4.5,1.5,die,Leitung,"Am Mittag verfasste der Elektriker, nachdem er den Strom abgeschaltet hatte, die",0.6936338,SE,jinaai/jina-embeddings-v2-base-de
311,312,Leitung,78,D,im Gebäude.,0,0.0,1,2.2,3.4,1.5,die,Leitung,"Am Mittag verfasste der Elektriker, nachdem er den Anwohner informiert hatte, die",0.5542762,SE,jinaai/jina-embeddings-v2-base-de
312,313,Segel,79,A,des großen Bootes.,3,0.42,1,5.5,4.4,5.8,die,Segel,"Langsam hisst der Matrose, nachdem er die Taue gekappt hat, die",0.30567726,SE,jinaai/jina-embeddings-v2-base-de
313,314,Segel,79,B,des großen Bootes.,3,0.42,1,2.2,2.7,5.8,die,Segel,"Langsam hisst der Matrose, nachdem er die Handschuhe angezogen hat, die",0.34970868,SE,jinaai/jina-embeddings-v2-base-de
314,315,Segel,79,C,des großen Bootes.,3,0.0,1,5.5,4.4,1.9,die,Segel,"Langsam verzehrt der Matrose, nachdem er die Taue gekappt hat, die",0.48730892,SE,jinaai/jina-embeddings-v2-base-de
315,316,Segel,79,D,des großen Bootes.,3,0.0,1,2.2,2.7,1.9,die,Segel,"Langsam verzehrt der Matrose, nachdem er die Handschuhe angezogen hat, die",0.4697909,SE,jinaai/jina-embeddings-v2-base-de
316,317,Gläser,80,A,und spricht mit dem Kollegen.,0,0.67,1,5.2,1.4,5.8,die,Gläser,"Direkt entspiegelt der Optiker, nachdem er den Sehtest durchgeführt hat, die",0.7169803,SE,jinaai/jina-embeddings-v2-base-de
317,318,Gläser,80,B,und spricht mit dem Kollegen.,0,0.67,1,1.5,5.0,5.8,die,Gläser,"Direkt entspiegelt der Optiker, nachdem er die Jahresabrechnung aufgestellt hat, die",0.45780846,SE,jinaai/jina-embeddings-v2-base-de
318,319,Gläser,80,C,und spricht mit dem Kollegen.,0,0.0,1,5.2,1.4,4.3,die,Gläser,"Direkt verschließt der Optiker, nachdem er den Sehtest durchgeführt hat, die",0.52986896,SE,jinaai/jina-embeddings-v2-base-de
319,320,Gläser,80,D,und spricht mit dem Kollegen.,0,0.0,1,1.5,5.0,4.3,die,Gläser,"Direkt verschließt der Optiker, nachdem er die Jahresabrechnung aufgestellt hat, die",0.38201323,SE,jinaai/jina-embeddings-v2-base-de
320,321,Korb,81,A,und holt einen Punkt.,0,0.83,0,6.0,4.8,4.8,den,Korb,"Auf der Stelle wirft der Basketballer, der den Ball gedribbelt hat, den",0.5012473,SE,jinaai/jina-embeddings-v2-base-de
321,322,Korb,81,B,und holt einen Punkt.,0,0.5,0,2.9,1.8,4.8,den,Korb,"Auf der Stelle wirft der Basketballer, der die Sitzbank verlassen hat, den",0.73191184,SE,jinaai/jina-embeddings-v2-base-de
322,323,Korb,81,C,und holt einen Punkt.,0,0.0,0,6.0,4.8,1.8,den,Korb,"Auf der Stelle bucht der Basketballer, der den Ball gedribbelt hat, den",0.6752539,SE,jinaai/jina-embeddings-v2-base-de
323,324,Korb,81,D,und holt einen Punkt.,0,0.0,0,2.9,1.8,1.8,den,Korb,"Auf der Stelle bucht der Basketballer, der die Sitzbank verlassen hat, den",0.51208955,SE,jinaai/jina-embeddings-v2-base-de
324,325,Muschel,82,A,und holt die Perle.,0,0.92,0,6.2,1.5,4.2,die,Muschel,"Ohne zu zögern knackt der Perlentaucher, der den Meeresgrund erreicht hat, die",0.41821566,SE,jinaai/jina-embeddings-v2-base-de
325,326,Muschel,82,B,und holt die Perle.,0,0.75,0,1.0,1.2,4.2,die,Muschel,"Ohne zu zögern knackt der Perlentaucher, der die Taschenlampe angemacht hat, die",0.42649415,SE,jinaai/jina-embeddings-v2-base-de
326,327,Muschel,82,C,und holt die Perle.,0,0.0,0,6.2,1.5,1.4,die,Muschel,"Ohne zu zögern verknotet der Perlentaucher, die den Meeresgrund erreicht hat, die",0.5330228,SE,jinaai/jina-embeddings-v2-base-de
327,328,Muschel,82,D,und holt die Perle.,0,0.0,0,1.0,1.2,1.4,die,Muschel,"Ohne zu zögern verknotet der Perlentaucher, der die Taschenlampe angemacht hat, die",0.48646015,SE,jinaai/jina-embeddings-v2-base-de
328,329,Bogen,83,A,und feuert den Pfeil ab.,0,1.0,0,7.0,2.1,6.7,den,Bogen,"Umsichtig spannt der Schütze, der den Pfeil gespitzt hat, den",0.44013515,SE,jinaai/jina-embeddings-v2-base-de
329,330,Bogen,83,B,und feuert den Pfeil ab.,0,0.67,0,1.5,1.2,6.7,den,Bogen,"Umsichtig spannt der Schütze, der das Laub zusammengekehrt hat, den",0.43281654,SE,jinaai/jina-embeddings-v2-base-de
330,331,Bogen,83,C,und feuert den Pfeil ab.,0,0.08,0,7.0,2.1,1.2,den,Bogen,"Umsichtig tippt der Schütze, der den Pfeil gespitzt hat, den",0.33408394,SE,jinaai/jina-embeddings-v2-base-de
331,332,Bogen,83,D,und feuert den Pfeil ab.,0,0.0,0,1.5,1.2,1.2,den,Bogen,"Umsichtig tippt der Schütze, der das Laub zusammengekehrt hat, den",0.51876575,SE,jinaai/jina-embeddings-v2-base-de
332,333,Ziegel,84,A,und beendete den Arbeitstag.,0,0.58,1,7.0,4.8,4.2,die,Ziegel,"Schnell verlegte der Dachdecker, der das Dach abdeckte, die",0.5026292,SE,jinaai/jina-embeddings-v2-base-de
333,334,Ziegel,84,B,und beendete den Arbeitstag.,0,0.5,1,1.2,1.6,4.2,die,Ziegel,"Schnell verlegte der Dachdecker, der den Ehering auszog, die",0.54600346,SE,jinaai/jina-embeddings-v2-base-de
334,335,Ziegel,84,C,und beendete den Arbeitstag.,0,0.0,1,7.0,4.8,1.0,die,Ziegel,"Schnell naschte der Dachdecker, der das Dach abdeckte, die",0.4335087,SE,jinaai/jina-embeddings-v2-base-de
335,336,Ziegel,84,D,und beendete den Arbeitstag.,0,0.0,1,1.2,1.6,1.0,die,Ziegel,"Schnell naschte der Dachdecker, der den Ehering auszog, die",0.4429984,SE,jinaai/jina-embeddings-v2-base-de
336,337,Kartons,85,A,und die Kisten.,0,0.58,1,6.5,1.9,5.5,die,Kartons,"Zuerst stapelt der Umzugshelfer, der den Umzugswagen gefahren hat, die",0.48186356,SE,jinaai/jina-embeddings-v2-base-de
337,338,Kartons,85,B,und die Kisten.,0,0.67,1,4.4,1.1,5.5,die,Kartons,"Zuerst stapelt der Umzugshelfer, der die Firma gegründet hat, die",0.32316455,SE,jinaai/jina-embeddings-v2-base-de
338,339,Kartons,85,C,und die Kisten.,0,0.0,1,6.5,1.9,2.0,die,Kartons,"Zuerst serviert der Umzugshelfer, der den Umzugswagen gefahren hat, die",0.2768367,SE,jinaai/jina-embeddings-v2-base-de
339,340,Kartons,85,D,und die Kisten.,0,0.0,1,4.4,1.1,2.0,die,Kartons,"Zuerst serviert der Umzugshelfer, der die Firma gegründet hat, die",0.33035856,SE,jinaai/jina-embeddings-v2-base-de
340,341,Unterricht,86,A,und wurde erwischt.,2,0.5,0,7.0,5.9,6.7,den,Unterricht,"Heute früh schwänzte der Schüler, der die Klasse wiederholt hatte, den",0.4602046,SE,jinaai/jina-embeddings-v2-base-de
341,342,Unterricht,86,B,und wurde erwischt.,2,0.33,0,3.8,1.8,6.7,den,Unterricht,"Heute früh schwänzte der Schüler, der das Handy verloren hatte, den",0.41494575,SE,jinaai/jina-embeddings-v2-base-de
342,343,Unterricht,86,C,und wurde erwischt.,2,0.0,0,7.0,5.9,1.7,den,Unterricht,"Heute früh dekorierte der Schüler, der die Klasse wiederholt hatte, den",0.4180381,SE,jinaai/jina-embeddings-v2-base-de
343,344,Unterricht,86,D,und wurde erwischt.,2,0.0,0,3.8,1.8,1.7,den,Unterricht,"Heute früh dekorierte der Schüler, der das Handy verloren hatte, den",0.44940448,SE,jinaai/jina-embeddings-v2-base-de
344,345,Ausweis,87,A,und ließ die Frau in den Club.,0,0.33,1,6.4,3.3,6.6,den,Ausweis,"Am Abend kontrollierte der Türsteher, der den Geldbeutel durchsuchte, den",0.3818289,SE,jinaai/jina-embeddings-v2-base-de
345,346,Ausweis,87,B,und ließ die Frau in den Club.,0,0.25,1,2.0,1.2,6.6,den,Ausweis,"Am Abend kontrollierte der Türsteher, der die Nachtluft genoss, den",0.3135825,SE,jinaai/jina-embeddings-v2-base-de
346,347,Ausweis,87,C,und ließ die Frau in den Club.,0,0.0,1,6.4,3.3,1.5,den,Ausweis,"Am Abend probierte der Türsteher, der den Geldbeutel durchsuchte, den",0.3602157,SE,jinaai/jina-embeddings-v2-base-de
347,348,Ausweis,87,D,und ließ die Frau in den Club.,0,0.0,1,2.0,1.2,1.5,den,Ausweis,"Am Abend probierte der Türsteher, der die Nachtluft genoss, den",0.39890307,SE,jinaai/jina-embeddings-v2-base-de
348,349,Windel,88,A,und warf sie in den Abfall.,0,0.92,1,6.7,2.4,6.5,die,Windel,"Umsichtig wechselte der Babysitter, der das Baby geweckt hatte, die",0.76280487,SE,jinaai/jina-embeddings-v2-base-de
349,350,Windel,88,B,und warf sie in den Abfall.,0,0.83,1,1.0,1.1,6.5,die,Windel,"Umsichtig wechselte der Babysitter, der den Obstsalat zubereitet hatte, die",0.4653651,SE,jinaai/jina-embeddings-v2-base-de
350,351,Windel,88,C,und warf sie in den Abfall.,0,0.08,1,6.7,2.4,1.5,die,Windel,"Umsichtig bastelte der Babysitter, der das Baby geweckt hatte, die",0.3062884,SE,jinaai/jina-embeddings-v2-base-de
351,352,Windel,88,D,und warf sie in den Abfall.,0,0.0,1,1.0,1.1,1.5,die,Windel,"Umsichtig bastelte der Babysitter, der den Obstsalat zubereitet hatte, die",0.33060655,SE,jinaai/jina-embeddings-v2-base-de
352,353,Gewichte,89,A,in die Höhe.,0,0.5,1,6.7,1.6,6.7,die,Gewichte,"Langsam stemmte der Bodybuilder, der das Fitnessstudio betreten hatte, die",0.5861218,SE,jinaai/jina-embeddings-v2-base-de
353,354,Gewichte,89,B,in die Höhe.,0,0.42,1,1.7,2.0,6.7,die,Gewichte,"Langsam stemmte der Bodybuilder, der das Licht angemacht hatte, die",0.62059057,SE,jinaai/jina-embeddings-v2-base-de
354,355,Gewichte,89,C,in die Höhe.,0,0.0,1,6.7,1.6,2.0,die,Gewichte,"Langsam verdaute der Bodybuilder, der das Fitnessstudio betreten hatte, die",0.6738697,SE,jinaai/jina-embeddings-v2-base-de
355,356,Gewichte,89,D,in die Höhe.,0,0.0,1,1.7,2.0,2.0,die,Gewichte,"Langsam verdaute der Bodybuilder, der das Licht angemacht hatte, die",0.66187656,SE,jinaai/jina-embeddings-v2-base-de
356,357,Rohr,90,A,im Badezimmer.,0,0.17,1,6.4,1.5,5.5,das,Rohr,"Umsichtig repariert der Klempner, der das Wasser ausgestellt hat, das",0.40083954,SE,jinaai/jina-embeddings-v2-base-de
357,358,Rohr,90,B,im Badezimmer.,0,0.25,1,1.3,4.6,5.5,das,Rohr,"Umsichtig repariert der Klempner, der den Kirchenchor geleitet hat, das",0.60304236,SE,jinaai/jina-embeddings-v2-base-de
358,359,Rohr,90,C,im Badezimmer.,0,0.0,1,6.4,1.5,1.1,das,Rohr,"Umsichtig nascht der Klempner, der das Wasser ausgestellt hat, das",0.76387393,SE,jinaai/jina-embeddings-v2-base-de
359,360,Rohr,90,D,im Badezimmer.,0,0.0,1,1.3,4.6,1.1,das,Rohr,"Umsichtig nascht der Klempner, der den Kirchenchor geleitet hat, das",0.67875683,SE,jinaai/jina-embeddings-v2-base-de
360,361,Artikel,91,A,für die nächste Ausgabe.,0,0.5,0,6.4,1.5,6.1,den,Artikel,"Schnell schreibt der Journalist, der die Recherche durchgeführt hat, den",0.32833347,SE,jinaai/jina-embeddings-v2-base-de
361,362,Artikel,91,B,für die nächste Ausgabe.,0,0.25,0,2.5,5.4,6.1,den,Artikel,"Schnell schreibt der Journalist, der das Portemonnaie gefunden hat, den",0.6202812,SE,jinaai/jina-embeddings-v2-base-de
362,363,Artikel,91,C,für die nächste Ausgabe.,0,0.0,0,6.4,1.5,2.3,den,Artikel,"Schnell lenkt der Journalist, der die Recherche durchgeführt hat, den",0.33282763,SE,jinaai/jina-embeddings-v2-base-de
363,364,Artikel,91,D,für die nächste Ausgabe.,0,0.0,0,2.5,5.4,2.3,den,Artikel,"Schnell lenkt der Journalist, der das Portemonnaie gefunden hat, den",0.65043944,SE,jinaai/jina-embeddings-v2-base-de
364,365,Reifen,92,A,an seinem Rad.,0,0.67,1,6.8,4.1,6.7,den,Reifen,"Heute Morgen flickte der Radler, der die Luftpumpe benutzt hatte, den",0.6221335,SE,jinaai/jina-embeddings-v2-base-de
365,366,Reifen,92,B,an seinem Rad.,0,0.67,1,1.2,1.8,6.7,den,Reifen,"Heute Morgen flickte der Radler, der den Schrank abgeschlossen hatte, den",0.79483616,SE,jinaai/jina-embeddings-v2-base-de
366,367,Reifen,92,C,an seinem Rad.,0,0.0,1,6.8,4.1,1.1,den,Reifen,"Heute Morgen trank der Radler, der die Luftpumpe benutzt hatte, den",0.71585363,SE,jinaai/jina-embeddings-v2-base-de
367,368,Reifen,92,D,an seinem Rad.,0,0.0,1,1.2,1.8,1.1,den,Reifen,"Heute Morgen trank der Radler, der den Schrank abgeschlossen hatte, den",0.5696995,SE,jinaai/jina-embeddings-v2-base-de
368,369,Briefkasten,93,A,und fährt weiter.,2,0.58,1,6.2,1.3,6.3,den,Briefkasten,"Umgehend entleert der Postbote, der das Postauto geparkt hat, den",0.41628957,SE,jinaai/jina-embeddings-v2-base-de
369,370,Briefkasten,93,B,und fährt weiter.,2,0.58,1,2.5,2.0,6.3,den,Briefkasten,"Umgehend entleert der Postbote, der den Kugelschreiber verloren hat, den",0.34008,SE,jinaai/jina-embeddings-v2-base-de
370,371,Briefkasten,93,C,und fährt weiter.,2,0.0,1,6.2,1.3,1.1,den,Briefkasten,"Umgehend verdrückt der Postbote, der das Postauto geparkt hat, den",0.23167984,SE,jinaai/jina-embeddings-v2-base-de
371,372,Briefkasten,93,D,und fährt weiter.,2,0.0,1,2.5,2.0,1.1,den,Briefkasten,"Umgehend verdrückt der Postbote, der den Kugelschreiber verloren hat, den",0.37895158,SE,jinaai/jina-embeddings-v2-base-de
372,373,Drogen,94,A,für die nächste Woche.,0,0.5,1,6.8,2.2,4.7,die,Drogen,"Hektisch kauft der Junkie, der den Dealer angerufen hat, die",0.6172592,SE,jinaai/jina-embeddings-v2-base-de
373,374,Drogen,94,B,für die nächste Woche.,0,0.5,1,2.1,2.2,4.7,die,Drogen,"Hektisch kauft der Junkie, der die Kapuze aufgezogen hat, die",0.80576766,SE,jinaai/jina-embeddings-v2-base-de
374,375,Drogen,94,C,für die nächste Woche.,0,0.0,1,6.8,2.2,1.1,die,Drogen,"Hektisch näht der Junkie, der den Dealer angerufen hat, die",0.59045964,SE,jinaai/jina-embeddings-v2-base-de
375,376,Drogen,94,D,für die nächste Woche.,0,0.08,1,2.1,2.2,1.1,die,Drogen,"Hektisch näht der Junkie, der die Kapuze aufgezogen hat, die",0.5842034,SE,jinaai/jina-embeddings-v2-base-de
376,377,Tonne,95,A,und sprang auf den Müllwagen.,0,0.75,1,6.4,1.8,5.8,die,Tonne,"Zügig leerte der Müllmann, der den Müllwagen geparkt hatte, die",0.24794787,SE,jinaai/jina-embeddings-v2-base-de
377,378,Tonne,95,B,und sprang auf den Müllwagen.,0,0.75,1,4.2,1.1,5.8,die,Tonne,"Zügig leerte der Müllmann, der den Hausbesitzer gegrüßt hatte, die",0.35039937,SE,jinaai/jina-embeddings-v2-base-de
378,379,Tonne,95,C,und sprang auf den Müllwagen.,0,0.0,1,6.4,1.8,1.8,die,Tonne,"Zügig bastelte der Müllmann, der den Müllwagen geparkt hatte, die",0.52699554,SE,jinaai/jina-embeddings-v2-base-de
379,380,Tonne,95,D,und sprang auf den Müllwagen.,0,0.0,1,4.2,1.1,1.8,die,Tonne,"Zügig bastelte der Müllmann, der den Hausbesitzer gegrüßt hatte, die",0.538694,SE,jinaai/jina-embeddings-v2-base-de
380,381,Peitsche,96,A,und gab die Sporen.,2,0.58,1,6.0,5.6,5.8,die,Peitsche,"Hektisch knallte der Reiter, der das Pferd ritt, die",0.6097422,SE,jinaai/jina-embeddings-v2-base-de
381,382,Peitsche,96,B,und gab die Sporen.,2,0.5,1,1.2,1.2,5.8,die,Peitsche,"Hektisch knallte der Reiter, der die Landschaft durchquerte, die",0.7566078,SE,jinaai/jina-embeddings-v2-base-de
382,383,Peitsche,96,C,und gab die Sporen.,2,0.0,1,6.0,5.6,1.1,die,Peitsche,"Hektisch verfasste der Reiter, der das Pferd ritt, die",0.82966954,SE,jinaai/jina-embeddings-v2-base-de
383,384,Peitsche,96,D,und gab die Sporen.,2,0.0,1,1.2,1.2,1.1,die,Peitsche,"Hektisch verfasste der Reiter, der die Landschaft durchquerte, die",0.4009913,SE,jinaai/jina-embeddings-v2-base-de
384,385,Waffe,97,A,und verlangte das Geld.,0,0.58,1,3.9,6.5,6.1,die,Waffe,"Nach kurzem Überlegen zückte der Gangster, der die Bank überfiel, die",0.5097918,SE,jinaai/jina-embeddings-v2-base-de
385,386,Waffe,97,B,und verlangte das Geld.,0,0.58,1,1.3,1.1,6.1,die,Waffe,"Nach kurzem Überlegen zückte der Gangster, der den Bus betrat, die",0.4526763,SE,jinaai/jina-embeddings-v2-base-de
386,387,Waffe,97,C,und verlangte das Geld.,0,0.0,1,3.9,6.5,1.4,die,Waffe,"Nach kurzem Überlegen gründete der Gangster, der die Bank überfiel, die",0.3094722,SE,jinaai/jina-embeddings-v2-base-de
387,388,Waffe,97,D,und verlangte das Geld.,0,0.0,1,1.3,1.1,1.4,die,Waffe,"Nach kurzem Überlegen gründete der Gangster, der den Bus betrat, die",0.5015948,SE,jinaai/jina-embeddings-v2-base-de
388,389,Schiff,98,A,und übernahm das Kommando.,0,0.92,1,6.2,5.1,6.8,das,Schiff,"Zufrieden kaperte der Pirat, der die Flagge hisste, das",0.79044926,SE,jinaai/jina-embeddings-v2-base-de
389,390,Schiff,98,B,und übernahm das Kommando.,0,0.92,1,2.3,1.4,6.8,das,Schiff,"Zufrieden kaperte der Pirat, der die Fehde austrug, das",0.4666052,SE,jinaai/jina-embeddings-v2-base-de
390,391,Schiff,98,C,und übernahm das Kommando.,0,0.0,1,6.2,5.1,1.1,das,Schiff,"Zufrieden verrührte der Pirat, der die Flagge hisste, das",0.57606167,SE,jinaai/jina-embeddings-v2-base-de
391,392,Schiff,98,D,und übernahm das Kommando.,0,0.0,1,2.3,1.4,1.1,das,Schiff,"Zufrieden verrührte der Pirat, der die Fehde austrug, das",0.4850756,SE,jinaai/jina-embeddings-v2-base-de
392,393,Aktie,99,A,und berichtet seinem Auftraggeber.,0,0.75,1,6.9,1.1,6.5,die,Aktie,"Sofort kauft der Börsenmakler, der die Börse betreten hat, die",0.7434244,SE,jinaai/jina-embeddings-v2-base-de
393,394,Aktie,99,B,und berichtet seinem Auftraggeber.,0,0.83,1,1.4,1.6,6.5,die,Aktie,"Sofort kauft der Börsenmakler, der den Whiskey eingeschenkt hat, die",0.7027827,SE,jinaai/jina-embeddings-v2-base-de
394,395,Aktie,99,C,und berichtet seinem Auftraggeber.,0,0.0,1,6.9,1.1,1.4,die,Aktie,"Sofort knabbert der Börsenmakler, der die Börse betreten hat, die",0.6945123,SE,jinaai/jina-embeddings-v2-base-de
395,396,Aktie,99,D,und berichtet seinem Auftraggeber.,0,0.0,1,1.4,1.6,1.4,die,Aktie,"Sofort knabbert der Börsenmakler, der den Whiskey eingeschenkt hat, die",0.6362596,SE,jinaai/jina-embeddings-v2-base-de
396,397,Loch,100,A,in die Decke.,0,1.0,0,6.5,2.0,6.9,das,Loch,"Gestern bohrte der Handwerker, der die Bohrmaschine hielt, das",0.37676167,SE,jinaai/jina-embeddings-v2-base-de
397,398,Loch,100,B,in die Decke.,0,0.75,0,1.4,1.7,6.9,das,Loch,"Gestern bohrte der Handwerker, der das Kaugummi kaute, das",0.346513,SE,jinaai/jina-embeddings-v2-base-de
398,399,Loch,100,C,in die Decke.,0,0.0,0,6.5,2.0,3.9,das,Loch,"Gestern warf der Handwerker, der die Bohrmaschine hielt, das",0.58829975,SE,jinaai/jina-embeddings-v2-base-de
399,400,Loch,100,D,in die Decke.,0,0.0,0,1.4,1.7,3.9,das,Loch,"Gestern warf der Handwerker, der das Kaugummi kaute, das",0.45558983,SE,jinaai/jina-embeddings-v2-base-de
400,401,Blutdruck,101,A,und den Blutzucker.,3,0.58,1,6.8,1.6,6.7,den,Blutdruck,"Am Morgen misst der Arzthelfer, der das Messgerät hält, den",0.4245225,SE,jinaai/jina-embeddings-v2-base-de
401,402,Blutdruck,101,B,und den Blutzucker.,3,0.58,1,2.3,1.6,6.7,den,Blutdruck,"Am Morgen misst der Arzthelfer, der den Bildschirm anstellt, den",0.30999476,SE,jinaai/jina-embeddings-v2-base-de
402,403,Blutdruck,101,C,und den Blutzucker.,3,0.0,1,6.8,1.6,1.4,den,Blutdruck,"Am Morgen kauft der Arzthelfer, der das Messgerät hält, den",0.40689382,SE,jinaai/jina-embeddings-v2-base-de
403,404,Blutdruck,101,D,und den Blutzucker.,3,0.0,1,2.3,1.6,1.4,den,Blutdruck,"Am Morgen kauft der Arzthelfer, der den Bildschirm anstellt, den",0.32006404,SE,jinaai/jina-embeddings-v2-base-de
404,405,Tuch,102,A,und machte sich bereit.,0,0.67,0,6.3,3.5,2.7,das,Tuch,"Konzentriert schwang der Torero, der den Stier verwundet hatte, das",0.5410759,SE,jinaai/jina-embeddings-v2-base-de
405,406,Tuch,102,B,und machte sich bereit.,0,0.83,0,4.1,1.8,2.7,das,Tuch,"Konzentriert schwang der Torero, der das Gebet aufgesagt hatte, das",0.5220782,SE,jinaai/jina-embeddings-v2-base-de
406,407,Tuch,102,C,und machte sich bereit.,0,0.0,0,6.3,3.5,2.6,das,Tuch,"Konzentriert befüllte der Torero, der den Stier verwundet hatte, das",0.48230004,SE,jinaai/jina-embeddings-v2-base-de
407,408,Tuch,102,D,und machte sich bereit.,0,0.0,0,4.1,1.8,2.6,das,Tuch,"Konzentriert befüllte der Torero, der das Gebet aufgesagt hatte, das",0.54690105,SE,jinaai/jina-embeddings-v2-base-de
408,409,Schwert,103,A,und griff den Gegner an.,0,0.92,1,6.2,1.5,5.9,das,Schwert,"Angespannt zückte der Ritter, nachdem er den Kampf begonnen hatte, das",0.3490887,SE,jinaai/jina-embeddings-v2-base-de
409,410,Schwert,103,B,und griff den Gegner an.,0,0.92,1,1.1,1.0,5.9,das,Schwert,"Angespannt zückte der Ritter, nachdem er die Brücke überquert hatte, das",0.51511323,SE,jinaai/jina-embeddings-v2-base-de
410,411,Schwert,103,C,und griff den Gegner an.,0,0.0,1,6.2,1.5,1.1,das,Schwert,"Angespannt kaute der Ritter, nachdem er den Kampf begonnen hatte, das",0.71698815,SE,jinaai/jina-embeddings-v2-base-de
411,412,Schwert,103,D,und griff den Gegner an.,0,0.08,1,1.1,1.0,1.1,das,Schwert,"Angespannt kaute der Ritter, nachdem er die Brücke überquert hatte, das",0.58422184,SE,jinaai/jina-embeddings-v2-base-de
412,413,Rettungswagen,104,A,in Richtung des Krankenhauses.,0,0.75,0,6.8,2.6,4.7,den,Rettungswagen,"Wachsam steuert der Sanitäter, der das Blaulicht eingeschaltet hat, den",0.5534125,SE,jinaai/jina-embeddings-v2-base-de
413,414,Rettungswagen,104,B,in Richtung des Krankenhauses.,0,0.58,0,1.3,1.2,4.7,den,Rettungswagen,"Wachsam steuert der Sanitäter, der den Notizblock weggelegt hat, den",0.77904636,SE,jinaai/jina-embeddings-v2-base-de
414,415,Rettungswagen,104,C,in Richtung des Krankenhauses.,0,0.0,0,6.8,2.6,1.0,den,Rettungswagen,"Wachsam kopiert der Sanitäter, der das Blaulicht eingeschaltet hat, den",0.3675921,SE,jinaai/jina-embeddings-v2-base-de
415,416,Rettungswagen,104,D,in Richtung des Krankenhauses.,0,0.0,0,1.3,1.2,1.0,den,Rettungswagen,"Wachsam kopiert der Sanitäter, der den Notizblock weggelegt hat, den",0.41987428,SE,jinaai/jina-embeddings-v2-base-de
416,417,Aussage,105,A,und wendete sich an seinen Anwalt.,0,1.0,0,6.4,3.5,6.3,die,Aussage,"Ohne zu zögern verweigerte der Zeuge, der den Angeklagten wiedererkannte, die",0.47783104,SE,jinaai/jina-embeddings-v2-base-de
417,418,Aussage,105,B,und wendete sich an seinen Anwalt.,0,0.83,0,1.1,1.6,6.3,die,Aussage,"Ohne zu zögern verweigerte der Zeuge, der den Gehstock umklammerte, die",0.45784977,SE,jinaai/jina-embeddings-v2-base-de
418,419,Aussage,105,C,und wendete sich an seinen Anwalt.,0,0.0,0,6.4,3.5,2.6,die,Aussage,"Ohne zu zögern bestellte der Zeuge, der den Angeklagten wiedererkannte, die",0.5320354,SE,jinaai/jina-embeddings-v2-base-de
419,420,Aussage,105,D,und wendete sich an seinen Anwalt.,0,0.0,0,1.1,1.6,2.6,die,Aussage,"Ohne zu zögern bestellte der Zeuge, der den Gehstock umklammerte, die",0.3692596,SE,jinaai/jina-embeddings-v2-base-de
420,421,Schlittschuhe,106,A,und begibt sich auf die Eisfläche.,2,1.0,0,6.7,2.0,6.1,die,Schlittschuhe,"Sogleich schnürt der Eiskunstläufer, der die Eishalle erreicht hat, die",0.42250204,SE,jinaai/jina-embeddings-v2-base-de
421,422,Schlittschuhe,106,B,und begibt sich auf die Eisfläche.,2,0.75,0,1.5,1.1,6.1,die,Schlittschuhe,"Sogleich schnürt der Eiskunstläufer, der das Bonbon gelutscht hat, die",0.64783174,SE,jinaai/jina-embeddings-v2-base-de
422,423,Schlittschuhe,106,C,und begibt sich auf die Eisfläche.,2,0.0,0,6.7,2.0,1.6,die,Schlittschuhe,"Sogleich zerbricht der Eiskunstläufer, der die Eishalle erreicht hat, die",0.6913888,SE,jinaai/jina-embeddings-v2-base-de
423,424,Schlittschuhe,106,D,und begibt sich auf die Eisfläche.,2,0.08,0,1.5,1.1,1.6,die,Schlittschuhe,"Sogleich zerbricht der Eiskunstläufer, der das Bonbon gelutscht hat, die",0.57492566,SE,jinaai/jina-embeddings-v2-base-de
424,425,Lasso,107,A,und fängt das Tier ein.,0,0.33,0,5.4,4.5,6.5,das,Lasso,"Gut gelaunt schwingt der Cowboy, nachdem er das Pferd gesattelt hatte, das",0.4509486,SE,jinaai/jina-embeddings-v2-base-de
425,426,Lasso,107,B,und fängt das Tier ein.,0,0.75,0,1.3,1.6,6.5,das,Lasso,"Gut gelaunt schwingt der Cowboy, nachdem er den Kameraden gerufen hat, das",0.31727266,SE,jinaai/jina-embeddings-v2-base-de
426,427,Lasso,107,C,und fängt das Tier ein.,0,0.0,0,5.4,4.5,1.1,das,Lasso,"Gut gelaunt zerhackt der Cowboy, nachdem er das Pferd gesattelt hatte, das",0.6064559,SE,jinaai/jina-embeddings-v2-base-de
427,428,Lasso,107,D,und fängt das Tier ein.,0,0.0,0,1.3,1.6,1.1,das,Lasso,"Gut gelaunt zerhackt der Cowboy, nachdem er den Kameraden gerufen hat, das",0.3898247,SE,jinaai/jina-embeddings-v2-base-de
428,429,Drehbuch,108,A,für die Serie.,2,0.33,0,6.6,4.4,6.0,das,Drehbuch,"Entspannt schrieb der Regisseur, der den Plot konstruiert hatte, das",0.26020363,SE,jinaai/jina-embeddings-v2-base-de
429,430,Drehbuch,108,B,für die Serie.,2,0.75,0,1.1,1.3,6.0,das,Drehbuch,"Entspannt schrieb der Regisseur, der den Kamin angemacht hatte, das",0.48675707,SE,jinaai/jina-embeddings-v2-base-de
430,431,Drehbuch,108,C,für die Serie.,2,0.0,0,6.6,4.4,1.1,das,Drehbuch,"Entspannt verzehrte der Regisseur, der den Plot konstruiert hatte, das",0.48608255,SE,jinaai/jina-embeddings-v2-base-de
431,432,Drehbuch,108,D,für die Serie.,2,0.0,0,1.1,1.3,1.1,das,Drehbuch,"Entspannt verzehrte der Regisseur, der den Kamin angemacht hatte, das",0.46797243,SE,jinaai/jina-embeddings-v2-base-de
432,433,Stern,109,A,am Firmament.,0,0.58,1,5.7,2.4,4.9,den,Stern,"Sofort entdeckt der Astronom, der das Teleskop aufgestellt hat, den",0.6743006,SE,jinaai/jina-embeddings-v2-base-de
433,434,Stern,109,B,am Firmament.,0,0.58,1,3.0,1.9,4.9,den,Stern,"Sofort entdeckt der Astronom, der die Uhrzeit notiert hat, den",0.7816484,SE,jinaai/jina-embeddings-v2-base-de
434,435,Stern,109,C,am Firmament.,0,0.0,1,5.7,2.4,1.4,den,Stern,"Sofort serviert der Astronom, der das Teleskop aufgestellt hat, den",0.58720094,SE,jinaai/jina-embeddings-v2-base-de
435,436,Stern,109,D,am Firmament.,0,0.0,1,3.0,1.9,1.4,den,Stern,"Sofort serviert der Astronom, der die Uhrzeit notiert hat, den",0.78116626,SE,jinaai/jina-embeddings-v2-base-de
436,437,Anker,110,A,und verließ den Hafen.,0,0.5,1,6.4,2.0,6.9,den,Anker,"Gestern lichtete der Seemann, der das Boot kommandierte, den",0.6893854,SE,jinaai/jina-embeddings-v2-base-de
437,438,Anker,110,B,und verließ den Hafen.,0,0.58,1,1.0,4.1,6.9,den,Anker,"Gestern lichtete der Seemann, der den Atem anhielt, den",0.44811192,SE,jinaai/jina-embeddings-v2-base-de
438,439,Anker,110,C,und verließ den Hafen.,0,0.0,1,6.4,2.0,1.0,den,Anker,"Gestern kochte der Seemann, der das Boot kommandierte, den",0.56995285,SE,jinaai/jina-embeddings-v2-base-de
439,440,Anker,110,D,und verließ den Hafen.,0,0.0,1,1.0,4.1,1.0,den,Anker,"Gestern kochte der Seemann, der den Atem anhielt, den",0.39459217,SE,jinaai/jina-embeddings-v2-base-de
440,441,Seil,111,A,um den Aufstieg abzusichern.,2,0.58,0,4.6,1.6,6.1,das,Seil,"Am Vormittag knotete der Bergsteiger, nachdem er den Haken festgebohrt hatte, das",0.61773896,SE,jinaai/jina-embeddings-v2-base-de
441,442,Seil,111,B,um den Aufstieg abzusichern.,2,0.75,0,1.4,1.6,6.1,das,Seil,"Am Vormittag knotete der Bergsteiger, nachdem er die Krähe verscheucht hatte, das",0.5827392,SE,jinaai/jina-embeddings-v2-base-de
442,443,Seil,111,C,um den Aufstieg abzusichern.,2,0.0,0,4.6,1.6,1.2,das,Seil,"Am Vormittag roch der Bergsteiger, nachdem er den Haken festgebohrt hatte, das",0.71752363,SE,jinaai/jina-embeddings-v2-base-de
443,444,Seil,111,D,um den Aufstieg abzusichern.,2,0.0,0,1.4,1.6,1.2,das,Seil,"Am Vormittag roch der Bergsteiger, nachdem er die Krähe verscheucht hatte, das",0.468154,SE,jinaai/jina-embeddings-v2-base-de
444,445,Rouletterad,112,A,und verrät die nächste Zahl.,0,0.67,0,6.3,2.1,6.1,das,Rouletterad,"Entspannt dreht der Croupier, der den Spieltisch vorbereitet hat, das",0.59424156,SE,jinaai/jina-embeddings-v2-base-de
445,446,Rouletterad,112,B,und verrät die nächste Zahl.,0,0.33,0,2.0,1.3,6.1,das,Rouletterad,"Entspannt dreht der Croupier, der die Frau beeindruckt hat, das",0.17143044,SE,jinaai/jina-embeddings-v2-base-de
446,447,Rouletterad,112,C,und verrät die nächste Zahl.,0,0.0,0,6.3,2.1,1.1,das,Rouletterad,"Entspannt schlürft der Croupier, der den Spieltisch vorbereitet hat, das",0.7328499,SE,jinaai/jina-embeddings-v2-base-de
447,448,Rouletterad,112,D,und verrät die nächste Zahl.,0,0.0,0,2.0,1.3,1.1,das,Rouletterad,"Entspannt schlürft der Croupier, der die Frau beeindruckt hat, das",0.24405864,SE,jinaai/jina-embeddings-v2-base-de
448,449,Nägel,113,A,und lackierte sie.,0,0.75,0,6.9,1.7,6.8,die,Nägel,"Neulich feilte die Kosmetikerin, während sie die Maniküre durchführte, die",0.71258223,SE,jinaai/jina-embeddings-v2-base-de
449,450,Nägel,113,B,und lackierte sie.,0,1.0,0,1.3,1.0,6.8,die,Nägel,"Neulich feilte die Kosmetikerin, während sie das Gespräch belauschte, die",0.6891584,SE,jinaai/jina-embeddings-v2-base-de
450,451,Nägel,113,C,und lackierte sie.,0,0.08,0,6.9,1.7,5.5,die,Nägel,"Neulich baute die Kosmetikerin, während sie die Maniküre durchführte, die",0.56633824,SE,jinaai/jina-embeddings-v2-base-de
451,452,Nägel,113,D,und lackierte sie.,0,0.0,0,1.3,1.0,5.5,die,Nägel,"Neulich baute die Kosmetikerin, während sie das Gespräch belauschte, die",0.67383957,SE,jinaai/jina-embeddings-v2-base-de
452,453,Zukunft,114,A,der Familie.,0,0.58,1,6.7,3.9,6.8,die,Zukunft,"Sogleich prophezeite der Wahrsager, der die Kristallkugel befragt hatte, die",0.38359115,SE,jinaai/jina-embeddings-v2-base-de
453,454,Zukunft,114,B,der Familie.,0,0.58,1,1.4,1.1,6.8,die,Zukunft,"Sogleich prophezeite der Wahrsager, der die Kerze angezündet hatte, die",0.37725306,SE,jinaai/jina-embeddings-v2-base-de
454,455,Zukunft,114,C,der Familie.,0,0.0,1,6.7,3.9,1.5,die,Zukunft,"Sogleich würzte der Wahrsager, der die Kristallkugel befragt hatte, die",0.3191572,SE,jinaai/jina-embeddings-v2-base-de
455,456,Zukunft,114,D,der Familie.,0,0.0,1,1.4,1.1,1.5,die,Zukunft,"Sogleich würzte der Wahrsager, der die Kerze angezündet hatte, die",0.4304404,SE,jinaai/jina-embeddings-v2-base-de
456,457,Ausgrabung,115,A,in der Ruine.,0,0.92,0,6.6,5.3,3.0,die,Ausgrabung,"Heute beginnt der Archäologe, der die Schaufel hervorgeholt hat, die",0.4995585,SE,jinaai/jina-embeddings-v2-base-de
457,458,Ausgrabung,115,B,in der Ruine.,0,0.5,0,1.3,2.5,3.0,die,Ausgrabung,"Heute beginnt der Archäologe, der das Taxi genommen hat, die",0.77965397,SE,jinaai/jina-embeddings-v2-base-de
458,459,Ausgrabung,115,C,in der Ruine.,0,0.0,0,6.6,5.3,1.5,die,Ausgrabung,"Heute raspelt der Archäologe, der die Schaufel hervorgeholt hat, die",0.53395545,SE,jinaai/jina-embeddings-v2-base-de
459,460,Ausgrabung,115,D,in der Ruine.,0,0.0,0,1.3,2.5,1.5,die,Ausgrabung,"Heute raspelt der Archäologe, der das Taxi genommen hat, die",0.59721875,SE,jinaai/jina-embeddings-v2-base-de
460,461,Strauß,116,A,für die Hochzeit.,0,0.92,1,6.8,3.9,6.5,den,Strauß,"Zügig bindet der Florist, der die Rosen gezüchtet hat, den",0.5647249,SE,jinaai/jina-embeddings-v2-base-de
461,462,Strauß,116,B,für die Hochzeit.,0,0.92,1,2.6,1.6,6.5,den,Strauß,"Zügig bindet der Florist, der die Fenster geschlossen hat, den",0.48420906,SE,jinaai/jina-embeddings-v2-base-de
462,463,Strauß,116,C,für die Hochzeit.,0,0.0,1,6.8,3.9,1.0,den,Strauß,"Zügig ölt der Florist, der die Rosen gezüchtet hat, den",0.38527888,SE,jinaai/jina-embeddings-v2-base-de
463,464,Strauß,116,D,für die Hochzeit.,0,0.0,1,2.6,1.6,1.0,den,Strauß,"Zügig ölt der Florist, der die Fenster geschlossen hat, den",0.4552169,SE,jinaai/jina-embeddings-v2-base-de
464,465,Rolle,117,A,für das Theaterstück.,0,0.75,1,6.1,3.8,5.8,die,Rolle,"Umgehend spielt der Schauspieler, der das Skript auswendig gelernt hat, die",0.38991594,SE,jinaai/jina-embeddings-v2-base-de
465,466,Rolle,117,B,für das Theaterstück.,0,0.67,1,2.3,4.6,5.8,die,Rolle,"Umgehend spielt der Schauspieler, der die Torte gebacken hat, die",0.51009816,SE,jinaai/jina-embeddings-v2-base-de
466,467,Rolle,117,C,für das Theaterstück.,0,0.0,1,6.1,3.8,2.5,die,Rolle,"Umgehend schnibbelt der Schauspieler, der das Skript auswendig gelernt hat, die",0.6096083,SE,jinaai/jina-embeddings-v2-base-de
467,468,Rolle,117,D,für das Theaterstück.,0,0.0,1,2.3,4.6,2.5,die,Rolle,"Umgehend schnibbelt der Schauspieler, der die Torte gebacken hat, die",0.4532586,SE,jinaai/jina-embeddings-v2-base-de
468,469,Sendung,118,A,für den Fernsehkanal.,0,0.42,0,6.4,6.3,6.7,die,Sendung,"Am Abend moderiert der Moderator, der die Zuschauer unterhält, die",0.51477534,SE,jinaai/jina-embeddings-v2-base-de
469,470,Sendung,118,B,für den Fernsehkanal.,0,0.17,0,2.0,1.5,6.7,die,Sendung,"Am Abend moderiert der Moderator, der die Weltmeere bereist, die",0.47604287,SE,jinaai/jina-embeddings-v2-base-de
470,471,Sendung,118,C,für den Fernsehkanal.,0,0.0,0,6.4,6.3,3.7,die,Sendung,"Am Abend wiegt der Moderator, der die Zuschauer unterhält, die",0.4936251,SE,jinaai/jina-embeddings-v2-base-de
471,472,Sendung,118,D,für den Fernsehkanal.,0,0.0,0,2.0,1.5,3.7,die,Sendung,"Am Abend wiegt der Moderator, der die Weltmeere bereist, die",0.42195874,SE,jinaai/jina-embeddings-v2-base-de
472,473,Stück,119,A,für seine nächste Sonate.,0,0.25,0,4.8,4.1,6.9,das,Stück,"Ohne zu zögern komponierte der Musiker, der die Noten aufschrieb, das",0.4582976,SE,jinaai/jina-embeddings-v2-base-de
473,474,Stück,119,B,für seine nächste Sonate.,0,0.42,0,1.7,2.1,6.9,das,Stück,"Ohne zu zögern komponierte der Musiker, der die Fragen beantwortete, das",0.67519534,SE,jinaai/jina-embeddings-v2-base-de
474,475,Stück,119,C,für seine nächste Sonate.,0,0.0,0,4.8,4.1,4.2,das,Stück,"Ohne zu zögern grillte der Musiker, der die Noten aufschrieb, das",0.44158936,SE,jinaai/jina-embeddings-v2-base-de
475,476,Stück,119,D,für seine nächste Sonate.,0,0.08,0,1.7,2.1,4.2,das,Stück,"Ohne zu zögern grillte der Musiker, der die Fragen beantwortete, das",0.58301044,SE,jinaai/jina-embeddings-v2-base-de
476,477,Bild,120,A,in seinem Atelier.,2,0.58,1,6.6,2.3,7.0,das,Bild,"Fröhlich malte der Künstler, der die Leinwand aufgespannt hatte, das",0.6671562,SE,jinaai/jina-embeddings-v2-base-de
477,478,Bild,120,B,in seinem Atelier.,2,0.58,1,1.5,1.7,7.0,das,Bild,"Fröhlich malte der Künstler, der den Nachtisch zubereitet hatte, das",0.57813305,SE,jinaai/jina-embeddings-v2-base-de
478,479,Bild,120,C,in seinem Atelier.,2,0.0,1,6.6,2.3,2.2,das,Bild,"Fröhlich bewohnte der Künstler, der die Leinwand aufgespannt hatte, das",0.75288284,SE,jinaai/jina-embeddings-v2-base-de
479,480,Bild,120,D,in seinem Atelier.,2,0.0,1,1.5,1.7,2.2,das,Bild,"Fröhlich bewohnte der Künstler, der den Nachtisch zubereitet hatte, das",0.71933407,SE,jinaai/jina-embeddings-v2-base-de
0,1,Axt,1,A,und hackte die Holzscheite.,0,0.75,1,6.9,3.1,6.0,die,Axt,"Gestern schärfte der Holzfäller, bevor er das Holz stapelte, die",0.6828893,SE,aari1995/German_Semantic_STS_V2
1,2,Axt,1,B,und hackte die Holzscheite.,0,0.67,1,3.1,1.2,6.0,die,Axt,"Gestern schärfte der Holzfäller, bevor er den Film schaute, die",0.6493964,SE,aari1995/German_Semantic_STS_V2
2,3,Axt,1,C,und hackte die Holzscheite.,0,0.0,1,6.9,3.1,1.4,die,Axt,"Gestern aß der Holzfäller, bevor er das Holz stapelte, die",0.60806495,SE,aari1995/German_Semantic_STS_V2
3,4,Axt,1,D,und hackte die Holzscheite.,0,0.0,1,3.1,1.2,1.4,die,Axt,"Gestern aß der Holzfäller, bevor er den Film schaute, die",0.5799108,SE,aari1995/German_Semantic_STS_V2
4,5,Messer,2,A,und rasiert den Kunden.,0,0.67,1,5.0,5.1,6.4,das,Messer,"Nachdenklich schärft der Barbier, nachdem er den Rasierschaum aufgetragen hat, das",0.62462586,SE,aari1995/German_Semantic_STS_V2
5,6,Messer,2,B,und rasiert den Kunden.,0,0.75,1,1.2,1.4,6.4,das,Messer,"Nachdenklich schärft der Barbier, nachdem er die Topfpflanze gegossen hat, das",0.6003971,SE,aari1995/German_Semantic_STS_V2
6,7,Messer,2,C,und rasiert den Kunden.,0,0.0,1,5.0,5.1,1.4,das,Messer,"Nachdenklich trinkt der Barbier, nachdem er den Rasierschaum aufgetragen hat, das",0.57060045,SE,aari1995/German_Semantic_STS_V2
7,8,Messer,2,D,und rasiert den Kunden.,0,0.0,1,1.2,1.4,1.4,das,Messer,"Nachdenklich trinkt der Barbier, nachdem er die Topfpflanze gegossen hat, das",0.53613,SE,aari1995/German_Semantic_STS_V2
8,9,Kaffee,3,A,und gießt die Milch dazu.,0,0.58,0,5.8,2.3,5.8,den,Kaffee,"Sogleich süßt der Kellner, nachdem er die Bestellung aufgenommen hat, den",0.5619196,SE,aari1995/German_Semantic_STS_V2
9,10,Kaffee,3,B,und gießt die Milch dazu.,0,0.25,0,3.5,3.5,5.8,den,Kaffee,"Sogleich süßt der Kellner, nachdem er das Radio angemacht hat, den",0.56367415,SE,aari1995/German_Semantic_STS_V2
10,11,Kaffee,3,C,und gießt die Milch dazu.,0,0.0,0,5.8,2.3,3.0,den,Kaffee,"Sogleich putzt der Kellner, nachdem er die Bestellung aufgenommen hat, den",0.5069719,SE,aari1995/German_Semantic_STS_V2
11,12,Kaffee,3,D,und gießt die Milch dazu.,0,0.0,0,3.5,3.5,3.0,den,Kaffee,"Sogleich putzt der Kellner, nachdem er das Radio angemacht hat, den",0.5064635,SE,aari1995/German_Semantic_STS_V2
12,13,Ofen,4,A,auf 180 Grad.,0,1.0,0,6.0,2.7,6.6,den,Ofen,"Vorsichtig erhitzt der Bäckerlehrling, nachdem er die Brötchen geformt hat, den",0.5968501,SE,aari1995/German_Semantic_STS_V2
13,14,Ofen,4,B,auf 180 Grad.,0,0.75,0,2.4,1.3,6.6,den,Ofen,"Vorsichtig erhitzt der Bäckerlehrling, nachdem er die Fenster gekippt hat, den",0.64921486,SE,aari1995/German_Semantic_STS_V2
14,15,Ofen,4,C,auf 180 Grad.,0,0.0,0,6.0,2.7,1.3,den,Ofen,"Vorsichtig schlürft der Bäckerlehrling, nachdem er die Brötchen geformt hat, den",0.47626922,SE,aari1995/German_Semantic_STS_V2
15,16,Ofen,4,D,auf 180 Grad.,0,0.08,0,2.4,1.3,1.3,den,Ofen,"Vorsichtig schlürft der Bäckerlehrling, nachdem er die Fenster gekippt hat, den",0.5216474,SE,aari1995/German_Semantic_STS_V2
16,17,Weinflasche,5,A,für die Weinprobe.,0,1.0,1,5.9,1.7,6.8,die,Weinflasche,"Zufrieden entkorkt der Winzer, der die Reben geschnitten hat, die",0.79136795,SE,aari1995/German_Semantic_STS_V2
17,18,Weinflasche,5,B,für die Weinprobe.,0,1.0,1,2.0,2.7,6.8,die,Weinflasche,"Zufrieden entkorkt der Winzer, der die Lohnabrechnungen beendet hat, die",0.7587903,SE,aari1995/German_Semantic_STS_V2
18,19,Weinflasche,5,C,für die Weinprobe.,0,0.08,1,5.9,1.7,1.0,die,Weinflasche,"Zufrieden glättet der Winzer, der die Reben geschnitten hat, die",0.6140879,SE,aari1995/German_Semantic_STS_V2
19,20,Weinflasche,5,D,für die Weinprobe.,0,0.0,1,2.0,2.7,1.0,die,Weinflasche,"Zufrieden glättet der Winzer, der die Lohnabrechnungen beendet hat, die",0.6175385,SE,aari1995/German_Semantic_STS_V2
20,21,Ticket,6,A,für die Fahrt.,0,0.33,1,6.7,2.3,6.3,das,Ticket,"Umgehend löst der Fahrgast, der den Automaten bedient, das",0.7050805,SE,aari1995/German_Semantic_STS_V2
21,22,Ticket,6,B,für die Fahrt.,0,0.33,1,1.3,1.3,6.3,das,Ticket,"Umgehend löst der Fahrgast, der die Einkaufstasche abstellt, das",0.628328,SE,aari1995/German_Semantic_STS_V2
22,23,Ticket,6,C,für die Fahrt.,0,0.0,1,6.7,2.3,1.2,das,Ticket,"Umgehend knotet der Fahrgast, der den Automaten bedient, das",0.6977094,SE,aari1995/German_Semantic_STS_V2
23,24,Ticket,6,D,für die Fahrt.,0,0.0,1,1.3,1.3,1.2,das,Ticket,"Umgehend knotet der Fahrgast, der die Einkaufstasche abstellt, das",0.6052523,SE,aari1995/German_Semantic_STS_V2
24,25,Sieg,7,A,mit einer Party.,0,0.5,0,6.8,4.4,6.2,den,Sieg,"Am Abend feiert der Gewinner, der den Pokal erhält, den",0.7408212,SE,aari1995/German_Semantic_STS_V2
25,26,Sieg,7,B,mit einer Party.,0,0.75,0,1.8,2.0,6.2,den,Sieg,"Am Abend feiert der Gewinner, der das Eis isst, den",0.6471379,SE,aari1995/German_Semantic_STS_V2
26,27,Sieg,7,C,mit einer Party.,0,0.0,0,6.8,4.4,1.8,den,Sieg,"Am Abend knabbert der Gewinner, der den Pokal erhält, den",0.65677184,SE,aari1995/German_Semantic_STS_V2
27,28,Sieg,7,D,mit einer Party.,0,0.0,0,1.8,2.0,1.8,den,Sieg,"Am Abend knabbert der Gewinner, der das Eis isst, den",0.5918379,SE,aari1995/German_Semantic_STS_V2
28,29,Fisch,8,A,für das Abendessen.,1,0.83,1,7.0,4.9,6.9,den,Fisch,"Endlich fängt der Angler, der den Köder auswarf, den",0.72878444,SE,aari1995/German_Semantic_STS_V2
29,30,Fisch,8,B,für das Abendessen.,1,0.83,1,2.0,1.2,6.9,den,Fisch,"Endlich fängt der Angler, der die Zeitung las, den",0.70234185,SE,aari1995/German_Semantic_STS_V2
30,31,Fisch,8,C,für das Abendessen.,1,0.0,1,7.0,4.9,1.3,den,Fisch,"Endlich baut der Angler, der den Köder auswarf, den",0.6981709,SE,aari1995/German_Semantic_STS_V2
31,32,Fisch,8,D,für das Abendessen.,1,0.0,1,2.0,1.2,1.3,den,Fisch,"Endlich baut der Angler, der die Zeitung las, den",0.6698416,SE,aari1995/German_Semantic_STS_V2
32,33,Unkraut,9,A,und leerte den Kompost.,0,0.83,0,6.7,3.3,6.9,das,Unkraut,"Am Nachmittag jätete der Schrebergärtner, der das Beet pflegte, das",0.71314657,SE,aari1995/German_Semantic_STS_V2
33,34,Unkraut,9,B,und leerte den Kompost.,0,0.67,0,3.3,1.4,6.9,das,Unkraut,"Am Nachmittag jätete der Schrebergärtner, der die Sonne genoss, das",0.67845005,SE,aari1995/German_Semantic_STS_V2
34,35,Unkraut,9,C,und leerte den Kompost.,0,0.0,0,6.7,3.3,1.2,das,Unkraut,"Am Nachmittag polierte der Schrebergärtner, der das Beet pflegte, das",0.6049468,SE,aari1995/German_Semantic_STS_V2
35,36,Unkraut,9,D,und leerte den Kompost.,0,0.0,0,3.3,1.4,1.2,das,Unkraut,"Am Nachmittag polierte der Schrebergärtner, der die Sonne genoss, das",0.5659482,SE,aari1995/German_Semantic_STS_V2
36,37,Klassenzimmer,10,A,und nimmt ein Stück Kreide.,1,0.75,1,6.8,3.7,5.5,das,Klassenzimmer,"Eine Weile lüftet der Lehrer, bevor er die Tafel beschreibt, das",0.7033954,SE,aari1995/German_Semantic_STS_V2
37,38,Klassenzimmer,10,B,und nimmt ein Stück Kreide.,1,0.75,1,1.9,2.6,5.5,das,Klassenzimmer,"Eine Weile lüftet der Lehrer, bevor er den Mantel aufhängt, das",0.5939438,SE,aari1995/German_Semantic_STS_V2
38,39,Klassenzimmer,10,C,und nimmt ein Stück Kreide.,1,0.0,1,6.8,3.7,4.7,das,Klassenzimmer,"Eine Weile bastelt der Lehrer, bevor er die Tafel beschreibt, das",0.6713438,SE,aari1995/German_Semantic_STS_V2
39,40,Klassenzimmer,10,D,und nimmt ein Stück Kreide.,1,0.0,1,1.9,2.6,4.7,das,Klassenzimmer,"Eine Weile bastelt der Lehrer, bevor er den Mantel aufhängt, das",0.5878052,SE,aari1995/German_Semantic_STS_V2
40,41,Käse,11,A,und gibt Öl in die Pfanne.,0,0.5,1,5.2,4.6,6.4,den,Käse,"Schnell reibt der Chefkoch, während er die Nudeln kocht, den",0.60645133,SE,aari1995/German_Semantic_STS_V2
41,42,Käse,11,B,und gibt Öl in die Pfanne.,0,0.58,1,1.7,1.2,6.4,den,Käse,"Schnell reibt der Chefkoch, während er die Nachrichten hört, den",0.6068045,SE,aari1995/German_Semantic_STS_V2
42,43,Käse,11,C,und gibt Öl in die Pfanne.,0,0.0,1,5.2,4.6,1.1,den,Käse,"Schnell flickt der Chefkoch, während er die Nudeln kocht, den",0.53383917,SE,aari1995/German_Semantic_STS_V2
43,44,Käse,11,D,und gibt Öl in die Pfanne.,0,0.0,1,1.7,1.2,1.1,den,Käse,"Schnell flickt der Chefkoch, während er die Nachrichten hört, den",0.53580546,SE,aari1995/German_Semantic_STS_V2
44,45,Bier,12,A,das zuvor gebraut wurde.,0,0.67,1,3.9,1.2,5.0,das,Bier,"Vorgestern probierte der Braumeister, nachdem er den Kessel ausgeschaltet hatte, das",0.6867314,SE,aari1995/German_Semantic_STS_V2
45,46,Bier,12,B,das zuvor gebraut wurde.,0,0.58,1,1.8,2.3,5.0,das,Bier,"Vorgestern probierte der Braumeister, nachdem er den Boden gewischt hatte, das",0.6990205,SE,aari1995/German_Semantic_STS_V2
46,47,Bier,12,C,das zuvor gebraut wurde.,0,0.0,1,3.9,1.2,1.1,das,Bier,"Vorgestern bemalte der Braumeister, nachdem er den Kessel ausgeschaltet hatte, das",0.6115529,SE,aari1995/German_Semantic_STS_V2
47,48,Bier,12,D,das zuvor gebraut wurde.,0,0.0,1,1.8,2.3,1.1,das,Bier,"Vorgestern bemalte der Braumeister, nachdem er den Boden gewischt hatte, das",0.58452845,SE,aari1995/German_Semantic_STS_V2
48,49,Rasen,13,A,hinter der Villa.,0,0.92,1,7.0,5.6,6.8,den,Rasen,"Eine Zeit lang mähte der Gartenhelfer, nachdem er den Garten umgegraben hatte, den",0.6934134,SE,aari1995/German_Semantic_STS_V2
49,50,Rasen,13,B,hinter der Villa.,0,0.92,1,2.2,1.9,6.8,den,Rasen,"Eine Zeit lang mähte der Gartenhelfer, nachdem er die Garage aufgeräumt hatte, den",0.6421687,SE,aari1995/German_Semantic_STS_V2
50,51,Rasen,13,C,hinter der Villa.,0,0.0,1,7.0,5.6,1.4,den,Rasen,"Eine Zeit lang räucherte der Gartenhelfer, nachdem er den Garten umgegraben hatte, den",0.57543296,SE,aari1995/German_Semantic_STS_V2
51,52,Rasen,13,D,hinter der Villa.,0,0.0,1,2.2,1.9,1.4,den,Rasen,"Eine Zeit lang räucherte der Gartenhelfer, nachdem er die Garage aufgeräumt hatte, den",0.51097137,SE,aari1995/German_Semantic_STS_V2
52,53,Straße,14,A,und den Bürgersteig.,1,0.42,1,6.5,5.1,6.8,die,Straße,"Achtsam pflasterte der Bauarbeiter, der die Absperrungen umging, die",0.6546652,SE,aari1995/German_Semantic_STS_V2
53,54,Straße,14,B,und den Bürgersteig.,1,0.42,1,5.7,2.0,6.8,die,Straße,"Achtsam pflasterte der Bauarbeiter, der die Steine schleppte, die",0.6254964,SE,aari1995/German_Semantic_STS_V2
54,55,Straße,14,C,und den Bürgersteig.,1,0.08,1,6.5,5.1,2.0,die,Straße,"Achtsam salzte der Bauarbeiter, der die Absperrungen umging, die",0.5733564,SE,aari1995/German_Semantic_STS_V2
55,56,Straße,14,D,und den Bürgersteig.,1,0.0,1,5.7,2.0,2.0,die,Straße,"Achtsam salzte der Bauarbeiter, der die Steine schleppte, die",0.5707268,SE,aari1995/German_Semantic_STS_V2
56,57,Glocken,15,A,und freute sich.,0,1.0,1,6.7,1.1,7.0,die,Glocken,"Gestern läutete der Priester, nachdem er den Kirchturm erklommen hatte, die",0.68391293,SE,aari1995/German_Semantic_STS_V2
57,58,Glocken,15,B,und freute sich.,0,0.92,1,2.2,1.1,7.0,die,Glocken,"Gestern läutete der Priester, nachdem er die Armbanduhr ausgezogen hatte, die",0.64662004,SE,aari1995/German_Semantic_STS_V2
58,59,Glocken,15,C,und freute sich.,0,0.0,1,6.7,1.1,1.0,die,Glocken,"Gestern faltete der Priester, nachdem er den Kirchturm erklommen hatte, die",0.58804786,SE,aari1995/German_Semantic_STS_V2
59,60,Glocken,15,D,und freute sich.,0,0.0,1,2.2,1.1,1.0,die,Glocken,"Gestern faltete der Priester, nachdem er die Armbanduhr ausgezogen hatte, die",0.54342484,SE,aari1995/German_Semantic_STS_V2
60,61,Wunde,16,A,mit fünf Stichen.,0,0.92,1,6.7,3.3,5.8,die,Wunde,"Rasch näht der Notarzt, der den Verletzten betreut, die",0.66061,SE,aari1995/German_Semantic_STS_V2
61,62,Wunde,16,B,mit fünf Stichen.,0,0.92,1,3.2,1.8,5.8,die,Wunde,"Rasch näht der Notarzt, der den Ohrring trägt, die",0.59466034,SE,aari1995/German_Semantic_STS_V2
62,63,Wunde,16,C,mit fünf Stichen.,0,0.0,1,6.7,3.3,2.0,die,Wunde,"Rasch versteckt der Notarzt, der den Verletzten betreut, die",0.59125805,SE,aari1995/German_Semantic_STS_V2
63,64,Wunde,16,D,mit fünf Stichen.,0,0.0,1,3.2,1.8,2.0,die,Wunde,"Rasch versteckt der Notarzt, der den Ohrring trägt, die",0.5248559,SE,aari1995/German_Semantic_STS_V2
64,65,Hemd,17,A,und die Hose.,0,0.75,1,6.4,1.5,6.9,das,Hemd,"Eilig bügelt der Geschäftsmann, nachdem er das Bügelbrett aufgestellt hat, das",0.60296994,SE,aari1995/German_Semantic_STS_V2
65,66,Hemd,17,B,und die Hose.,0,0.67,1,1.4,1.2,6.9,das,Hemd,"Eilig bügelt der Geschäftsmann, nachdem er den Eistee ausgetrunken hat, das",0.56386614,SE,aari1995/German_Semantic_STS_V2
66,67,Hemd,17,C,und die Hose.,0,0.0,1,6.4,1.5,1.0,das,Hemd,"Eilig salzt der Geschäftsmann, nachdem er das Bügelbrett aufgestellt hat, das",0.4931838,SE,aari1995/German_Semantic_STS_V2
67,68,Hemd,17,D,und die Hose.,0,0.0,1,1.4,1.2,1.0,das,Hemd,"Eilig salzt der Geschäftsmann, nachdem er den Eistee ausgetrunken hat, das",0.43621275,SE,aari1995/German_Semantic_STS_V2
68,69,Auto,18,A,und übergibt es an den Kunden.,1,0.58,0,7.0,3.5,6.3,das,Auto,"Schnell repariert der KFZ-Mechatroniker, der den Motor ausgetauscht hat, das",0.603633,SE,aari1995/German_Semantic_STS_V2
69,70,Auto,18,B,und übergibt es an den Kunden.,1,0.75,0,5.0,3.1,6.3,das,Auto,"Schnell repariert der KFZ-Mechatroniker, der den Urlaub gebucht hat, das",0.59647197,SE,aari1995/German_Semantic_STS_V2
70,71,Auto,18,C,und übergibt es an den Kunden.,1,0.0,0,7.0,3.5,1.1,das,Auto,"Schnell brät der KFZ-Mechatroniker, der den Motor ausgetauscht hat, das",0.5743981,SE,aari1995/German_Semantic_STS_V2
71,72,Auto,18,D,und übergibt es an den Kunden.,1,0.0,0,5.0,3.1,1.1,das,Auto,"Schnell brät der KFZ-Mechatroniker, der den Urlaub gebucht hat, das",0.5421018,SE,aari1995/German_Semantic_STS_V2
72,73,Teig,19,A,für das Brot.,2,1.0,1,6.9,6.9,6.6,den,Teig,"Am Morgen knetet die Bäckerin, die den Kuchen backt, den",0.8111753,SE,aari1995/German_Semantic_STS_V2
73,74,Teig,19,B,für das Brot.,2,1.0,1,1.5,1.0,6.6,den,Teig,"Am Morgen knetet die Bäckerin, die den Stammgast begrüßt, den",0.7206136,SE,aari1995/German_Semantic_STS_V2
74,75,Teig,19,C,für das Brot.,2,0.0,1,6.9,6.9,1.2,den,Teig,"Am Morgen hört die Bäckerin, die den Kuchen backt, den",0.68404955,SE,aari1995/German_Semantic_STS_V2
75,76,Teig,19,D,für das Brot.,2,0.0,1,1.5,1.0,1.2,den,Teig,"Am Morgen hört die Bäckerin, die den Stammgast begrüßt, den",0.5938726,SE,aari1995/German_Semantic_STS_V2
76,77,Steak,20,A,und die Beilagen.,0,0.67,0,4.7,2.4,6.5,das,Steak,"Am Nachmittag pfeffert der Grillmeister, bevor er die Kohle anzündet, das",0.61671335,SE,aari1995/German_Semantic_STS_V2
77,78,Steak,20,B,und die Beilagen.,0,0.83,0,1.4,1.1,6.5,das,Steak,"Am Nachmittag pfeffert der Grillmeister, bevor er die Mücke verscheucht, das",0.66676253,SE,aari1995/German_Semantic_STS_V2
78,79,Steak,20,C,und die Beilagen.,0,0.0,0,4.7,2.4,1.4,das,Steak,"Am Nachmittag druckt der Grillmeister, bevor er die Kohle anzündet, das",0.5742405,SE,aari1995/German_Semantic_STS_V2
79,80,Steak,20,D,und die Beilagen.,0,0.0,0,1.4,1.1,1.4,das,Steak,"Am Nachmittag druckt der Grillmeister, bevor er die Mücke verscheucht, das",0.6208872,SE,aari1995/German_Semantic_STS_V2
80,81,Feuer,21,A,und rennt weg.,0,0.58,0,6.6,1.5,6.8,das,Feuer,"Schnell entfacht der Brandstifter, der das Streichholz fallengelassen hat, das",0.73565704,SE,aari1995/German_Semantic_STS_V2
81,82,Feuer,21,B,und rennt weg.,0,1.0,0,3.3,3.0,6.8,das,Feuer,"Schnell entfacht der Brandstifter, der die Treppe hochgeklettert ist, das",0.73673105,SE,aari1995/German_Semantic_STS_V2
82,83,Feuer,21,C,und rennt weg.,0,0.0,0,6.6,1.5,1.6,das,Feuer,"Schnell entstaubt der Brandstifter, der das Streichholz fallengelassen hat, das",0.65220684,SE,aari1995/German_Semantic_STS_V2
83,84,Feuer,21,D,und rennt weg.,0,0.0,0,3.3,3.0,1.6,das,Feuer,"Schnell entstaubt der Brandstifter, der die Treppe hochgeklettert ist, das",0.66229594,SE,aari1995/German_Semantic_STS_V2
84,85,Haare,22,A,und holt den Föhn.,0,0.92,1,6.5,3.9,6.8,die,Haare,"Nun kämmt der Friseur, nachdem er die Kopfhaut massiert hat, die",0.6950767,SE,aari1995/German_Semantic_STS_V2
85,86,Haare,22,B,und holt den Föhn.,0,1.0,1,1.0,1.0,6.8,die,Haare,"Nun kämmt der Friseur, nachdem er den Cappuccino ausgetrunken hat, die",0.6364472,SE,aari1995/German_Semantic_STS_V2
86,87,Haare,22,C,und holt den Föhn.,0,0.17,1,6.5,3.9,1.2,die,Haare,"Nun speichert der Friseur, nachdem er die Kopfhaut massiert hat, die",0.67532575,SE,aari1995/German_Semantic_STS_V2
87,88,Haare,22,D,und holt den Föhn.,0,0.0,1,1.0,1.0,1.2,die,Haare,"Nun speichert der Friseur, nachdem er den Cappuccino ausgetrunken hat, die",0.5791382,SE,aari1995/German_Semantic_STS_V2
88,89,Bleistift,23,A,und machte sich wieder an die Arbeit.,0,1.0,1,6.0,3.3,6.7,den,Bleistift,"Flink spitzte der Zeichner, der die Karikatur entwarf, den",0.7086433,SE,aari1995/German_Semantic_STS_V2
89,90,Bleistift,23,B,und machte sich wieder an die Arbeit.,0,1.0,1,2.3,1.6,6.7,den,Bleistift,"Flink spitzte der Zeichner, der den Atlas öffnete, den",0.6924667,SE,aari1995/German_Semantic_STS_V2
90,91,Bleistift,23,C,und machte sich wieder an die Arbeit.,0,0.0,1,6.0,3.3,1.3,den,Bleistift,"Flink knotete der Zeichner, der die Karikatur entwarf, den",0.6325396,SE,aari1995/German_Semantic_STS_V2
91,92,Bleistift,23,D,und machte sich wieder an die Arbeit.,0,0.0,1,2.3,1.6,1.3,den,Bleistift,"Flink knotete der Zeichner, der den Atlas öffnete, den",0.61942303,SE,aari1995/German_Semantic_STS_V2
92,93,Patienten,24,A,gegen Tetanus.,0,0.25,0,6.7,2.0,6.5,den,Patienten,"Heute impft der Arzt, nachdem er die Spritze befüllt hat, den",0.6295313,SE,aari1995/German_Semantic_STS_V2
93,94,Patienten,24,B,gegen Tetanus.,0,0.42,0,2.1,1.3,6.5,den,Patienten,"Heute impft der Arzt, nachdem er die Schublade geschlossen hat, den",0.6132949,SE,aari1995/German_Semantic_STS_V2
94,95,Patienten,24,C,gegen Tetanus.,0,0.0,0,6.7,2.0,1.5,den,Patienten,"Heute feuert der Arzt, nachdem er die Spritze befüllt hat, den",0.6257357,SE,aari1995/German_Semantic_STS_V2
95,96,Patienten,24,D,gegen Tetanus.,0,0.0,0,2.1,1.3,1.5,den,Patienten,"Heute feuert der Arzt, nachdem er die Schublade geschlossen hat, den",0.5589085,SE,aari1995/German_Semantic_STS_V2
96,97,Leiche,25,A,in der Leichenhalle.,0,0.75,1,6.6,1.5,7.0,die,Leiche,"Unverzüglich obduziert der Pathologe, nachdem er die Mordakte gelesen hat, die",0.7365021,SE,aari1995/German_Semantic_STS_V2
97,98,Leiche,25,B,in der Leichenhalle.,0,0.75,1,2.6,1.2,7.0,die,Leiche,"Unverzüglich obduziert der Pathologe, nachdem er das Dokument unterschrieben hat, die",0.68291533,SE,aari1995/German_Semantic_STS_V2
98,99,Leiche,25,C,in der Leichenhalle.,0,0.0,1,6.6,1.5,1.2,die,Leiche,"Unverzüglich pfeffert der Pathologe, nachdem er die Mordakte gelesen hat, die",0.67886925,SE,aari1995/German_Semantic_STS_V2
99,100,Leiche,25,D,in der Leichenhalle.,0,0.0,1,2.6,1.2,1.2,die,Leiche,"Unverzüglich pfeffert der Pathologe, nachdem er das Dokument unterschrieben hat, die",0.62963945,SE,aari1995/German_Semantic_STS_V2
100,101,Buch,26,A,für den Fan.,1,1.0,1,6.7,3.3,6.7,das,Buch,"Am Nachmittag signiert der Autor, der die Geschichte erfunden hat, das",0.6700147,SE,aari1995/German_Semantic_STS_V2
101,102,Buch,26,B,für den Fan.,1,0.92,1,1.8,1.5,6.7,das,Buch,"Am Nachmittag signiert der Autor, der den Vorhang zugezogen hat, das",0.6300561,SE,aari1995/German_Semantic_STS_V2
102,103,Buch,26,C,für den Fan.,1,0.0,1,6.7,3.3,1.3,das,Buch,"Am Nachmittag schluckt der Autor, der die Geschichte erfunden hat, das",0.64109147,SE,aari1995/German_Semantic_STS_V2
103,104,Buch,26,D,für den Fan.,1,0.0,1,1.8,1.5,1.3,das,Buch,"Am Nachmittag schluckt der Autor, der den Vorhang zugezogen hat, das",0.60024875,SE,aari1995/German_Semantic_STS_V2
104,105,Gäste,27,A,und überreichte ihnen die Schlüssel.,2,1.0,1,4.7,1.4,6.5,die,Gäste,"Sofort begrüßte der Hotelier, der die Koffer stapelte, die",0.6609166,SE,aari1995/German_Semantic_STS_V2
105,106,Gäste,27,B,und überreichte ihnen die Schlüssel.,2,0.92,1,1.4,1.6,6.5,die,Gäste,"Sofort begrüßte der Hotelier, der die Fische räucherte, die",0.6549471,SE,aari1995/German_Semantic_STS_V2
106,107,Gäste,27,C,und überreichte ihnen die Schlüssel.,2,0.0,1,4.7,1.4,1.9,die,Gäste,"Sofort feuerte der Hotelier, der die Koffer stapelte, die",0.59549785,SE,aari1995/German_Semantic_STS_V2
107,108,Gäste,27,D,und überreichte ihnen die Schlüssel.,2,0.0,1,1.4,1.6,1.9,die,Gäste,"Sofort feuerte der Hotelier, der die Fische räucherte, die",0.5774218,SE,aari1995/German_Semantic_STS_V2
108,109,Baum,28,A,neben der Schule.,0,0.92,1,5.9,1.3,7.0,den,Baum,"Vorsichtig fällt der Holzarbeiter, der die Säge gestartet hat, den",0.64751124,SE,aari1995/German_Semantic_STS_V2
109,110,Baum,28,B,neben der Schule.,0,0.83,1,2.8,1.9,7.0,den,Baum,"Vorsichtig fällt der Holzarbeiter, der den Transporter geparkt hat, den",0.6110777,SE,aari1995/German_Semantic_STS_V2
110,111,Baum,28,C,neben der Schule.,0,0.0,1,5.9,1.3,1.3,den,Baum,"Vorsichtig durchwühlt der Holzarbeiter, der die Säge gestartet hat, den",0.60452855,SE,aari1995/German_Semantic_STS_V2
111,112,Baum,28,D,neben der Schule.,0,0.0,1,2.8,1.9,1.3,den,Baum,"Vorsichtig durchwühlt der Holzarbeiter, der den Transporter geparkt hat, den",0.5709822,SE,aari1995/German_Semantic_STS_V2
112,113,Zigarre,29,A,und schlenderte über den Marktplatz.,2,1.0,1,6.2,3.2,6.9,die,Zigarre,"Langsam paffte der Kubaner, der den Rauchring blies, die",0.7519649,SE,aari1995/German_Semantic_STS_V2
113,114,Zigarre,29,B,und schlenderte über den Marktplatz.,2,1.0,1,2.0,1.3,6.9,die,Zigarre,"Langsam paffte der Kubaner, der die Straßenbahn verpasste, die",0.6481079,SE,aari1995/German_Semantic_STS_V2
114,115,Zigarre,29,C,und schlenderte über den Marktplatz.,2,0.08,1,6.2,3.2,1.5,die,Zigarre,"Langsam öffnete der Kubaner, der den Rauchring blies, die",0.71839184,SE,aari1995/German_Semantic_STS_V2
115,116,Zigarre,29,D,und schlenderte über den Marktplatz.,2,0.08,1,2.0,1.3,1.5,die,Zigarre,"Langsam öffnete der Kubaner, der die Straßenbahn verpasste, die",0.570996,SE,aari1995/German_Semantic_STS_V2
116,117,Schnitzel,30,A,für das Gericht.,0,0.58,0,6.0,1.2,6.5,das,Schnitzel,"Fröhlich paniert der Koch, nachdem er die Bratkartoffeln geschält hat, das",0.76592237,SE,aari1995/German_Semantic_STS_V2
117,118,Schnitzel,30,B,für das Gericht.,0,0.83,0,1.3,1.5,6.5,das,Schnitzel,"Fröhlich paniert der Koch, nachdem er die Ärmel hochgekrempelt hat, das",0.7027736,SE,aari1995/German_Semantic_STS_V2
118,119,Schnitzel,30,C,für das Gericht.,0,0.0,0,6.0,1.2,1.0,das,Schnitzel,"Fröhlich baut der Koch, nachdem er die Bratkartoffeln geschält hat, das",0.6915734,SE,aari1995/German_Semantic_STS_V2
119,120,Schnitzel,30,D,für das Gericht.,0,0.0,0,1.3,1.5,1.0,das,Schnitzel,"Fröhlich baut der Koch, nachdem er die Ärmel hochgekrempelt hat, das",0.5681064,SE,aari1995/German_Semantic_STS_V2
120,121,Kuchen,31,A,für die Geburtstagsfeier.,1,0.92,0,6.9,5.3,5.9,den,Kuchen,"Umsichtig glasiert der Konditor, der die Backform eingefettet hat, den",0.70348996,SE,aari1995/German_Semantic_STS_V2
121,122,Kuchen,31,B,für die Geburtstagsfeier.,1,0.42,0,5.4,1.6,5.9,den,Kuchen,"Umsichtig glasiert der Konditor, der den Tisch abgewischt hat, den",0.6247786,SE,aari1995/German_Semantic_STS_V2
122,123,Kuchen,31,C,für die Geburtstagsfeier.,1,0.0,0,6.9,5.3,1.2,den,Kuchen,"Umsichtig durchsucht der Konditor, der die Backform eingefettet hat, den",0.68194515,SE,aari1995/German_Semantic_STS_V2
123,124,Kuchen,31,D,für die Geburtstagsfeier.,1,0.0,0,5.4,1.6,1.2,den,Kuchen,"Umsichtig durchsucht der Konditor, der den Tisch abgewischt hat, den",0.61681545,SE,aari1995/German_Semantic_STS_V2
124,125,Kette,32,A,und die Bremsen.,0,0.83,0,4.9,2.0,6.8,die,Kette,"Gestern ölte der Fahrradfahrer, bevor er die Bremse einstellte, die",0.56774247,SE,aari1995/German_Semantic_STS_V2
125,126,Kette,32,B,und die Bremsen.,0,0.58,0,1.2,1.1,6.8,die,Kette,"Gestern ölte der Fahrradfahrer, bevor er die Limonade trank, die",0.55969316,SE,aari1995/German_Semantic_STS_V2
126,127,Kette,32,C,und die Bremsen.,0,0.0,0,4.9,2.0,1.4,die,Kette,"Gestern beheizte der Fahrradfahrer, bevor er die Bremse einstellte, die",0.59195334,SE,aari1995/German_Semantic_STS_V2
127,128,Kette,32,D,und die Bremsen.,0,0.0,0,1.2,1.1,1.4,die,Kette,"Gestern beheizte der Fahrradfahrer, bevor die Limonade trank, die",0.5632474,SE,aari1995/German_Semantic_STS_V2
128,129,Brief,33,A,an die Agentur.,0,0.92,1,6.8,1.3,6.6,den,Brief,"Hastig frankiert der Postbeamte, der das Postamt aufgeschlossen hat, den",0.69204926,SE,aari1995/German_Semantic_STS_V2
129,130,Brief,33,B,an die Agentur.,0,1.0,1,1.5,3.7,6.6,den,Brief,"Hastig frankiert der Postbeamte, der das Mittagessen bestellt hat, den",0.6359111,SE,aari1995/German_Semantic_STS_V2
130,131,Brief,33,C,an die Agentur.,0,0.0,1,6.8,1.3,2.2,den,Brief,"Hastig umgeht der Postbeamte, der das Postamt aufgeschlossen hat, den",0.6220851,SE,aari1995/German_Semantic_STS_V2
131,132,Brief,33,D,an die Agentur.,0,0.0,1,1.5,3.7,2.2,den,Brief,"Hastig umgeht der Postbeamte, der das Mittagessen bestellt hat, den",0.5575563,SE,aari1995/German_Semantic_STS_V2
132,133,Berg,34,A,und stellt sein Zelt auf.,1,0.75,0,6.4,3.2,6.8,den,Berg,"Fröhlich erklimmt der Wanderer, nachdem er das Tal durchquert hat, den",0.63646156,SE,aari1995/German_Semantic_STS_V2
133,134,Berg,34,B,und stellt sein Zelt auf.,1,0.92,0,1.4,1.5,6.8,den,Berg,"Fröhlich erklimmt der Wanderer, nachdem er die Stoppuhr gestartet hat, den",0.6266478,SE,aari1995/German_Semantic_STS_V2
134,135,Berg,34,C,und stellt sein Zelt auf.,1,0.0,0,6.4,3.2,1.5,den,Berg,"Fröhlich kauft der Wanderer, nachdem er das Tal durchquert hat, den",0.5447642,SE,aari1995/German_Semantic_STS_V2
135,136,Berg,34,D,und stellt sein Zelt auf.,1,0.0,0,1.4,1.5,1.5,den,Berg,"Fröhlich kauft der Wanderer, nachdem er die Stoppuhr gestartet hat, den",0.5691464,SE,aari1995/German_Semantic_STS_V2
136,137,Befehl,35,A,zum Abmarsch.,0,0.92,0,6.0,7.0,6.6,den,Befehl,"Bedächtig erteilt der General, der die Rekruten kommandiert, den",0.7578852,SE,aari1995/German_Semantic_STS_V2
137,138,Befehl,35,B,zum Abmarsch.,0,0.75,0,1.7,2.4,6.6,den,Befehl,"Bedächtig erteilt der General, der die Getränke einschenkt, den",0.62944096,SE,aari1995/German_Semantic_STS_V2
138,139,Befehl,35,C,zum Abmarsch.,0,0.0,0,6.0,7.0,1.4,den,Befehl,"Bedächtig biegt der General, der die Rekruten kommandiert, den",0.67774826,SE,aari1995/German_Semantic_STS_V2
139,140,Befehl,35,D,zum Abmarsch.,0,0.0,0,1.7,2.4,1.4,den,Befehl,"Bedächtig biegt der General, der die Getränke einschenkt, den",0.5709794,SE,aari1995/German_Semantic_STS_V2
140,141,Wand,36,A,des Büros.,0,0.5,0,7.0,5.5,6.4,die,Wand,"Sofort streicht der Maler, nachdem er die Tapete angebracht hat, die",0.64636296,SE,aari1995/German_Semantic_STS_V2
141,142,Wand,36,B,des Büros.,0,0.67,0,1.5,1.3,6.4,die,Wand,"Sofort streicht der Maler, nachdem er den Hund gefüttert hat, die",0.54246974,SE,aari1995/German_Semantic_STS_V2
142,143,Wand,36,C,des Büros.,0,0.08,0,7.0,5.5,1.1,die,Wand,"Sofort lenkt der Maler, nachdem er die Tapete angebracht hat, die",0.66740173,SE,aari1995/German_Semantic_STS_V2
143,144,Wand,36,D,des Büros.,0,0.0,0,1.5,1.3,1.1,die,Wand,"Sofort lenkt der Maler, nachdem er den Hund gefüttert hat, die",0.5142784,SE,aari1995/German_Semantic_STS_V2
144,145,Hammer,37,A,auf das Metall.,0,1.0,0,6.5,1.9,5.6,den,Hammer,"Direkt schwingt der Schmied, der den Amboss aufgestellt hat, den",0.7125054,SE,aari1995/German_Semantic_STS_V2
145,146,Hammer,37,B,auf das Metall.,0,0.83,0,2.9,3.8,5.6,den,Hammer,"Direkt schwingt der Schmied, der den Stuhl weggestellt hat, den",0.6712625,SE,aari1995/German_Semantic_STS_V2
146,147,Hammer,37,C,auf das Metall.,0,0.0,0,6.5,1.9,1.2,den,Hammer,"Direkt speichert der Schmied, der den Amboss aufgestellt hat, den",0.708056,SE,aari1995/German_Semantic_STS_V2
147,148,Hammer,37,D,auf das Metall.,0,0.0,0,2.9,3.8,1.2,den,Hammer,"Direkt speichert der Schmied, der den Stuhl weggestellt hat, den",0.6345105,SE,aari1995/German_Semantic_STS_V2
148,149,Land,38,A,im Norden.,1,0.33,0,6.6,2.5,7.0,das,Land,"Vor langer Zeit regierte der König, der die Reise unternahm, das",0.6573346,SE,aari1995/German_Semantic_STS_V2
149,150,Land,38,B,im Norden.,1,0.5,0,2.4,2.5,7.0,das,Land,"Vor langer Zeit regierte der König, der den Gesang vernahm, das",0.57120067,SE,aari1995/German_Semantic_STS_V2
150,151,Land,38,C,im Norden.,1,0.0,0,6.6,2.5,1.2,das,Land,"Vor langer Zeit briet der König, der die Reise unternahm, das",0.6185597,SE,aari1995/German_Semantic_STS_V2
151,152,Land,38,D,im Norden.,1,0.0,0,2.4,2.5,1.2,das,Land,"Vor langer Zeit briet der König, der den Gesang vernahm, das",0.5652334,SE,aari1995/German_Semantic_STS_V2
152,153,Stab,39,A,und gab den Takt an.,0,0.42,1,1.9,1.6,3.0,den,Stab,"Zügig hob der Dirigent, der das Tempo wechselte, den",0.56805646,SE,aari1995/German_Semantic_STS_V2
153,154,Stab,39,B,und gab den Takt an.,0,0.5,1,1.0,1.6,3.0,den,Stab,"Zügig hob der Dirigent, der das Gähnen unterdrückte, den",0.5925,SE,aari1995/German_Semantic_STS_V2
154,155,Stab,39,C,und gab den Takt an.,0,0.0,1,1.9,1.6,1.3,den,Stab,"Zügig verdrückte der Dirigent, der das Tempo wechselte, den",0.5599161,SE,aari1995/German_Semantic_STS_V2
155,156,Stab,39,D,und gab den Takt an.,0,0.0,1,1.0,1.6,1.3,den,Stab,"Zügig verdrückte der Dirigent, der das Gähnen unterdrückte, den",0.5643596,SE,aari1995/German_Semantic_STS_V2
156,157,Bart,40,A,des Mannes.,2,0.58,0,5.4,1.3,6.8,den,Bart,"Direkt trimmt der Herrenfriseur, nachdem er die Klinge ausgepackt hat, den",0.6766153,SE,aari1995/German_Semantic_STS_V2
157,158,Bart,40,B,des Mannes.,2,0.25,0,1.2,1.0,6.8,den,Bart,"Direkt trimmt der Herrenfriseur, nachdem er das Wasserglas abgestellt hat, den",0.68223333,SE,aari1995/German_Semantic_STS_V2
158,159,Bart,40,C,des Mannes.,2,0.0,0,5.4,1.3,1.7,den,Bart,"Direkt hört der Herrenfriseur, nachdem er die Klinge ausgepackt hat, den",0.6574779,SE,aari1995/German_Semantic_STS_V2
159,160,Bart,40,D,des Mannes.,2,0.0,0,1.2,1.0,1.7,den,Bart,"Direkt hört der Herrenfriseur, nachdem er das Wasserglas abgestellt hat, den",0.6470085,SE,aari1995/German_Semantic_STS_V2
160,161,Geschirr,41,A,und die Brettchen.,0,0.5,1,6.7,4.7,6.9,das,Geschirr,"Gestern spülte der Tellerwäscher, bevor er den Tisch wischte, das",0.7448034,SE,aari1995/German_Semantic_STS_V2
161,162,Geschirr,41,B,und die Brettchen.,0,0.42,1,1.2,1.2,6.9,das,Geschirr,"Gestern spülte der Tellerwäscher, bevor er das Taxi rief, das",0.67276394,SE,aari1995/German_Semantic_STS_V2
162,163,Geschirr,41,C,und die Brettchen.,0,0.0,1,6.7,4.7,1.1,das,Geschirr,"Gestern glättete der Tellerwäscher, bevor er den Tisch wischte, das",0.68294185,SE,aari1995/German_Semantic_STS_V2
163,164,Geschirr,41,D,und die Brettchen.,0,0.0,1,1.2,1.2,1.1,das,Geschirr,"Gestern glättete der Tellerwäscher, bevor er das Taxi rief, das",0.5923415,SE,aari1995/German_Semantic_STS_V2
164,165,Schloss,42,A,und stiehlt die Wertsachen.,0,0.25,0,7.0,1.8,6.4,das,Schloss,"Im Handumdrehen knackt der Einbrecher, der den Zahlencode erraten hat, das",0.5358899,SE,aari1995/German_Semantic_STS_V2
165,166,Schloss,42,B,und stiehlt die Wertsachen.,0,0.5,0,2.6,1.5,6.4,das,Schloss,"Im Handumdrehen knackt der Einbrecher, der die Akte durchblättert hat, das",0.5273944,SE,aari1995/German_Semantic_STS_V2
166,167,Schloss,42,C,und stiehlt die Wertsachen.,0,0.0,0,7.0,1.8,1.6,das,Schloss,"Im Handumdrehen kopiert der Einbrecher, der den Zahlencode erraten hat, das",0.51657885,SE,aari1995/German_Semantic_STS_V2
167,168,Schloss,42,D,und stiehlt die Wertsachen.,0,0.0,0,2.6,1.5,1.6,das,Schloss,"Im Handumdrehen kopiert der Einbrecher, der die Akte durchblättert hat, das",0.5056656,SE,aari1995/German_Semantic_STS_V2
168,169,Zwiebeln,43,A,und den Knoblauch.,0,0.25,1,5.7,2.3,6.2,die,Zwiebeln,"Routiniert hackte der Küchengehilfe, bevor er die Suppe umrührte, die",0.5998068,SE,aari1995/German_Semantic_STS_V2
169,170,Zwiebeln,43,B,und den Knoblauch.,0,0.33,1,1.3,1.1,6.2,die,Zwiebeln,"Routiniert hackte der Küchengehilfe, bevor er das Radio einschaltete, die",0.5757319,SE,aari1995/German_Semantic_STS_V2
170,171,Zwiebeln,43,C,und den Knoblauch.,0,0.0,1,5.7,2.3,1.3,die,Zwiebeln,"Routiniert schraubte der Küchengehilfe, bevor er die Suppe umrührte, die",0.56191635,SE,aari1995/German_Semantic_STS_V2
171,172,Zwiebeln,43,D,und den Knoblauch.,0,0.0,1,1.3,1.1,1.3,die,Zwiebeln,"Routiniert schraubte der Küchengehilfe, bevor er das Radio einschaltete, die",0.56004727,SE,aari1995/German_Semantic_STS_V2
172,173,Wachs,44,A,und fuhr mit der Arbeit fort.,0,0.83,1,6.7,2.3,6.3,das,Wachs,"Umsichtig schmolz der Kerzenzieher, nachdem er den Docht gekürzt hatte, das",0.73189723,SE,aari1995/German_Semantic_STS_V2
173,174,Wachs,44,B,und fuhr mit der Arbeit fort.,0,0.83,1,1.5,1.4,6.3,das,Wachs,"Umsichtig schmolz der Kerzenzieher, nachdem er das Nähkästchen zugeklappt hatte, das",0.7037824,SE,aari1995/German_Semantic_STS_V2
174,175,Wachs,44,C,und fuhr mit der Arbeit fort.,0,0.0,1,6.7,2.3,1.0,das,Wachs,"Umsichtig würzte der Kerzenzieher, nachdem er den Docht gekürzt hatte, das",0.70591736,SE,aari1995/German_Semantic_STS_V2
175,176,Wachs,44,D,und fuhr mit der Arbeit fort.,0,0.0,1,1.5,1.4,1.0,das,Wachs,"Umsichtig würzte der Kerzenzieher, nachdem er das Nähkästchen zugeklappt hatte, das",0.69622344,SE,aari1995/German_Semantic_STS_V2
176,177,Cocktail,45,A,für den Touristen.,0,0.5,0,6.2,1.4,6.9,den,Cocktail,"Gestern mixte der Barkeeper, der den Wodka geöffnet hatte, den",0.7132378,SE,aari1995/German_Semantic_STS_V2
177,178,Cocktail,45,B,für den Touristen.,0,0.83,0,1.3,1.0,6.9,den,Cocktail,"Gestern mixte der Barkeeper, der den Boden gefegt hatte, den",0.7642565,SE,aari1995/German_Semantic_STS_V2
178,179,Cocktail,45,C,für den Touristen.,0,0.0,0,6.2,1.4,1.6,den,Cocktail,"Gestern gründete der Barkeeper, der den Wodka geöffnet hatte, den",0.6883032,SE,aari1995/German_Semantic_STS_V2
179,180,Cocktail,45,D,für den Touristen.,0,0.08,0,1.3,1.0,1.6,den,Cocktail,"Gestern gründete der Barkeeper, der den Boden gefegt hatte, den",0.67265564,SE,aari1995/German_Semantic_STS_V2
180,181,Orchester,46,A,und das Streichquartett.,0,0.25,1,6.8,3.6,6.8,das,Orchester,"Am Abend dirigiert der Kapellmeister, der das Konzert eröffnet hat, das",0.64226466,SE,aari1995/German_Semantic_STS_V2
181,182,Orchester,46,B,und das Streichquartett.,0,0.25,1,1.6,1.4,6.8,das,Orchester,"Am Abend dirigiert der Kapellmeister, der die Unterschriften gesammelt hat, das",0.6547609,SE,aari1995/German_Semantic_STS_V2
182,183,Orchester,46,C,und das Streichquartett.,0,0.0,1,6.8,3.6,1.3,das,Orchester,"Am Abend vernichtet der Kapellmeister, der das Konzert eröffnet hat, das",0.62941873,SE,aari1995/German_Semantic_STS_V2
183,184,Orchester,46,D,und das Streichquartett.,0,0.0,1,1.6,1.4,1.3,das,Orchester,"Am Abend vernichtet der Kapellmeister, der die Unterschriften gesammelt hat, das",0.55235445,SE,aari1995/German_Semantic_STS_V2
184,185,Wort,47,A,und notiert es.,3,0.83,0,6.3,3.6,6.8,das,Wort,"Direkt buchstabiert der Sprachschüler, nachdem er das Buch aufgeschlagen hat, das",0.64645964,SE,aari1995/German_Semantic_STS_V2
185,186,Wort,47,B,und notiert es.,3,0.67,0,3.0,2.7,6.8,das,Wort,"Direkt buchstabiert der Sprachschüler, nachdem er den Pausenhof verlassen hat, das",0.63435775,SE,aari1995/German_Semantic_STS_V2
186,187,Wort,47,C,und notiert es.,3,0.0,0,6.3,3.6,1.7,das,Wort,"Direkt dekoriert der Sprachschüler, nachdem er das Buch aufgeschlagen hat, das",0.5630139,SE,aari1995/German_Semantic_STS_V2
187,188,Wort,47,D,und notiert es.,3,0.0,0,3.0,2.7,1.7,das,Wort,"Direkt dekoriert der Sprachschüler, nachdem er den Pausenhof verlassen hat, das",0.53774184,SE,aari1995/German_Semantic_STS_V2
188,189,Weide,48,A,mit einem Draht.,0,0.67,0,6.7,5.4,6.0,die,Weide,"Vorsichtig umzäunt der Schäfer, der die Schafe gehütet hat, die",0.6221759,SE,aari1995/German_Semantic_STS_V2
189,190,Weide,48,B,mit einem Draht.,0,0.42,0,1.4,1.4,6.0,die,Weide,"Vorsichtig umzäunt der Schäfer, der das Mittagessen vergessen hat, die",0.5738768,SE,aari1995/German_Semantic_STS_V2
190,191,Weide,48,C,mit einem Draht.,0,0.0,0,6.7,5.4,1.0,die,Weide,"Vorsichtig fälscht der Schäfer, der die Schafe gehütet hat, die",0.60817397,SE,aari1995/German_Semantic_STS_V2
191,192,Weide,48,D,mit einem Draht.,0,0.0,0,1.4,1.4,1.0,die,Weide,"Vorsichtig fälscht der Schäfer, der das Mittagessen vergessen hat, die",0.5391079,SE,aari1995/German_Semantic_STS_V2
192,193,Predigt,49,A,für die Gemeinde.,0,0.25,0,6.2,2.1,6.2,die,Predigt,"Nachdenklich hält der Pfarrer, nachdem er die Bibel aufgeschlagen hat, die",0.7650136,SE,aari1995/German_Semantic_STS_V2
193,194,Predigt,49,B,für die Gemeinde.,0,0.5,0,1.6,2.9,6.2,die,Predigt,"Nachdenklich hält der Pfarrer, nachdem er die Brille aufgesetzt hat, die",0.6681622,SE,aari1995/German_Semantic_STS_V2
194,195,Predigt,49,C,für die Gemeinde.,0,0.0,0,6.2,2.1,1.3,die,Predigt,"Nachdenklich leert der Pfarrer, nachdem er die Bibel aufgeschlagen hat, die",0.7013571,SE,aari1995/German_Semantic_STS_V2
195,196,Predigt,49,D,für die Gemeinde.,0,0.0,0,1.6,2.9,1.3,die,Predigt,"Nachdenklich leert der Pfarrer, nachdem er die Brille aufgesetzt hat, die",0.63058645,SE,aari1995/German_Semantic_STS_V2
196,197,Wohnung,50,A,mit neuen Möbeln.,0,0.5,0,7.0,2.7,6.8,die,Wohnung,"Unverzüglich möblierte der Vermieter, der den Mieter aufgenommen hatte, die",0.6647832,SE,aari1995/German_Semantic_STS_V2
197,198,Wohnung,50,B,mit neuen Möbeln.,0,0.75,0,4.7,3.6,6.8,die,Wohnung,"Unverzüglich möblierte der Vermieter, der die Überweisung erhalten hatte, die",0.6356648,SE,aari1995/German_Semantic_STS_V2
198,199,Wohnung,50,C,mit neuen Möbeln.,0,0.0,0,7.0,2.7,1.4,die,Wohnung,"Unverzüglich erntete der Vermieter, der den Mieter aufgenommen hatte, die",0.5993613,SE,aari1995/German_Semantic_STS_V2
199,200,Wohnung,50,D,mit neuen Möbeln.,0,0.0,0,4.7,3.6,1.4,die,Wohnung,"Unverzüglich erntete der Vermieter, der die Überweisung erhalten hatte, die",0.5549035,SE,aari1995/German_Semantic_STS_V2
200,201,Abzug,51,A,und trifft das Opfer.,2,0.5,0,3.2,4.4,5.9,den,Abzug,"Sofort betätigt der Killer, der das Ziel anvisiert hat, den",0.51877385,SE,aari1995/German_Semantic_STS_V2
201,202,Abzug,51,B,und trifft das Opfer.,2,0.33,0,1.4,3.0,5.9,den,Abzug,"Sofort betätigt der Killer, der den Tee abgestellt hat, den",0.6059444,SE,aari1995/German_Semantic_STS_V2
202,203,Abzug,51,C,und trifft das Opfer.,2,0.0,0,3.2,4.4,1.6,den,Abzug,"Sofort knickt der Killer, der das Ziel anvisiert hat, den",0.54706204,SE,aari1995/German_Semantic_STS_V2
203,204,Abzug,51,D,und trifft das Opfer.,2,0.0,0,1.4,3.0,1.6,den,Abzug,"Sofort knickt der Killer, der den Tee abgestellt hat, den",0.6133754,SE,aari1995/German_Semantic_STS_V2
204,205,Paket,52,A,mit der Arbeitskleidung.,0,0.42,1,6.7,4.4,6.5,das,Paket,"Heute überbringt der Bote, als er den Empfänger angetroffen hat, das",0.57559294,SE,aari1995/German_Semantic_STS_V2
205,206,Paket,52,B,mit der Arbeitskleidung.,0,0.33,1,3.6,1.2,6.5,das,Paket,"Heute überbringt der Bote, als er das Foyer durchquert hat, das",0.5602524,SE,aari1995/German_Semantic_STS_V2
206,207,Paket,52,C,mit der Arbeitskleidung.,0,0.0,1,6.7,4.4,1.3,das,Paket,"Heute erntet der Bote, als er den Empfänger angetroffen hat, das",0.602983,SE,aari1995/German_Semantic_STS_V2
207,208,Paket,52,D,mit der Arbeitskleidung.,0,0.0,1,3.6,1.2,1.3,das,Paket,"Heute erntet der Bote, als er das Foyer durchquert hat, das",0.58817035,SE,aari1995/German_Semantic_STS_V2
208,209,Tor,53,A,und jubelte über seinen Erfolg.,3,0.92,0,6.8,3.4,6.9,das,Tor,"Schnell schoss der Fußballspieler, der das Fußballfeld überquert hatte, das",0.57178754,SE,aari1995/German_Semantic_STS_V2
209,210,Tor,53,B,und jubelte über seinen Erfolg.,3,0.67,0,1.6,2.7,6.9,das,Tor,"Schnell schoss der Fußballspieler, der die Jacke ausgezogen hatte, das",0.5307246,SE,aari1995/German_Semantic_STS_V2
210,211,Tor,53,C,und jubelte über seinen Erfolg.,3,0.0,0,6.8,3.4,1.5,das,Tor,"Schnell spürte der Fußballspieler, der das Fußballfeld überquert hatte, das",0.52735895,SE,aari1995/German_Semantic_STS_V2
211,212,Tor,53,D,und jubelte über seinen Erfolg.,3,0.0,0,1.6,2.7,1.5,das,Tor,"Schnell spürte der Fußballspieler, der die Jacke ausgezogen hatte, das",0.45632258,SE,aari1995/German_Semantic_STS_V2
212,213,Flugzeug,54,A,durch die Wolken.,0,1.0,1,7.0,1.8,5.8,das,Flugzeug,"Konzentriert steuerte der Pilot, der die Stewardess gerufen hatte, das",0.7328239,SE,aari1995/German_Semantic_STS_V2
213,214,Flugzeug,54,B,durch die Wolken.,0,0.92,1,1.6,3.4,5.8,das,Flugzeug,"Konzentriert steuerte der Pilot, der den Krimi gelesen hatte, das",0.67330796,SE,aari1995/German_Semantic_STS_V2
214,215,Flugzeug,54,C,durch die Wolken.,0,0.0,1,7.0,1.8,3.1,das,Flugzeug,"Konzentriert faltete der Pilot, der die Stewardess gerufen hatte, das",0.6841937,SE,aari1995/German_Semantic_STS_V2
215,216,Flugzeug,54,D,durch die Wolken.,0,0.08,1,1.6,3.4,3.1,das,Flugzeug,"Konzentriert faltete der Pilot, der den Krimi gelesen hatte, das",0.6348084,SE,aari1995/German_Semantic_STS_V2
216,217,Skizze,55,A,für den Bauherrn.,0,0.42,0,6.4,6.5,6.7,die,Skizze,"Rasch entwarf der Architekt, bevor er den Bauplan erstellte, die",0.71556574,SE,aari1995/German_Semantic_STS_V2
217,218,Skizze,55,B,für den Bauherrn.,0,0.25,0,4.3,4.7,6.7,die,Skizze,"Rasch entwarf der Architekt, bevor er den Vortrag schrieb, die",0.69117653,SE,aari1995/German_Semantic_STS_V2
218,219,Skizze,55,C,für den Bauherrn.,0,0.0,0,6.4,6.5,1.2,die,Skizze,"Rasch schüttelte der Architekt, bevor er den Bauplan erstellte, die",0.71626425,SE,aari1995/German_Semantic_STS_V2
219,220,Skizze,55,D,für den Bauherrn.,0,0.0,0,4.3,4.7,1.2,die,Skizze,"Rasch schüttelte der Architekt, bevor er den Vortrag schrieb, die",0.66293395,SE,aari1995/German_Semantic_STS_V2
220,221,Kamin,56,A,und verlässt das Grundstück.,1,0.42,0,6.8,3.0,6.4,den,Kamin,"Geschwind kehrt der Schornsteinfeger, der den Rauch einatmet, den",0.62876153,SE,aari1995/German_Semantic_STS_V2
221,222,Kamin,56,B,und verlässt das Grundstück.,1,0.17,0,3.0,1.3,6.4,den,Kamin,"Geschwind kehrt der Schornsteinfeger, der die Katze verscheucht, den",0.5819407,SE,aari1995/German_Semantic_STS_V2
222,223,Kamin,56,C,und verlässt das Grundstück.,1,0.0,0,6.8,3.0,1.1,den,Kamin,"Geschwind wirft der Schornsteinfeger, der den Rauch einatmet, den",0.6090211,SE,aari1995/German_Semantic_STS_V2
223,224,Kamin,56,D,und verlässt das Grundstück.,1,0.08,0,3.0,1.3,1.1,den,Kamin,"Geschwind wirft der Schornsteinfeger, der die Katze verscheucht, den",0.55717796,SE,aari1995/German_Semantic_STS_V2
224,225,Wahl,57,A,zum Minister.,0,1.0,0,6.5,5.3,6.7,die,Wahl,"Vorgestern gewann der Politiker, der die Stimmen zählte, die",0.70264524,SE,aari1995/German_Semantic_STS_V2
225,226,Wahl,57,B,zum Minister.,0,0.58,0,2.8,1.6,6.7,die,Wahl,"Vorgestern gewann der Politiker, der die Hände schüttelte, die",0.6198339,SE,aari1995/German_Semantic_STS_V2
226,227,Wahl,57,C,zum Minister.,0,0.08,0,6.5,5.3,1.6,die,Wahl,"Vorgestern reparierte der Politiker, der die Stimmen zählte, die",0.5807504,SE,aari1995/German_Semantic_STS_V2
227,228,Wahl,57,D,zum Minister.,0,0.0,0,2.8,1.6,1.6,die,Wahl,"Vorgestern reparierte der Politiker, der die Hände schüttelte, die",0.5194723,SE,aari1995/German_Semantic_STS_V2
228,229,Foto,58,A,von der Unfallstelle.,0,0.67,0,6.7,2.1,6.7,das,Foto,"Sofort schoss der Reporter, der die Kamera bediente, das",0.5819756,SE,aari1995/German_Semantic_STS_V2
229,230,Foto,58,B,von der Unfallstelle.,0,0.5,0,1.6,1.6,6.7,das,Foto,"Sofort schoss der Reporter, der die Zigarette rauchte, das",0.47212958,SE,aari1995/German_Semantic_STS_V2
230,231,Foto,58,C,von der Unfallstelle.,0,0.0,0,6.7,2.1,1.7,das,Foto,"Sofort verspeiste der Reporter, der die Kamera bediente, das",0.55838287,SE,aari1995/German_Semantic_STS_V2
231,232,Foto,58,D,von der Unfallstelle.,0,0.0,0,1.6,1.6,1.7,das,Foto,"Sofort verspeiste der Reporter, der die Zigarette rauchte, das",0.44575077,SE,aari1995/German_Semantic_STS_V2
232,233,Programm,59,A,für seinen Boss.,0,0.5,0,6.9,5.8,6.7,das,Programm,"Unverzüglich entwickelte der Informatiker, der den Computer hochfuhr, das",0.55679035,SE,aari1995/German_Semantic_STS_V2
233,234,Programm,59,B,für seinen Boss.,0,0.75,0,1.8,2.0,6.7,das,Programm,"Unverzüglich entwickelte der Informatiker, der den Energydrink trank, das",0.51295483,SE,aari1995/German_Semantic_STS_V2
234,235,Programm,59,C,für seinen Boss.,0,0.0,0,6.9,5.8,4.5,das,Programm,"Unverzüglich trocknete der Informatiker, der den Computer hochfuhr, das",0.52256876,SE,aari1995/German_Semantic_STS_V2
235,236,Programm,59,D,für seinen Boss.,0,0.0,0,1.8,2.0,4.5,das,Programm,"Unverzüglich trocknete der Informatiker, der den Energydrink trank, das",0.51033556,SE,aari1995/German_Semantic_STS_V2
236,237,Urteil,60,A,und schloss die Verhandlung.,0,1.0,1,7.0,4.5,6.7,das,Urteil,"Nun verkündete der Richter, nachdem er den Angeklagten hereingerufen hatte, das",0.65231055,SE,aari1995/German_Semantic_STS_V2
237,238,Urteil,60,B,und schloss die Verhandlung.,0,1.0,1,1.9,2.8,6.7,das,Urteil,"Nun verkündete der Richter, nachdem er die Lesebrille aufgesetzt hatte, das",0.67600197,SE,aari1995/German_Semantic_STS_V2
238,239,Urteil,60,C,und schloss die Verhandlung.,0,0.0,1,7.0,4.5,1.7,das,Urteil,"Nun roch der Richter, nachdem er den Angeklagten hereingerufen hatte, das",0.5401153,SE,aari1995/German_Semantic_STS_V2
239,240,Urteil,60,D,und schloss die Verhandlung.,0,0.0,1,1.9,2.8,1.7,das,Urteil,"Nun roch der Richter, nachdem er die Lesebrille aufgesetzt hatte, das",0.5434142,SE,aari1995/German_Semantic_STS_V2
240,241,Prüfung,61,A,in Mathematik.,0,0.58,0,6.6,5.0,5.8,die,Prüfung,"Zunächst bestand der Student, der das Studium wiederaufnahm, die",0.6501783,SE,aari1995/German_Semantic_STS_V2
241,242,Prüfung,61,B,in Mathematik.,0,0.25,0,2.0,1.3,5.8,die,Prüfung,"Zunächst bestand der Student, der das Jackett auszog, die",0.5401939,SE,aari1995/German_Semantic_STS_V2
242,243,Prüfung,61,C,in Mathematik.,0,0.0,0,6.6,5.0,3.4,die,Prüfung,"Zunächst kochte der Student, der das Studium wiederaufnahm, die",0.5635891,SE,aari1995/German_Semantic_STS_V2
243,244,Prüfung,61,D,in Mathematik.,0,0.0,0,2.0,1.3,3.4,die,Prüfung,"Zunächst kochte der Student, der das Jackett auszog, die",0.5139868,SE,aari1995/German_Semantic_STS_V2
244,245,Lied,62,A,über die Vergangenheit.,1,0.58,1,6.3,1.3,7.0,das,Lied,"Konzentriert sang der Sänger, der das Mikrofon umklammerte, das",0.61265904,SE,aari1995/German_Semantic_STS_V2
245,246,Lied,62,B,über die Vergangenheit.,1,0.58,1,1.9,1.5,7.0,das,Lied,"Konzentriert sang der Sänger, der den Hut abnahm, das",0.6845646,SE,aari1995/German_Semantic_STS_V2
246,247,Lied,62,C,über die Vergangenheit.,1,0.0,1,6.3,1.3,1.1,das,Lied,"Konzentriert reparierte der Sänger, der das Mikrofon umklammerte, das",0.5312516,SE,aari1995/German_Semantic_STS_V2
247,248,Lied,62,D,über die Vergangenheit.,1,0.0,1,1.9,1.5,1.1,das,Lied,"Konzentriert reparierte der Sänger, der den Hut abnahm, das",0.56136155,SE,aari1995/German_Semantic_STS_V2
248,249,Farbe,63,A,für den nächsten Auftrag.,0,0.92,1,6.9,3.5,6.3,die,Farbe,"Zufrieden mischte der Anstreicher, der die Pinsel gewaschen hatte, die",0.60945433,SE,aari1995/German_Semantic_STS_V2
249,250,Farbe,63,B,für den nächsten Auftrag.,0,1.0,1,3.5,1.8,6.3,die,Farbe,"Zufrieden mischte der Anstreicher, der die Plätzchen gegessen hatte, die",0.5372494,SE,aari1995/German_Semantic_STS_V2
250,251,Farbe,63,C,für den nächsten Auftrag.,0,0.0,1,6.9,3.5,1.4,die,Farbe,"Zufrieden würzte der Anstreicher, der die Pinsel gewaschen hatte, die",0.58281803,SE,aari1995/German_Semantic_STS_V2
251,252,Farbe,63,D,für den nächsten Auftrag.,0,0.0,1,3.5,1.8,1.4,die,Farbe,"Zufrieden würzte der Anstreicher, der die Plätzchen gegessen hatte, die",0.5087872,SE,aari1995/German_Semantic_STS_V2
252,253,Blumen,64,A,im Blumenkasten.,0,0.58,1,6.2,5.8,7.0,die,Blumen,"Einen Moment lang gießt der Gärtner, der den Dünger verteilt hat, die",0.6517325,SE,aari1995/German_Semantic_STS_V2
253,254,Blumen,64,B,im Blumenkasten.,0,0.5,1,2.0,1.4,7.0,die,Blumen,"Einen Moment lang gießt der Gärtner, der die Opernmusik angestellt hat, die",0.65770787,SE,aari1995/German_Semantic_STS_V2
254,255,Blumen,64,C,im Blumenkasten.,0,0.0,1,6.2,5.8,1.7,die,Blumen,"Einen Moment lang ölt der Gärtner, der den Dünger verteilt hat, die",0.58363616,SE,aari1995/German_Semantic_STS_V2
255,256,Blumen,64,D,im Blumenkasten.,0,0.0,1,2.0,1.4,1.7,die,Blumen,"Einen Moment lang ölt der Gärtner, der die Opernmusik angestellt hat, die",0.6152957,SE,aari1995/German_Semantic_STS_V2
256,257,Hecke,65,A,um das Grundstück.,2,0.5,1,6.6,1.9,6.5,die,Hecke,"Gestern Nachmittag stutzte der Landschaftsgärtner, der die Gartenschere geschärft hatte, die",0.67451036,SE,aari1995/German_Semantic_STS_V2
257,258,Hecke,65,B,um das Grundstück.,2,0.58,1,1.4,1.8,6.5,die,Hecke,"Gestern Nachmittag stutzte der Landschaftsgärtner, der die Sonnenbrille aufgesetzt hatte, die",0.59739244,SE,aari1995/German_Semantic_STS_V2
258,259,Hecke,65,C,um das Grundstück.,2,0.0,1,6.6,1.9,1.3,die,Hecke,"Gestern Nachmittag bezahlte der Landschaftsgärtner, der die Gartenschere geschärft hatte, die",0.5921023,SE,aari1995/German_Semantic_STS_V2
259,260,Hecke,65,D,um das Grundstück.,2,0.0,1,1.4,1.8,1.3,die,Hecke,"Gestern Nachmittag bezahlte der Landschaftsgärtner, der die Sonnenbrille aufgesetzt hatte, die",0.49715936,SE,aari1995/German_Semantic_STS_V2
260,261,Feld,66,A,mit einem Gaul.,2,0.92,0,6.8,2.1,6.2,das,Feld,"Früher beackerte der Landwirt, der den Traktor gestartet hatte, das",0.6933597,SE,aari1995/German_Semantic_STS_V2
261,262,Feld,66,B,mit einem Gaul.,2,0.67,0,3.9,1.1,6.2,das,Feld,"Früher beackerte der Landwirt, der den Sonnenhut aufgesetzt hatte, das",0.6800923,SE,aari1995/German_Semantic_STS_V2
262,263,Feld,66,C,mit einem Gaul.,2,0.0,0,6.8,2.1,2.5,das,Feld,"Früher kopierte der Landwirt, der den Traktor gestartet hatte, das",0.6284875,SE,aari1995/German_Semantic_STS_V2
263,264,Feld,66,D,mit einem Gaul.,2,0.0,0,3.9,1.1,2.5,das,Feld,"Früher kopierte der Landwirt, der den Sonnenhut aufgesetzt hatte, das",0.57797533,SE,aari1995/German_Semantic_STS_V2
264,265,Schuh,67,A,und polierte ihn.,1,0.5,0,6.4,4.1,4.9,den,Schuh,"Heute Morgen flickte der Schuster, der den Absatz ausgetauscht hatte, den",0.7327385,SE,aari1995/German_Semantic_STS_V2
265,266,Schuh,67,B,und polierte ihn.,1,0.75,0,1.2,1.0,4.9,den,Schuh,"Heute Morgen flickte der Schuster, der die Sirene gehört hatte, den",0.7109051,SE,aari1995/German_Semantic_STS_V2
266,267,Schuh,67,C,und polierte ihn.,1,0.0,0,6.4,4.1,1.0,den,Schuh,"Heute Morgen schmeckte der Schuster, der den Absatz ausgetauscht hatte, den",0.75793564,SE,aari1995/German_Semantic_STS_V2
267,268,Schuh,67,D,und polierte ihn.,1,0.0,0,1.2,1.0,1.0,den,Schuh,"Heute Morgen schmeckte der Schuster, der die Sirene gehört hatte, den",0.6739444,SE,aari1995/German_Semantic_STS_V2
268,269,Koffer,68,A,für die Kreuzfahrt.,1,0.83,0,6.6,3.5,6.9,den,Koffer,"Schnell packte der Urlauber, als er die Klamotten gefaltet hatte, den",0.6216043,SE,aari1995/German_Semantic_STS_V2
269,270,Koffer,68,B,für die Kreuzfahrt.,1,0.5,0,1.2,1.9,6.9,den,Koffer,"Schnell packte der Urlauber, als er die Gardinen aufgezogen hatte, den",0.5785556,SE,aari1995/German_Semantic_STS_V2
270,271,Koffer,68,C,für die Kreuzfahrt.,1,0.0,0,6.6,3.5,1.2,den,Koffer,"Schnell rührte der Urlauber, als er die Klamotten gefaltet hatte, den",0.5689463,SE,aari1995/German_Semantic_STS_V2
271,272,Koffer,68,D,für die Kreuzfahrt.,1,0.0,0,1.2,1.9,1.2,den,Koffer,"Schnell rührte der Urlauber, als er die Gardinen aufgezogen hatte, den",0.5194824,SE,aari1995/German_Semantic_STS_V2
272,273,Honig,69,A,aus den Waben.,0,1.0,1,6.9,1.0,5.5,den,Honig,"Sorgfältig erntet der Imker, nachdem er den Bienenstock erreicht hat, den",0.6690427,SE,aari1995/German_Semantic_STS_V2
273,274,Honig,69,B,aus den Waben.,0,0.92,1,2.8,1.1,5.5,den,Honig,"Sorgfältig erntet der Imker, nachdem er das Haus verlassen hat, den",0.622248,SE,aari1995/German_Semantic_STS_V2
274,275,Honig,69,C,aus den Waben.,0,0.0,1,6.9,1.0,1.2,den,Honig,"Sorgfältig näht der Imker, nachdem er den Bienenstock erreicht hat, den",0.64590204,SE,aari1995/German_Semantic_STS_V2
275,276,Honig,69,D,aus den Waben.,0,0.0,1,2.8,1.1,1.2,den,Honig,"Sorgfältig näht der Imker, nachdem er das Haus verlassen hat, den",0.60617507,SE,aari1995/German_Semantic_STS_V2
276,277,Gewehr,70,A,und zielt erneut.,0,0.42,1,6.4,6.1,6.0,das,Gewehr,"Vorsichtig lädt der Jäger, der die Munition verschossen hat, das",0.7672685,SE,aari1995/German_Semantic_STS_V2
277,278,Gewehr,70,B,und zielt erneut.,0,0.5,1,1.4,1.3,6.0,das,Gewehr,"Vorsichtig lädt der Jäger, der den Campingplatz verlassen hat, das",0.64214337,SE,aari1995/German_Semantic_STS_V2
278,279,Gewehr,70,C,und zielt erneut.,0,0.0,1,6.4,6.1,1.3,das,Gewehr,"Vorsichtig schneidet der Jäger, der die Munition verschossen hat, das",0.7176558,SE,aari1995/German_Semantic_STS_V2
279,280,Gewehr,70,D,und zielt erneut.,0,0.0,1,1.4,1.3,1.3,das,Gewehr,"Vorsichtig schneidet der Jäger, der den Campingplatz verlassen hat, das",0.62168974,SE,aari1995/German_Semantic_STS_V2
280,281,Mörtel,71,A,für die Mauer.,0,0.42,0,6.1,4.0,6.0,den,Mörtel,"Vorsichtig mischte der Maurer, der die Backsteine aufeinanderlegte, den",0.79948306,SE,aari1995/German_Semantic_STS_V2
281,282,Mörtel,71,B,für die Mauer.,0,0.25,0,1.4,1.0,6.0,den,Mörtel,"Vorsichtig mischte der Maurer, der die Nachbarn belauschte, den",0.71693087,SE,aari1995/German_Semantic_STS_V2
282,283,Mörtel,71,C,für die Mauer.,0,0.0,0,6.1,4.0,1.3,den,Mörtel,"Vorsichtig schrieb der Maurer, der die Backsteine aufeinanderlegte, den",0.7383543,SE,aari1995/German_Semantic_STS_V2
283,284,Mörtel,71,D,für die Mauer.,0,0.0,0,1.4,1.0,1.3,den,Mörtel,"Vorsichtig schrieb der Maurer, der die Nachbarn belauschte, den",0.6206066,SE,aari1995/German_Semantic_STS_V2
284,285,Mehl,72,A,aus dem Korn.,2,0.67,0,6.9,1.4,5.9,das,Mehl,"Vorgestern mahlte der Müller, der die Mühle betrieb, das",0.7431289,SE,aari1995/German_Semantic_STS_V2
285,286,Mehl,72,B,aus dem Korn.,2,0.5,0,1.0,1.1,5.9,das,Mehl,"Vorgestern mahlte der Müller, der das Lied pfiff, das",0.6718809,SE,aari1995/German_Semantic_STS_V2
286,287,Mehl,72,C,aus dem Korn.,2,0.0,0,6.9,1.4,2.4,das,Mehl,"Vorgestern verzierte der Müller, der die Mühle betrieb, das",0.67703927,SE,aari1995/German_Semantic_STS_V2
287,288,Mehl,72,D,aus dem Korn.,2,0.17,0,1.0,1.1,2.4,das,Mehl,"Vorgestern verzierte der Müller, der das Lied pfiff, das",0.60565925,SE,aari1995/German_Semantic_STS_V2
288,289,Kuh,73,A,und brachte ihr frisches Heu.,0,1.0,0,7.0,4.5,6.8,die,Kuh,"Vorsichtig melkte der Viehzüchter, nachdem er den Stall ausgemistet hatte, die",0.65480673,SE,aari1995/German_Semantic_STS_V2
289,290,Kuh,73,B,und brachte ihr frisches Heu.,0,0.75,0,3.1,1.0,6.8,die,Kuh,"Vorsichtig melkte der Viehzüchter, nachdem er das Gemüse sortiert hatte, die",0.61454195,SE,aari1995/German_Semantic_STS_V2
290,291,Kuh,73,C,und brachte ihr frisches Heu.,0,0.0,0,7.0,4.5,1.4,die,Kuh,"Vorsichtig kleidete der Viehzüchter, nachdem er den Stall ausgemistet hatte, die",0.5767458,SE,aari1995/German_Semantic_STS_V2
291,292,Kuh,73,D,und brachte ihr frisches Heu.,0,0.08,0,3.1,1.0,1.4,die,Kuh,"Vorsichtig kleidete der Viehzüchter, nachdem er das Gemüse sortiert hatte, die",0.5153378,SE,aari1995/German_Semantic_STS_V2
292,293,Bett,74,A,und das Kissen.,0,0.92,0,6.9,4.7,6.9,das,Bett,"Zuerst bezog der Hotelangestellte, nachdem er den Bezug entfaltet hatte, das",0.6316609,SE,aari1995/German_Semantic_STS_V2
293,294,Bett,74,B,und das Kissen.,0,0.67,0,1.1,1.8,6.9,das,Bett,"Zuerst bezog der Hotelangestellte, nachdem er den Hamburger verspeist hatte, das",0.5614882,SE,aari1995/German_Semantic_STS_V2
294,295,Bett,74,C,und das Kissen.,0,0.08,0,6.9,4.7,1.2,das,Bett,"Zuerst fälschte der Hotelangestellte, nachdem er den Bezug entfaltet hatte, das",0.61251926,SE,aari1995/German_Semantic_STS_V2
295,296,Bett,74,D,und das Kissen.,0,0.0,0,1.1,1.8,1.2,das,Bett,"Zuerst fälschte der Hotelangestellte, nachdem er den Hamburger verspeist hatte, das",0.49538565,SE,aari1995/German_Semantic_STS_V2
296,297,Ziel,75,A,und durchtrennt die Ziellinie.,1,0.92,0,6.0,5.8,6.6,das,Ziel,"Augenblicklich erreicht der Sprinter, der das Rennen gewinnt, das",0.61297566,SE,aari1995/German_Semantic_STS_V2
297,298,Ziel,75,B,und durchtrennt die Ziellinie.,1,0.75,0,1.9,2.7,6.6,das,Ziel,"Augenblicklich erreicht der Sprinter, der den Wind genießt, das",0.60209626,SE,aari1995/German_Semantic_STS_V2
298,299,Ziel,75,C,und durchtrennt die Ziellinie.,1,0.0,0,6.0,5.8,1.9,das,Ziel,"Augenblicklich reinigt der Sprinter, der das Rennen gewinnt, das",0.5593,SE,aari1995/German_Semantic_STS_V2
299,300,Ziel,75,D,und durchtrennt die Ziellinie.,1,0.0,0,1.9,2.7,1.9,das,Ziel,"Augenblicklich reinigt der Sprinter, der den Wind genießt, das",0.5493293,SE,aari1995/German_Semantic_STS_V2
300,301,Welle,76,A,bis zum Strand.,0,0.58,0,5.1,1.3,7.0,die,Welle,"Direkt surft der Surfer, der die Badehose angezogen hat, die",0.6081287,SE,aari1995/German_Semantic_STS_V2
301,302,Welle,76,B,bis zum Strand.,0,0.42,0,3.2,1.3,7.0,die,Welle,"Direkt surft der Surfer, der den Tagesausflug unternommen hat, die",0.6555535,SE,aari1995/German_Semantic_STS_V2
302,303,Welle,76,C,bis zum Strand.,0,0.0,0,5.1,1.3,1.5,die,Welle,"Direkt reserviert der Surfer, der die Badehose angezogen hat, die",0.5944654,SE,aari1995/German_Semantic_STS_V2
303,304,Welle,76,D,bis zum Strand.,0,0.0,0,3.2,1.3,1.5,die,Welle,"Direkt reserviert der Surfer, der den Tagesausflug unternommen hat, die",0.6122144,SE,aari1995/German_Semantic_STS_V2
304,305,Fahrkarten,77,A,der Pendler.,0,0.5,1,6.7,3.3,6.6,die,Fahrkarten,"Gut gelaunt kontrollierte der Schaffner, der das Zugabteil betreten hatte, die",0.5853627,SE,aari1995/German_Semantic_STS_V2
305,306,Fahrkarten,77,B,der Pendler.,0,0.42,1,2.8,2.4,6.6,die,Fahrkarten,"Gut gelaunt kontrollierte der Schaffner, der die Mittagspause beendet hatte, die",0.57720685,SE,aari1995/German_Semantic_STS_V2
306,307,Fahrkarten,77,C,der Pendler.,0,0.0,1,6.7,3.3,1.3,die,Fahrkarten,"Gut gelaunt zitierte der Schaffner, der das Zugabteil betreten hatte, die",0.58779967,SE,aari1995/German_Semantic_STS_V2
307,308,Fahrkarten,77,D,der Pendler.,0,0.0,1,2.8,2.4,1.3,die,Fahrkarten,"Gut gelaunt zitierte der Schaffner, der die Mittagspause beendet hatte, die",0.5611044,SE,aari1995/German_Semantic_STS_V2
308,309,Leitung,78,A,im Gebäude.,0,0.5,1,6.8,4.5,6.2,die,Leitung,"Am Mittag verlegte der Elektriker, nachdem er den Strom abgeschaltet hatte, die",0.66375816,SE,aari1995/German_Semantic_STS_V2
309,310,Leitung,78,B,im Gebäude.,0,0.41,1,2.2,3.4,6.2,die,Leitung,"Am Mittag verlegte der Elektriker, nachdem er den Anwohner informiert hatte, die",0.6700345,SE,aari1995/German_Semantic_STS_V2
310,311,Leitung,78,C,im Gebäude.,0,0.0,1,6.8,4.5,1.5,die,Leitung,"Am Mittag verfasste der Elektriker, nachdem er den Strom abgeschaltet hatte, die",0.6121031,SE,aari1995/German_Semantic_STS_V2
311,312,Leitung,78,D,im Gebäude.,0,0.0,1,2.2,3.4,1.5,die,Leitung,"Am Mittag verfasste der Elektriker, nachdem er den Anwohner informiert hatte, die",0.6058667,SE,aari1995/German_Semantic_STS_V2
312,313,Segel,79,A,des großen Bootes.,3,0.42,1,5.5,4.4,5.8,die,Segel,"Langsam hisst der Matrose, nachdem er die Taue gekappt hat, die",0.70305145,SE,aari1995/German_Semantic_STS_V2
313,314,Segel,79,B,des großen Bootes.,3,0.42,1,2.2,2.7,5.8,die,Segel,"Langsam hisst der Matrose, nachdem er die Handschuhe angezogen hat, die",0.67083406,SE,aari1995/German_Semantic_STS_V2
314,315,Segel,79,C,des großen Bootes.,3,0.0,1,5.5,4.4,1.9,die,Segel,"Langsam verzehrt der Matrose, nachdem er die Taue gekappt hat, die",0.5949061,SE,aari1995/German_Semantic_STS_V2
315,316,Segel,79,D,des großen Bootes.,3,0.0,1,2.2,2.7,1.9,die,Segel,"Langsam verzehrt der Matrose, nachdem er die Handschuhe angezogen hat, die",0.5786772,SE,aari1995/German_Semantic_STS_V2
316,317,Gläser,80,A,und spricht mit dem Kollegen.,0,0.67,1,5.2,1.4,5.8,die,Gläser,"Direkt entspiegelt der Optiker, nachdem er den Sehtest durchgeführt hat, die",0.616413,SE,aari1995/German_Semantic_STS_V2
317,318,Gläser,80,B,und spricht mit dem Kollegen.,0,0.67,1,1.5,5.0,5.8,die,Gläser,"Direkt entspiegelt der Optiker, nachdem er die Jahresabrechnung aufgestellt hat, die",0.60415316,SE,aari1995/German_Semantic_STS_V2
318,319,Gläser,80,C,und spricht mit dem Kollegen.,0,0.0,1,5.2,1.4,4.3,die,Gläser,"Direkt verschließt der Optiker, nachdem er den Sehtest durchgeführt hat, die",0.6270275,SE,aari1995/German_Semantic_STS_V2
319,320,Gläser,80,D,und spricht mit dem Kollegen.,0,0.0,1,1.5,5.0,4.3,die,Gläser,"Direkt verschließt der Optiker, nachdem er die Jahresabrechnung aufgestellt hat, die",0.5818408,SE,aari1995/German_Semantic_STS_V2
320,321,Korb,81,A,und holt einen Punkt.,0,0.83,0,6.0,4.8,4.8,den,Korb,"Auf der Stelle wirft der Basketballer, der den Ball gedribbelt hat, den",0.6394845,SE,aari1995/German_Semantic_STS_V2
321,322,Korb,81,B,und holt einen Punkt.,0,0.5,0,2.9,1.8,4.8,den,Korb,"Auf der Stelle wirft der Basketballer, der die Sitzbank verlassen hat, den",0.65785795,SE,aari1995/German_Semantic_STS_V2
322,323,Korb,81,C,und holt einen Punkt.,0,0.0,0,6.0,4.8,1.8,den,Korb,"Auf der Stelle bucht der Basketballer, der den Ball gedribbelt hat, den",0.65582037,SE,aari1995/German_Semantic_STS_V2
323,324,Korb,81,D,und holt einen Punkt.,0,0.0,0,2.9,1.8,1.8,den,Korb,"Auf der Stelle bucht der Basketballer, der die Sitzbank verlassen hat, den",0.6585536,SE,aari1995/German_Semantic_STS_V2
324,325,Muschel,82,A,und holt die Perle.,0,0.92,0,6.2,1.5,4.2,die,Muschel,"Ohne zu zögern knackt der Perlentaucher, der den Meeresgrund erreicht hat, die",0.6849205,SE,aari1995/German_Semantic_STS_V2
325,326,Muschel,82,B,und holt die Perle.,0,0.75,0,1.0,1.2,4.2,die,Muschel,"Ohne zu zögern knackt der Perlentaucher, der die Taschenlampe angemacht hat, die",0.6281842,SE,aari1995/German_Semantic_STS_V2
326,327,Muschel,82,C,und holt die Perle.,0,0.0,0,6.2,1.5,1.4,die,Muschel,"Ohne zu zögern verknotet der Perlentaucher, die den Meeresgrund erreicht hat, die",0.699767,SE,aari1995/German_Semantic_STS_V2
327,328,Muschel,82,D,und holt die Perle.,0,0.0,0,1.0,1.2,1.4,die,Muschel,"Ohne zu zögern verknotet der Perlentaucher, der die Taschenlampe angemacht hat, die",0.6207065,SE,aari1995/German_Semantic_STS_V2
328,329,Bogen,83,A,und feuert den Pfeil ab.,0,1.0,0,7.0,2.1,6.7,den,Bogen,"Umsichtig spannt der Schütze, der den Pfeil gespitzt hat, den",0.6810789,SE,aari1995/German_Semantic_STS_V2
329,330,Bogen,83,B,und feuert den Pfeil ab.,0,0.67,0,1.5,1.2,6.7,den,Bogen,"Umsichtig spannt der Schütze, der das Laub zusammengekehrt hat, den",0.5798947,SE,aari1995/German_Semantic_STS_V2
330,331,Bogen,83,C,und feuert den Pfeil ab.,0,0.08,0,7.0,2.1,1.2,den,Bogen,"Umsichtig tippt der Schütze, der den Pfeil gespitzt hat, den",0.6770476,SE,aari1995/German_Semantic_STS_V2
331,332,Bogen,83,D,und feuert den Pfeil ab.,0,0.0,0,1.5,1.2,1.2,den,Bogen,"Umsichtig tippt der Schütze, der das Laub zusammengekehrt hat, den",0.58145016,SE,aari1995/German_Semantic_STS_V2
332,333,Ziegel,84,A,und beendete den Arbeitstag.,0,0.58,1,7.0,4.8,4.2,die,Ziegel,"Schnell verlegte der Dachdecker, der das Dach abdeckte, die",0.5981892,SE,aari1995/German_Semantic_STS_V2
333,334,Ziegel,84,B,und beendete den Arbeitstag.,0,0.5,1,1.2,1.6,4.2,die,Ziegel,"Schnell verlegte der Dachdecker, der den Ehering auszog, die",0.6122782,SE,aari1995/German_Semantic_STS_V2
334,335,Ziegel,84,C,und beendete den Arbeitstag.,0,0.0,1,7.0,4.8,1.0,die,Ziegel,"Schnell naschte der Dachdecker, der das Dach abdeckte, die",0.60029083,SE,aari1995/German_Semantic_STS_V2
335,336,Ziegel,84,D,und beendete den Arbeitstag.,0,0.0,1,1.2,1.6,1.0,die,Ziegel,"Schnell naschte der Dachdecker, der den Ehering auszog, die",0.6098506,SE,aari1995/German_Semantic_STS_V2
336,337,Kartons,85,A,und die Kisten.,0,0.58,1,6.5,1.9,5.5,die,Kartons,"Zuerst stapelt der Umzugshelfer, der den Umzugswagen gefahren hat, die",0.68413776,SE,aari1995/German_Semantic_STS_V2
337,338,Kartons,85,B,und die Kisten.,0,0.67,1,4.4,1.1,5.5,die,Kartons,"Zuerst stapelt der Umzugshelfer, der die Firma gegründet hat, die",0.6799734,SE,aari1995/German_Semantic_STS_V2
338,339,Kartons,85,C,und die Kisten.,0,0.0,1,6.5,1.9,2.0,die,Kartons,"Zuerst serviert der Umzugshelfer, der den Umzugswagen gefahren hat, die",0.61228883,SE,aari1995/German_Semantic_STS_V2
339,340,Kartons,85,D,und die Kisten.,0,0.0,1,4.4,1.1,2.0,die,Kartons,"Zuerst serviert der Umzugshelfer, der die Firma gegründet hat, die",0.5758166,SE,aari1995/German_Semantic_STS_V2
340,341,Unterricht,86,A,und wurde erwischt.,2,0.5,0,7.0,5.9,6.7,den,Unterricht,"Heute früh schwänzte der Schüler, der die Klasse wiederholt hatte, den",0.6470585,SE,aari1995/German_Semantic_STS_V2
341,342,Unterricht,86,B,und wurde erwischt.,2,0.33,0,3.8,1.8,6.7,den,Unterricht,"Heute früh schwänzte der Schüler, der das Handy verloren hatte, den",0.5840758,SE,aari1995/German_Semantic_STS_V2
342,343,Unterricht,86,C,und wurde erwischt.,2,0.0,0,7.0,5.9,1.7,den,Unterricht,"Heute früh dekorierte der Schüler, der die Klasse wiederholt hatte, den",0.62172115,SE,aari1995/German_Semantic_STS_V2
343,344,Unterricht,86,D,und wurde erwischt.,2,0.0,0,3.8,1.8,1.7,den,Unterricht,"Heute früh dekorierte der Schüler, der das Handy verloren hatte, den",0.5227192,SE,aari1995/German_Semantic_STS_V2
344,345,Ausweis,87,A,und ließ die Frau in den Club.,0,0.33,1,6.4,3.3,6.6,den,Ausweis,"Am Abend kontrollierte der Türsteher, der den Geldbeutel durchsuchte, den",0.63397497,SE,aari1995/German_Semantic_STS_V2
345,346,Ausweis,87,B,und ließ die Frau in den Club.,0,0.25,1,2.0,1.2,6.6,den,Ausweis,"Am Abend kontrollierte der Türsteher, der die Nachtluft genoss, den",0.57420564,SE,aari1995/German_Semantic_STS_V2
346,347,Ausweis,87,C,und ließ die Frau in den Club.,0,0.0,1,6.4,3.3,1.5,den,Ausweis,"Am Abend probierte der Türsteher, der den Geldbeutel durchsuchte, den",0.6229593,SE,aari1995/German_Semantic_STS_V2
347,348,Ausweis,87,D,und ließ die Frau in den Club.,0,0.0,1,2.0,1.2,1.5,den,Ausweis,"Am Abend probierte der Türsteher, der die Nachtluft genoss, den",0.5527854,SE,aari1995/German_Semantic_STS_V2
348,349,Windel,88,A,und warf sie in den Abfall.,0,0.92,1,6.7,2.4,6.5,die,Windel,"Umsichtig wechselte der Babysitter, der das Baby geweckt hatte, die",0.6480447,SE,aari1995/German_Semantic_STS_V2
349,350,Windel,88,B,und warf sie in den Abfall.,0,0.83,1,1.0,1.1,6.5,die,Windel,"Umsichtig wechselte der Babysitter, der den Obstsalat zubereitet hatte, die",0.5690409,SE,aari1995/German_Semantic_STS_V2
350,351,Windel,88,C,und warf sie in den Abfall.,0,0.08,1,6.7,2.4,1.5,die,Windel,"Umsichtig bastelte der Babysitter, der das Baby geweckt hatte, die",0.640127,SE,aari1995/German_Semantic_STS_V2
351,352,Windel,88,D,und warf sie in den Abfall.,0,0.0,1,1.0,1.1,1.5,die,Windel,"Umsichtig bastelte der Babysitter, der den Obstsalat zubereitet hatte, die",0.56055665,SE,aari1995/German_Semantic_STS_V2
352,353,Gewichte,89,A,in die Höhe.,0,0.5,1,6.7,1.6,6.7,die,Gewichte,"Langsam stemmte der Bodybuilder, der das Fitnessstudio betreten hatte, die",0.61630124,SE,aari1995/German_Semantic_STS_V2
353,354,Gewichte,89,B,in die Höhe.,0,0.42,1,1.7,2.0,6.7,die,Gewichte,"Langsam stemmte der Bodybuilder, der das Licht angemacht hatte, die",0.5979976,SE,aari1995/German_Semantic_STS_V2
354,355,Gewichte,89,C,in die Höhe.,0,0.0,1,6.7,1.6,2.0,die,Gewichte,"Langsam verdaute der Bodybuilder, der das Fitnessstudio betreten hatte, die",0.6026745,SE,aari1995/German_Semantic_STS_V2
355,356,Gewichte,89,D,in die Höhe.,0,0.0,1,1.7,2.0,2.0,die,Gewichte,"Langsam verdaute der Bodybuilder, der das Licht angemacht hatte, die",0.56128407,SE,aari1995/German_Semantic_STS_V2
356,357,Rohr,90,A,im Badezimmer.,0,0.17,1,6.4,1.5,5.5,das,Rohr,"Umsichtig repariert der Klempner, der das Wasser ausgestellt hat, das",0.6940673,SE,aari1995/German_Semantic_STS_V2
357,358,Rohr,90,B,im Badezimmer.,0,0.25,1,1.3,4.6,5.5,das,Rohr,"Umsichtig repariert der Klempner, der den Kirchenchor geleitet hat, das",0.6258123,SE,aari1995/German_Semantic_STS_V2
358,359,Rohr,90,C,im Badezimmer.,0,0.0,1,6.4,1.5,1.1,das,Rohr,"Umsichtig nascht der Klempner, der das Wasser ausgestellt hat, das",0.62011313,SE,aari1995/German_Semantic_STS_V2
359,360,Rohr,90,D,im Badezimmer.,0,0.0,1,1.3,4.6,1.1,das,Rohr,"Umsichtig nascht der Klempner, der den Kirchenchor geleitet hat, das",0.5602694,SE,aari1995/German_Semantic_STS_V2
360,361,Artikel,91,A,für die nächste Ausgabe.,0,0.5,0,6.4,1.5,6.1,den,Artikel,"Schnell schreibt der Journalist, der die Recherche durchgeführt hat, den",0.5504859,SE,aari1995/German_Semantic_STS_V2
361,362,Artikel,91,B,für die nächste Ausgabe.,0,0.25,0,2.5,5.4,6.1,den,Artikel,"Schnell schreibt der Journalist, der das Portemonnaie gefunden hat, den",0.54998994,SE,aari1995/German_Semantic_STS_V2
362,363,Artikel,91,C,für die nächste Ausgabe.,0,0.0,0,6.4,1.5,2.3,den,Artikel,"Schnell lenkt der Journalist, der die Recherche durchgeführt hat, den",0.53190804,SE,aari1995/German_Semantic_STS_V2
363,364,Artikel,91,D,für die nächste Ausgabe.,0,0.0,0,2.5,5.4,2.3,den,Artikel,"Schnell lenkt der Journalist, der das Portemonnaie gefunden hat, den",0.53284734,SE,aari1995/German_Semantic_STS_V2
364,365,Reifen,92,A,an seinem Rad.,0,0.67,1,6.8,4.1,6.7,den,Reifen,"Heute Morgen flickte der Radler, der die Luftpumpe benutzt hatte, den",0.62263227,SE,aari1995/German_Semantic_STS_V2
365,366,Reifen,92,B,an seinem Rad.,0,0.67,1,1.2,1.8,6.7,den,Reifen,"Heute Morgen flickte der Radler, der den Schrank abgeschlossen hatte, den",0.56038547,SE,aari1995/German_Semantic_STS_V2
366,367,Reifen,92,C,an seinem Rad.,0,0.0,1,6.8,4.1,1.1,den,Reifen,"Heute Morgen trank der Radler, der die Luftpumpe benutzt hatte, den",0.5281236,SE,aari1995/German_Semantic_STS_V2
367,368,Reifen,92,D,an seinem Rad.,0,0.0,1,1.2,1.8,1.1,den,Reifen,"Heute Morgen trank der Radler, der den Schrank abgeschlossen hatte, den",0.5032694,SE,aari1995/German_Semantic_STS_V2
368,369,Briefkasten,93,A,und fährt weiter.,2,0.58,1,6.2,1.3,6.3,den,Briefkasten,"Umgehend entleert der Postbote, der das Postauto geparkt hat, den",0.69532764,SE,aari1995/German_Semantic_STS_V2
369,370,Briefkasten,93,B,und fährt weiter.,2,0.58,1,2.5,2.0,6.3,den,Briefkasten,"Umgehend entleert der Postbote, der den Kugelschreiber verloren hat, den",0.7005501,SE,aari1995/German_Semantic_STS_V2
370,371,Briefkasten,93,C,und fährt weiter.,2,0.0,1,6.2,1.3,1.1,den,Briefkasten,"Umgehend verdrückt der Postbote, der das Postauto geparkt hat, den",0.6541231,SE,aari1995/German_Semantic_STS_V2
371,372,Briefkasten,93,D,und fährt weiter.,2,0.0,1,2.5,2.0,1.1,den,Briefkasten,"Umgehend verdrückt der Postbote, der den Kugelschreiber verloren hat, den",0.62542975,SE,aari1995/German_Semantic_STS_V2
372,373,Drogen,94,A,für die nächste Woche.,0,0.5,1,6.8,2.2,4.7,die,Drogen,"Hektisch kauft der Junkie, der den Dealer angerufen hat, die",0.66254103,SE,aari1995/German_Semantic_STS_V2
373,374,Drogen,94,B,für die nächste Woche.,0,0.5,1,2.1,2.2,4.7,die,Drogen,"Hektisch kauft der Junkie, der die Kapuze aufgezogen hat, die",0.6612681,SE,aari1995/German_Semantic_STS_V2
374,375,Drogen,94,C,für die nächste Woche.,0,0.0,1,6.8,2.2,1.1,die,Drogen,"Hektisch näht der Junkie, der den Dealer angerufen hat, die",0.6217551,SE,aari1995/German_Semantic_STS_V2
375,376,Drogen,94,D,für die nächste Woche.,0,0.08,1,2.1,2.2,1.1,die,Drogen,"Hektisch näht der Junkie, der die Kapuze aufgezogen hat, die",0.5564201,SE,aari1995/German_Semantic_STS_V2
376,377,Tonne,95,A,und sprang auf den Müllwagen.,0,0.75,1,6.4,1.8,5.8,die,Tonne,"Zügig leerte der Müllmann, der den Müllwagen geparkt hatte, die",0.6716912,SE,aari1995/German_Semantic_STS_V2
377,378,Tonne,95,B,und sprang auf den Müllwagen.,0,0.75,1,4.2,1.1,5.8,die,Tonne,"Zügig leerte der Müllmann, der den Hausbesitzer gegrüßt hatte, die",0.6454256,SE,aari1995/German_Semantic_STS_V2
378,379,Tonne,95,C,und sprang auf den Müllwagen.,0,0.0,1,6.4,1.8,1.8,die,Tonne,"Zügig bastelte der Müllmann, der den Müllwagen geparkt hatte, die",0.62875205,SE,aari1995/German_Semantic_STS_V2
379,380,Tonne,95,D,und sprang auf den Müllwagen.,0,0.0,1,4.2,1.1,1.8,die,Tonne,"Zügig bastelte der Müllmann, der den Hausbesitzer gegrüßt hatte, die",0.60193974,SE,aari1995/German_Semantic_STS_V2
380,381,Peitsche,96,A,und gab die Sporen.,2,0.58,1,6.0,5.6,5.8,die,Peitsche,"Hektisch knallte der Reiter, der das Pferd ritt, die",0.62884057,SE,aari1995/German_Semantic_STS_V2
381,382,Peitsche,96,B,und gab die Sporen.,2,0.5,1,1.2,1.2,5.8,die,Peitsche,"Hektisch knallte der Reiter, der die Landschaft durchquerte, die",0.5972484,SE,aari1995/German_Semantic_STS_V2
382,383,Peitsche,96,C,und gab die Sporen.,2,0.0,1,6.0,5.6,1.1,die,Peitsche,"Hektisch verfasste der Reiter, der das Pferd ritt, die",0.5206009,SE,aari1995/German_Semantic_STS_V2
383,384,Peitsche,96,D,und gab die Sporen.,2,0.0,1,1.2,1.2,1.1,die,Peitsche,"Hektisch verfasste der Reiter, der die Landschaft durchquerte, die",0.4970338,SE,aari1995/German_Semantic_STS_V2
384,385,Waffe,97,A,und verlangte das Geld.,0,0.58,1,3.9,6.5,6.1,die,Waffe,"Nach kurzem Überlegen zückte der Gangster, der die Bank überfiel, die",0.62839574,SE,aari1995/German_Semantic_STS_V2
385,386,Waffe,97,B,und verlangte das Geld.,0,0.58,1,1.3,1.1,6.1,die,Waffe,"Nach kurzem Überlegen zückte der Gangster, der den Bus betrat, die",0.58959377,SE,aari1995/German_Semantic_STS_V2
386,387,Waffe,97,C,und verlangte das Geld.,0,0.0,1,3.9,6.5,1.4,die,Waffe,"Nach kurzem Überlegen gründete der Gangster, der die Bank überfiel, die",0.5817627,SE,aari1995/German_Semantic_STS_V2
387,388,Waffe,97,D,und verlangte das Geld.,0,0.0,1,1.3,1.1,1.4,die,Waffe,"Nach kurzem Überlegen gründete der Gangster, der den Bus betrat, die",0.54666626,SE,aari1995/German_Semantic_STS_V2
388,389,Schiff,98,A,und übernahm das Kommando.,0,0.92,1,6.2,5.1,6.8,das,Schiff,"Zufrieden kaperte der Pirat, der die Flagge hisste, das",0.6230436,SE,aari1995/German_Semantic_STS_V2
389,390,Schiff,98,B,und übernahm das Kommando.,0,0.92,1,2.3,1.4,6.8,das,Schiff,"Zufrieden kaperte der Pirat, der die Fehde austrug, das",0.60560787,SE,aari1995/German_Semantic_STS_V2
390,391,Schiff,98,C,und übernahm das Kommando.,0,0.0,1,6.2,5.1,1.1,das,Schiff,"Zufrieden verrührte der Pirat, der die Flagge hisste, das",0.54880124,SE,aari1995/German_Semantic_STS_V2
391,392,Schiff,98,D,und übernahm das Kommando.,0,0.0,1,2.3,1.4,1.1,das,Schiff,"Zufrieden verrührte der Pirat, der die Fehde austrug, das",0.5403143,SE,aari1995/German_Semantic_STS_V2
392,393,Aktie,99,A,und berichtet seinem Auftraggeber.,0,0.75,1,6.9,1.1,6.5,die,Aktie,"Sofort kauft der Börsenmakler, der die Börse betreten hat, die",0.6209982,SE,aari1995/German_Semantic_STS_V2
393,394,Aktie,99,B,und berichtet seinem Auftraggeber.,0,0.83,1,1.4,1.6,6.5,die,Aktie,"Sofort kauft der Börsenmakler, der den Whiskey eingeschenkt hat, die",0.6103071,SE,aari1995/German_Semantic_STS_V2
394,395,Aktie,99,C,und berichtet seinem Auftraggeber.,0,0.0,1,6.9,1.1,1.4,die,Aktie,"Sofort knabbert der Börsenmakler, der die Börse betreten hat, die",0.55248445,SE,aari1995/German_Semantic_STS_V2
395,396,Aktie,99,D,und berichtet seinem Auftraggeber.,0,0.0,1,1.4,1.6,1.4,die,Aktie,"Sofort knabbert der Börsenmakler, der den Whiskey eingeschenkt hat, die",0.5698296,SE,aari1995/German_Semantic_STS_V2
396,397,Loch,100,A,in die Decke.,0,1.0,0,6.5,2.0,6.9,das,Loch,"Gestern bohrte der Handwerker, der die Bohrmaschine hielt, das",0.61926246,SE,aari1995/German_Semantic_STS_V2
397,398,Loch,100,B,in die Decke.,0,0.75,0,1.4,1.7,6.9,das,Loch,"Gestern bohrte der Handwerker, der das Kaugummi kaute, das",0.6263039,SE,aari1995/German_Semantic_STS_V2
398,399,Loch,100,C,in die Decke.,0,0.0,0,6.5,2.0,3.9,das,Loch,"Gestern warf der Handwerker, der die Bohrmaschine hielt, das",0.5963943,SE,aari1995/German_Semantic_STS_V2
399,400,Loch,100,D,in die Decke.,0,0.0,0,1.4,1.7,3.9,das,Loch,"Gestern warf der Handwerker, der das Kaugummi kaute, das",0.5988135,SE,aari1995/German_Semantic_STS_V2
400,401,Blutdruck,101,A,und den Blutzucker.,3,0.58,1,6.8,1.6,6.7,den,Blutdruck,"Am Morgen misst der Arzthelfer, der das Messgerät hält, den",0.68825734,SE,aari1995/German_Semantic_STS_V2
401,402,Blutdruck,101,B,und den Blutzucker.,3,0.58,1,2.3,1.6,6.7,den,Blutdruck,"Am Morgen misst der Arzthelfer, der den Bildschirm anstellt, den",0.66011417,SE,aari1995/German_Semantic_STS_V2
402,403,Blutdruck,101,C,und den Blutzucker.,3,0.0,1,6.8,1.6,1.4,den,Blutdruck,"Am Morgen kauft der Arzthelfer, der das Messgerät hält, den",0.64675486,SE,aari1995/German_Semantic_STS_V2
403,404,Blutdruck,101,D,und den Blutzucker.,3,0.0,1,2.3,1.6,1.4,den,Blutdruck,"Am Morgen kauft der Arzthelfer, der den Bildschirm anstellt, den",0.5762556,SE,aari1995/German_Semantic_STS_V2
404,405,Tuch,102,A,und machte sich bereit.,0,0.67,0,6.3,3.5,2.7,das,Tuch,"Konzentriert schwang der Torero, der den Stier verwundet hatte, das",0.48829502,SE,aari1995/German_Semantic_STS_V2
405,406,Tuch,102,B,und machte sich bereit.,0,0.83,0,4.1,1.8,2.7,das,Tuch,"Konzentriert schwang der Torero, der das Gebet aufgesagt hatte, das",0.4999402,SE,aari1995/German_Semantic_STS_V2
406,407,Tuch,102,C,und machte sich bereit.,0,0.0,0,6.3,3.5,2.6,das,Tuch,"Konzentriert befüllte der Torero, der den Stier verwundet hatte, das",0.49373347,SE,aari1995/German_Semantic_STS_V2
407,408,Tuch,102,D,und machte sich bereit.,0,0.0,0,4.1,1.8,2.6,das,Tuch,"Konzentriert befüllte der Torero, der das Gebet aufgesagt hatte, das",0.51387984,SE,aari1995/German_Semantic_STS_V2
408,409,Schwert,103,A,und griff den Gegner an.,0,0.92,1,6.2,1.5,5.9,das,Schwert,"Angespannt zückte der Ritter, nachdem er den Kampf begonnen hatte, das",0.734079,SE,aari1995/German_Semantic_STS_V2
409,410,Schwert,103,B,und griff den Gegner an.,0,0.92,1,1.1,1.0,5.9,das,Schwert,"Angespannt zückte der Ritter, nachdem er die Brücke überquert hatte, das",0.6658623,SE,aari1995/German_Semantic_STS_V2
410,411,Schwert,103,C,und griff den Gegner an.,0,0.0,1,6.2,1.5,1.1,das,Schwert,"Angespannt kaute der Ritter, nachdem er den Kampf begonnen hatte, das",0.6388644,SE,aari1995/German_Semantic_STS_V2
411,412,Schwert,103,D,und griff den Gegner an.,0,0.08,1,1.1,1.0,1.1,das,Schwert,"Angespannt kaute der Ritter, nachdem er die Brücke überquert hatte, das",0.6018131,SE,aari1995/German_Semantic_STS_V2
412,413,Rettungswagen,104,A,in Richtung des Krankenhauses.,0,0.75,0,6.8,2.6,4.7,den,Rettungswagen,"Wachsam steuert der Sanitäter, der das Blaulicht eingeschaltet hat, den",0.6669732,SE,aari1995/German_Semantic_STS_V2
413,414,Rettungswagen,104,B,in Richtung des Krankenhauses.,0,0.58,0,1.3,1.2,4.7,den,Rettungswagen,"Wachsam steuert der Sanitäter, der den Notizblock weggelegt hat, den",0.64227957,SE,aari1995/German_Semantic_STS_V2
414,415,Rettungswagen,104,C,in Richtung des Krankenhauses.,0,0.0,0,6.8,2.6,1.0,den,Rettungswagen,"Wachsam kopiert der Sanitäter, der das Blaulicht eingeschaltet hat, den",0.6302557,SE,aari1995/German_Semantic_STS_V2
415,416,Rettungswagen,104,D,in Richtung des Krankenhauses.,0,0.0,0,1.3,1.2,1.0,den,Rettungswagen,"Wachsam kopiert der Sanitäter, der den Notizblock weggelegt hat, den",0.57605785,SE,aari1995/German_Semantic_STS_V2
416,417,Aussage,105,A,und wendete sich an seinen Anwalt.,0,1.0,0,6.4,3.5,6.3,die,Aussage,"Ohne zu zögern verweigerte der Zeuge, der den Angeklagten wiedererkannte, die",0.6710633,SE,aari1995/German_Semantic_STS_V2
417,418,Aussage,105,B,und wendete sich an seinen Anwalt.,0,0.83,0,1.1,1.6,6.3,die,Aussage,"Ohne zu zögern verweigerte der Zeuge, der den Gehstock umklammerte, die",0.61720675,SE,aari1995/German_Semantic_STS_V2
418,419,Aussage,105,C,und wendete sich an seinen Anwalt.,0,0.0,0,6.4,3.5,2.6,die,Aussage,"Ohne zu zögern bestellte der Zeuge, der den Angeklagten wiedererkannte, die",0.64358336,SE,aari1995/German_Semantic_STS_V2
419,420,Aussage,105,D,und wendete sich an seinen Anwalt.,0,0.0,0,1.1,1.6,2.6,die,Aussage,"Ohne zu zögern bestellte der Zeuge, der den Gehstock umklammerte, die",0.60003877,SE,aari1995/German_Semantic_STS_V2
420,421,Schlittschuhe,106,A,und begibt sich auf die Eisfläche.,2,1.0,0,6.7,2.0,6.1,die,Schlittschuhe,"Sogleich schnürt der Eiskunstläufer, der die Eishalle erreicht hat, die",0.70914197,SE,aari1995/German_Semantic_STS_V2
421,422,Schlittschuhe,106,B,und begibt sich auf die Eisfläche.,2,0.75,0,1.5,1.1,6.1,die,Schlittschuhe,"Sogleich schnürt der Eiskunstläufer, der das Bonbon gelutscht hat, die",0.67991155,SE,aari1995/German_Semantic_STS_V2
422,423,Schlittschuhe,106,C,und begibt sich auf die Eisfläche.,2,0.0,0,6.7,2.0,1.6,die,Schlittschuhe,"Sogleich zerbricht der Eiskunstläufer, der die Eishalle erreicht hat, die",0.68081194,SE,aari1995/German_Semantic_STS_V2
423,424,Schlittschuhe,106,D,und begibt sich auf die Eisfläche.,2,0.08,0,1.5,1.1,1.6,die,Schlittschuhe,"Sogleich zerbricht der Eiskunstläufer, der das Bonbon gelutscht hat, die",0.6358481,SE,aari1995/German_Semantic_STS_V2
424,425,Lasso,107,A,und fängt das Tier ein.,0,0.33,0,5.4,4.5,6.5,das,Lasso,"Gut gelaunt schwingt der Cowboy, nachdem er das Pferd gesattelt hatte, das",0.62387407,SE,aari1995/German_Semantic_STS_V2
425,426,Lasso,107,B,und fängt das Tier ein.,0,0.75,0,1.3,1.6,6.5,das,Lasso,"Gut gelaunt schwingt der Cowboy, nachdem er den Kameraden gerufen hat, das",0.6483883,SE,aari1995/German_Semantic_STS_V2
426,427,Lasso,107,C,und fängt das Tier ein.,0,0.0,0,5.4,4.5,1.1,das,Lasso,"Gut gelaunt zerhackt der Cowboy, nachdem er das Pferd gesattelt hatte, das",0.637352,SE,aari1995/German_Semantic_STS_V2
427,428,Lasso,107,D,und fängt das Tier ein.,0,0.0,0,1.3,1.6,1.1,das,Lasso,"Gut gelaunt zerhackt der Cowboy, nachdem er den Kameraden gerufen hat, das",0.6405605,SE,aari1995/German_Semantic_STS_V2
428,429,Drehbuch,108,A,für die Serie.,2,0.33,0,6.6,4.4,6.0,das,Drehbuch,"Entspannt schrieb der Regisseur, der den Plot konstruiert hatte, das",0.7792033,SE,aari1995/German_Semantic_STS_V2
429,430,Drehbuch,108,B,für die Serie.,2,0.75,0,1.1,1.3,6.0,das,Drehbuch,"Entspannt schrieb der Regisseur, der den Kamin angemacht hatte, das",0.6324777,SE,aari1995/German_Semantic_STS_V2
430,431,Drehbuch,108,C,für die Serie.,2,0.0,0,6.6,4.4,1.1,das,Drehbuch,"Entspannt verzehrte der Regisseur, der den Plot konstruiert hatte, das",0.6483486,SE,aari1995/German_Semantic_STS_V2
431,432,Drehbuch,108,D,für die Serie.,2,0.0,0,1.1,1.3,1.1,das,Drehbuch,"Entspannt verzehrte der Regisseur, der den Kamin angemacht hatte, das",0.5494634,SE,aari1995/German_Semantic_STS_V2
432,433,Stern,109,A,am Firmament.,0,0.58,1,5.7,2.4,4.9,den,Stern,"Sofort entdeckt der Astronom, der das Teleskop aufgestellt hat, den",0.766133,SE,aari1995/German_Semantic_STS_V2
433,434,Stern,109,B,am Firmament.,0,0.58,1,3.0,1.9,4.9,den,Stern,"Sofort entdeckt der Astronom, der die Uhrzeit notiert hat, den",0.74034864,SE,aari1995/German_Semantic_STS_V2
434,435,Stern,109,C,am Firmament.,0,0.0,1,5.7,2.4,1.4,den,Stern,"Sofort serviert der Astronom, der das Teleskop aufgestellt hat, den",0.6636478,SE,aari1995/German_Semantic_STS_V2
435,436,Stern,109,D,am Firmament.,0,0.0,1,3.0,1.9,1.4,den,Stern,"Sofort serviert der Astronom, der die Uhrzeit notiert hat, den",0.6253175,SE,aari1995/German_Semantic_STS_V2
436,437,Anker,110,A,und verließ den Hafen.,0,0.5,1,6.4,2.0,6.9,den,Anker,"Gestern lichtete der Seemann, der das Boot kommandierte, den",0.6712233,SE,aari1995/German_Semantic_STS_V2
437,438,Anker,110,B,und verließ den Hafen.,0,0.58,1,1.0,4.1,6.9,den,Anker,"Gestern lichtete der Seemann, der den Atem anhielt, den",0.6466892,SE,aari1995/German_Semantic_STS_V2
438,439,Anker,110,C,und verließ den Hafen.,0,0.0,1,6.4,2.0,1.0,den,Anker,"Gestern kochte der Seemann, der das Boot kommandierte, den",0.58610445,SE,aari1995/German_Semantic_STS_V2
439,440,Anker,110,D,und verließ den Hafen.,0,0.0,1,1.0,4.1,1.0,den,Anker,"Gestern kochte der Seemann, der den Atem anhielt, den",0.5777678,SE,aari1995/German_Semantic_STS_V2
440,441,Seil,111,A,um den Aufstieg abzusichern.,2,0.58,0,4.6,1.6,6.1,das,Seil,"Am Vormittag knotete der Bergsteiger, nachdem er den Haken festgebohrt hatte, das",0.6684708,SE,aari1995/German_Semantic_STS_V2
441,442,Seil,111,B,um den Aufstieg abzusichern.,2,0.75,0,1.4,1.6,6.1,das,Seil,"Am Vormittag knotete der Bergsteiger, nachdem er die Krähe verscheucht hatte, das",0.67822605,SE,aari1995/German_Semantic_STS_V2
442,443,Seil,111,C,um den Aufstieg abzusichern.,2,0.0,0,4.6,1.6,1.2,das,Seil,"Am Vormittag roch der Bergsteiger, nachdem er den Haken festgebohrt hatte, das",0.57638556,SE,aari1995/German_Semantic_STS_V2
443,444,Seil,111,D,um den Aufstieg abzusichern.,2,0.0,0,1.4,1.6,1.2,das,Seil,"Am Vormittag roch der Bergsteiger, nachdem er die Krähe verscheucht hatte, das",0.5264486,SE,aari1995/German_Semantic_STS_V2
444,445,Rouletterad,112,A,und verrät die nächste Zahl.,0,0.67,0,6.3,2.1,6.1,das,Rouletterad,"Entspannt dreht der Croupier, der den Spieltisch vorbereitet hat, das",0.7091174,SE,aari1995/German_Semantic_STS_V2
445,446,Rouletterad,112,B,und verrät die nächste Zahl.,0,0.33,0,2.0,1.3,6.1,das,Rouletterad,"Entspannt dreht der Croupier, der die Frau beeindruckt hat, das",0.652023,SE,aari1995/German_Semantic_STS_V2
446,447,Rouletterad,112,C,und verrät die nächste Zahl.,0,0.0,0,6.3,2.1,1.1,das,Rouletterad,"Entspannt schlürft der Croupier, der den Spieltisch vorbereitet hat, das",0.60436815,SE,aari1995/German_Semantic_STS_V2
447,448,Rouletterad,112,D,und verrät die nächste Zahl.,0,0.0,0,2.0,1.3,1.1,das,Rouletterad,"Entspannt schlürft der Croupier, der die Frau beeindruckt hat, das",0.5717349,SE,aari1995/German_Semantic_STS_V2
448,449,Nägel,113,A,und lackierte sie.,0,0.75,0,6.9,1.7,6.8,die,Nägel,"Neulich feilte die Kosmetikerin, während sie die Maniküre durchführte, die",0.7303156,SE,aari1995/German_Semantic_STS_V2
449,450,Nägel,113,B,und lackierte sie.,0,1.0,0,1.3,1.0,6.8,die,Nägel,"Neulich feilte die Kosmetikerin, während sie das Gespräch belauschte, die",0.66504866,SE,aari1995/German_Semantic_STS_V2
450,451,Nägel,113,C,und lackierte sie.,0,0.08,0,6.9,1.7,5.5,die,Nägel,"Neulich baute die Kosmetikerin, während sie die Maniküre durchführte, die",0.7208529,SE,aari1995/German_Semantic_STS_V2
451,452,Nägel,113,D,und lackierte sie.,0,0.0,0,1.3,1.0,5.5,die,Nägel,"Neulich baute die Kosmetikerin, während sie das Gespräch belauschte, die",0.61543417,SE,aari1995/German_Semantic_STS_V2
452,453,Zukunft,114,A,der Familie.,0,0.58,1,6.7,3.9,6.8,die,Zukunft,"Sogleich prophezeite der Wahrsager, der die Kristallkugel befragt hatte, die",0.66152537,SE,aari1995/German_Semantic_STS_V2
453,454,Zukunft,114,B,der Familie.,0,0.58,1,1.4,1.1,6.8,die,Zukunft,"Sogleich prophezeite der Wahrsager, der die Kerze angezündet hatte, die",0.6269692,SE,aari1995/German_Semantic_STS_V2
454,455,Zukunft,114,C,der Familie.,0,0.0,1,6.7,3.9,1.5,die,Zukunft,"Sogleich würzte der Wahrsager, der die Kristallkugel befragt hatte, die",0.586199,SE,aari1995/German_Semantic_STS_V2
455,456,Zukunft,114,D,der Familie.,0,0.0,1,1.4,1.1,1.5,die,Zukunft,"Sogleich würzte der Wahrsager, der die Kerze angezündet hatte, die",0.5549909,SE,aari1995/German_Semantic_STS_V2
456,457,Ausgrabung,115,A,in der Ruine.,0,0.92,0,6.6,5.3,3.0,die,Ausgrabung,"Heute beginnt der Archäologe, der die Schaufel hervorgeholt hat, die",0.8379813,SE,aari1995/German_Semantic_STS_V2
457,458,Ausgrabung,115,B,in der Ruine.,0,0.5,0,1.3,2.5,3.0,die,Ausgrabung,"Heute beginnt der Archäologe, der das Taxi genommen hat, die",0.6326584,SE,aari1995/German_Semantic_STS_V2
458,459,Ausgrabung,115,C,in der Ruine.,0,0.0,0,6.6,5.3,1.5,die,Ausgrabung,"Heute raspelt der Archäologe, der die Schaufel hervorgeholt hat, die",0.7599814,SE,aari1995/German_Semantic_STS_V2
459,460,Ausgrabung,115,D,in der Ruine.,0,0.0,0,1.3,2.5,1.5,die,Ausgrabung,"Heute raspelt der Archäologe, der das Taxi genommen hat, die",0.64103574,SE,aari1995/German_Semantic_STS_V2
460,461,Strauß,116,A,für die Hochzeit.,0,0.92,1,6.8,3.9,6.5,den,Strauß,"Zügig bindet der Florist, der die Rosen gezüchtet hat, den",0.5720126,SE,aari1995/German_Semantic_STS_V2
461,462,Strauß,116,B,für die Hochzeit.,0,0.92,1,2.6,1.6,6.5,den,Strauß,"Zügig bindet der Florist, der die Fenster geschlossen hat, den",0.5574658,SE,aari1995/German_Semantic_STS_V2
462,463,Strauß,116,C,für die Hochzeit.,0,0.0,1,6.8,3.9,1.0,den,Strauß,"Zügig ölt der Florist, der die Rosen gezüchtet hat, den",0.5693587,SE,aari1995/German_Semantic_STS_V2
463,464,Strauß,116,D,für die Hochzeit.,0,0.0,1,2.6,1.6,1.0,den,Strauß,"Zügig ölt der Florist, der die Fenster geschlossen hat, den",0.55487186,SE,aari1995/German_Semantic_STS_V2
464,465,Rolle,117,A,für das Theaterstück.,0,0.75,1,6.1,3.8,5.8,die,Rolle,"Umgehend spielt der Schauspieler, der das Skript auswendig gelernt hat, die",0.6088374,SE,aari1995/German_Semantic_STS_V2
465,466,Rolle,117,B,für das Theaterstück.,0,0.67,1,2.3,4.6,5.8,die,Rolle,"Umgehend spielt der Schauspieler, der die Torte gebacken hat, die",0.55005324,SE,aari1995/German_Semantic_STS_V2
466,467,Rolle,117,C,für das Theaterstück.,0,0.0,1,6.1,3.8,2.5,die,Rolle,"Umgehend schnibbelt der Schauspieler, der das Skript auswendig gelernt hat, die",0.5612445,SE,aari1995/German_Semantic_STS_V2
467,468,Rolle,117,D,für das Theaterstück.,0,0.0,1,2.3,4.6,2.5,die,Rolle,"Umgehend schnibbelt der Schauspieler, der die Torte gebacken hat, die",0.5105868,SE,aari1995/German_Semantic_STS_V2
468,469,Sendung,118,A,für den Fernsehkanal.,0,0.42,0,6.4,6.3,6.7,die,Sendung,"Am Abend moderiert der Moderator, der die Zuschauer unterhält, die",0.65847594,SE,aari1995/German_Semantic_STS_V2
469,470,Sendung,118,B,für den Fernsehkanal.,0,0.17,0,2.0,1.5,6.7,die,Sendung,"Am Abend moderiert der Moderator, der die Weltmeere bereist, die",0.61928654,SE,aari1995/German_Semantic_STS_V2
470,471,Sendung,118,C,für den Fernsehkanal.,0,0.0,0,6.4,6.3,3.7,die,Sendung,"Am Abend wiegt der Moderator, der die Zuschauer unterhält, die",0.62832296,SE,aari1995/German_Semantic_STS_V2
471,472,Sendung,118,D,für den Fernsehkanal.,0,0.0,0,2.0,1.5,3.7,die,Sendung,"Am Abend wiegt der Moderator, der die Weltmeere bereist, die",0.5633208,SE,aari1995/German_Semantic_STS_V2
472,473,Stück,119,A,für seine nächste Sonate.,0,0.25,0,4.8,4.1,6.9,das,Stück,"Ohne zu zögern komponierte der Musiker, der die Noten aufschrieb, das",0.5790324,SE,aari1995/German_Semantic_STS_V2
473,474,Stück,119,B,für seine nächste Sonate.,0,0.42,0,1.7,2.1,6.9,das,Stück,"Ohne zu zögern komponierte der Musiker, der die Fragen beantwortete, das",0.58873236,SE,aari1995/German_Semantic_STS_V2
474,475,Stück,119,C,für seine nächste Sonate.,0,0.0,0,4.8,4.1,4.2,das,Stück,"Ohne zu zögern grillte der Musiker, der die Noten aufschrieb, das",0.61978835,SE,aari1995/German_Semantic_STS_V2
475,476,Stück,119,D,für seine nächste Sonate.,0,0.08,0,1.7,2.1,4.2,das,Stück,"Ohne zu zögern grillte der Musiker, der die Fragen beantwortete, das",0.584069,SE,aari1995/German_Semantic_STS_V2
476,477,Bild,120,A,in seinem Atelier.,2,0.58,1,6.6,2.3,7.0,das,Bild,"Fröhlich malte der Künstler, der die Leinwand aufgespannt hatte, das",0.53200275,SE,aari1995/German_Semantic_STS_V2
477,478,Bild,120,B,in seinem Atelier.,2,0.58,1,1.5,1.7,7.0,das,Bild,"Fröhlich malte der Künstler, der den Nachtisch zubereitet hatte, das",0.4973131,SE,aari1995/German_Semantic_STS_V2
478,479,Bild,120,C,in seinem Atelier.,2,0.0,1,6.6,2.3,2.2,das,Bild,"Fröhlich bewohnte der Künstler, der die Leinwand aufgespannt hatte, das",0.5430014,SE,aari1995/German_Semantic_STS_V2
479,480,Bild,120,D,in seinem Atelier.,2,0.0,1,1.5,1.7,2.2,das,Bild,"Fröhlich bewohnte der Künstler, der den Nachtisch zubereitet hatte, das",0.4827565,SE,aari1995/German_Semantic_STS_V2
0,1,Axt,1,A,und hackte die Holzscheite.,0,0.75,1,6.9,3.1,6.0,die,Axt,"Gestern schärfte der Holzfäller, bevor er das Holz stapelte, die",0.75169593,SE,intfloat/multilingual-e5-large
1,2,Axt,1,B,und hackte die Holzscheite.,0,0.67,1,3.1,1.2,6.0,die,Axt,"Gestern schärfte der Holzfäller, bevor er den Film schaute, die",0.7394826,SE,intfloat/multilingual-e5-large
2,3,Axt,1,C,und hackte die Holzscheite.,0,0.0,1,6.9,3.1,1.4,die,Axt,"Gestern aß der Holzfäller, bevor er das Holz stapelte, die",0.7489264,SE,intfloat/multilingual-e5-large
3,4,Axt,1,D,und hackte die Holzscheite.,0,0.0,1,3.1,1.2,1.4,die,Axt,"Gestern aß der Holzfäller, bevor er den Film schaute, die",0.7389216,SE,intfloat/multilingual-e5-large
4,5,Messer,2,A,und rasiert den Kunden.,0,0.67,1,5.0,5.1,6.4,das,Messer,"Nachdenklich schärft der Barbier, nachdem er den Rasierschaum aufgetragen hat, das",0.78075695,SE,intfloat/multilingual-e5-large
5,6,Messer,2,B,und rasiert den Kunden.,0,0.75,1,1.2,1.4,6.4,das,Messer,"Nachdenklich schärft der Barbier, nachdem er die Topfpflanze gegossen hat, das",0.7659717,SE,intfloat/multilingual-e5-large
6,7,Messer,2,C,und rasiert den Kunden.,0,0.0,1,5.0,5.1,1.4,das,Messer,"Nachdenklich trinkt der Barbier, nachdem er den Rasierschaum aufgetragen hat, das",0.7739509,SE,intfloat/multilingual-e5-large
7,8,Messer,2,D,und rasiert den Kunden.,0,0.0,1,1.2,1.4,1.4,das,Messer,"Nachdenklich trinkt der Barbier, nachdem er die Topfpflanze gegossen hat, das",0.75955725,SE,intfloat/multilingual-e5-large
8,9,Kaffee,3,A,und gießt die Milch dazu.,0,0.58,0,5.8,2.3,5.8,den,Kaffee,"Sogleich süßt der Kellner, nachdem er die Bestellung aufgenommen hat, den",0.78906834,SE,intfloat/multilingual-e5-large
9,10,Kaffee,3,B,und gießt die Milch dazu.,0,0.25,0,3.5,3.5,5.8,den,Kaffee,"Sogleich süßt der Kellner, nachdem er das Radio angemacht hat, den",0.78445256,SE,intfloat/multilingual-e5-large
10,11,Kaffee,3,C,und gießt die Milch dazu.,0,0.0,0,5.8,2.3,3.0,den,Kaffee,"Sogleich putzt der Kellner, nachdem er die Bestellung aufgenommen hat, den",0.77549326,SE,intfloat/multilingual-e5-large
11,12,Kaffee,3,D,und gießt die Milch dazu.,0,0.0,0,3.5,3.5,3.0,den,Kaffee,"Sogleich putzt der Kellner, nachdem er das Radio angemacht hat, den",0.773376,SE,intfloat/multilingual-e5-large
12,13,Ofen,4,A,auf 180 Grad.,0,1.0,0,6.0,2.7,6.6,den,Ofen,"Vorsichtig erhitzt der Bäckerlehrling, nachdem er die Brötchen geformt hat, den",0.80443734,SE,intfloat/multilingual-e5-large
13,14,Ofen,4,B,auf 180 Grad.,0,0.75,0,2.4,1.3,6.6,den,Ofen,"Vorsichtig erhitzt der Bäckerlehrling, nachdem er die Fenster gekippt hat, den",0.8028212,SE,intfloat/multilingual-e5-large
14,15,Ofen,4,C,auf 180 Grad.,0,0.0,0,6.0,2.7,1.3,den,Ofen,"Vorsichtig schlürft der Bäckerlehrling, nachdem er die Brötchen geformt hat, den",0.7845643,SE,intfloat/multilingual-e5-large
15,16,Ofen,4,D,auf 180 Grad.,0,0.08,0,2.4,1.3,1.3,den,Ofen,"Vorsichtig schlürft der Bäckerlehrling, nachdem er die Fenster gekippt hat, den",0.78088015,SE,intfloat/multilingual-e5-large
16,17,Weinflasche,5,A,für die Weinprobe.,0,1.0,1,5.9,1.7,6.8,die,Weinflasche,"Zufrieden entkorkt der Winzer, der die Reben geschnitten hat, die",0.78882354,SE,intfloat/multilingual-e5-large
17,18,Weinflasche,5,B,für die Weinprobe.,0,1.0,1,2.0,2.7,6.8,die,Weinflasche,"Zufrieden entkorkt der Winzer, der die Lohnabrechnungen beendet hat, die",0.77869993,SE,intfloat/multilingual-e5-large
18,19,Weinflasche,5,C,für die Weinprobe.,0,0.08,1,5.9,1.7,1.0,die,Weinflasche,"Zufrieden glättet der Winzer, der die Reben geschnitten hat, die",0.7881054,SE,intfloat/multilingual-e5-large
19,20,Weinflasche,5,D,für die Weinprobe.,0,0.0,1,2.0,2.7,1.0,die,Weinflasche,"Zufrieden glättet der Winzer, der die Lohnabrechnungen beendet hat, die",0.7793016,SE,intfloat/multilingual-e5-large
20,21,Ticket,6,A,für die Fahrt.,0,0.33,1,6.7,2.3,6.3,das,Ticket,"Umgehend löst der Fahrgast, der den Automaten bedient, das",0.78421587,SE,intfloat/multilingual-e5-large
21,22,Ticket,6,B,für die Fahrt.,0,0.33,1,1.3,1.3,6.3,das,Ticket,"Umgehend löst der Fahrgast, der die Einkaufstasche abstellt, das",0.7698418,SE,intfloat/multilingual-e5-large
22,23,Ticket,6,C,für die Fahrt.,0,0.0,1,6.7,2.3,1.2,das,Ticket,"Umgehend knotet der Fahrgast, der den Automaten bedient, das",0.7893572,SE,intfloat/multilingual-e5-large
23,24,Ticket,6,D,für die Fahrt.,0,0.0,1,1.3,1.3,1.2,das,Ticket,"Umgehend knotet der Fahrgast, der die Einkaufstasche abstellt, das",0.7796571,SE,intfloat/multilingual-e5-large
24,25,Sieg,7,A,mit einer Party.,0,0.5,0,6.8,4.4,6.2,den,Sieg,"Am Abend feiert der Gewinner, der den Pokal erhält, den",0.7808325,SE,intfloat/multilingual-e5-large
25,26,Sieg,7,B,mit einer Party.,0,0.75,0,1.8,2.0,6.2,den,Sieg,"Am Abend feiert der Gewinner, der das Eis isst, den",0.7839467,SE,intfloat/multilingual-e5-large
26,27,Sieg,7,C,mit einer Party.,0,0.0,0,6.8,4.4,1.8,den,Sieg,"Am Abend knabbert der Gewinner, der den Pokal erhält, den",0.7752483,SE,intfloat/multilingual-e5-large
27,28,Sieg,7,D,mit einer Party.,0,0.0,0,1.8,2.0,1.8,den,Sieg,"Am Abend knabbert der Gewinner, der das Eis isst, den",0.78115004,SE,intfloat/multilingual-e5-large
28,29,Fisch,8,A,für das Abendessen.,1,0.83,1,7.0,4.9,6.9,den,Fisch,"Endlich fängt der Angler, der den Köder auswarf, den",0.7920062,SE,intfloat/multilingual-e5-large
29,30,Fisch,8,B,für das Abendessen.,1,0.83,1,2.0,1.2,6.9,den,Fisch,"Endlich fängt der Angler, der die Zeitung las, den",0.7911014,SE,intfloat/multilingual-e5-large
30,31,Fisch,8,C,für das Abendessen.,1,0.0,1,7.0,4.9,1.3,den,Fisch,"Endlich baut der Angler, der den Köder auswarf, den",0.7842124,SE,intfloat/multilingual-e5-large
31,32,Fisch,8,D,für das Abendessen.,1,0.0,1,2.0,1.2,1.3,den,Fisch,"Endlich baut der Angler, der die Zeitung las, den",0.7863946,SE,intfloat/multilingual-e5-large
32,33,Unkraut,9,A,und leerte den Kompost.,0,0.83,0,6.7,3.3,6.9,das,Unkraut,"Am Nachmittag jätete der Schrebergärtner, der das Beet pflegte, das",0.77435964,SE,intfloat/multilingual-e5-large
33,34,Unkraut,9,B,und leerte den Kompost.,0,0.67,0,3.3,1.4,6.9,das,Unkraut,"Am Nachmittag jätete der Schrebergärtner, der die Sonne genoss, das",0.7596745,SE,intfloat/multilingual-e5-large
34,35,Unkraut,9,C,und leerte den Kompost.,0,0.0,0,6.7,3.3,1.2,das,Unkraut,"Am Nachmittag polierte der Schrebergärtner, der das Beet pflegte, das",0.7693889,SE,intfloat/multilingual-e5-large
35,36,Unkraut,9,D,und leerte den Kompost.,0,0.0,0,3.3,1.4,1.2,das,Unkraut,"Am Nachmittag polierte der Schrebergärtner, der die Sonne genoss, das",0.7555635,SE,intfloat/multilingual-e5-large
36,37,Klassenzimmer,10,A,und nimmt ein Stück Kreide.,1,0.75,1,6.8,3.7,5.5,das,Klassenzimmer,"Eine Weile lüftet der Lehrer, bevor er die Tafel beschreibt, das",0.8012197,SE,intfloat/multilingual-e5-large
37,38,Klassenzimmer,10,B,und nimmt ein Stück Kreide.,1,0.75,1,1.9,2.6,5.5,das,Klassenzimmer,"Eine Weile lüftet der Lehrer, bevor er den Mantel aufhängt, das",0.796687,SE,intfloat/multilingual-e5-large
38,39,Klassenzimmer,10,C,und nimmt ein Stück Kreide.,1,0.0,1,6.8,3.7,4.7,das,Klassenzimmer,"Eine Weile bastelt der Lehrer, bevor er die Tafel beschreibt, das",0.80420804,SE,intfloat/multilingual-e5-large
39,40,Klassenzimmer,10,D,und nimmt ein Stück Kreide.,1,0.0,1,1.9,2.6,4.7,das,Klassenzimmer,"Eine Weile bastelt der Lehrer, bevor er den Mantel aufhängt, das",0.7976223,SE,intfloat/multilingual-e5-large
40,41,Käse,11,A,und gibt Öl in die Pfanne.,0,0.5,1,5.2,4.6,6.4,den,Käse,"Schnell reibt der Chefkoch, während er die Nudeln kocht, den",0.7688717,SE,intfloat/multilingual-e5-large
41,42,Käse,11,B,und gibt Öl in die Pfanne.,0,0.58,1,1.7,1.2,6.4,den,Käse,"Schnell reibt der Chefkoch, während er die Nachrichten hört, den",0.76799834,SE,intfloat/multilingual-e5-large
42,43,Käse,11,C,und gibt Öl in die Pfanne.,0,0.0,1,5.2,4.6,1.1,den,Käse,"Schnell flickt der Chefkoch, während er die Nudeln kocht, den",0.76633894,SE,intfloat/multilingual-e5-large
43,44,Käse,11,D,und gibt Öl in die Pfanne.,0,0.0,1,1.7,1.2,1.1,den,Käse,"Schnell flickt der Chefkoch, während er die Nachrichten hört, den",0.7632873,SE,intfloat/multilingual-e5-large
44,45,Bier,12,A,das zuvor gebraut wurde.,0,0.67,1,3.9,1.2,5.0,das,Bier,"Vorgestern probierte der Braumeister, nachdem er den Kessel ausgeschaltet hatte, das",0.787936,SE,intfloat/multilingual-e5-large
45,46,Bier,12,B,das zuvor gebraut wurde.,0,0.58,1,1.8,2.3,5.0,das,Bier,"Vorgestern probierte der Braumeister, nachdem er den Boden gewischt hatte, das",0.78874665,SE,intfloat/multilingual-e5-large
46,47,Bier,12,C,das zuvor gebraut wurde.,0,0.0,1,3.9,1.2,1.1,das,Bier,"Vorgestern bemalte der Braumeister, nachdem er den Kessel ausgeschaltet hatte, das",0.78381306,SE,intfloat/multilingual-e5-large
47,48,Bier,12,D,das zuvor gebraut wurde.,0,0.0,1,1.8,2.3,1.1,das,Bier,"Vorgestern bemalte der Braumeister, nachdem er den Boden gewischt hatte, das",0.7803636,SE,intfloat/multilingual-e5-large
48,49,Rasen,13,A,hinter der Villa.,0,0.92,1,7.0,5.6,6.8,den,Rasen,"Eine Zeit lang mähte der Gartenhelfer, nachdem er den Garten umgegraben hatte, den",0.762538,SE,intfloat/multilingual-e5-large
49,50,Rasen,13,B,hinter der Villa.,0,0.92,1,2.2,1.9,6.8,den,Rasen,"Eine Zeit lang mähte der Gartenhelfer, nachdem er die Garage aufgeräumt hatte, den",0.7675232,SE,intfloat/multilingual-e5-large
50,51,Rasen,13,C,hinter der Villa.,0,0.0,1,7.0,5.6,1.4,den,Rasen,"Eine Zeit lang räucherte der Gartenhelfer, nachdem er den Garten umgegraben hatte, den",0.76210713,SE,intfloat/multilingual-e5-large
51,52,Rasen,13,D,hinter der Villa.,0,0.0,1,2.2,1.9,1.4,den,Rasen,"Eine Zeit lang räucherte der Gartenhelfer, nachdem er die Garage aufgeräumt hatte, den",0.7618972,SE,intfloat/multilingual-e5-large
52,53,Straße,14,A,und den Bürgersteig.,1,0.42,1,6.5,5.1,6.8,die,Straße,"Achtsam pflasterte der Bauarbeiter, der die Absperrungen umging, die",0.7976637,SE,intfloat/multilingual-e5-large
53,54,Straße,14,B,und den Bürgersteig.,1,0.42,1,5.7,2.0,6.8,die,Straße,"Achtsam pflasterte der Bauarbeiter, der die Steine schleppte, die",0.78152883,SE,intfloat/multilingual-e5-large
54,55,Straße,14,C,und den Bürgersteig.,1,0.08,1,6.5,5.1,2.0,die,Straße,"Achtsam salzte der Bauarbeiter, der die Absperrungen umging, die",0.7951586,SE,intfloat/multilingual-e5-large
55,56,Straße,14,D,und den Bürgersteig.,1,0.0,1,5.7,2.0,2.0,die,Straße,"Achtsam salzte der Bauarbeiter, der die Steine schleppte, die",0.7778479,SE,intfloat/multilingual-e5-large
56,57,Glocken,15,A,und freute sich.,0,1.0,1,6.7,1.1,7.0,die,Glocken,"Gestern läutete der Priester, nachdem er den Kirchturm erklommen hatte, die",0.7861746,SE,intfloat/multilingual-e5-large
57,58,Glocken,15,B,und freute sich.,0,0.92,1,2.2,1.1,7.0,die,Glocken,"Gestern läutete der Priester, nachdem er die Armbanduhr ausgezogen hatte, die",0.7900403,SE,intfloat/multilingual-e5-large
58,59,Glocken,15,C,und freute sich.,0,0.0,1,6.7,1.1,1.0,die,Glocken,"Gestern faltete der Priester, nachdem er den Kirchturm erklommen hatte, die",0.7770527,SE,intfloat/multilingual-e5-large
59,60,Glocken,15,D,und freute sich.,0,0.0,1,2.2,1.1,1.0,die,Glocken,"Gestern faltete der Priester, nachdem er die Armbanduhr ausgezogen hatte, die",0.7834155,SE,intfloat/multilingual-e5-large
60,61,Wunde,16,A,mit fünf Stichen.,0,0.92,1,6.7,3.3,5.8,die,Wunde,"Rasch näht der Notarzt, der den Verletzten betreut, die",0.80457604,SE,intfloat/multilingual-e5-large
61,62,Wunde,16,B,mit fünf Stichen.,0,0.92,1,3.2,1.8,5.8,die,Wunde,"Rasch näht der Notarzt, der den Ohrring trägt, die",0.7869418,SE,intfloat/multilingual-e5-large
62,63,Wunde,16,C,mit fünf Stichen.,0,0.0,1,6.7,3.3,2.0,die,Wunde,"Rasch versteckt der Notarzt, der den Verletzten betreut, die",0.8113115,SE,intfloat/multilingual-e5-large
63,64,Wunde,16,D,mit fünf Stichen.,0,0.0,1,3.2,1.8,2.0,die,Wunde,"Rasch versteckt der Notarzt, der den Ohrring trägt, die",0.79643154,SE,intfloat/multilingual-e5-large
64,65,Hemd,17,A,und die Hose.,0,0.75,1,6.4,1.5,6.9,das,Hemd,"Eilig bügelt der Geschäftsmann, nachdem er das Bügelbrett aufgestellt hat, das",0.76181376,SE,intfloat/multilingual-e5-large
65,66,Hemd,17,B,und die Hose.,0,0.67,1,1.4,1.2,6.9,das,Hemd,"Eilig bügelt der Geschäftsmann, nachdem er den Eistee ausgetrunken hat, das",0.7509873,SE,intfloat/multilingual-e5-large
66,67,Hemd,17,C,und die Hose.,0,0.0,1,6.4,1.5,1.0,das,Hemd,"Eilig salzt der Geschäftsmann, nachdem er das Bügelbrett aufgestellt hat, das",0.76011527,SE,intfloat/multilingual-e5-large
67,68,Hemd,17,D,und die Hose.,0,0.0,1,1.4,1.2,1.0,das,Hemd,"Eilig salzt der Geschäftsmann, nachdem er den Eistee ausgetrunken hat, das",0.74844563,SE,intfloat/multilingual-e5-large
68,69,Auto,18,A,und übergibt es an den Kunden.,1,0.58,0,7.0,3.5,6.3,das,Auto,"Schnell repariert der KFZ-Mechatroniker, der den Motor ausgetauscht hat, das",0.8064264,SE,intfloat/multilingual-e5-large
69,70,Auto,18,B,und übergibt es an den Kunden.,1,0.75,0,5.0,3.1,6.3,das,Auto,"Schnell repariert der KFZ-Mechatroniker, der den Urlaub gebucht hat, das",0.81247866,SE,intfloat/multilingual-e5-large
70,71,Auto,18,C,und übergibt es an den Kunden.,1,0.0,0,7.0,3.5,1.1,das,Auto,"Schnell brät der KFZ-Mechatroniker, der den Motor ausgetauscht hat, das",0.8126422,SE,intfloat/multilingual-e5-large
71,72,Auto,18,D,und übergibt es an den Kunden.,1,0.0,0,5.0,3.1,1.1,das,Auto,"Schnell brät der KFZ-Mechatroniker, der den Urlaub gebucht hat, das",0.8117128,SE,intfloat/multilingual-e5-large
72,73,Teig,19,A,für das Brot.,2,1.0,1,6.9,6.9,6.6,den,Teig,"Am Morgen knetet die Bäckerin, die den Kuchen backt, den",0.7762812,SE,intfloat/multilingual-e5-large
73,74,Teig,19,B,für das Brot.,2,1.0,1,1.5,1.0,6.6,den,Teig,"Am Morgen knetet die Bäckerin, die den Stammgast begrüßt, den",0.7695416,SE,intfloat/multilingual-e5-large
74,75,Teig,19,C,für das Brot.,2,0.0,1,6.9,6.9,1.2,den,Teig,"Am Morgen hört die Bäckerin, die den Kuchen backt, den",0.7728405,SE,intfloat/multilingual-e5-large
75,76,Teig,19,D,für das Brot.,2,0.0,1,1.5,1.0,1.2,den,Teig,"Am Morgen hört die Bäckerin, die den Stammgast begrüßt, den",0.76255065,SE,intfloat/multilingual-e5-large
76,77,Steak,20,A,und die Beilagen.,0,0.67,0,4.7,2.4,6.5,das,Steak,"Am Nachmittag pfeffert der Grillmeister, bevor er die Kohle anzündet, das",0.7656844,SE,intfloat/multilingual-e5-large
77,78,Steak,20,B,und die Beilagen.,0,0.83,0,1.4,1.1,6.5,das,Steak,"Am Nachmittag pfeffert der Grillmeister, bevor er die Mücke verscheucht, das",0.7676509,SE,intfloat/multilingual-e5-large
78,79,Steak,20,C,und die Beilagen.,0,0.0,0,4.7,2.4,1.4,das,Steak,"Am Nachmittag druckt der Grillmeister, bevor er die Kohle anzündet, das",0.7585071,SE,intfloat/multilingual-e5-large
79,80,Steak,20,D,und die Beilagen.,0,0.0,0,1.4,1.1,1.4,das,Steak,"Am Nachmittag druckt der Grillmeister, bevor er die Mücke verscheucht, das",0.760163,SE,intfloat/multilingual-e5-large
80,81,Feuer,21,A,und rennt weg.,0,0.58,0,6.6,1.5,6.8,das,Feuer,"Schnell entfacht der Brandstifter, der das Streichholz fallengelassen hat, das",0.82094765,SE,intfloat/multilingual-e5-large
81,82,Feuer,21,B,und rennt weg.,0,1.0,0,3.3,3.0,6.8,das,Feuer,"Schnell entfacht der Brandstifter, der die Treppe hochgeklettert ist, das",0.8211923,SE,intfloat/multilingual-e5-large
82,83,Feuer,21,C,und rennt weg.,0,0.0,0,6.6,1.5,1.6,das,Feuer,"Schnell entstaubt der Brandstifter, der das Streichholz fallengelassen hat, das",0.8106901,SE,intfloat/multilingual-e5-large
83,84,Feuer,21,D,und rennt weg.,0,0.0,0,3.3,3.0,1.6,das,Feuer,"Schnell entstaubt der Brandstifter, der die Treppe hochgeklettert ist, das",0.81306595,SE,intfloat/multilingual-e5-large
84,85,Haare,22,A,und holt den Föhn.,0,0.92,1,6.5,3.9,6.8,die,Haare,"Nun kämmt der Friseur, nachdem er die Kopfhaut massiert hat, die",0.7921118,SE,intfloat/multilingual-e5-large
85,86,Haare,22,B,und holt den Föhn.,0,1.0,1,1.0,1.0,6.8,die,Haare,"Nun kämmt der Friseur, nachdem er den Cappuccino ausgetrunken hat, die",0.77152467,SE,intfloat/multilingual-e5-large
86,87,Haare,22,C,und holt den Föhn.,0,0.17,1,6.5,3.9,1.2,die,Haare,"Nun speichert der Friseur, nachdem er die Kopfhaut massiert hat, die",0.7958376,SE,intfloat/multilingual-e5-large
87,88,Haare,22,D,und holt den Föhn.,0,0.0,1,1.0,1.0,1.2,die,Haare,"Nun speichert der Friseur, nachdem er den Cappuccino ausgetrunken hat, die",0.77525365,SE,intfloat/multilingual-e5-large
88,89,Bleistift,23,A,und machte sich wieder an die Arbeit.,0,1.0,1,6.0,3.3,6.7,den,Bleistift,"Flink spitzte der Zeichner, der die Karikatur entwarf, den",0.7694719,SE,intfloat/multilingual-e5-large
89,90,Bleistift,23,B,und machte sich wieder an die Arbeit.,0,1.0,1,2.3,1.6,6.7,den,Bleistift,"Flink spitzte der Zeichner, der den Atlas öffnete, den",0.7793098,SE,intfloat/multilingual-e5-large
90,91,Bleistift,23,C,und machte sich wieder an die Arbeit.,0,0.0,1,6.0,3.3,1.3,den,Bleistift,"Flink knotete der Zeichner, der die Karikatur entwarf, den",0.7641034,SE,intfloat/multilingual-e5-large
91,92,Bleistift,23,D,und machte sich wieder an die Arbeit.,0,0.0,1,2.3,1.6,1.3,den,Bleistift,"Flink knotete der Zeichner, der den Atlas öffnete, den",0.77282596,SE,intfloat/multilingual-e5-large
92,93,Patienten,24,A,gegen Tetanus.,0,0.25,0,6.7,2.0,6.5,den,Patienten,"Heute impft der Arzt, nachdem er die Spritze befüllt hat, den",0.8186721,SE,intfloat/multilingual-e5-large
93,94,Patienten,24,B,gegen Tetanus.,0,0.42,0,2.1,1.3,6.5,den,Patienten,"Heute impft der Arzt, nachdem er die Schublade geschlossen hat, den",0.8228505,SE,intfloat/multilingual-e5-large
94,95,Patienten,24,C,gegen Tetanus.,0,0.0,0,6.7,2.0,1.5,den,Patienten,"Heute feuert der Arzt, nachdem er die Spritze befüllt hat, den",0.81758,SE,intfloat/multilingual-e5-large
95,96,Patienten,24,D,gegen Tetanus.,0,0.0,0,2.1,1.3,1.5,den,Patienten,"Heute feuert der Arzt, nachdem er die Schublade geschlossen hat, den",0.8204975,SE,intfloat/multilingual-e5-large
96,97,Leiche,25,A,in der Leichenhalle.,0,0.75,1,6.6,1.5,7.0,die,Leiche,"Unverzüglich obduziert der Pathologe, nachdem er die Mordakte gelesen hat, die",0.79750806,SE,intfloat/multilingual-e5-large
97,98,Leiche,25,B,in der Leichenhalle.,0,0.75,1,2.6,1.2,7.0,die,Leiche,"Unverzüglich obduziert der Pathologe, nachdem er das Dokument unterschrieben hat, die",0.7817965,SE,intfloat/multilingual-e5-large
98,99,Leiche,25,C,in der Leichenhalle.,0,0.0,1,6.6,1.5,1.2,die,Leiche,"Unverzüglich pfeffert der Pathologe, nachdem er die Mordakte gelesen hat, die",0.7929059,SE,intfloat/multilingual-e5-large
99,100,Leiche,25,D,in der Leichenhalle.,0,0.0,1,2.6,1.2,1.2,die,Leiche,"Unverzüglich pfeffert der Pathologe, nachdem er das Dokument unterschrieben hat, die",0.77507734,SE,intfloat/multilingual-e5-large
100,101,Buch,26,A,für den Fan.,1,1.0,1,6.7,3.3,6.7,das,Buch,"Am Nachmittag signiert der Autor, der die Geschichte erfunden hat, das",0.7765742,SE,intfloat/multilingual-e5-large
101,102,Buch,26,B,für den Fan.,1,0.92,1,1.8,1.5,6.7,das,Buch,"Am Nachmittag signiert der Autor, der den Vorhang zugezogen hat, das",0.78204596,SE,intfloat/multilingual-e5-large
102,103,Buch,26,C,für den Fan.,1,0.0,1,6.7,3.3,1.3,das,Buch,"Am Nachmittag schluckt der Autor, der die Geschichte erfunden hat, das",0.7814126,SE,intfloat/multilingual-e5-large
103,104,Buch,26,D,für den Fan.,1,0.0,1,1.8,1.5,1.3,das,Buch,"Am Nachmittag schluckt der Autor, der den Vorhang zugezogen hat, das",0.78304857,SE,intfloat/multilingual-e5-large
104,105,Gäste,27,A,und überreichte ihnen die Schlüssel.,2,1.0,1,4.7,1.4,6.5,die,Gäste,"Sofort begrüßte der Hotelier, der die Koffer stapelte, die",0.82061666,SE,intfloat/multilingual-e5-large
105,106,Gäste,27,B,und überreichte ihnen die Schlüssel.,2,0.92,1,1.4,1.6,6.5,die,Gäste,"Sofort begrüßte der Hotelier, der die Fische räucherte, die",0.81063163,SE,intfloat/multilingual-e5-large
106,107,Gäste,27,C,und überreichte ihnen die Schlüssel.,2,0.0,1,4.7,1.4,1.9,die,Gäste,"Sofort feuerte der Hotelier, der die Koffer stapelte, die",0.8012277,SE,intfloat/multilingual-e5-large
107,108,Gäste,27,D,und überreichte ihnen die Schlüssel.,2,0.0,1,1.4,1.6,1.9,die,Gäste,"Sofort feuerte der Hotelier, der die Fische räucherte, die",0.792164,SE,intfloat/multilingual-e5-large
108,109,Baum,28,A,neben der Schule.,0,0.92,1,5.9,1.3,7.0,den,Baum,"Vorsichtig fällt der Holzarbeiter, der die Säge gestartet hat, den",0.79562664,SE,intfloat/multilingual-e5-large
109,110,Baum,28,B,neben der Schule.,0,0.83,1,2.8,1.9,7.0,den,Baum,"Vorsichtig fällt der Holzarbeiter, der den Transporter geparkt hat, den",0.7803591,SE,intfloat/multilingual-e5-large
110,111,Baum,28,C,neben der Schule.,0,0.0,1,5.9,1.3,1.3,den,Baum,"Vorsichtig durchwühlt der Holzarbeiter, der die Säge gestartet hat, den",0.79048073,SE,intfloat/multilingual-e5-large
111,112,Baum,28,D,neben der Schule.,0,0.0,1,2.8,1.9,1.3,den,Baum,"Vorsichtig durchwühlt der Holzarbeiter, der den Transporter geparkt hat, den",0.7785567,SE,intfloat/multilingual-e5-large
112,113,Zigarre,29,A,und schlenderte über den Marktplatz.,2,1.0,1,6.2,3.2,6.9,die,Zigarre,"Langsam paffte der Kubaner, der den Rauchring blies, die",0.7787489,SE,intfloat/multilingual-e5-large
113,114,Zigarre,29,B,und schlenderte über den Marktplatz.,2,1.0,1,2.0,1.3,6.9,die,Zigarre,"Langsam paffte der Kubaner, der die Straßenbahn verpasste, die",0.74728066,SE,intfloat/multilingual-e5-large
114,115,Zigarre,29,C,und schlenderte über den Marktplatz.,2,0.08,1,6.2,3.2,1.5,die,Zigarre,"Langsam öffnete der Kubaner, der den Rauchring blies, die",0.77695405,SE,intfloat/multilingual-e5-large
115,116,Zigarre,29,D,und schlenderte über den Marktplatz.,2,0.08,1,2.0,1.3,1.5,die,Zigarre,"Langsam öffnete der Kubaner, der die Straßenbahn verpasste, die",0.7424751,SE,intfloat/multilingual-e5-large
116,117,Schnitzel,30,A,für das Gericht.,0,0.58,0,6.0,1.2,6.5,das,Schnitzel,"Fröhlich paniert der Koch, nachdem er die Bratkartoffeln geschält hat, das",0.8008856,SE,intfloat/multilingual-e5-large
117,118,Schnitzel,30,B,für das Gericht.,0,0.83,0,1.3,1.5,6.5,das,Schnitzel,"Fröhlich paniert der Koch, nachdem er die Ärmel hochgekrempelt hat, das",0.7903079,SE,intfloat/multilingual-e5-large
118,119,Schnitzel,30,C,für das Gericht.,0,0.0,0,6.0,1.2,1.0,das,Schnitzel,"Fröhlich baut der Koch, nachdem er die Bratkartoffeln geschält hat, das",0.80653,SE,intfloat/multilingual-e5-large
119,120,Schnitzel,30,D,für das Gericht.,0,0.0,0,1.3,1.5,1.0,das,Schnitzel,"Fröhlich baut der Koch, nachdem er die Ärmel hochgekrempelt hat, das",0.79181933,SE,intfloat/multilingual-e5-large
120,121,Kuchen,31,A,für die Geburtstagsfeier.,1,0.92,0,6.9,5.3,5.9,den,Kuchen,"Umsichtig glasiert der Konditor, der die Backform eingefettet hat, den",0.81797004,SE,intfloat/multilingual-e5-large
121,122,Kuchen,31,B,für die Geburtstagsfeier.,1,0.42,0,5.4,1.6,5.9,den,Kuchen,"Umsichtig glasiert der Konditor, der den Tisch abgewischt hat, den",0.785264,SE,intfloat/multilingual-e5-large
122,123,Kuchen,31,C,für die Geburtstagsfeier.,1,0.0,0,6.9,5.3,1.2,den,Kuchen,"Umsichtig durchsucht der Konditor, der die Backform eingefettet hat, den",0.81159204,SE,intfloat/multilingual-e5-large
123,124,Kuchen,31,D,für die Geburtstagsfeier.,1,0.0,0,5.4,1.6,1.2,den,Kuchen,"Umsichtig durchsucht der Konditor, der den Tisch abgewischt hat, den",0.7838529,SE,intfloat/multilingual-e5-large
124,125,Kette,32,A,und die Bremsen.,0,0.83,0,4.9,2.0,6.8,die,Kette,"Gestern ölte der Fahrradfahrer, bevor er die Bremse einstellte, die",0.75621283,SE,intfloat/multilingual-e5-large
125,126,Kette,32,B,und die Bremsen.,0,0.58,0,1.2,1.1,6.8,die,Kette,"Gestern ölte der Fahrradfahrer, bevor er die Limonade trank, die",0.7589172,SE,intfloat/multilingual-e5-large
126,127,Kette,32,C,und die Bremsen.,0,0.0,0,4.9,2.0,1.4,die,Kette,"Gestern beheizte der Fahrradfahrer, bevor er die Bremse einstellte, die",0.75788486,SE,intfloat/multilingual-e5-large
127,128,Kette,32,D,und die Bremsen.,0,0.0,0,1.2,1.1,1.4,die,Kette,"Gestern beheizte der Fahrradfahrer, bevor die Limonade trank, die",0.76025033,SE,intfloat/multilingual-e5-large
128,129,Brief,33,A,an die Agentur.,0,0.92,1,6.8,1.3,6.6,den,Brief,"Hastig frankiert der Postbeamte, der das Postamt aufgeschlossen hat, den",0.7863592,SE,intfloat/multilingual-e5-large
129,130,Brief,33,B,an die Agentur.,0,1.0,1,1.5,3.7,6.6,den,Brief,"Hastig frankiert der Postbeamte, der das Mittagessen bestellt hat, den",0.78191835,SE,intfloat/multilingual-e5-large
130,131,Brief,33,C,an die Agentur.,0,0.0,1,6.8,1.3,2.2,den,Brief,"Hastig umgeht der Postbeamte, der das Postamt aufgeschlossen hat, den",0.78351265,SE,intfloat/multilingual-e5-large
131,132,Brief,33,D,an die Agentur.,0,0.0,1,1.5,3.7,2.2,den,Brief,"Hastig umgeht der Postbeamte, der das Mittagessen bestellt hat, den",0.78104913,SE,intfloat/multilingual-e5-large
132,133,Berg,34,A,und stellt sein Zelt auf.,1,0.75,0,6.4,3.2,6.8,den,Berg,"Fröhlich erklimmt der Wanderer, nachdem er das Tal durchquert hat, den",0.7737771,SE,intfloat/multilingual-e5-large
133,134,Berg,34,B,und stellt sein Zelt auf.,1,0.92,0,1.4,1.5,6.8,den,Berg,"Fröhlich erklimmt der Wanderer, nachdem er die Stoppuhr gestartet hat, den",0.775236,SE,intfloat/multilingual-e5-large
134,135,Berg,34,C,und stellt sein Zelt auf.,1,0.0,0,6.4,3.2,1.5,den,Berg,"Fröhlich kauft der Wanderer, nachdem er das Tal durchquert hat, den",0.76617056,SE,intfloat/multilingual-e5-large
135,136,Berg,34,D,und stellt sein Zelt auf.,1,0.0,0,1.4,1.5,1.5,den,Berg,"Fröhlich kauft der Wanderer, nachdem er die Stoppuhr gestartet hat, den",0.7640056,SE,intfloat/multilingual-e5-large
136,137,Befehl,35,A,zum Abmarsch.,0,0.92,0,6.0,7.0,6.6,den,Befehl,"Bedächtig erteilt der General, der die Rekruten kommandiert, den",0.8193426,SE,intfloat/multilingual-e5-large
137,138,Befehl,35,B,zum Abmarsch.,0,0.75,0,1.7,2.4,6.6,den,Befehl,"Bedächtig erteilt der General, der die Getränke einschenkt, den",0.7988222,SE,intfloat/multilingual-e5-large
138,139,Befehl,35,C,zum Abmarsch.,0,0.0,0,6.0,7.0,1.4,den,Befehl,"Bedächtig biegt der General, der die Rekruten kommandiert, den",0.8100646,SE,intfloat/multilingual-e5-large
139,140,Befehl,35,D,zum Abmarsch.,0,0.0,0,1.7,2.4,1.4,den,Befehl,"Bedächtig biegt der General, der die Getränke einschenkt, den",0.7871538,SE,intfloat/multilingual-e5-large
140,141,Wand,36,A,des Büros.,0,0.5,0,7.0,5.5,6.4,die,Wand,"Sofort streicht der Maler, nachdem er die Tapete angebracht hat, die",0.7694398,SE,intfloat/multilingual-e5-large
141,142,Wand,36,B,des Büros.,0,0.67,0,1.5,1.3,6.4,die,Wand,"Sofort streicht der Maler, nachdem er den Hund gefüttert hat, die",0.767573,SE,intfloat/multilingual-e5-large
142,143,Wand,36,C,des Büros.,0,0.08,0,7.0,5.5,1.1,die,Wand,"Sofort lenkt der Maler, nachdem er die Tapete angebracht hat, die",0.7733465,SE,intfloat/multilingual-e5-large
143,144,Wand,36,D,des Büros.,0,0.0,0,1.5,1.3,1.1,die,Wand,"Sofort lenkt der Maler, nachdem er den Hund gefüttert hat, die",0.7687349,SE,intfloat/multilingual-e5-large
144,145,Hammer,37,A,auf das Metall.,0,1.0,0,6.5,1.9,5.6,den,Hammer,"Direkt schwingt der Schmied, der den Amboss aufgestellt hat, den",0.7847378,SE,intfloat/multilingual-e5-large
145,146,Hammer,37,B,auf das Metall.,0,0.83,0,2.9,3.8,5.6,den,Hammer,"Direkt schwingt der Schmied, der den Stuhl weggestellt hat, den",0.76282066,SE,intfloat/multilingual-e5-large
146,147,Hammer,37,C,auf das Metall.,0,0.0,0,6.5,1.9,1.2,den,Hammer,"Direkt speichert der Schmied, der den Amboss aufgestellt hat, den",0.7743717,SE,intfloat/multilingual-e5-large
147,148,Hammer,37,D,auf das Metall.,0,0.0,0,2.9,3.8,1.2,den,Hammer,"Direkt speichert der Schmied, der den Stuhl weggestellt hat, den",0.7561576,SE,intfloat/multilingual-e5-large
148,149,Land,38,A,im Norden.,1,0.33,0,6.6,2.5,7.0,das,Land,"Vor langer Zeit regierte der König, der die Reise unternahm, das",0.7439841,SE,intfloat/multilingual-e5-large
149,150,Land,38,B,im Norden.,1,0.5,0,2.4,2.5,7.0,das,Land,"Vor langer Zeit regierte der König, der den Gesang vernahm, das",0.73667234,SE,intfloat/multilingual-e5-large
150,151,Land,38,C,im Norden.,1,0.0,0,6.6,2.5,1.2,das,Land,"Vor langer Zeit briet der König, der die Reise unternahm, das",0.75659627,SE,intfloat/multilingual-e5-large
151,152,Land,38,D,im Norden.,1,0.0,0,2.4,2.5,1.2,das,Land,"Vor langer Zeit briet der König, der den Gesang vernahm, das",0.74330896,SE,intfloat/multilingual-e5-large
152,153,Stab,39,A,und gab den Takt an.,0,0.42,1,1.9,1.6,3.0,den,Stab,"Zügig hob der Dirigent, der das Tempo wechselte, den",0.74680674,SE,intfloat/multilingual-e5-large
153,154,Stab,39,B,und gab den Takt an.,0,0.5,1,1.0,1.6,3.0,den,Stab,"Zügig hob der Dirigent, der das Gähnen unterdrückte, den",0.75382996,SE,intfloat/multilingual-e5-large
154,155,Stab,39,C,und gab den Takt an.,0,0.0,1,1.9,1.6,1.3,den,Stab,"Zügig verdrückte der Dirigent, der das Tempo wechselte, den",0.74952275,SE,intfloat/multilingual-e5-large
155,156,Stab,39,D,und gab den Takt an.,0,0.0,1,1.0,1.6,1.3,den,Stab,"Zügig verdrückte der Dirigent, der das Gähnen unterdrückte, den",0.7534278,SE,intfloat/multilingual-e5-large
156,157,Bart,40,A,des Mannes.,2,0.58,0,5.4,1.3,6.8,den,Bart,"Direkt trimmt der Herrenfriseur, nachdem er die Klinge ausgepackt hat, den",0.7566227,SE,intfloat/multilingual-e5-large
157,158,Bart,40,B,des Mannes.,2,0.25,0,1.2,1.0,6.8,den,Bart,"Direkt trimmt der Herrenfriseur, nachdem er das Wasserglas abgestellt hat, den",0.7592165,SE,intfloat/multilingual-e5-large
158,159,Bart,40,C,des Mannes.,2,0.0,0,5.4,1.3,1.7,den,Bart,"Direkt hört der Herrenfriseur, nachdem er die Klinge ausgepackt hat, den",0.7541147,SE,intfloat/multilingual-e5-large
159,160,Bart,40,D,des Mannes.,2,0.0,0,1.2,1.0,1.7,den,Bart,"Direkt hört der Herrenfriseur, nachdem er das Wasserglas abgestellt hat, den",0.7567498,SE,intfloat/multilingual-e5-large
160,161,Geschirr,41,A,und die Brettchen.,0,0.5,1,6.7,4.7,6.9,das,Geschirr,"Gestern spülte der Tellerwäscher, bevor er den Tisch wischte, das",0.797271,SE,intfloat/multilingual-e5-large
161,162,Geschirr,41,B,und die Brettchen.,0,0.42,1,1.2,1.2,6.9,das,Geschirr,"Gestern spülte der Tellerwäscher, bevor er das Taxi rief, das",0.7795297,SE,intfloat/multilingual-e5-large
162,163,Geschirr,41,C,und die Brettchen.,0,0.0,1,6.7,4.7,1.1,das,Geschirr,"Gestern glättete der Tellerwäscher, bevor er den Tisch wischte, das",0.7925298,SE,intfloat/multilingual-e5-large
163,164,Geschirr,41,D,und die Brettchen.,0,0.0,1,1.2,1.2,1.1,das,Geschirr,"Gestern glättete der Tellerwäscher, bevor er das Taxi rief, das",0.77493197,SE,intfloat/multilingual-e5-large
164,165,Schloss,42,A,und stiehlt die Wertsachen.,0,0.25,0,7.0,1.8,6.4,das,Schloss,"Im Handumdrehen knackt der Einbrecher, der den Zahlencode erraten hat, das",0.7747603,SE,intfloat/multilingual-e5-large
165,166,Schloss,42,B,und stiehlt die Wertsachen.,0,0.5,0,2.6,1.5,6.4,das,Schloss,"Im Handumdrehen knackt der Einbrecher, der die Akte durchblättert hat, das",0.7779569,SE,intfloat/multilingual-e5-large
166,167,Schloss,42,C,und stiehlt die Wertsachen.,0,0.0,0,7.0,1.8,1.6,das,Schloss,"Im Handumdrehen kopiert der Einbrecher, der den Zahlencode erraten hat, das",0.77083904,SE,intfloat/multilingual-e5-large
167,168,Schloss,42,D,und stiehlt die Wertsachen.,0,0.0,0,2.6,1.5,1.6,das,Schloss,"Im Handumdrehen kopiert der Einbrecher, der die Akte durchblättert hat, das",0.7769686,SE,intfloat/multilingual-e5-large
168,169,Zwiebeln,43,A,und den Knoblauch.,0,0.25,1,5.7,2.3,6.2,die,Zwiebeln,"Routiniert hackte der Küchengehilfe, bevor er die Suppe umrührte, die",0.7617651,SE,intfloat/multilingual-e5-large
169,170,Zwiebeln,43,B,und den Knoblauch.,0,0.33,1,1.3,1.1,6.2,die,Zwiebeln,"Routiniert hackte der Küchengehilfe, bevor er das Radio einschaltete, die",0.758404,SE,intfloat/multilingual-e5-large
170,171,Zwiebeln,43,C,und den Knoblauch.,0,0.0,1,5.7,2.3,1.3,die,Zwiebeln,"Routiniert schraubte der Küchengehilfe, bevor er die Suppe umrührte, die",0.76709914,SE,intfloat/multilingual-e5-large
171,172,Zwiebeln,43,D,und den Knoblauch.,0,0.0,1,1.3,1.1,1.3,die,Zwiebeln,"Routiniert schraubte der Küchengehilfe, bevor er das Radio einschaltete, die",0.7685779,SE,intfloat/multilingual-e5-large
172,173,Wachs,44,A,und fuhr mit der Arbeit fort.,0,0.83,1,6.7,2.3,6.3,das,Wachs,"Umsichtig schmolz der Kerzenzieher, nachdem er den Docht gekürzt hatte, das",0.758832,SE,intfloat/multilingual-e5-large
173,174,Wachs,44,B,und fuhr mit der Arbeit fort.,0,0.83,1,1.5,1.4,6.3,das,Wachs,"Umsichtig schmolz der Kerzenzieher, nachdem er das Nähkästchen zugeklappt hatte, das",0.76852506,SE,intfloat/multilingual-e5-large
174,175,Wachs,44,C,und fuhr mit der Arbeit fort.,0,0.0,1,6.7,2.3,1.0,das,Wachs,"Umsichtig würzte der Kerzenzieher, nachdem er den Docht gekürzt hatte, das",0.76219386,SE,intfloat/multilingual-e5-large
175,176,Wachs,44,D,und fuhr mit der Arbeit fort.,0,0.0,1,1.5,1.4,1.0,das,Wachs,"Umsichtig würzte der Kerzenzieher, nachdem er das Nähkästchen zugeklappt hatte, das",0.77155954,SE,intfloat/multilingual-e5-large
176,177,Cocktail,45,A,für den Touristen.,0,0.5,0,6.2,1.4,6.9,den,Cocktail,"Gestern mixte der Barkeeper, der den Wodka geöffnet hatte, den",0.7980584,SE,intfloat/multilingual-e5-large
177,178,Cocktail,45,B,für den Touristen.,0,0.83,0,1.3,1.0,6.9,den,Cocktail,"Gestern mixte der Barkeeper, der den Boden gefegt hatte, den",0.77785707,SE,intfloat/multilingual-e5-large
178,179,Cocktail,45,C,für den Touristen.,0,0.0,0,6.2,1.4,1.6,den,Cocktail,"Gestern gründete der Barkeeper, der den Wodka geöffnet hatte, den",0.77790326,SE,intfloat/multilingual-e5-large
179,180,Cocktail,45,D,für den Touristen.,0,0.08,0,1.3,1.0,1.6,den,Cocktail,"Gestern gründete der Barkeeper, der den Boden gefegt hatte, den",0.7631126,SE,intfloat/multilingual-e5-large
180,181,Orchester,46,A,und das Streichquartett.,0,0.25,1,6.8,3.6,6.8,das,Orchester,"Am Abend dirigiert der Kapellmeister, der das Konzert eröffnet hat, das",0.81163347,SE,intfloat/multilingual-e5-large
181,182,Orchester,46,B,und das Streichquartett.,0,0.25,1,1.6,1.4,6.8,das,Orchester,"Am Abend dirigiert der Kapellmeister, der die Unterschriften gesammelt hat, das",0.790164,SE,intfloat/multilingual-e5-large
182,183,Orchester,46,C,und das Streichquartett.,0,0.0,1,6.8,3.6,1.3,das,Orchester,"Am Abend vernichtet der Kapellmeister, der das Konzert eröffnet hat, das",0.80164766,SE,intfloat/multilingual-e5-large
183,184,Orchester,46,D,und das Streichquartett.,0,0.0,1,1.6,1.4,1.3,das,Orchester,"Am Abend vernichtet der Kapellmeister, der die Unterschriften gesammelt hat, das",0.77549756,SE,intfloat/multilingual-e5-large
184,185,Wort,47,A,und notiert es.,3,0.83,0,6.3,3.6,6.8,das,Wort,"Direkt buchstabiert der Sprachschüler, nachdem er das Buch aufgeschlagen hat, das",0.7793295,SE,intfloat/multilingual-e5-large
185,186,Wort,47,B,und notiert es.,3,0.67,0,3.0,2.7,6.8,das,Wort,"Direkt buchstabiert der Sprachschüler, nachdem er den Pausenhof verlassen hat, das",0.77384937,SE,intfloat/multilingual-e5-large
186,187,Wort,47,C,und notiert es.,3,0.0,0,6.3,3.6,1.7,das,Wort,"Direkt dekoriert der Sprachschüler, nachdem er das Buch aufgeschlagen hat, das",0.78206086,SE,intfloat/multilingual-e5-large
187,188,Wort,47,D,und notiert es.,3,0.0,0,3.0,2.7,1.7,das,Wort,"Direkt dekoriert der Sprachschüler, nachdem er den Pausenhof verlassen hat, das",0.77327687,SE,intfloat/multilingual-e5-large
188,189,Weide,48,A,mit einem Draht.,0,0.67,0,6.7,5.4,6.0,die,Weide,"Vorsichtig umzäunt der Schäfer, der die Schafe gehütet hat, die",0.75756526,SE,intfloat/multilingual-e5-large
189,190,Weide,48,B,mit einem Draht.,0,0.42,0,1.4,1.4,6.0,die,Weide,"Vorsichtig umzäunt der Schäfer, der das Mittagessen vergessen hat, die",0.75752527,SE,intfloat/multilingual-e5-large
190,191,Weide,48,C,mit einem Draht.,0,0.0,0,6.7,5.4,1.0,die,Weide,"Vorsichtig fälscht der Schäfer, der die Schafe gehütet hat, die",0.7508087,SE,intfloat/multilingual-e5-large
191,192,Weide,48,D,mit einem Draht.,0,0.0,0,1.4,1.4,1.0,die,Weide,"Vorsichtig fälscht der Schäfer, der das Mittagessen vergessen hat, die",0.74386,SE,intfloat/multilingual-e5-large
192,193,Predigt,49,A,für die Gemeinde.,0,0.25,0,6.2,2.1,6.2,die,Predigt,"Nachdenklich hält der Pfarrer, nachdem er die Bibel aufgeschlagen hat, die",0.81926763,SE,intfloat/multilingual-e5-large
193,194,Predigt,49,B,für die Gemeinde.,0,0.5,0,1.6,2.9,6.2,die,Predigt,"Nachdenklich hält der Pfarrer, nachdem er die Brille aufgesetzt hat, die",0.81572783,SE,intfloat/multilingual-e5-large
194,195,Predigt,49,C,für die Gemeinde.,0,0.0,0,6.2,2.1,1.3,die,Predigt,"Nachdenklich leert der Pfarrer, nachdem er die Bibel aufgeschlagen hat, die",0.8213961,SE,intfloat/multilingual-e5-large
195,196,Predigt,49,D,für die Gemeinde.,0,0.0,0,1.6,2.9,1.3,die,Predigt,"Nachdenklich leert der Pfarrer, nachdem er die Brille aufgesetzt hat, die",0.81399304,SE,intfloat/multilingual-e5-large
196,197,Wohnung,50,A,mit neuen Möbeln.,0,0.5,0,7.0,2.7,6.8,die,Wohnung,"Unverzüglich möblierte der Vermieter, der den Mieter aufgenommen hatte, die",0.82358384,SE,intfloat/multilingual-e5-large
197,198,Wohnung,50,B,mit neuen Möbeln.,0,0.75,0,4.7,3.6,6.8,die,Wohnung,"Unverzüglich möblierte der Vermieter, der die Überweisung erhalten hatte, die",0.814986,SE,intfloat/multilingual-e5-large
198,199,Wohnung,50,C,mit neuen Möbeln.,0,0.0,0,7.0,2.7,1.4,die,Wohnung,"Unverzüglich erntete der Vermieter, der den Mieter aufgenommen hatte, die",0.80671734,SE,intfloat/multilingual-e5-large
199,200,Wohnung,50,D,mit neuen Möbeln.,0,0.0,0,4.7,3.6,1.4,die,Wohnung,"Unverzüglich erntete der Vermieter, der die Überweisung erhalten hatte, die",0.79873216,SE,intfloat/multilingual-e5-large
200,201,Abzug,51,A,und trifft das Opfer.,2,0.5,0,3.2,4.4,5.9,den,Abzug,"Sofort betätigt der Killer, der das Ziel anvisiert hat, den",0.7824993,SE,intfloat/multilingual-e5-large
201,202,Abzug,51,B,und trifft das Opfer.,2,0.33,0,1.4,3.0,5.9,den,Abzug,"Sofort betätigt der Killer, der den Tee abgestellt hat, den",0.7903683,SE,intfloat/multilingual-e5-large
202,203,Abzug,51,C,und trifft das Opfer.,2,0.0,0,3.2,4.4,1.6,den,Abzug,"Sofort knickt der Killer, der das Ziel anvisiert hat, den",0.772212,SE,intfloat/multilingual-e5-large
203,204,Abzug,51,D,und trifft das Opfer.,2,0.0,0,1.4,3.0,1.6,den,Abzug,"Sofort knickt der Killer, der den Tee abgestellt hat, den",0.78207666,SE,intfloat/multilingual-e5-large
204,205,Paket,52,A,mit der Arbeitskleidung.,0,0.42,1,6.7,4.4,6.5,das,Paket,"Heute überbringt der Bote, als er den Empfänger angetroffen hat, das",0.7844582,SE,intfloat/multilingual-e5-large
205,206,Paket,52,B,mit der Arbeitskleidung.,0,0.33,1,3.6,1.2,6.5,das,Paket,"Heute überbringt der Bote, als er das Foyer durchquert hat, das",0.7803383,SE,intfloat/multilingual-e5-large
206,207,Paket,52,C,mit der Arbeitskleidung.,0,0.0,1,6.7,4.4,1.3,das,Paket,"Heute erntet der Bote, als er den Empfänger angetroffen hat, das",0.7812784,SE,intfloat/multilingual-e5-large
207,208,Paket,52,D,mit der Arbeitskleidung.,0,0.0,1,3.6,1.2,1.3,das,Paket,"Heute erntet der Bote, als er das Foyer durchquert hat, das",0.77598333,SE,intfloat/multilingual-e5-large
208,209,Tor,53,A,und jubelte über seinen Erfolg.,3,0.92,0,6.8,3.4,6.9,das,Tor,"Schnell schoss der Fußballspieler, der das Fußballfeld überquert hatte, das",0.73888904,SE,intfloat/multilingual-e5-large
209,210,Tor,53,B,und jubelte über seinen Erfolg.,3,0.67,0,1.6,2.7,6.9,das,Tor,"Schnell schoss der Fußballspieler, der die Jacke ausgezogen hatte, das",0.7416641,SE,intfloat/multilingual-e5-large
210,211,Tor,53,C,und jubelte über seinen Erfolg.,3,0.0,0,6.8,3.4,1.5,das,Tor,"Schnell spürte der Fußballspieler, der das Fußballfeld überquert hatte, das",0.74371815,SE,intfloat/multilingual-e5-large
211,212,Tor,53,D,und jubelte über seinen Erfolg.,3,0.0,0,1.6,2.7,1.5,das,Tor,"Schnell spürte der Fußballspieler, der die Jacke ausgezogen hatte, das",0.7456053,SE,intfloat/multilingual-e5-large
212,213,Flugzeug,54,A,durch die Wolken.,0,1.0,1,7.0,1.8,5.8,das,Flugzeug,"Konzentriert steuerte der Pilot, der die Stewardess gerufen hatte, das",0.803577,SE,intfloat/multilingual-e5-large
213,214,Flugzeug,54,B,durch die Wolken.,0,0.92,1,1.6,3.4,5.8,das,Flugzeug,"Konzentriert steuerte der Pilot, der den Krimi gelesen hatte, das",0.7974333,SE,intfloat/multilingual-e5-large
214,215,Flugzeug,54,C,durch die Wolken.,0,0.0,1,7.0,1.8,3.1,das,Flugzeug,"Konzentriert faltete der Pilot, der die Stewardess gerufen hatte, das",0.797719,SE,intfloat/multilingual-e5-large
215,216,Flugzeug,54,D,durch die Wolken.,0,0.08,1,1.6,3.4,3.1,das,Flugzeug,"Konzentriert faltete der Pilot, der den Krimi gelesen hatte, das",0.79621774,SE,intfloat/multilingual-e5-large
216,217,Skizze,55,A,für den Bauherrn.,0,0.42,0,6.4,6.5,6.7,die,Skizze,"Rasch entwarf der Architekt, bevor er den Bauplan erstellte, die",0.78433436,SE,intfloat/multilingual-e5-large
217,218,Skizze,55,B,für den Bauherrn.,0,0.25,0,4.3,4.7,6.7,die,Skizze,"Rasch entwarf der Architekt, bevor er den Vortrag schrieb, die",0.7802113,SE,intfloat/multilingual-e5-large
218,219,Skizze,55,C,für den Bauherrn.,0,0.0,0,6.4,6.5,1.2,die,Skizze,"Rasch schüttelte der Architekt, bevor er den Bauplan erstellte, die",0.7785534,SE,intfloat/multilingual-e5-large
219,220,Skizze,55,D,für den Bauherrn.,0,0.0,0,4.3,4.7,1.2,die,Skizze,"Rasch schüttelte der Architekt, bevor er den Vortrag schrieb, die",0.7677416,SE,intfloat/multilingual-e5-large
220,221,Kamin,56,A,und verlässt das Grundstück.,1,0.42,0,6.8,3.0,6.4,den,Kamin,"Geschwind kehrt der Schornsteinfeger, der den Rauch einatmet, den",0.7633515,SE,intfloat/multilingual-e5-large
221,222,Kamin,56,B,und verlässt das Grundstück.,1,0.17,0,3.0,1.3,6.4,den,Kamin,"Geschwind kehrt der Schornsteinfeger, der die Katze verscheucht, den",0.76282966,SE,intfloat/multilingual-e5-large
222,223,Kamin,56,C,und verlässt das Grundstück.,1,0.0,0,6.8,3.0,1.1,den,Kamin,"Geschwind wirft der Schornsteinfeger, der den Rauch einatmet, den",0.7630853,SE,intfloat/multilingual-e5-large
223,224,Kamin,56,D,und verlässt das Grundstück.,1,0.08,0,3.0,1.3,1.1,den,Kamin,"Geschwind wirft der Schornsteinfeger, der die Katze verscheucht, den",0.7644285,SE,intfloat/multilingual-e5-large
224,225,Wahl,57,A,zum Minister.,0,1.0,0,6.5,5.3,6.7,die,Wahl,"Vorgestern gewann der Politiker, der die Stimmen zählte, die",0.80813295,SE,intfloat/multilingual-e5-large
225,226,Wahl,57,B,zum Minister.,0,0.58,0,2.8,1.6,6.7,die,Wahl,"Vorgestern gewann der Politiker, der die Hände schüttelte, die",0.7978357,SE,intfloat/multilingual-e5-large
226,227,Wahl,57,C,zum Minister.,0,0.08,0,6.5,5.3,1.6,die,Wahl,"Vorgestern reparierte der Politiker, der die Stimmen zählte, die",0.79986906,SE,intfloat/multilingual-e5-large
227,228,Wahl,57,D,zum Minister.,0,0.0,0,2.8,1.6,1.6,die,Wahl,"Vorgestern reparierte der Politiker, der die Hände schüttelte, die",0.78298366,SE,intfloat/multilingual-e5-large
228,229,Foto,58,A,von der Unfallstelle.,0,0.67,0,6.7,2.1,6.7,das,Foto,"Sofort schoss der Reporter, der die Kamera bediente, das",0.79363066,SE,intfloat/multilingual-e5-large
229,230,Foto,58,B,von der Unfallstelle.,0,0.5,0,1.6,1.6,6.7,das,Foto,"Sofort schoss der Reporter, der die Zigarette rauchte, das",0.7749102,SE,intfloat/multilingual-e5-large
230,231,Foto,58,C,von der Unfallstelle.,0,0.0,0,6.7,2.1,1.7,das,Foto,"Sofort verspeiste der Reporter, der die Kamera bediente, das",0.80202794,SE,intfloat/multilingual-e5-large
231,232,Foto,58,D,von der Unfallstelle.,0,0.0,0,1.6,1.6,1.7,das,Foto,"Sofort verspeiste der Reporter, der die Zigarette rauchte, das",0.7801192,SE,intfloat/multilingual-e5-large
232,233,Programm,59,A,für seinen Boss.,0,0.5,0,6.9,5.8,6.7,das,Programm,"Unverzüglich entwickelte der Informatiker, der den Computer hochfuhr, das",0.77261835,SE,intfloat/multilingual-e5-large
233,234,Programm,59,B,für seinen Boss.,0,0.75,0,1.8,2.0,6.7,das,Programm,"Unverzüglich entwickelte der Informatiker, der den Energydrink trank, das",0.7703175,SE,intfloat/multilingual-e5-large
234,235,Programm,59,C,für seinen Boss.,0,0.0,0,6.9,5.8,4.5,das,Programm,"Unverzüglich trocknete der Informatiker, der den Computer hochfuhr, das",0.7646927,SE,intfloat/multilingual-e5-large
235,236,Programm,59,D,für seinen Boss.,0,0.0,0,1.8,2.0,4.5,das,Programm,"Unverzüglich trocknete der Informatiker, der den Energydrink trank, das",0.7666235,SE,intfloat/multilingual-e5-large
236,237,Urteil,60,A,und schloss die Verhandlung.,0,1.0,1,7.0,4.5,6.7,das,Urteil,"Nun verkündete der Richter, nachdem er den Angeklagten hereingerufen hatte, das",0.8297252,SE,intfloat/multilingual-e5-large
237,238,Urteil,60,B,und schloss die Verhandlung.,0,1.0,1,1.9,2.8,6.7,das,Urteil,"Nun verkündete der Richter, nachdem er die Lesebrille aufgesetzt hatte, das",0.81895894,SE,intfloat/multilingual-e5-large
238,239,Urteil,60,C,und schloss die Verhandlung.,0,0.0,1,7.0,4.5,1.7,das,Urteil,"Nun roch der Richter, nachdem er den Angeklagten hereingerufen hatte, das",0.8215506,SE,intfloat/multilingual-e5-large
239,240,Urteil,60,D,und schloss die Verhandlung.,0,0.0,1,1.9,2.8,1.7,das,Urteil,"Nun roch der Richter, nachdem er die Lesebrille aufgesetzt hatte, das",0.80658984,SE,intfloat/multilingual-e5-large
240,241,Prüfung,61,A,in Mathematik.,0,0.58,0,6.6,5.0,5.8,die,Prüfung,"Zunächst bestand der Student, der das Studium wiederaufnahm, die",0.82899064,SE,intfloat/multilingual-e5-large
241,242,Prüfung,61,B,in Mathematik.,0,0.25,0,2.0,1.3,5.8,die,Prüfung,"Zunächst bestand der Student, der das Jackett auszog, die",0.800628,SE,intfloat/multilingual-e5-large
242,243,Prüfung,61,C,in Mathematik.,0,0.0,0,6.6,5.0,3.4,die,Prüfung,"Zunächst kochte der Student, der das Studium wiederaufnahm, die",0.8163191,SE,intfloat/multilingual-e5-large
243,244,Prüfung,61,D,in Mathematik.,0,0.0,0,2.0,1.3,3.4,die,Prüfung,"Zunächst kochte der Student, der das Jackett auszog, die",0.7899415,SE,intfloat/multilingual-e5-large
244,245,Lied,62,A,über die Vergangenheit.,1,0.58,1,6.3,1.3,7.0,das,Lied,"Konzentriert sang der Sänger, der das Mikrofon umklammerte, das",0.79572654,SE,intfloat/multilingual-e5-large
245,246,Lied,62,B,über die Vergangenheit.,1,0.58,1,1.9,1.5,7.0,das,Lied,"Konzentriert sang der Sänger, der den Hut abnahm, das",0.797665,SE,intfloat/multilingual-e5-large
246,247,Lied,62,C,über die Vergangenheit.,1,0.0,1,6.3,1.3,1.1,das,Lied,"Konzentriert reparierte der Sänger, der das Mikrofon umklammerte, das",0.77405506,SE,intfloat/multilingual-e5-large
247,248,Lied,62,D,über die Vergangenheit.,1,0.0,1,1.9,1.5,1.1,das,Lied,"Konzentriert reparierte der Sänger, der den Hut abnahm, das",0.77985895,SE,intfloat/multilingual-e5-large
248,249,Farbe,63,A,für den nächsten Auftrag.,0,0.92,1,6.9,3.5,6.3,die,Farbe,"Zufrieden mischte der Anstreicher, der die Pinsel gewaschen hatte, die",0.76566625,SE,intfloat/multilingual-e5-large
249,250,Farbe,63,B,für den nächsten Auftrag.,0,1.0,1,3.5,1.8,6.3,die,Farbe,"Zufrieden mischte der Anstreicher, der die Plätzchen gegessen hatte, die",0.751749,SE,intfloat/multilingual-e5-large
250,251,Farbe,63,C,für den nächsten Auftrag.,0,0.0,1,6.9,3.5,1.4,die,Farbe,"Zufrieden würzte der Anstreicher, der die Pinsel gewaschen hatte, die",0.7662846,SE,intfloat/multilingual-e5-large
251,252,Farbe,63,D,für den nächsten Auftrag.,0,0.0,1,3.5,1.8,1.4,die,Farbe,"Zufrieden würzte der Anstreicher, der die Plätzchen gegessen hatte, die",0.75453854,SE,intfloat/multilingual-e5-large
252,253,Blumen,64,A,im Blumenkasten.,0,0.58,1,6.2,5.8,7.0,die,Blumen,"Einen Moment lang gießt der Gärtner, der den Dünger verteilt hat, die",0.7813326,SE,intfloat/multilingual-e5-large
253,254,Blumen,64,B,im Blumenkasten.,0,0.5,1,2.0,1.4,7.0,die,Blumen,"Einen Moment lang gießt der Gärtner, der die Opernmusik angestellt hat, die",0.78909737,SE,intfloat/multilingual-e5-large
254,255,Blumen,64,C,im Blumenkasten.,0,0.0,1,6.2,5.8,1.7,die,Blumen,"Einen Moment lang ölt der Gärtner, der den Dünger verteilt hat, die",0.7831035,SE,intfloat/multilingual-e5-large
255,256,Blumen,64,D,im Blumenkasten.,0,0.0,1,2.0,1.4,1.7,die,Blumen,"Einen Moment lang ölt der Gärtner, der die Opernmusik angestellt hat, die",0.7892825,SE,intfloat/multilingual-e5-large
256,257,Hecke,65,A,um das Grundstück.,2,0.5,1,6.6,1.9,6.5,die,Hecke,"Gestern Nachmittag stutzte der Landschaftsgärtner, der die Gartenschere geschärft hatte, die",0.75049174,SE,intfloat/multilingual-e5-large
257,258,Hecke,65,B,um das Grundstück.,2,0.58,1,1.4,1.8,6.5,die,Hecke,"Gestern Nachmittag stutzte der Landschaftsgärtner, der die Sonnenbrille aufgesetzt hatte, die",0.74794555,SE,intfloat/multilingual-e5-large
258,259,Hecke,65,C,um das Grundstück.,2,0.0,1,6.6,1.9,1.3,die,Hecke,"Gestern Nachmittag bezahlte der Landschaftsgärtner, der die Gartenschere geschärft hatte, die",0.74496144,SE,intfloat/multilingual-e5-large
259,260,Hecke,65,D,um das Grundstück.,2,0.0,1,1.4,1.8,1.3,die,Hecke,"Gestern Nachmittag bezahlte der Landschaftsgärtner, der die Sonnenbrille aufgesetzt hatte, die",0.74299484,SE,intfloat/multilingual-e5-large
260,261,Feld,66,A,mit einem Gaul.,2,0.92,0,6.8,2.1,6.2,das,Feld,"Früher beackerte der Landwirt, der den Traktor gestartet hatte, das",0.75934273,SE,intfloat/multilingual-e5-large
261,262,Feld,66,B,mit einem Gaul.,2,0.67,0,3.9,1.1,6.2,das,Feld,"Früher beackerte der Landwirt, der den Sonnenhut aufgesetzt hatte, das",0.75406855,SE,intfloat/multilingual-e5-large
262,263,Feld,66,C,mit einem Gaul.,2,0.0,0,6.8,2.1,2.5,das,Feld,"Früher kopierte der Landwirt, der den Traktor gestartet hatte, das",0.75820893,SE,intfloat/multilingual-e5-large
263,264,Feld,66,D,mit einem Gaul.,2,0.0,0,3.9,1.1,2.5,das,Feld,"Früher kopierte der Landwirt, der den Sonnenhut aufgesetzt hatte, das",0.7528067,SE,intfloat/multilingual-e5-large
264,265,Schuh,67,A,und polierte ihn.,1,0.5,0,6.4,4.1,4.9,den,Schuh,"Heute Morgen flickte der Schuster, der den Absatz ausgetauscht hatte, den",0.78313684,SE,intfloat/multilingual-e5-large
265,266,Schuh,67,B,und polierte ihn.,1,0.75,0,1.2,1.0,4.9,den,Schuh,"Heute Morgen flickte der Schuster, der die Sirene gehört hatte, den",0.7716193,SE,intfloat/multilingual-e5-large
266,267,Schuh,67,C,und polierte ihn.,1,0.0,0,6.4,4.1,1.0,den,Schuh,"Heute Morgen schmeckte der Schuster, der den Absatz ausgetauscht hatte, den",0.7803199,SE,intfloat/multilingual-e5-large
267,268,Schuh,67,D,und polierte ihn.,1,0.0,0,1.2,1.0,1.0,den,Schuh,"Heute Morgen schmeckte der Schuster, der die Sirene gehört hatte, den",0.767461,SE,intfloat/multilingual-e5-large
268,269,Koffer,68,A,für die Kreuzfahrt.,1,0.83,0,6.6,3.5,6.9,den,Koffer,"Schnell packte der Urlauber, als er die Klamotten gefaltet hatte, den",0.7934909,SE,intfloat/multilingual-e5-large
269,270,Koffer,68,B,für die Kreuzfahrt.,1,0.5,0,1.2,1.9,6.9,den,Koffer,"Schnell packte der Urlauber, als er die Gardinen aufgezogen hatte, den",0.7859087,SE,intfloat/multilingual-e5-large
270,271,Koffer,68,C,für die Kreuzfahrt.,1,0.0,0,6.6,3.5,1.2,den,Koffer,"Schnell rührte der Urlauber, als er die Klamotten gefaltet hatte, den",0.7776772,SE,intfloat/multilingual-e5-large
271,272,Koffer,68,D,für die Kreuzfahrt.,1,0.0,0,1.2,1.9,1.2,den,Koffer,"Schnell rührte der Urlauber, als er die Gardinen aufgezogen hatte, den",0.765798,SE,intfloat/multilingual-e5-large
272,273,Honig,69,A,aus den Waben.,0,1.0,1,6.9,1.0,5.5,den,Honig,"Sorgfältig erntet der Imker, nachdem er den Bienenstock erreicht hat, den",0.80003476,SE,intfloat/multilingual-e5-large
273,274,Honig,69,B,aus den Waben.,0,0.92,1,2.8,1.1,5.5,den,Honig,"Sorgfältig erntet der Imker, nachdem er das Haus verlassen hat, den",0.79385406,SE,intfloat/multilingual-e5-large
274,275,Honig,69,C,aus den Waben.,0,0.0,1,6.9,1.0,1.2,den,Honig,"Sorgfältig näht der Imker, nachdem er den Bienenstock erreicht hat, den",0.79123265,SE,intfloat/multilingual-e5-large
275,276,Honig,69,D,aus den Waben.,0,0.0,1,2.8,1.1,1.2,den,Honig,"Sorgfältig näht der Imker, nachdem er das Haus verlassen hat, den",0.78313726,SE,intfloat/multilingual-e5-large
276,277,Gewehr,70,A,und zielt erneut.,0,0.42,1,6.4,6.1,6.0,das,Gewehr,"Vorsichtig lädt der Jäger, der die Munition verschossen hat, das",0.78488046,SE,intfloat/multilingual-e5-large
277,278,Gewehr,70,B,und zielt erneut.,0,0.5,1,1.4,1.3,6.0,das,Gewehr,"Vorsichtig lädt der Jäger, der den Campingplatz verlassen hat, das",0.7710365,SE,intfloat/multilingual-e5-large
278,279,Gewehr,70,C,und zielt erneut.,0,0.0,1,6.4,6.1,1.3,das,Gewehr,"Vorsichtig schneidet der Jäger, der die Munition verschossen hat, das",0.7840963,SE,intfloat/multilingual-e5-large
279,280,Gewehr,70,D,und zielt erneut.,0,0.0,1,1.4,1.3,1.3,das,Gewehr,"Vorsichtig schneidet der Jäger, der den Campingplatz verlassen hat, das",0.7700928,SE,intfloat/multilingual-e5-large
280,281,Mörtel,71,A,für die Mauer.,0,0.42,0,6.1,4.0,6.0,den,Mörtel,"Vorsichtig mischte der Maurer, der die Backsteine aufeinanderlegte, den",0.77432203,SE,intfloat/multilingual-e5-large
281,282,Mörtel,71,B,für die Mauer.,0,0.25,0,1.4,1.0,6.0,den,Mörtel,"Vorsichtig mischte der Maurer, der die Nachbarn belauschte, den",0.7605636,SE,intfloat/multilingual-e5-large
282,283,Mörtel,71,C,für die Mauer.,0,0.0,0,6.1,4.0,1.3,den,Mörtel,"Vorsichtig schrieb der Maurer, der die Backsteine aufeinanderlegte, den",0.77698046,SE,intfloat/multilingual-e5-large
283,284,Mörtel,71,D,für die Mauer.,0,0.0,0,1.4,1.0,1.3,den,Mörtel,"Vorsichtig schrieb der Maurer, der die Nachbarn belauschte, den",0.76772904,SE,intfloat/multilingual-e5-large
284,285,Mehl,72,A,aus dem Korn.,2,0.67,0,6.9,1.4,5.9,das,Mehl,"Vorgestern mahlte der Müller, der die Mühle betrieb, das",0.77853054,SE,intfloat/multilingual-e5-large
285,286,Mehl,72,B,aus dem Korn.,2,0.5,0,1.0,1.1,5.9,das,Mehl,"Vorgestern mahlte der Müller, der das Lied pfiff, das",0.75366527,SE,intfloat/multilingual-e5-large
286,287,Mehl,72,C,aus dem Korn.,2,0.0,0,6.9,1.4,2.4,das,Mehl,"Vorgestern verzierte der Müller, der die Mühle betrieb, das",0.76203686,SE,intfloat/multilingual-e5-large
287,288,Mehl,72,D,aus dem Korn.,2,0.17,0,1.0,1.1,2.4,das,Mehl,"Vorgestern verzierte der Müller, der das Lied pfiff, das",0.74648434,SE,intfloat/multilingual-e5-large
288,289,Kuh,73,A,und brachte ihr frisches Heu.,0,1.0,0,7.0,4.5,6.8,die,Kuh,"Vorsichtig melkte der Viehzüchter, nachdem er den Stall ausgemistet hatte, die",0.803981,SE,intfloat/multilingual-e5-large
289,290,Kuh,73,B,und brachte ihr frisches Heu.,0,0.75,0,3.1,1.0,6.8,die,Kuh,"Vorsichtig melkte der Viehzüchter, nachdem er das Gemüse sortiert hatte, die",0.8002031,SE,intfloat/multilingual-e5-large
290,291,Kuh,73,C,und brachte ihr frisches Heu.,0,0.0,0,7.0,4.5,1.4,die,Kuh,"Vorsichtig kleidete der Viehzüchter, nachdem er den Stall ausgemistet hatte, die",0.7948117,SE,intfloat/multilingual-e5-large
291,292,Kuh,73,D,und brachte ihr frisches Heu.,0,0.08,0,3.1,1.0,1.4,die,Kuh,"Vorsichtig kleidete der Viehzüchter, nachdem er das Gemüse sortiert hatte, die",0.7880875,SE,intfloat/multilingual-e5-large
292,293,Bett,74,A,und das Kissen.,0,0.92,0,6.9,4.7,6.9,das,Bett,"Zuerst bezog der Hotelangestellte, nachdem er den Bezug entfaltet hatte, das",0.7510133,SE,intfloat/multilingual-e5-large
293,294,Bett,74,B,und das Kissen.,0,0.67,0,1.1,1.8,6.9,das,Bett,"Zuerst bezog der Hotelangestellte, nachdem er den Hamburger verspeist hatte, das",0.74566007,SE,intfloat/multilingual-e5-large
294,295,Bett,74,C,und das Kissen.,0,0.08,0,6.9,4.7,1.2,das,Bett,"Zuerst fälschte der Hotelangestellte, nachdem er den Bezug entfaltet hatte, das",0.74196833,SE,intfloat/multilingual-e5-large
295,296,Bett,74,D,und das Kissen.,0,0.0,0,1.1,1.8,1.2,das,Bett,"Zuerst fälschte der Hotelangestellte, nachdem er den Hamburger verspeist hatte, das",0.73831993,SE,intfloat/multilingual-e5-large
296,297,Ziel,75,A,und durchtrennt die Ziellinie.,1,0.92,0,6.0,5.8,6.6,das,Ziel,"Augenblicklich erreicht der Sprinter, der das Rennen gewinnt, das",0.787757,SE,intfloat/multilingual-e5-large
297,298,Ziel,75,B,und durchtrennt die Ziellinie.,1,0.75,0,1.9,2.7,6.6,das,Ziel,"Augenblicklich erreicht der Sprinter, der den Wind genießt, das",0.7841166,SE,intfloat/multilingual-e5-large
298,299,Ziel,75,C,und durchtrennt die Ziellinie.,1,0.0,0,6.0,5.8,1.9,das,Ziel,"Augenblicklich reinigt der Sprinter, der das Rennen gewinnt, das",0.7782091,SE,intfloat/multilingual-e5-large
299,300,Ziel,75,D,und durchtrennt die Ziellinie.,1,0.0,0,1.9,2.7,1.9,das,Ziel,"Augenblicklich reinigt der Sprinter, der den Wind genießt, das",0.7751056,SE,intfloat/multilingual-e5-large
300,301,Welle,76,A,bis zum Strand.,0,0.58,0,5.1,1.3,7.0,die,Welle,"Direkt surft der Surfer, der die Badehose angezogen hat, die",0.7810395,SE,intfloat/multilingual-e5-large
301,302,Welle,76,B,bis zum Strand.,0,0.42,0,3.2,1.3,7.0,die,Welle,"Direkt surft der Surfer, der den Tagesausflug unternommen hat, die",0.7773127,SE,intfloat/multilingual-e5-large
302,303,Welle,76,C,bis zum Strand.,0,0.0,0,5.1,1.3,1.5,die,Welle,"Direkt reserviert der Surfer, der die Badehose angezogen hat, die",0.7746077,SE,intfloat/multilingual-e5-large
303,304,Welle,76,D,bis zum Strand.,0,0.0,0,3.2,1.3,1.5,die,Welle,"Direkt reserviert der Surfer, der den Tagesausflug unternommen hat, die",0.7662113,SE,intfloat/multilingual-e5-large
304,305,Fahrkarten,77,A,der Pendler.,0,0.5,1,6.7,3.3,6.6,die,Fahrkarten,"Gut gelaunt kontrollierte der Schaffner, der das Zugabteil betreten hatte, die",0.79047054,SE,intfloat/multilingual-e5-large
305,306,Fahrkarten,77,B,der Pendler.,0,0.42,1,2.8,2.4,6.6,die,Fahrkarten,"Gut gelaunt kontrollierte der Schaffner, der die Mittagspause beendet hatte, die",0.77384734,SE,intfloat/multilingual-e5-large
306,307,Fahrkarten,77,C,der Pendler.,0,0.0,1,6.7,3.3,1.3,die,Fahrkarten,"Gut gelaunt zitierte der Schaffner, der das Zugabteil betreten hatte, die",0.79086757,SE,intfloat/multilingual-e5-large
307,308,Fahrkarten,77,D,der Pendler.,0,0.0,1,2.8,2.4,1.3,die,Fahrkarten,"Gut gelaunt zitierte der Schaffner, der die Mittagspause beendet hatte, die",0.775449,SE,intfloat/multilingual-e5-large
308,309,Leitung,78,A,im Gebäude.,0,0.5,1,6.8,4.5,6.2,die,Leitung,"Am Mittag verlegte der Elektriker, nachdem er den Strom abgeschaltet hatte, die",0.7864185,SE,intfloat/multilingual-e5-large
309,310,Leitung,78,B,im Gebäude.,0,0.41,1,2.2,3.4,6.2,die,Leitung,"Am Mittag verlegte der Elektriker, nachdem er den Anwohner informiert hatte, die",0.7856528,SE,intfloat/multilingual-e5-large
310,311,Leitung,78,C,im Gebäude.,0,0.0,1,6.8,4.5,1.5,die,Leitung,"Am Mittag verfasste der Elektriker, nachdem er den Strom abgeschaltet hatte, die",0.7778085,SE,intfloat/multilingual-e5-large
311,312,Leitung,78,D,im Gebäude.,0,0.0,1,2.2,3.4,1.5,die,Leitung,"Am Mittag verfasste der Elektriker, nachdem er den Anwohner informiert hatte, die",0.7773448,SE,intfloat/multilingual-e5-large
312,313,Segel,79,A,des großen Bootes.,3,0.42,1,5.5,4.4,5.8,die,Segel,"Langsam hisst der Matrose, nachdem er die Taue gekappt hat, die",0.7505736,SE,intfloat/multilingual-e5-large
313,314,Segel,79,B,des großen Bootes.,3,0.42,1,2.2,2.7,5.8,die,Segel,"Langsam hisst der Matrose, nachdem er die Handschuhe angezogen hat, die",0.7618684,SE,intfloat/multilingual-e5-large
314,315,Segel,79,C,des großen Bootes.,3,0.0,1,5.5,4.4,1.9,die,Segel,"Langsam verzehrt der Matrose, nachdem er die Taue gekappt hat, die",0.75137025,SE,intfloat/multilingual-e5-large
315,316,Segel,79,D,des großen Bootes.,3,0.0,1,2.2,2.7,1.9,die,Segel,"Langsam verzehrt der Matrose, nachdem er die Handschuhe angezogen hat, die",0.76527613,SE,intfloat/multilingual-e5-large
316,317,Gläser,80,A,und spricht mit dem Kollegen.,0,0.67,1,5.2,1.4,5.8,die,Gläser,"Direkt entspiegelt der Optiker, nachdem er den Sehtest durchgeführt hat, die",0.7736549,SE,intfloat/multilingual-e5-large
317,318,Gläser,80,B,und spricht mit dem Kollegen.,0,0.67,1,1.5,5.0,5.8,die,Gläser,"Direkt entspiegelt der Optiker, nachdem er die Jahresabrechnung aufgestellt hat, die",0.776849,SE,intfloat/multilingual-e5-large
318,319,Gläser,80,C,und spricht mit dem Kollegen.,0,0.0,1,5.2,1.4,4.3,die,Gläser,"Direkt verschließt der Optiker, nachdem er den Sehtest durchgeführt hat, die",0.7731516,SE,intfloat/multilingual-e5-large
319,320,Gläser,80,D,und spricht mit dem Kollegen.,0,0.0,1,1.5,5.0,4.3,die,Gläser,"Direkt verschließt der Optiker, nachdem er die Jahresabrechnung aufgestellt hat, die",0.777031,SE,intfloat/multilingual-e5-large
320,321,Korb,81,A,und holt einen Punkt.,0,0.83,0,6.0,4.8,4.8,den,Korb,"Auf der Stelle wirft der Basketballer, der den Ball gedribbelt hat, den",0.78131044,SE,intfloat/multilingual-e5-large
321,322,Korb,81,B,und holt einen Punkt.,0,0.5,0,2.9,1.8,4.8,den,Korb,"Auf der Stelle wirft der Basketballer, der die Sitzbank verlassen hat, den",0.77520674,SE,intfloat/multilingual-e5-large
322,323,Korb,81,C,und holt einen Punkt.,0,0.0,0,6.0,4.8,1.8,den,Korb,"Auf der Stelle bucht der Basketballer, der den Ball gedribbelt hat, den",0.7786346,SE,intfloat/multilingual-e5-large
323,324,Korb,81,D,und holt einen Punkt.,0,0.0,0,2.9,1.8,1.8,den,Korb,"Auf der Stelle bucht der Basketballer, der die Sitzbank verlassen hat, den",0.76989186,SE,intfloat/multilingual-e5-large
324,325,Muschel,82,A,und holt die Perle.,0,0.92,0,6.2,1.5,4.2,die,Muschel,"Ohne zu zögern knackt der Perlentaucher, der den Meeresgrund erreicht hat, die",0.76495504,SE,intfloat/multilingual-e5-large
325,326,Muschel,82,B,und holt die Perle.,0,0.75,0,1.0,1.2,4.2,die,Muschel,"Ohne zu zögern knackt der Perlentaucher, der die Taschenlampe angemacht hat, die",0.7618155,SE,intfloat/multilingual-e5-large
326,327,Muschel,82,C,und holt die Perle.,0,0.0,0,6.2,1.5,1.4,die,Muschel,"Ohne zu zögern verknotet der Perlentaucher, die den Meeresgrund erreicht hat, die",0.7666491,SE,intfloat/multilingual-e5-large
327,328,Muschel,82,D,und holt die Perle.,0,0.0,0,1.0,1.2,1.4,die,Muschel,"Ohne zu zögern verknotet der Perlentaucher, der die Taschenlampe angemacht hat, die",0.76388526,SE,intfloat/multilingual-e5-large
328,329,Bogen,83,A,und feuert den Pfeil ab.,0,1.0,0,7.0,2.1,6.7,den,Bogen,"Umsichtig spannt der Schütze, der den Pfeil gespitzt hat, den",0.77476877,SE,intfloat/multilingual-e5-large
329,330,Bogen,83,B,und feuert den Pfeil ab.,0,0.67,0,1.5,1.2,6.7,den,Bogen,"Umsichtig spannt der Schütze, der das Laub zusammengekehrt hat, den",0.77304035,SE,intfloat/multilingual-e5-large
330,331,Bogen,83,C,und feuert den Pfeil ab.,0,0.08,0,7.0,2.1,1.2,den,Bogen,"Umsichtig tippt der Schütze, der den Pfeil gespitzt hat, den",0.77266747,SE,intfloat/multilingual-e5-large
331,332,Bogen,83,D,und feuert den Pfeil ab.,0,0.0,0,1.5,1.2,1.2,den,Bogen,"Umsichtig tippt der Schütze, der das Laub zusammengekehrt hat, den",0.7727255,SE,intfloat/multilingual-e5-large
332,333,Ziegel,84,A,und beendete den Arbeitstag.,0,0.58,1,7.0,4.8,4.2,die,Ziegel,"Schnell verlegte der Dachdecker, der das Dach abdeckte, die",0.7669701,SE,intfloat/multilingual-e5-large
333,334,Ziegel,84,B,und beendete den Arbeitstag.,0,0.5,1,1.2,1.6,4.2,die,Ziegel,"Schnell verlegte der Dachdecker, der den Ehering auszog, die",0.7586258,SE,intfloat/multilingual-e5-large
334,335,Ziegel,84,C,und beendete den Arbeitstag.,0,0.0,1,7.0,4.8,1.0,die,Ziegel,"Schnell naschte der Dachdecker, der das Dach abdeckte, die",0.7600794,SE,intfloat/multilingual-e5-large
335,336,Ziegel,84,D,und beendete den Arbeitstag.,0,0.0,1,1.2,1.6,1.0,die,Ziegel,"Schnell naschte der Dachdecker, der den Ehering auszog, die",0.7534657,SE,intfloat/multilingual-e5-large
336,337,Kartons,85,A,und die Kisten.,0,0.58,1,6.5,1.9,5.5,die,Kartons,"Zuerst stapelt der Umzugshelfer, der den Umzugswagen gefahren hat, die",0.7715821,SE,intfloat/multilingual-e5-large
337,338,Kartons,85,B,und die Kisten.,0,0.67,1,4.4,1.1,5.5,die,Kartons,"Zuerst stapelt der Umzugshelfer, der die Firma gegründet hat, die",0.76311684,SE,intfloat/multilingual-e5-large
338,339,Kartons,85,C,und die Kisten.,0,0.0,1,6.5,1.9,2.0,die,Kartons,"Zuerst serviert der Umzugshelfer, der den Umzugswagen gefahren hat, die",0.76414,SE,intfloat/multilingual-e5-large
339,340,Kartons,85,D,und die Kisten.,0,0.0,1,4.4,1.1,2.0,die,Kartons,"Zuerst serviert der Umzugshelfer, der die Firma gegründet hat, die",0.752439,SE,intfloat/multilingual-e5-large
340,341,Unterricht,86,A,und wurde erwischt.,2,0.5,0,7.0,5.9,6.7,den,Unterricht,"Heute früh schwänzte der Schüler, der die Klasse wiederholt hatte, den",0.8184969,SE,intfloat/multilingual-e5-large
341,342,Unterricht,86,B,und wurde erwischt.,2,0.33,0,3.8,1.8,6.7,den,Unterricht,"Heute früh schwänzte der Schüler, der das Handy verloren hatte, den",0.79267865,SE,intfloat/multilingual-e5-large
342,343,Unterricht,86,C,und wurde erwischt.,2,0.0,0,7.0,5.9,1.7,den,Unterricht,"Heute früh dekorierte der Schüler, der die Klasse wiederholt hatte, den",0.8145814,SE,intfloat/multilingual-e5-large
343,344,Unterricht,86,D,und wurde erwischt.,2,0.0,0,3.8,1.8,1.7,den,Unterricht,"Heute früh dekorierte der Schüler, der das Handy verloren hatte, den",0.7914631,SE,intfloat/multilingual-e5-large
344,345,Ausweis,87,A,und ließ die Frau in den Club.,0,0.33,1,6.4,3.3,6.6,den,Ausweis,"Am Abend kontrollierte der Türsteher, der den Geldbeutel durchsuchte, den",0.78254604,SE,intfloat/multilingual-e5-large
345,346,Ausweis,87,B,und ließ die Frau in den Club.,0,0.25,1,2.0,1.2,6.6,den,Ausweis,"Am Abend kontrollierte der Türsteher, der die Nachtluft genoss, den",0.75976306,SE,intfloat/multilingual-e5-large
346,347,Ausweis,87,C,und ließ die Frau in den Club.,0,0.0,1,6.4,3.3,1.5,den,Ausweis,"Am Abend probierte der Türsteher, der den Geldbeutel durchsuchte, den",0.77453166,SE,intfloat/multilingual-e5-large
347,348,Ausweis,87,D,und ließ die Frau in den Club.,0,0.0,1,2.0,1.2,1.5,den,Ausweis,"Am Abend probierte der Türsteher, der die Nachtluft genoss, den",0.75115037,SE,intfloat/multilingual-e5-large
348,349,Windel,88,A,und warf sie in den Abfall.,0,0.92,1,6.7,2.4,6.5,die,Windel,"Umsichtig wechselte der Babysitter, der das Baby geweckt hatte, die",0.74094146,SE,intfloat/multilingual-e5-large
349,350,Windel,88,B,und warf sie in den Abfall.,0,0.83,1,1.0,1.1,6.5,die,Windel,"Umsichtig wechselte der Babysitter, der den Obstsalat zubereitet hatte, die",0.7412267,SE,intfloat/multilingual-e5-large
350,351,Windel,88,C,und warf sie in den Abfall.,0,0.08,1,6.7,2.4,1.5,die,Windel,"Umsichtig bastelte der Babysitter, der das Baby geweckt hatte, die",0.75417286,SE,intfloat/multilingual-e5-large
351,352,Windel,88,D,und warf sie in den Abfall.,0,0.0,1,1.0,1.1,1.5,die,Windel,"Umsichtig bastelte der Babysitter, der den Obstsalat zubereitet hatte, die",0.74744594,SE,intfloat/multilingual-e5-large
352,353,Gewichte,89,A,in die Höhe.,0,0.5,1,6.7,1.6,6.7,die,Gewichte,"Langsam stemmte der Bodybuilder, der das Fitnessstudio betreten hatte, die",0.8013465,SE,intfloat/multilingual-e5-large
353,354,Gewichte,89,B,in die Höhe.,0,0.42,1,1.7,2.0,6.7,die,Gewichte,"Langsam stemmte der Bodybuilder, der das Licht angemacht hatte, die",0.8008909,SE,intfloat/multilingual-e5-large
354,355,Gewichte,89,C,in die Höhe.,0,0.0,1,6.7,1.6,2.0,die,Gewichte,"Langsam verdaute der Bodybuilder, der das Fitnessstudio betreten hatte, die",0.8023452,SE,intfloat/multilingual-e5-large
355,356,Gewichte,89,D,in die Höhe.,0,0.0,1,1.7,2.0,2.0,die,Gewichte,"Langsam verdaute der Bodybuilder, der das Licht angemacht hatte, die",0.8002724,SE,intfloat/multilingual-e5-large
356,357,Rohr,90,A,im Badezimmer.,0,0.17,1,6.4,1.5,5.5,das,Rohr,"Umsichtig repariert der Klempner, der das Wasser ausgestellt hat, das",0.76149327,SE,intfloat/multilingual-e5-large
357,358,Rohr,90,B,im Badezimmer.,0,0.25,1,1.3,4.6,5.5,das,Rohr,"Umsichtig repariert der Klempner, der den Kirchenchor geleitet hat, das",0.76012737,SE,intfloat/multilingual-e5-large
358,359,Rohr,90,C,im Badezimmer.,0,0.0,1,6.4,1.5,1.1,das,Rohr,"Umsichtig nascht der Klempner, der das Wasser ausgestellt hat, das",0.75394416,SE,intfloat/multilingual-e5-large
359,360,Rohr,90,D,im Badezimmer.,0,0.0,1,1.3,4.6,1.1,das,Rohr,"Umsichtig nascht der Klempner, der den Kirchenchor geleitet hat, das",0.7547771,SE,intfloat/multilingual-e5-large
360,361,Artikel,91,A,für die nächste Ausgabe.,0,0.5,0,6.4,1.5,6.1,den,Artikel,"Schnell schreibt der Journalist, der die Recherche durchgeführt hat, den",0.8104639,SE,intfloat/multilingual-e5-large
361,362,Artikel,91,B,für die nächste Ausgabe.,0,0.25,0,2.5,5.4,6.1,den,Artikel,"Schnell schreibt der Journalist, der das Portemonnaie gefunden hat, den",0.8012757,SE,intfloat/multilingual-e5-large
362,363,Artikel,91,C,für die nächste Ausgabe.,0,0.0,0,6.4,1.5,2.3,den,Artikel,"Schnell lenkt der Journalist, der die Recherche durchgeführt hat, den",0.80360675,SE,intfloat/multilingual-e5-large
363,364,Artikel,91,D,für die nächste Ausgabe.,0,0.0,0,2.5,5.4,2.3,den,Artikel,"Schnell lenkt der Journalist, der das Portemonnaie gefunden hat, den",0.7948509,SE,intfloat/multilingual-e5-large
364,365,Reifen,92,A,an seinem Rad.,0,0.67,1,6.8,4.1,6.7,den,Reifen,"Heute Morgen flickte der Radler, der die Luftpumpe benutzt hatte, den",0.7776998,SE,intfloat/multilingual-e5-large
365,366,Reifen,92,B,an seinem Rad.,0,0.67,1,1.2,1.8,6.7,den,Reifen,"Heute Morgen flickte der Radler, der den Schrank abgeschlossen hatte, den",0.75531477,SE,intfloat/multilingual-e5-large
366,367,Reifen,92,C,an seinem Rad.,0,0.0,1,6.8,4.1,1.1,den,Reifen,"Heute Morgen trank der Radler, der die Luftpumpe benutzt hatte, den",0.7774547,SE,intfloat/multilingual-e5-large
367,368,Reifen,92,D,an seinem Rad.,0,0.0,1,1.2,1.8,1.1,den,Reifen,"Heute Morgen trank der Radler, der den Schrank abgeschlossen hatte, den",0.75942606,SE,intfloat/multilingual-e5-large
368,369,Briefkasten,93,A,und fährt weiter.,2,0.58,1,6.2,1.3,6.3,den,Briefkasten,"Umgehend entleert der Postbote, der das Postauto geparkt hat, den",0.7893349,SE,intfloat/multilingual-e5-large
369,370,Briefkasten,93,B,und fährt weiter.,2,0.58,1,2.5,2.0,6.3,den,Briefkasten,"Umgehend entleert der Postbote, der den Kugelschreiber verloren hat, den",0.79369134,SE,intfloat/multilingual-e5-large
370,371,Briefkasten,93,C,und fährt weiter.,2,0.0,1,6.2,1.3,1.1,den,Briefkasten,"Umgehend verdrückt der Postbote, der das Postauto geparkt hat, den",0.7888847,SE,intfloat/multilingual-e5-large
371,372,Briefkasten,93,D,und fährt weiter.,2,0.0,1,2.5,2.0,1.1,den,Briefkasten,"Umgehend verdrückt der Postbote, der den Kugelschreiber verloren hat, den",0.79440546,SE,intfloat/multilingual-e5-large
372,373,Drogen,94,A,für die nächste Woche.,0,0.5,1,6.8,2.2,4.7,die,Drogen,"Hektisch kauft der Junkie, der den Dealer angerufen hat, die",0.81272244,SE,intfloat/multilingual-e5-large
373,374,Drogen,94,B,für die nächste Woche.,0,0.5,1,2.1,2.2,4.7,die,Drogen,"Hektisch kauft der Junkie, der die Kapuze aufgezogen hat, die",0.8004077,SE,intfloat/multilingual-e5-large
374,375,Drogen,94,C,für die nächste Woche.,0,0.0,1,6.8,2.2,1.1,die,Drogen,"Hektisch näht der Junkie, der den Dealer angerufen hat, die",0.80111116,SE,intfloat/multilingual-e5-large
375,376,Drogen,94,D,für die nächste Woche.,0,0.08,1,2.1,2.2,1.1,die,Drogen,"Hektisch näht der Junkie, der die Kapuze aufgezogen hat, die",0.78783745,SE,intfloat/multilingual-e5-large
376,377,Tonne,95,A,und sprang auf den Müllwagen.,0,0.75,1,6.4,1.8,5.8,die,Tonne,"Zügig leerte der Müllmann, der den Müllwagen geparkt hatte, die",0.7460091,SE,intfloat/multilingual-e5-large
377,378,Tonne,95,B,und sprang auf den Müllwagen.,0,0.75,1,4.2,1.1,5.8,die,Tonne,"Zügig leerte der Müllmann, der den Hausbesitzer gegrüßt hatte, die",0.7393893,SE,intfloat/multilingual-e5-large
378,379,Tonne,95,C,und sprang auf den Müllwagen.,0,0.0,1,6.4,1.8,1.8,die,Tonne,"Zügig bastelte der Müllmann, der den Müllwagen geparkt hatte, die",0.74637556,SE,intfloat/multilingual-e5-large
379,380,Tonne,95,D,und sprang auf den Müllwagen.,0,0.0,1,4.2,1.1,1.8,die,Tonne,"Zügig bastelte der Müllmann, der den Hausbesitzer gegrüßt hatte, die",0.74371433,SE,intfloat/multilingual-e5-large
380,381,Peitsche,96,A,und gab die Sporen.,2,0.58,1,6.0,5.6,5.8,die,Peitsche,"Hektisch knallte der Reiter, der das Pferd ritt, die",0.73872924,SE,intfloat/multilingual-e5-large
381,382,Peitsche,96,B,und gab die Sporen.,2,0.5,1,1.2,1.2,5.8,die,Peitsche,"Hektisch knallte der Reiter, der die Landschaft durchquerte, die",0.7344937,SE,intfloat/multilingual-e5-large
382,383,Peitsche,96,C,und gab die Sporen.,2,0.0,1,6.0,5.6,1.1,die,Peitsche,"Hektisch verfasste der Reiter, der das Pferd ritt, die",0.74758685,SE,intfloat/multilingual-e5-large
383,384,Peitsche,96,D,und gab die Sporen.,2,0.0,1,1.2,1.2,1.1,die,Peitsche,"Hektisch verfasste der Reiter, der die Landschaft durchquerte, die",0.7456323,SE,intfloat/multilingual-e5-large
384,385,Waffe,97,A,und verlangte das Geld.,0,0.58,1,3.9,6.5,6.1,die,Waffe,"Nach kurzem Überlegen zückte der Gangster, der die Bank überfiel, die",0.7605807,SE,intfloat/multilingual-e5-large
385,386,Waffe,97,B,und verlangte das Geld.,0,0.58,1,1.3,1.1,6.1,die,Waffe,"Nach kurzem Überlegen zückte der Gangster, der den Bus betrat, die",0.75272226,SE,intfloat/multilingual-e5-large
386,387,Waffe,97,C,und verlangte das Geld.,0,0.0,1,3.9,6.5,1.4,die,Waffe,"Nach kurzem Überlegen gründete der Gangster, der die Bank überfiel, die",0.75706625,SE,intfloat/multilingual-e5-large
387,388,Waffe,97,D,und verlangte das Geld.,0,0.0,1,1.3,1.1,1.4,die,Waffe,"Nach kurzem Überlegen gründete der Gangster, der den Bus betrat, die",0.75459296,SE,intfloat/multilingual-e5-large
388,389,Schiff,98,A,und übernahm das Kommando.,0,0.92,1,6.2,5.1,6.8,das,Schiff,"Zufrieden kaperte der Pirat, der die Flagge hisste, das",0.76419914,SE,intfloat/multilingual-e5-large
389,390,Schiff,98,B,und übernahm das Kommando.,0,0.92,1,2.3,1.4,6.8,das,Schiff,"Zufrieden kaperte der Pirat, der die Fehde austrug, das",0.7610073,SE,intfloat/multilingual-e5-large
390,391,Schiff,98,C,und übernahm das Kommando.,0,0.0,1,6.2,5.1,1.1,das,Schiff,"Zufrieden verrührte der Pirat, der die Flagge hisste, das",0.7596573,SE,intfloat/multilingual-e5-large
391,392,Schiff,98,D,und übernahm das Kommando.,0,0.0,1,2.3,1.4,1.1,das,Schiff,"Zufrieden verrührte der Pirat, der die Fehde austrug, das",0.7541685,SE,intfloat/multilingual-e5-large
392,393,Aktie,99,A,und berichtet seinem Auftraggeber.,0,0.75,1,6.9,1.1,6.5,die,Aktie,"Sofort kauft der Börsenmakler, der die Börse betreten hat, die",0.7942216,SE,intfloat/multilingual-e5-large
393,394,Aktie,99,B,und berichtet seinem Auftraggeber.,0,0.83,1,1.4,1.6,6.5,die,Aktie,"Sofort kauft der Börsenmakler, der den Whiskey eingeschenkt hat, die",0.7846408,SE,intfloat/multilingual-e5-large
394,395,Aktie,99,C,und berichtet seinem Auftraggeber.,0,0.0,1,6.9,1.1,1.4,die,Aktie,"Sofort knabbert der Börsenmakler, der die Börse betreten hat, die",0.7877361,SE,intfloat/multilingual-e5-large
395,396,Aktie,99,D,und berichtet seinem Auftraggeber.,0,0.0,1,1.4,1.6,1.4,die,Aktie,"Sofort knabbert der Börsenmakler, der den Whiskey eingeschenkt hat, die",0.779072,SE,intfloat/multilingual-e5-large
396,397,Loch,100,A,in die Decke.,0,1.0,0,6.5,2.0,6.9,das,Loch,"Gestern bohrte der Handwerker, der die Bohrmaschine hielt, das",0.75598884,SE,intfloat/multilingual-e5-large
397,398,Loch,100,B,in die Decke.,0,0.75,0,1.4,1.7,6.9,das,Loch,"Gestern bohrte der Handwerker, der das Kaugummi kaute, das",0.73867464,SE,intfloat/multilingual-e5-large
398,399,Loch,100,C,in die Decke.,0,0.0,0,6.5,2.0,3.9,das,Loch,"Gestern warf der Handwerker, der die Bohrmaschine hielt, das",0.753432,SE,intfloat/multilingual-e5-large
399,400,Loch,100,D,in die Decke.,0,0.0,0,1.4,1.7,3.9,das,Loch,"Gestern warf der Handwerker, der das Kaugummi kaute, das",0.72930783,SE,intfloat/multilingual-e5-large
400,401,Blutdruck,101,A,und den Blutzucker.,3,0.58,1,6.8,1.6,6.7,den,Blutdruck,"Am Morgen misst der Arzthelfer, der das Messgerät hält, den",0.81188506,SE,intfloat/multilingual-e5-large
401,402,Blutdruck,101,B,und den Blutzucker.,3,0.58,1,2.3,1.6,6.7,den,Blutdruck,"Am Morgen misst der Arzthelfer, der den Bildschirm anstellt, den",0.8101548,SE,intfloat/multilingual-e5-large
402,403,Blutdruck,101,C,und den Blutzucker.,3,0.0,1,6.8,1.6,1.4,den,Blutdruck,"Am Morgen kauft der Arzthelfer, der das Messgerät hält, den",0.7970765,SE,intfloat/multilingual-e5-large
403,404,Blutdruck,101,D,und den Blutzucker.,3,0.0,1,2.3,1.6,1.4,den,Blutdruck,"Am Morgen kauft der Arzthelfer, der den Bildschirm anstellt, den",0.7889693,SE,intfloat/multilingual-e5-large
404,405,Tuch,102,A,und machte sich bereit.,0,0.67,0,6.3,3.5,2.7,das,Tuch,"Konzentriert schwang der Torero, der den Stier verwundet hatte, das",0.759005,SE,intfloat/multilingual-e5-large
405,406,Tuch,102,B,und machte sich bereit.,0,0.83,0,4.1,1.8,2.7,das,Tuch,"Konzentriert schwang der Torero, der das Gebet aufgesagt hatte, das",0.75804454,SE,intfloat/multilingual-e5-large
406,407,Tuch,102,C,und machte sich bereit.,0,0.0,0,6.3,3.5,2.6,das,Tuch,"Konzentriert befüllte der Torero, der den Stier verwundet hatte, das",0.7584669,SE,intfloat/multilingual-e5-large
407,408,Tuch,102,D,und machte sich bereit.,0,0.0,0,4.1,1.8,2.6,das,Tuch,"Konzentriert befüllte der Torero, der das Gebet aufgesagt hatte, das",0.755299,SE,intfloat/multilingual-e5-large
408,409,Schwert,103,A,und griff den Gegner an.,0,0.92,1,6.2,1.5,5.9,das,Schwert,"Angespannt zückte der Ritter, nachdem er den Kampf begonnen hatte, das",0.7903213,SE,intfloat/multilingual-e5-large
409,410,Schwert,103,B,und griff den Gegner an.,0,0.92,1,1.1,1.0,5.9,das,Schwert,"Angespannt zückte der Ritter, nachdem er die Brücke überquert hatte, das",0.78424543,SE,intfloat/multilingual-e5-large
410,411,Schwert,103,C,und griff den Gegner an.,0,0.0,1,6.2,1.5,1.1,das,Schwert,"Angespannt kaute der Ritter, nachdem er den Kampf begonnen hatte, das",0.79044455,SE,intfloat/multilingual-e5-large
411,412,Schwert,103,D,und griff den Gegner an.,0,0.08,1,1.1,1.0,1.1,das,Schwert,"Angespannt kaute der Ritter, nachdem er die Brücke überquert hatte, das",0.7808255,SE,intfloat/multilingual-e5-large
412,413,Rettungswagen,104,A,in Richtung des Krankenhauses.,0,0.75,0,6.8,2.6,4.7,den,Rettungswagen,"Wachsam steuert der Sanitäter, der das Blaulicht eingeschaltet hat, den",0.81913906,SE,intfloat/multilingual-e5-large
413,414,Rettungswagen,104,B,in Richtung des Krankenhauses.,0,0.58,0,1.3,1.2,4.7,den,Rettungswagen,"Wachsam steuert der Sanitäter, der den Notizblock weggelegt hat, den",0.79334223,SE,intfloat/multilingual-e5-large
414,415,Rettungswagen,104,C,in Richtung des Krankenhauses.,0,0.0,0,6.8,2.6,1.0,den,Rettungswagen,"Wachsam kopiert der Sanitäter, der das Blaulicht eingeschaltet hat, den",0.81107146,SE,intfloat/multilingual-e5-large
415,416,Rettungswagen,104,D,in Richtung des Krankenhauses.,0,0.0,0,1.3,1.2,1.0,den,Rettungswagen,"Wachsam kopiert der Sanitäter, der den Notizblock weggelegt hat, den",0.7827925,SE,intfloat/multilingual-e5-large
416,417,Aussage,105,A,und wendete sich an seinen Anwalt.,0,1.0,0,6.4,3.5,6.3,die,Aussage,"Ohne zu zögern verweigerte der Zeuge, der den Angeklagten wiedererkannte, die",0.80492765,SE,intfloat/multilingual-e5-large
417,418,Aussage,105,B,und wendete sich an seinen Anwalt.,0,0.83,0,1.1,1.6,6.3,die,Aussage,"Ohne zu zögern verweigerte der Zeuge, der den Gehstock umklammerte, die",0.78856266,SE,intfloat/multilingual-e5-large
418,419,Aussage,105,C,und wendete sich an seinen Anwalt.,0,0.0,0,6.4,3.5,2.6,die,Aussage,"Ohne zu zögern bestellte der Zeuge, der den Angeklagten wiedererkannte, die",0.80315375,SE,intfloat/multilingual-e5-large
419,420,Aussage,105,D,und wendete sich an seinen Anwalt.,0,0.0,0,1.1,1.6,2.6,die,Aussage,"Ohne zu zögern bestellte der Zeuge, der den Gehstock umklammerte, die",0.7914683,SE,intfloat/multilingual-e5-large
420,421,Schlittschuhe,106,A,und begibt sich auf die Eisfläche.,2,1.0,0,6.7,2.0,6.1,die,Schlittschuhe,"Sogleich schnürt der Eiskunstläufer, der die Eishalle erreicht hat, die",0.76780707,SE,intfloat/multilingual-e5-large
421,422,Schlittschuhe,106,B,und begibt sich auf die Eisfläche.,2,0.75,0,1.5,1.1,6.1,die,Schlittschuhe,"Sogleich schnürt der Eiskunstläufer, der das Bonbon gelutscht hat, die",0.76818854,SE,intfloat/multilingual-e5-large
422,423,Schlittschuhe,106,C,und begibt sich auf die Eisfläche.,2,0.0,0,6.7,2.0,1.6,die,Schlittschuhe,"Sogleich zerbricht der Eiskunstläufer, der die Eishalle erreicht hat, die",0.763757,SE,intfloat/multilingual-e5-large
423,424,Schlittschuhe,106,D,und begibt sich auf die Eisfläche.,2,0.08,0,1.5,1.1,1.6,die,Schlittschuhe,"Sogleich zerbricht der Eiskunstläufer, der das Bonbon gelutscht hat, die",0.7657481,SE,intfloat/multilingual-e5-large
424,425,Lasso,107,A,und fängt das Tier ein.,0,0.33,0,5.4,4.5,6.5,das,Lasso,"Gut gelaunt schwingt der Cowboy, nachdem er das Pferd gesattelt hatte, das",0.7305356,SE,intfloat/multilingual-e5-large
425,426,Lasso,107,B,und fängt das Tier ein.,0,0.75,0,1.3,1.6,6.5,das,Lasso,"Gut gelaunt schwingt der Cowboy, nachdem er den Kameraden gerufen hat, das",0.72997725,SE,intfloat/multilingual-e5-large
426,427,Lasso,107,C,und fängt das Tier ein.,0,0.0,0,5.4,4.5,1.1,das,Lasso,"Gut gelaunt zerhackt der Cowboy, nachdem er das Pferd gesattelt hatte, das",0.72765356,SE,intfloat/multilingual-e5-large
427,428,Lasso,107,D,und fängt das Tier ein.,0,0.0,0,1.3,1.6,1.1,das,Lasso,"Gut gelaunt zerhackt der Cowboy, nachdem er den Kameraden gerufen hat, das",0.7298411,SE,intfloat/multilingual-e5-large
428,429,Drehbuch,108,A,für die Serie.,2,0.33,0,6.6,4.4,6.0,das,Drehbuch,"Entspannt schrieb der Regisseur, der den Plot konstruiert hatte, das",0.8125778,SE,intfloat/multilingual-e5-large
429,430,Drehbuch,108,B,für die Serie.,2,0.75,0,1.1,1.3,6.0,das,Drehbuch,"Entspannt schrieb der Regisseur, der den Kamin angemacht hatte, das",0.7962916,SE,intfloat/multilingual-e5-large
430,431,Drehbuch,108,C,für die Serie.,2,0.0,0,6.6,4.4,1.1,das,Drehbuch,"Entspannt verzehrte der Regisseur, der den Plot konstruiert hatte, das",0.8006224,SE,intfloat/multilingual-e5-large
431,432,Drehbuch,108,D,für die Serie.,2,0.0,0,1.1,1.3,1.1,das,Drehbuch,"Entspannt verzehrte der Regisseur, der den Kamin angemacht hatte, das",0.7829504,SE,intfloat/multilingual-e5-large
432,433,Stern,109,A,am Firmament.,0,0.58,1,5.7,2.4,4.9,den,Stern,"Sofort entdeckt der Astronom, der das Teleskop aufgestellt hat, den",0.7733035,SE,intfloat/multilingual-e5-large
433,434,Stern,109,B,am Firmament.,0,0.58,1,3.0,1.9,4.9,den,Stern,"Sofort entdeckt der Astronom, der die Uhrzeit notiert hat, den",0.7728641,SE,intfloat/multilingual-e5-large
434,435,Stern,109,C,am Firmament.,0,0.0,1,5.7,2.4,1.4,den,Stern,"Sofort serviert der Astronom, der das Teleskop aufgestellt hat, den",0.7757287,SE,intfloat/multilingual-e5-large
435,436,Stern,109,D,am Firmament.,0,0.0,1,3.0,1.9,1.4,den,Stern,"Sofort serviert der Astronom, der die Uhrzeit notiert hat, den",0.7761247,SE,intfloat/multilingual-e5-large
436,437,Anker,110,A,und verließ den Hafen.,0,0.5,1,6.4,2.0,6.9,den,Anker,"Gestern lichtete der Seemann, der das Boot kommandierte, den",0.73875093,SE,intfloat/multilingual-e5-large
437,438,Anker,110,B,und verließ den Hafen.,0,0.58,1,1.0,4.1,6.9,den,Anker,"Gestern lichtete der Seemann, der den Atem anhielt, den",0.7513864,SE,intfloat/multilingual-e5-large
438,439,Anker,110,C,und verließ den Hafen.,0,0.0,1,6.4,2.0,1.0,den,Anker,"Gestern kochte der Seemann, der das Boot kommandierte, den",0.73659545,SE,intfloat/multilingual-e5-large
439,440,Anker,110,D,und verließ den Hafen.,0,0.0,1,1.0,4.1,1.0,den,Anker,"Gestern kochte der Seemann, der den Atem anhielt, den",0.75120866,SE,intfloat/multilingual-e5-large
440,441,Seil,111,A,um den Aufstieg abzusichern.,2,0.58,0,4.6,1.6,6.1,das,Seil,"Am Vormittag knotete der Bergsteiger, nachdem er den Haken festgebohrt hatte, das",0.76375675,SE,intfloat/multilingual-e5-large
441,442,Seil,111,B,um den Aufstieg abzusichern.,2,0.75,0,1.4,1.6,6.1,das,Seil,"Am Vormittag knotete der Bergsteiger, nachdem er die Krähe verscheucht hatte, das",0.7511241,SE,intfloat/multilingual-e5-large
442,443,Seil,111,C,um den Aufstieg abzusichern.,2,0.0,0,4.6,1.6,1.2,das,Seil,"Am Vormittag roch der Bergsteiger, nachdem er den Haken festgebohrt hatte, das",0.75841093,SE,intfloat/multilingual-e5-large
443,444,Seil,111,D,um den Aufstieg abzusichern.,2,0.0,0,1.4,1.6,1.2,das,Seil,"Am Vormittag roch der Bergsteiger, nachdem er die Krähe verscheucht hatte, das",0.7481421,SE,intfloat/multilingual-e5-large
444,445,Rouletterad,112,A,und verrät die nächste Zahl.,0,0.67,0,6.3,2.1,6.1,das,Rouletterad,"Entspannt dreht der Croupier, der den Spieltisch vorbereitet hat, das",0.7972556,SE,intfloat/multilingual-e5-large
445,446,Rouletterad,112,B,und verrät die nächste Zahl.,0,0.33,0,2.0,1.3,6.1,das,Rouletterad,"Entspannt dreht der Croupier, der die Frau beeindruckt hat, das",0.78276056,SE,intfloat/multilingual-e5-large
446,447,Rouletterad,112,C,und verrät die nächste Zahl.,0,0.0,0,6.3,2.1,1.1,das,Rouletterad,"Entspannt schlürft der Croupier, der den Spieltisch vorbereitet hat, das",0.78162223,SE,intfloat/multilingual-e5-large
447,448,Rouletterad,112,D,und verrät die nächste Zahl.,0,0.0,0,2.0,1.3,1.1,das,Rouletterad,"Entspannt schlürft der Croupier, der die Frau beeindruckt hat, das",0.7675541,SE,intfloat/multilingual-e5-large
448,449,Nägel,113,A,und lackierte sie.,0,0.75,0,6.9,1.7,6.8,die,Nägel,"Neulich feilte die Kosmetikerin, während sie die Maniküre durchführte, die",0.79741055,SE,intfloat/multilingual-e5-large
449,450,Nägel,113,B,und lackierte sie.,0,1.0,0,1.3,1.0,6.8,die,Nägel,"Neulich feilte die Kosmetikerin, während sie das Gespräch belauschte, die",0.7668316,SE,intfloat/multilingual-e5-large
450,451,Nägel,113,C,und lackierte sie.,0,0.08,0,6.9,1.7,5.5,die,Nägel,"Neulich baute die Kosmetikerin, während sie die Maniküre durchführte, die",0.7929422,SE,intfloat/multilingual-e5-large
451,452,Nägel,113,D,und lackierte sie.,0,0.0,0,1.3,1.0,5.5,die,Nägel,"Neulich baute die Kosmetikerin, während sie das Gespräch belauschte, die",0.7641592,SE,intfloat/multilingual-e5-large
452,453,Zukunft,114,A,der Familie.,0,0.58,1,6.7,3.9,6.8,die,Zukunft,"Sogleich prophezeite der Wahrsager, der die Kristallkugel befragt hatte, die",0.79247296,SE,intfloat/multilingual-e5-large
453,454,Zukunft,114,B,der Familie.,0,0.58,1,1.4,1.1,6.8,die,Zukunft,"Sogleich prophezeite der Wahrsager, der die Kerze angezündet hatte, die",0.7878905,SE,intfloat/multilingual-e5-large
454,455,Zukunft,114,C,der Familie.,0,0.0,1,6.7,3.9,1.5,die,Zukunft,"Sogleich würzte der Wahrsager, der die Kristallkugel befragt hatte, die",0.7783002,SE,intfloat/multilingual-e5-large
455,456,Zukunft,114,D,der Familie.,0,0.0,1,1.4,1.1,1.5,die,Zukunft,"Sogleich würzte der Wahrsager, der die Kerze angezündet hatte, die",0.7695375,SE,intfloat/multilingual-e5-large
456,457,Ausgrabung,115,A,in der Ruine.,0,0.92,0,6.6,5.3,3.0,die,Ausgrabung,"Heute beginnt der Archäologe, der die Schaufel hervorgeholt hat, die",0.79456735,SE,intfloat/multilingual-e5-large
457,458,Ausgrabung,115,B,in der Ruine.,0,0.5,0,1.3,2.5,3.0,die,Ausgrabung,"Heute beginnt der Archäologe, der das Taxi genommen hat, die",0.777602,SE,intfloat/multilingual-e5-large
458,459,Ausgrabung,115,C,in der Ruine.,0,0.0,0,6.6,5.3,1.5,die,Ausgrabung,"Heute raspelt der Archäologe, der die Schaufel hervorgeholt hat, die",0.7948973,SE,intfloat/multilingual-e5-large
459,460,Ausgrabung,115,D,in der Ruine.,0,0.0,0,1.3,2.5,1.5,die,Ausgrabung,"Heute raspelt der Archäologe, der das Taxi genommen hat, die",0.778369,SE,intfloat/multilingual-e5-large
460,461,Strauß,116,A,für die Hochzeit.,0,0.92,1,6.8,3.9,6.5,den,Strauß,"Zügig bindet der Florist, der die Rosen gezüchtet hat, den",0.78474563,SE,intfloat/multilingual-e5-large
461,462,Strauß,116,B,für die Hochzeit.,0,0.92,1,2.6,1.6,6.5,den,Strauß,"Zügig bindet der Florist, der die Fenster geschlossen hat, den",0.77978814,SE,intfloat/multilingual-e5-large
462,463,Strauß,116,C,für die Hochzeit.,0,0.0,1,6.8,3.9,1.0,den,Strauß,"Zügig ölt der Florist, der die Rosen gezüchtet hat, den",0.7802193,SE,intfloat/multilingual-e5-large
463,464,Strauß,116,D,für die Hochzeit.,0,0.0,1,2.6,1.6,1.0,den,Strauß,"Zügig ölt der Florist, der die Fenster geschlossen hat, den",0.7738435,SE,intfloat/multilingual-e5-large
464,465,Rolle,117,A,für das Theaterstück.,0,0.75,1,6.1,3.8,5.8,die,Rolle,"Umgehend spielt der Schauspieler, der das Skript auswendig gelernt hat, die",0.7754503,SE,intfloat/multilingual-e5-large
465,466,Rolle,117,B,für das Theaterstück.,0,0.67,1,2.3,4.6,5.8,die,Rolle,"Umgehend spielt der Schauspieler, der die Torte gebacken hat, die",0.7498769,SE,intfloat/multilingual-e5-large
466,467,Rolle,117,C,für das Theaterstück.,0,0.0,1,6.1,3.8,2.5,die,Rolle,"Umgehend schnibbelt der Schauspieler, der das Skript auswendig gelernt hat, die",0.77944326,SE,intfloat/multilingual-e5-large
467,468,Rolle,117,D,für das Theaterstück.,0,0.0,1,2.3,4.6,2.5,die,Rolle,"Umgehend schnibbelt der Schauspieler, der die Torte gebacken hat, die",0.76144165,SE,intfloat/multilingual-e5-large
468,469,Sendung,118,A,für den Fernsehkanal.,0,0.42,0,6.4,6.3,6.7,die,Sendung,"Am Abend moderiert der Moderator, der die Zuschauer unterhält, die",0.7810142,SE,intfloat/multilingual-e5-large
469,470,Sendung,118,B,für den Fernsehkanal.,0,0.17,0,2.0,1.5,6.7,die,Sendung,"Am Abend moderiert der Moderator, der die Weltmeere bereist, die",0.7898773,SE,intfloat/multilingual-e5-large
470,471,Sendung,118,C,für den Fernsehkanal.,0,0.0,0,6.4,6.3,3.7,die,Sendung,"Am Abend wiegt der Moderator, der die Zuschauer unterhält, die",0.7903241,SE,intfloat/multilingual-e5-large
471,472,Sendung,118,D,für den Fernsehkanal.,0,0.0,0,2.0,1.5,3.7,die,Sendung,"Am Abend wiegt der Moderator, der die Weltmeere bereist, die",0.79140306,SE,intfloat/multilingual-e5-large
472,473,Stück,119,A,für seine nächste Sonate.,0,0.25,0,4.8,4.1,6.9,das,Stück,"Ohne zu zögern komponierte der Musiker, der die Noten aufschrieb, das",0.79089606,SE,intfloat/multilingual-e5-large
473,474,Stück,119,B,für seine nächste Sonate.,0,0.42,0,1.7,2.1,6.9,das,Stück,"Ohne zu zögern komponierte der Musiker, der die Fragen beantwortete, das",0.79142845,SE,intfloat/multilingual-e5-large
474,475,Stück,119,C,für seine nächste Sonate.,0,0.0,0,4.8,4.1,4.2,das,Stück,"Ohne zu zögern grillte der Musiker, der die Noten aufschrieb, das",0.78659004,SE,intfloat/multilingual-e5-large
475,476,Stück,119,D,für seine nächste Sonate.,0,0.08,0,1.7,2.1,4.2,das,Stück,"Ohne zu zögern grillte der Musiker, der die Fragen beantwortete, das",0.77743065,SE,intfloat/multilingual-e5-large
476,477,Bild,120,A,in seinem Atelier.,2,0.58,1,6.6,2.3,7.0,das,Bild,"Fröhlich malte der Künstler, der die Leinwand aufgespannt hatte, das",0.7694517,SE,intfloat/multilingual-e5-large
477,478,Bild,120,B,in seinem Atelier.,2,0.58,1,1.5,1.7,7.0,das,Bild,"Fröhlich malte der Künstler, der den Nachtisch zubereitet hatte, das",0.7652613,SE,intfloat/multilingual-e5-large
478,479,Bild,120,C,in seinem Atelier.,2,0.0,1,6.6,2.3,2.2,das,Bild,"Fröhlich bewohnte der Künstler, der die Leinwand aufgespannt hatte, das",0.7632144,SE,intfloat/multilingual-e5-large
479,480,Bild,120,D,in seinem Atelier.,2,0.0,1,1.5,1.7,2.2,das,Bild,"Fröhlich bewohnte der Künstler, der den Nachtisch zubereitet hatte, das",0.7530793,SE,intfloat/multilingual-e5-large
0,1,Axt,1,A,und hackte die Holzscheite.,0,0.75,1,6.9,3.1,6.0,die,Axt,"Gestern schärfte der Holzfäller, bevor er das Holz stapelte, die",0.720032,SE,Gameselo/STS-multilingual-mpnet-base-v2
1,2,Axt,1,B,und hackte die Holzscheite.,0,0.67,1,3.1,1.2,6.0,die,Axt,"Gestern schärfte der Holzfäller, bevor er den Film schaute, die",0.7269563,SE,Gameselo/STS-multilingual-mpnet-base-v2
2,3,Axt,1,C,und hackte die Holzscheite.,0,0.0,1,6.9,3.1,1.4,die,Axt,"Gestern aß der Holzfäller, bevor er das Holz stapelte, die",0.69458395,SE,Gameselo/STS-multilingual-mpnet-base-v2
3,4,Axt,1,D,und hackte die Holzscheite.,0,0.0,1,3.1,1.2,1.4,die,Axt,"Gestern aß der Holzfäller, bevor er den Film schaute, die",0.67404115,SE,Gameselo/STS-multilingual-mpnet-base-v2
4,5,Messer,2,A,und rasiert den Kunden.,0,0.67,1,5.0,5.1,6.4,das,Messer,"Nachdenklich schärft der Barbier, nachdem er den Rasierschaum aufgetragen hat, das",0.72992444,SE,Gameselo/STS-multilingual-mpnet-base-v2
5,6,Messer,2,B,und rasiert den Kunden.,0,0.75,1,1.2,1.4,6.4,das,Messer,"Nachdenklich schärft der Barbier, nachdem er die Topfpflanze gegossen hat, das",0.75252926,SE,Gameselo/STS-multilingual-mpnet-base-v2
6,7,Messer,2,C,und rasiert den Kunden.,0,0.0,1,5.0,5.1,1.4,das,Messer,"Nachdenklich trinkt der Barbier, nachdem er den Rasierschaum aufgetragen hat, das",0.69456416,SE,Gameselo/STS-multilingual-mpnet-base-v2
7,8,Messer,2,D,und rasiert den Kunden.,0,0.0,1,1.2,1.4,1.4,das,Messer,"Nachdenklich trinkt der Barbier, nachdem er die Topfpflanze gegossen hat, das",0.7071468,SE,Gameselo/STS-multilingual-mpnet-base-v2
8,9,Kaffee,3,A,und gießt die Milch dazu.,0,0.58,0,5.8,2.3,5.8,den,Kaffee,"Sogleich süßt der Kellner, nachdem er die Bestellung aufgenommen hat, den",0.705715,SE,Gameselo/STS-multilingual-mpnet-base-v2
9,10,Kaffee,3,B,und gießt die Milch dazu.,0,0.25,0,3.5,3.5,5.8,den,Kaffee,"Sogleich süßt der Kellner, nachdem er das Radio angemacht hat, den",0.695317,SE,Gameselo/STS-multilingual-mpnet-base-v2
10,11,Kaffee,3,C,und gießt die Milch dazu.,0,0.0,0,5.8,2.3,3.0,den,Kaffee,"Sogleich putzt der Kellner, nachdem er die Bestellung aufgenommen hat, den",0.68280715,SE,Gameselo/STS-multilingual-mpnet-base-v2
11,12,Kaffee,3,D,und gießt die Milch dazu.,0,0.0,0,3.5,3.5,3.0,den,Kaffee,"Sogleich putzt der Kellner, nachdem er das Radio angemacht hat, den",0.6580796,SE,Gameselo/STS-multilingual-mpnet-base-v2
12,13,Ofen,4,A,auf 180 Grad.,0,1.0,0,6.0,2.7,6.6,den,Ofen,"Vorsichtig erhitzt der Bäckerlehrling, nachdem er die Brötchen geformt hat, den",0.6725765,SE,Gameselo/STS-multilingual-mpnet-base-v2
13,14,Ofen,4,B,auf 180 Grad.,0,0.75,0,2.4,1.3,6.6,den,Ofen,"Vorsichtig erhitzt der Bäckerlehrling, nachdem er die Fenster gekippt hat, den",0.7883305,SE,Gameselo/STS-multilingual-mpnet-base-v2
14,15,Ofen,4,C,auf 180 Grad.,0,0.0,0,6.0,2.7,1.3,den,Ofen,"Vorsichtig schlürft der Bäckerlehrling, nachdem er die Brötchen geformt hat, den",0.6584829,SE,Gameselo/STS-multilingual-mpnet-base-v2
15,16,Ofen,4,D,auf 180 Grad.,0,0.08,0,2.4,1.3,1.3,den,Ofen,"Vorsichtig schlürft der Bäckerlehrling, nachdem er die Fenster gekippt hat, den",0.72582346,SE,Gameselo/STS-multilingual-mpnet-base-v2
16,17,Weinflasche,5,A,für die Weinprobe.,0,1.0,1,5.9,1.7,6.8,die,Weinflasche,"Zufrieden entkorkt der Winzer, der die Reben geschnitten hat, die",0.52894586,SE,Gameselo/STS-multilingual-mpnet-base-v2
17,18,Weinflasche,5,B,für die Weinprobe.,0,1.0,1,2.0,2.7,6.8,die,Weinflasche,"Zufrieden entkorkt der Winzer, der die Lohnabrechnungen beendet hat, die",0.48423138,SE,Gameselo/STS-multilingual-mpnet-base-v2
18,19,Weinflasche,5,C,für die Weinprobe.,0,0.08,1,5.9,1.7,1.0,die,Weinflasche,"Zufrieden glättet der Winzer, der die Reben geschnitten hat, die",0.53841174,SE,Gameselo/STS-multilingual-mpnet-base-v2
19,20,Weinflasche,5,D,für die Weinprobe.,0,0.0,1,2.0,2.7,1.0,die,Weinflasche,"Zufrieden glättet der Winzer, der die Lohnabrechnungen beendet hat, die",0.49907994,SE,Gameselo/STS-multilingual-mpnet-base-v2
20,21,Ticket,6,A,für die Fahrt.,0,0.33,1,6.7,2.3,6.3,das,Ticket,"Umgehend löst der Fahrgast, der den Automaten bedient, das",0.7454784,SE,Gameselo/STS-multilingual-mpnet-base-v2
21,22,Ticket,6,B,für die Fahrt.,0,0.33,1,1.3,1.3,6.3,das,Ticket,"Umgehend löst der Fahrgast, der die Einkaufstasche abstellt, das",0.6636979,SE,Gameselo/STS-multilingual-mpnet-base-v2
22,23,Ticket,6,C,für die Fahrt.,0,0.0,1,6.7,2.3,1.2,das,Ticket,"Umgehend knotet der Fahrgast, der den Automaten bedient, das",0.7681843,SE,Gameselo/STS-multilingual-mpnet-base-v2
23,24,Ticket,6,D,für die Fahrt.,0,0.0,1,1.3,1.3,1.2,das,Ticket,"Umgehend knotet der Fahrgast, der die Einkaufstasche abstellt, das",0.69140965,SE,Gameselo/STS-multilingual-mpnet-base-v2
24,25,Sieg,7,A,mit einer Party.,0,0.5,0,6.8,4.4,6.2,den,Sieg,"Am Abend feiert der Gewinner, der den Pokal erhält, den",0.68114173,SE,Gameselo/STS-multilingual-mpnet-base-v2
25,26,Sieg,7,B,mit einer Party.,0,0.75,0,1.8,2.0,6.2,den,Sieg,"Am Abend feiert der Gewinner, der das Eis isst, den",0.6474537,SE,Gameselo/STS-multilingual-mpnet-base-v2
26,27,Sieg,7,C,mit einer Party.,0,0.0,0,6.8,4.4,1.8,den,Sieg,"Am Abend knabbert der Gewinner, der den Pokal erhält, den",0.72630066,SE,Gameselo/STS-multilingual-mpnet-base-v2
27,28,Sieg,7,D,mit einer Party.,0,0.0,0,1.8,2.0,1.8,den,Sieg,"Am Abend knabbert der Gewinner, der das Eis isst, den",0.6741848,SE,Gameselo/STS-multilingual-mpnet-base-v2
28,29,Fisch,8,A,für das Abendessen.,1,0.83,1,7.0,4.9,6.9,den,Fisch,"Endlich fängt der Angler, der den Köder auswarf, den",0.7649457,SE,Gameselo/STS-multilingual-mpnet-base-v2
29,30,Fisch,8,B,für das Abendessen.,1,0.83,1,2.0,1.2,6.9,den,Fisch,"Endlich fängt der Angler, der die Zeitung las, den",0.68908393,SE,Gameselo/STS-multilingual-mpnet-base-v2
30,31,Fisch,8,C,für das Abendessen.,1,0.0,1,7.0,4.9,1.3,den,Fisch,"Endlich baut der Angler, der den Köder auswarf, den",0.7154445,SE,Gameselo/STS-multilingual-mpnet-base-v2
31,32,Fisch,8,D,für das Abendessen.,1,0.0,1,2.0,1.2,1.3,den,Fisch,"Endlich baut der Angler, der die Zeitung las, den",0.6910237,SE,Gameselo/STS-multilingual-mpnet-base-v2
32,33,Unkraut,9,A,und leerte den Kompost.,0,0.83,0,6.7,3.3,6.9,das,Unkraut,"Am Nachmittag jätete der Schrebergärtner, der das Beet pflegte, das",0.59605885,SE,Gameselo/STS-multilingual-mpnet-base-v2
33,34,Unkraut,9,B,und leerte den Kompost.,0,0.67,0,3.3,1.4,6.9,das,Unkraut,"Am Nachmittag jätete der Schrebergärtner, der die Sonne genoss, das",0.56280684,SE,Gameselo/STS-multilingual-mpnet-base-v2
34,35,Unkraut,9,C,und leerte den Kompost.,0,0.0,0,6.7,3.3,1.2,das,Unkraut,"Am Nachmittag polierte der Schrebergärtner, der das Beet pflegte, das",0.6397221,SE,Gameselo/STS-multilingual-mpnet-base-v2
35,36,Unkraut,9,D,und leerte den Kompost.,0,0.0,0,3.3,1.4,1.2,das,Unkraut,"Am Nachmittag polierte der Schrebergärtner, der die Sonne genoss, das",0.62029314,SE,Gameselo/STS-multilingual-mpnet-base-v2
36,37,Klassenzimmer,10,A,und nimmt ein Stück Kreide.,1,0.75,1,6.8,3.7,5.5,das,Klassenzimmer,"Eine Weile lüftet der Lehrer, bevor er die Tafel beschreibt, das",0.7640564,SE,Gameselo/STS-multilingual-mpnet-base-v2
37,38,Klassenzimmer,10,B,und nimmt ein Stück Kreide.,1,0.75,1,1.9,2.6,5.5,das,Klassenzimmer,"Eine Weile lüftet der Lehrer, bevor er den Mantel aufhängt, das",0.6932753,SE,Gameselo/STS-multilingual-mpnet-base-v2
38,39,Klassenzimmer,10,C,und nimmt ein Stück Kreide.,1,0.0,1,6.8,3.7,4.7,das,Klassenzimmer,"Eine Weile bastelt der Lehrer, bevor er die Tafel beschreibt, das",0.7620955,SE,Gameselo/STS-multilingual-mpnet-base-v2
39,40,Klassenzimmer,10,D,und nimmt ein Stück Kreide.,1,0.0,1,1.9,2.6,4.7,das,Klassenzimmer,"Eine Weile bastelt der Lehrer, bevor er den Mantel aufhängt, das",0.6963985,SE,Gameselo/STS-multilingual-mpnet-base-v2
40,41,Käse,11,A,und gibt Öl in die Pfanne.,0,0.5,1,5.2,4.6,6.4,den,Käse,"Schnell reibt der Chefkoch, während er die Nudeln kocht, den",0.67815584,SE,Gameselo/STS-multilingual-mpnet-base-v2
41,42,Käse,11,B,und gibt Öl in die Pfanne.,0,0.58,1,1.7,1.2,6.4,den,Käse,"Schnell reibt der Chefkoch, während er die Nachrichten hört, den",0.6937781,SE,Gameselo/STS-multilingual-mpnet-base-v2
42,43,Käse,11,C,und gibt Öl in die Pfanne.,0,0.0,1,5.2,4.6,1.1,den,Käse,"Schnell flickt der Chefkoch, während er die Nudeln kocht, den",0.6668189,SE,Gameselo/STS-multilingual-mpnet-base-v2
43,44,Käse,11,D,und gibt Öl in die Pfanne.,0,0.0,1,1.7,1.2,1.1,den,Käse,"Schnell flickt der Chefkoch, während er die Nachrichten hört, den",0.68850017,SE,Gameselo/STS-multilingual-mpnet-base-v2
44,45,Bier,12,A,das zuvor gebraut wurde.,0,0.67,1,3.9,1.2,5.0,das,Bier,"Vorgestern probierte der Braumeister, nachdem er den Kessel ausgeschaltet hatte, das",0.72417295,SE,Gameselo/STS-multilingual-mpnet-base-v2
45,46,Bier,12,B,das zuvor gebraut wurde.,0,0.58,1,1.8,2.3,5.0,das,Bier,"Vorgestern probierte der Braumeister, nachdem er den Boden gewischt hatte, das",0.67487836,SE,Gameselo/STS-multilingual-mpnet-base-v2
46,47,Bier,12,C,das zuvor gebraut wurde.,0,0.0,1,3.9,1.2,1.1,das,Bier,"Vorgestern bemalte der Braumeister, nachdem er den Kessel ausgeschaltet hatte, das",0.69503576,SE,Gameselo/STS-multilingual-mpnet-base-v2
47,48,Bier,12,D,das zuvor gebraut wurde.,0,0.0,1,1.8,2.3,1.1,das,Bier,"Vorgestern bemalte der Braumeister, nachdem er den Boden gewischt hatte, das",0.6267445,SE,Gameselo/STS-multilingual-mpnet-base-v2
48,49,Rasen,13,A,hinter der Villa.,0,0.92,1,7.0,5.6,6.8,den,Rasen,"Eine Zeit lang mähte der Gartenhelfer, nachdem er den Garten umgegraben hatte, den",0.6738899,SE,Gameselo/STS-multilingual-mpnet-base-v2
49,50,Rasen,13,B,hinter der Villa.,0,0.92,1,2.2,1.9,6.8,den,Rasen,"Eine Zeit lang mähte der Gartenhelfer, nachdem er die Garage aufgeräumt hatte, den",0.64509755,SE,Gameselo/STS-multilingual-mpnet-base-v2
50,51,Rasen,13,C,hinter der Villa.,0,0.0,1,7.0,5.6,1.4,den,Rasen,"Eine Zeit lang räucherte der Gartenhelfer, nachdem er den Garten umgegraben hatte, den",0.6722774,SE,Gameselo/STS-multilingual-mpnet-base-v2
51,52,Rasen,13,D,hinter der Villa.,0,0.0,1,2.2,1.9,1.4,den,Rasen,"Eine Zeit lang räucherte der Gartenhelfer, nachdem er die Garage aufgeräumt hatte, den",0.6586137,SE,Gameselo/STS-multilingual-mpnet-base-v2
52,53,Straße,14,A,und den Bürgersteig.,1,0.42,1,6.5,5.1,6.8,die,Straße,"Achtsam pflasterte der Bauarbeiter, der die Absperrungen umging, die",0.5860539,SE,Gameselo/STS-multilingual-mpnet-base-v2
53,54,Straße,14,B,und den Bürgersteig.,1,0.42,1,5.7,2.0,6.8,die,Straße,"Achtsam pflasterte der Bauarbeiter, der die Steine schleppte, die",0.5321281,SE,Gameselo/STS-multilingual-mpnet-base-v2
54,55,Straße,14,C,und den Bürgersteig.,1,0.08,1,6.5,5.1,2.0,die,Straße,"Achtsam salzte der Bauarbeiter, der die Absperrungen umging, die",0.6102038,SE,Gameselo/STS-multilingual-mpnet-base-v2
55,56,Straße,14,D,und den Bürgersteig.,1,0.0,1,5.7,2.0,2.0,die,Straße,"Achtsam salzte der Bauarbeiter, der die Steine schleppte, die",0.55339473,SE,Gameselo/STS-multilingual-mpnet-base-v2
56,57,Glocken,15,A,und freute sich.,0,1.0,1,6.7,1.1,7.0,die,Glocken,"Gestern läutete der Priester, nachdem er den Kirchturm erklommen hatte, die",0.71648157,SE,Gameselo/STS-multilingual-mpnet-base-v2
57,58,Glocken,15,B,und freute sich.,0,0.92,1,2.2,1.1,7.0,die,Glocken,"Gestern läutete der Priester, nachdem er die Armbanduhr ausgezogen hatte, die",0.6396359,SE,Gameselo/STS-multilingual-mpnet-base-v2
58,59,Glocken,15,C,und freute sich.,0,0.0,1,6.7,1.1,1.0,die,Glocken,"Gestern faltete der Priester, nachdem er den Kirchturm erklommen hatte, die",0.6280546,SE,Gameselo/STS-multilingual-mpnet-base-v2
59,60,Glocken,15,D,und freute sich.,0,0.0,1,2.2,1.1,1.0,die,Glocken,"Gestern faltete der Priester, nachdem er die Armbanduhr ausgezogen hatte, die",0.5402118,SE,Gameselo/STS-multilingual-mpnet-base-v2
60,61,Wunde,16,A,mit fünf Stichen.,0,0.92,1,6.7,3.3,5.8,die,Wunde,"Rasch näht der Notarzt, der den Verletzten betreut, die",0.7308608,SE,Gameselo/STS-multilingual-mpnet-base-v2
61,62,Wunde,16,B,mit fünf Stichen.,0,0.92,1,3.2,1.8,5.8,die,Wunde,"Rasch näht der Notarzt, der den Ohrring trägt, die",0.69613075,SE,Gameselo/STS-multilingual-mpnet-base-v2
62,63,Wunde,16,C,mit fünf Stichen.,0,0.0,1,6.7,3.3,2.0,die,Wunde,"Rasch versteckt der Notarzt, der den Verletzten betreut, die",0.6624662,SE,Gameselo/STS-multilingual-mpnet-base-v2
63,64,Wunde,16,D,mit fünf Stichen.,0,0.0,1,3.2,1.8,2.0,die,Wunde,"Rasch versteckt der Notarzt, der den Ohrring trägt, die",0.6322152,SE,Gameselo/STS-multilingual-mpnet-base-v2
64,65,Hemd,17,A,und die Hose.,0,0.75,1,6.4,1.5,6.9,das,Hemd,"Eilig bügelt der Geschäftsmann, nachdem er das Bügelbrett aufgestellt hat, das",0.7471069,SE,Gameselo/STS-multilingual-mpnet-base-v2
65,66,Hemd,17,B,und die Hose.,0,0.67,1,1.4,1.2,6.9,das,Hemd,"Eilig bügelt der Geschäftsmann, nachdem er den Eistee ausgetrunken hat, das",0.6969708,SE,Gameselo/STS-multilingual-mpnet-base-v2
66,67,Hemd,17,C,und die Hose.,0,0.0,1,6.4,1.5,1.0,das,Hemd,"Eilig salzt der Geschäftsmann, nachdem er das Bügelbrett aufgestellt hat, das",0.7145203,SE,Gameselo/STS-multilingual-mpnet-base-v2
67,68,Hemd,17,D,und die Hose.,0,0.0,1,1.4,1.2,1.0,das,Hemd,"Eilig salzt der Geschäftsmann, nachdem er den Eistee ausgetrunken hat, das",0.63292056,SE,Gameselo/STS-multilingual-mpnet-base-v2
68,69,Auto,18,A,und übergibt es an den Kunden.,1,0.58,0,7.0,3.5,6.3,das,Auto,"Schnell repariert der KFZ-Mechatroniker, der den Motor ausgetauscht hat, das",0.74088496,SE,Gameselo/STS-multilingual-mpnet-base-v2
69,70,Auto,18,B,und übergibt es an den Kunden.,1,0.75,0,5.0,3.1,6.3,das,Auto,"Schnell repariert der KFZ-Mechatroniker, der den Urlaub gebucht hat, das",0.7463007,SE,Gameselo/STS-multilingual-mpnet-base-v2
70,71,Auto,18,C,und übergibt es an den Kunden.,1,0.0,0,7.0,3.5,1.1,das,Auto,"Schnell brät der KFZ-Mechatroniker, der den Motor ausgetauscht hat, das",0.7813351,SE,Gameselo/STS-multilingual-mpnet-base-v2
71,72,Auto,18,D,und übergibt es an den Kunden.,1,0.0,0,5.0,3.1,1.1,das,Auto,"Schnell brät der KFZ-Mechatroniker, der den Urlaub gebucht hat, das",0.80961126,SE,Gameselo/STS-multilingual-mpnet-base-v2
72,73,Teig,19,A,für das Brot.,2,1.0,1,6.9,6.9,6.6,den,Teig,"Am Morgen knetet die Bäckerin, die den Kuchen backt, den",0.60551363,SE,Gameselo/STS-multilingual-mpnet-base-v2
73,74,Teig,19,B,für das Brot.,2,1.0,1,1.5,1.0,6.6,den,Teig,"Am Morgen knetet die Bäckerin, die den Stammgast begrüßt, den",0.6038288,SE,Gameselo/STS-multilingual-mpnet-base-v2
74,75,Teig,19,C,für das Brot.,2,0.0,1,6.9,6.9,1.2,den,Teig,"Am Morgen hört die Bäckerin, die den Kuchen backt, den",0.5829716,SE,Gameselo/STS-multilingual-mpnet-base-v2
75,76,Teig,19,D,für das Brot.,2,0.0,1,1.5,1.0,1.2,den,Teig,"Am Morgen hört die Bäckerin, die den Stammgast begrüßt, den",0.59120274,SE,Gameselo/STS-multilingual-mpnet-base-v2
76,77,Steak,20,A,und die Beilagen.,0,0.67,0,4.7,2.4,6.5,das,Steak,"Am Nachmittag pfeffert der Grillmeister, bevor er die Kohle anzündet, das",0.65706694,SE,Gameselo/STS-multilingual-mpnet-base-v2
77,78,Steak,20,B,und die Beilagen.,0,0.83,0,1.4,1.1,6.5,das,Steak,"Am Nachmittag pfeffert der Grillmeister, bevor er die Mücke verscheucht, das",0.6481315,SE,Gameselo/STS-multilingual-mpnet-base-v2
78,79,Steak,20,C,und die Beilagen.,0,0.0,0,4.7,2.4,1.4,das,Steak,"Am Nachmittag druckt der Grillmeister, bevor er die Kohle anzündet, das",0.6407643,SE,Gameselo/STS-multilingual-mpnet-base-v2
79,80,Steak,20,D,und die Beilagen.,0,0.0,0,1.4,1.1,1.4,das,Steak,"Am Nachmittag druckt der Grillmeister, bevor er die Mücke verscheucht, das",0.6374773,SE,Gameselo/STS-multilingual-mpnet-base-v2
80,81,Feuer,21,A,und rennt weg.,0,0.58,0,6.6,1.5,6.8,das,Feuer,"Schnell entfacht der Brandstifter, der das Streichholz fallengelassen hat, das",0.80758226,SE,Gameselo/STS-multilingual-mpnet-base-v2
81,82,Feuer,21,B,und rennt weg.,0,1.0,0,3.3,3.0,6.8,das,Feuer,"Schnell entfacht der Brandstifter, der die Treppe hochgeklettert ist, das",0.7571874,SE,Gameselo/STS-multilingual-mpnet-base-v2
82,83,Feuer,21,C,und rennt weg.,0,0.0,0,6.6,1.5,1.6,das,Feuer,"Schnell entstaubt der Brandstifter, der das Streichholz fallengelassen hat, das",0.76305056,SE,Gameselo/STS-multilingual-mpnet-base-v2
83,84,Feuer,21,D,und rennt weg.,0,0.0,0,3.3,3.0,1.6,das,Feuer,"Schnell entstaubt der Brandstifter, der die Treppe hochgeklettert ist, das",0.72436094,SE,Gameselo/STS-multilingual-mpnet-base-v2
84,85,Haare,22,A,und holt den Föhn.,0,0.92,1,6.5,3.9,6.8,die,Haare,"Nun kämmt der Friseur, nachdem er die Kopfhaut massiert hat, die",0.7764775,SE,Gameselo/STS-multilingual-mpnet-base-v2
85,86,Haare,22,B,und holt den Föhn.,0,1.0,1,1.0,1.0,6.8,die,Haare,"Nun kämmt der Friseur, nachdem er den Cappuccino ausgetrunken hat, die",0.59579223,SE,Gameselo/STS-multilingual-mpnet-base-v2
86,87,Haare,22,C,und holt den Föhn.,0,0.17,1,6.5,3.9,1.2,die,Haare,"Nun speichert der Friseur, nachdem er die Kopfhaut massiert hat, die",0.74562943,SE,Gameselo/STS-multilingual-mpnet-base-v2
87,88,Haare,22,D,und holt den Föhn.,0,0.0,1,1.0,1.0,1.2,die,Haare,"Nun speichert der Friseur, nachdem er den Cappuccino ausgetrunken hat, die",0.5432222,SE,Gameselo/STS-multilingual-mpnet-base-v2
88,89,Bleistift,23,A,und machte sich wieder an die Arbeit.,0,1.0,1,6.0,3.3,6.7,den,Bleistift,"Flink spitzte der Zeichner, der die Karikatur entwarf, den",0.8048843,SE,Gameselo/STS-multilingual-mpnet-base-v2
89,90,Bleistift,23,B,und machte sich wieder an die Arbeit.,0,1.0,1,2.3,1.6,6.7,den,Bleistift,"Flink spitzte der Zeichner, der den Atlas öffnete, den",0.73390985,SE,Gameselo/STS-multilingual-mpnet-base-v2
90,91,Bleistift,23,C,und machte sich wieder an die Arbeit.,0,0.0,1,6.0,3.3,1.3,den,Bleistift,"Flink knotete der Zeichner, der die Karikatur entwarf, den",0.8072895,SE,Gameselo/STS-multilingual-mpnet-base-v2
91,92,Bleistift,23,D,und machte sich wieder an die Arbeit.,0,0.0,1,2.3,1.6,1.3,den,Bleistift,"Flink knotete der Zeichner, der den Atlas öffnete, den",0.7304284,SE,Gameselo/STS-multilingual-mpnet-base-v2
92,93,Patienten,24,A,gegen Tetanus.,0,0.25,0,6.7,2.0,6.5,den,Patienten,"Heute impft der Arzt, nachdem er die Spritze befüllt hat, den",0.5903366,SE,Gameselo/STS-multilingual-mpnet-base-v2
93,94,Patienten,24,B,gegen Tetanus.,0,0.42,0,2.1,1.3,6.5,den,Patienten,"Heute impft der Arzt, nachdem er die Schublade geschlossen hat, den",0.61979765,SE,Gameselo/STS-multilingual-mpnet-base-v2
94,95,Patienten,24,C,gegen Tetanus.,0,0.0,0,6.7,2.0,1.5,den,Patienten,"Heute feuert der Arzt, nachdem er die Spritze befüllt hat, den",0.5736153,SE,Gameselo/STS-multilingual-mpnet-base-v2
95,96,Patienten,24,D,gegen Tetanus.,0,0.0,0,2.1,1.3,1.5,den,Patienten,"Heute feuert der Arzt, nachdem er die Schublade geschlossen hat, den",0.5927161,SE,Gameselo/STS-multilingual-mpnet-base-v2
96,97,Leiche,25,A,in der Leichenhalle.,0,0.75,1,6.6,1.5,7.0,die,Leiche,"Unverzüglich obduziert der Pathologe, nachdem er die Mordakte gelesen hat, die",0.6566958,SE,Gameselo/STS-multilingual-mpnet-base-v2
97,98,Leiche,25,B,in der Leichenhalle.,0,0.75,1,2.6,1.2,7.0,die,Leiche,"Unverzüglich obduziert der Pathologe, nachdem er das Dokument unterschrieben hat, die",0.6905626,SE,Gameselo/STS-multilingual-mpnet-base-v2
98,99,Leiche,25,C,in der Leichenhalle.,0,0.0,1,6.6,1.5,1.2,die,Leiche,"Unverzüglich pfeffert der Pathologe, nachdem er die Mordakte gelesen hat, die",0.69119424,SE,Gameselo/STS-multilingual-mpnet-base-v2
99,100,Leiche,25,D,in der Leichenhalle.,0,0.0,1,2.6,1.2,1.2,die,Leiche,"Unverzüglich pfeffert der Pathologe, nachdem er das Dokument unterschrieben hat, die",0.73710215,SE,Gameselo/STS-multilingual-mpnet-base-v2
100,101,Buch,26,A,für den Fan.,1,1.0,1,6.7,3.3,6.7,das,Buch,"Am Nachmittag signiert der Autor, der die Geschichte erfunden hat, das",0.7456761,SE,Gameselo/STS-multilingual-mpnet-base-v2
101,102,Buch,26,B,für den Fan.,1,0.92,1,1.8,1.5,6.7,das,Buch,"Am Nachmittag signiert der Autor, der den Vorhang zugezogen hat, das",0.7184366,SE,Gameselo/STS-multilingual-mpnet-base-v2
102,103,Buch,26,C,für den Fan.,1,0.0,1,6.7,3.3,1.3,das,Buch,"Am Nachmittag schluckt der Autor, der die Geschichte erfunden hat, das",0.7636781,SE,Gameselo/STS-multilingual-mpnet-base-v2
103,104,Buch,26,D,für den Fan.,1,0.0,1,1.8,1.5,1.3,das,Buch,"Am Nachmittag schluckt der Autor, der den Vorhang zugezogen hat, das",0.7176948,SE,Gameselo/STS-multilingual-mpnet-base-v2
104,105,Gäste,27,A,und überreichte ihnen die Schlüssel.,2,1.0,1,4.7,1.4,6.5,die,Gäste,"Sofort begrüßte der Hotelier, der die Koffer stapelte, die",0.7442329,SE,Gameselo/STS-multilingual-mpnet-base-v2
105,106,Gäste,27,B,und überreichte ihnen die Schlüssel.,2,0.92,1,1.4,1.6,6.5,die,Gäste,"Sofort begrüßte der Hotelier, der die Fische räucherte, die",0.68522626,SE,Gameselo/STS-multilingual-mpnet-base-v2
106,107,Gäste,27,C,und überreichte ihnen die Schlüssel.,2,0.0,1,4.7,1.4,1.9,die,Gäste,"Sofort feuerte der Hotelier, der die Koffer stapelte, die",0.6712822,SE,Gameselo/STS-multilingual-mpnet-base-v2
107,108,Gäste,27,D,und überreichte ihnen die Schlüssel.,2,0.0,1,1.4,1.6,1.9,die,Gäste,"Sofort feuerte der Hotelier, der die Fische räucherte, die",0.60213566,SE,Gameselo/STS-multilingual-mpnet-base-v2
108,109,Baum,28,A,neben der Schule.,0,0.92,1,5.9,1.3,7.0,den,Baum,"Vorsichtig fällt der Holzarbeiter, der die Säge gestartet hat, den",0.69735193,SE,Gameselo/STS-multilingual-mpnet-base-v2
109,110,Baum,28,B,neben der Schule.,0,0.83,1,2.8,1.9,7.0,den,Baum,"Vorsichtig fällt der Holzarbeiter, der den Transporter geparkt hat, den",0.63822657,SE,Gameselo/STS-multilingual-mpnet-base-v2
110,111,Baum,28,C,neben der Schule.,0,0.0,1,5.9,1.3,1.3,den,Baum,"Vorsichtig durchwühlt der Holzarbeiter, der die Säge gestartet hat, den",0.69408953,SE,Gameselo/STS-multilingual-mpnet-base-v2
111,112,Baum,28,D,neben der Schule.,0,0.0,1,2.8,1.9,1.3,den,Baum,"Vorsichtig durchwühlt der Holzarbeiter, der den Transporter geparkt hat, den",0.6537565,SE,Gameselo/STS-multilingual-mpnet-base-v2
112,113,Zigarre,29,A,und schlenderte über den Marktplatz.,2,1.0,1,6.2,3.2,6.9,die,Zigarre,"Langsam paffte der Kubaner, der den Rauchring blies, die",0.70851785,SE,Gameselo/STS-multilingual-mpnet-base-v2
113,114,Zigarre,29,B,und schlenderte über den Marktplatz.,2,1.0,1,2.0,1.3,6.9,die,Zigarre,"Langsam paffte der Kubaner, der die Straßenbahn verpasste, die",0.6289683,SE,Gameselo/STS-multilingual-mpnet-base-v2
114,115,Zigarre,29,C,und schlenderte über den Marktplatz.,2,0.08,1,6.2,3.2,1.5,die,Zigarre,"Langsam öffnete der Kubaner, der den Rauchring blies, die",0.6891382,SE,Gameselo/STS-multilingual-mpnet-base-v2
115,116,Zigarre,29,D,und schlenderte über den Marktplatz.,2,0.08,1,2.0,1.3,1.5,die,Zigarre,"Langsam öffnete der Kubaner, der die Straßenbahn verpasste, die",0.5641503,SE,Gameselo/STS-multilingual-mpnet-base-v2
116,117,Schnitzel,30,A,für das Gericht.,0,0.58,0,6.0,1.2,6.5,das,Schnitzel,"Fröhlich paniert der Koch, nachdem er die Bratkartoffeln geschält hat, das",0.58805263,SE,Gameselo/STS-multilingual-mpnet-base-v2
117,118,Schnitzel,30,B,für das Gericht.,0,0.83,0,1.3,1.5,6.5,das,Schnitzel,"Fröhlich paniert der Koch, nachdem er die Ärmel hochgekrempelt hat, das",0.6318521,SE,Gameselo/STS-multilingual-mpnet-base-v2
118,119,Schnitzel,30,C,für das Gericht.,0,0.0,0,6.0,1.2,1.0,das,Schnitzel,"Fröhlich baut der Koch, nachdem er die Bratkartoffeln geschält hat, das",0.658499,SE,Gameselo/STS-multilingual-mpnet-base-v2
119,120,Schnitzel,30,D,für das Gericht.,0,0.0,0,1.3,1.5,1.0,das,Schnitzel,"Fröhlich baut der Koch, nachdem er die Ärmel hochgekrempelt hat, das",0.67984825,SE,Gameselo/STS-multilingual-mpnet-base-v2
120,121,Kuchen,31,A,für die Geburtstagsfeier.,1,0.92,0,6.9,5.3,5.9,den,Kuchen,"Umsichtig glasiert der Konditor, der die Backform eingefettet hat, den",0.7448654,SE,Gameselo/STS-multilingual-mpnet-base-v2
121,122,Kuchen,31,B,für die Geburtstagsfeier.,1,0.42,0,5.4,1.6,5.9,den,Kuchen,"Umsichtig glasiert der Konditor, der den Tisch abgewischt hat, den",0.7492272,SE,Gameselo/STS-multilingual-mpnet-base-v2
122,123,Kuchen,31,C,für die Geburtstagsfeier.,1,0.0,0,6.9,5.3,1.2,den,Kuchen,"Umsichtig durchsucht der Konditor, der die Backform eingefettet hat, den",0.7741735,SE,Gameselo/STS-multilingual-mpnet-base-v2
123,124,Kuchen,31,D,für die Geburtstagsfeier.,1,0.0,0,5.4,1.6,1.2,den,Kuchen,"Umsichtig durchsucht der Konditor, der den Tisch abgewischt hat, den",0.7259533,SE,Gameselo/STS-multilingual-mpnet-base-v2
124,125,Kette,32,A,und die Bremsen.,0,0.83,0,4.9,2.0,6.8,die,Kette,"Gestern ölte der Fahrradfahrer, bevor er die Bremse einstellte, die",0.6523153,SE,Gameselo/STS-multilingual-mpnet-base-v2
125,126,Kette,32,B,und die Bremsen.,0,0.58,0,1.2,1.1,6.8,die,Kette,"Gestern ölte der Fahrradfahrer, bevor er die Limonade trank, die",0.5814234,SE,Gameselo/STS-multilingual-mpnet-base-v2
126,127,Kette,32,C,und die Bremsen.,0,0.0,0,4.9,2.0,1.4,die,Kette,"Gestern beheizte der Fahrradfahrer, bevor er die Bremse einstellte, die",0.5906471,SE,Gameselo/STS-multilingual-mpnet-base-v2
127,128,Kette,32,D,und die Bremsen.,0,0.0,0,1.2,1.1,1.4,die,Kette,"Gestern beheizte der Fahrradfahrer, bevor die Limonade trank, die",0.58224267,SE,Gameselo/STS-multilingual-mpnet-base-v2
128,129,Brief,33,A,an die Agentur.,0,0.92,1,6.8,1.3,6.6,den,Brief,"Hastig frankiert der Postbeamte, der das Postamt aufgeschlossen hat, den",0.77024907,SE,Gameselo/STS-multilingual-mpnet-base-v2
129,130,Brief,33,B,an die Agentur.,0,1.0,1,1.5,3.7,6.6,den,Brief,"Hastig frankiert der Postbeamte, der das Mittagessen bestellt hat, den",0.7190218,SE,Gameselo/STS-multilingual-mpnet-base-v2
130,131,Brief,33,C,an die Agentur.,0,0.0,1,6.8,1.3,2.2,den,Brief,"Hastig umgeht der Postbeamte, der das Postamt aufgeschlossen hat, den",0.7300698,SE,Gameselo/STS-multilingual-mpnet-base-v2
131,132,Brief,33,D,an die Agentur.,0,0.0,1,1.5,3.7,2.2,den,Brief,"Hastig umgeht der Postbeamte, der das Mittagessen bestellt hat, den",0.6210113,SE,Gameselo/STS-multilingual-mpnet-base-v2
132,133,Berg,34,A,und stellt sein Zelt auf.,1,0.75,0,6.4,3.2,6.8,den,Berg,"Fröhlich erklimmt der Wanderer, nachdem er das Tal durchquert hat, den",0.67644656,SE,Gameselo/STS-multilingual-mpnet-base-v2
133,134,Berg,34,B,und stellt sein Zelt auf.,1,0.92,0,1.4,1.5,6.8,den,Berg,"Fröhlich erklimmt der Wanderer, nachdem er die Stoppuhr gestartet hat, den",0.7327375,SE,Gameselo/STS-multilingual-mpnet-base-v2
134,135,Berg,34,C,und stellt sein Zelt auf.,1,0.0,0,6.4,3.2,1.5,den,Berg,"Fröhlich kauft der Wanderer, nachdem er das Tal durchquert hat, den",0.6810088,SE,Gameselo/STS-multilingual-mpnet-base-v2
135,136,Berg,34,D,und stellt sein Zelt auf.,1,0.0,0,1.4,1.5,1.5,den,Berg,"Fröhlich kauft der Wanderer, nachdem er die Stoppuhr gestartet hat, den",0.7134604,SE,Gameselo/STS-multilingual-mpnet-base-v2
136,137,Befehl,35,A,zum Abmarsch.,0,0.92,0,6.0,7.0,6.6,den,Befehl,"Bedächtig erteilt der General, der die Rekruten kommandiert, den",0.78260344,SE,Gameselo/STS-multilingual-mpnet-base-v2
137,138,Befehl,35,B,zum Abmarsch.,0,0.75,0,1.7,2.4,6.6,den,Befehl,"Bedächtig erteilt der General, der die Getränke einschenkt, den",0.75066775,SE,Gameselo/STS-multilingual-mpnet-base-v2
138,139,Befehl,35,C,zum Abmarsch.,0,0.0,0,6.0,7.0,1.4,den,Befehl,"Bedächtig biegt der General, der die Rekruten kommandiert, den",0.75187236,SE,Gameselo/STS-multilingual-mpnet-base-v2
139,140,Befehl,35,D,zum Abmarsch.,0,0.0,0,1.7,2.4,1.4,den,Befehl,"Bedächtig biegt der General, der die Getränke einschenkt, den",0.73332256,SE,Gameselo/STS-multilingual-mpnet-base-v2
140,141,Wand,36,A,des Büros.,0,0.5,0,7.0,5.5,6.4,die,Wand,"Sofort streicht der Maler, nachdem er die Tapete angebracht hat, die",0.7572243,SE,Gameselo/STS-multilingual-mpnet-base-v2
141,142,Wand,36,B,des Büros.,0,0.67,0,1.5,1.3,6.4,die,Wand,"Sofort streicht der Maler, nachdem er den Hund gefüttert hat, die",0.7136381,SE,Gameselo/STS-multilingual-mpnet-base-v2
142,143,Wand,36,C,des Büros.,0,0.08,0,7.0,5.5,1.1,die,Wand,"Sofort lenkt der Maler, nachdem er die Tapete angebracht hat, die",0.7629151,SE,Gameselo/STS-multilingual-mpnet-base-v2
143,144,Wand,36,D,des Büros.,0,0.0,0,1.5,1.3,1.1,die,Wand,"Sofort lenkt der Maler, nachdem er den Hund gefüttert hat, die",0.724475,SE,Gameselo/STS-multilingual-mpnet-base-v2
144,145,Hammer,37,A,auf das Metall.,0,1.0,0,6.5,1.9,5.6,den,Hammer,"Direkt schwingt der Schmied, der den Amboss aufgestellt hat, den",0.8261296,SE,Gameselo/STS-multilingual-mpnet-base-v2
145,146,Hammer,37,B,auf das Metall.,0,0.83,0,2.9,3.8,5.6,den,Hammer,"Direkt schwingt der Schmied, der den Stuhl weggestellt hat, den",0.71023065,SE,Gameselo/STS-multilingual-mpnet-base-v2
146,147,Hammer,37,C,auf das Metall.,0,0.0,0,6.5,1.9,1.2,den,Hammer,"Direkt speichert der Schmied, der den Amboss aufgestellt hat, den",0.7475591,SE,Gameselo/STS-multilingual-mpnet-base-v2
147,148,Hammer,37,D,auf das Metall.,0,0.0,0,2.9,3.8,1.2,den,Hammer,"Direkt speichert der Schmied, der den Stuhl weggestellt hat, den",0.65233564,SE,Gameselo/STS-multilingual-mpnet-base-v2
148,149,Land,38,A,im Norden.,1,0.33,0,6.6,2.5,7.0,das,Land,"Vor langer Zeit regierte der König, der die Reise unternahm, das",0.5122545,SE,Gameselo/STS-multilingual-mpnet-base-v2
149,150,Land,38,B,im Norden.,1,0.5,0,2.4,2.5,7.0,das,Land,"Vor langer Zeit regierte der König, der den Gesang vernahm, das",0.4849174,SE,Gameselo/STS-multilingual-mpnet-base-v2
150,151,Land,38,C,im Norden.,1,0.0,0,6.6,2.5,1.2,das,Land,"Vor langer Zeit briet der König, der die Reise unternahm, das",0.5730322,SE,Gameselo/STS-multilingual-mpnet-base-v2
151,152,Land,38,D,im Norden.,1,0.0,0,2.4,2.5,1.2,das,Land,"Vor langer Zeit briet der König, der den Gesang vernahm, das",0.4974692,SE,Gameselo/STS-multilingual-mpnet-base-v2
152,153,Stab,39,A,und gab den Takt an.,0,0.42,1,1.9,1.6,3.0,den,Stab,"Zügig hob der Dirigent, der das Tempo wechselte, den",0.67019856,SE,Gameselo/STS-multilingual-mpnet-base-v2
153,154,Stab,39,B,und gab den Takt an.,0,0.5,1,1.0,1.6,3.0,den,Stab,"Zügig hob der Dirigent, der das Gähnen unterdrückte, den",0.73360974,SE,Gameselo/STS-multilingual-mpnet-base-v2
154,155,Stab,39,C,und gab den Takt an.,0,0.0,1,1.9,1.6,1.3,den,Stab,"Zügig verdrückte der Dirigent, der das Tempo wechselte, den",0.7082813,SE,Gameselo/STS-multilingual-mpnet-base-v2
155,156,Stab,39,D,und gab den Takt an.,0,0.0,1,1.0,1.6,1.3,den,Stab,"Zügig verdrückte der Dirigent, der das Gähnen unterdrückte, den",0.7264645,SE,Gameselo/STS-multilingual-mpnet-base-v2
156,157,Bart,40,A,des Mannes.,2,0.58,0,5.4,1.3,6.8,den,Bart,"Direkt trimmt der Herrenfriseur, nachdem er die Klinge ausgepackt hat, den",0.6984601,SE,Gameselo/STS-multilingual-mpnet-base-v2
157,158,Bart,40,B,des Mannes.,2,0.25,0,1.2,1.0,6.8,den,Bart,"Direkt trimmt der Herrenfriseur, nachdem er das Wasserglas abgestellt hat, den",0.6709641,SE,Gameselo/STS-multilingual-mpnet-base-v2
158,159,Bart,40,C,des Mannes.,2,0.0,0,5.4,1.3,1.7,den,Bart,"Direkt hört der Herrenfriseur, nachdem er die Klinge ausgepackt hat, den",0.75986,SE,Gameselo/STS-multilingual-mpnet-base-v2
159,160,Bart,40,D,des Mannes.,2,0.0,0,1.2,1.0,1.7,den,Bart,"Direkt hört der Herrenfriseur, nachdem er das Wasserglas abgestellt hat, den",0.7107071,SE,Gameselo/STS-multilingual-mpnet-base-v2
160,161,Geschirr,41,A,und die Brettchen.,0,0.5,1,6.7,4.7,6.9,das,Geschirr,"Gestern spülte der Tellerwäscher, bevor er den Tisch wischte, das",0.6555695,SE,Gameselo/STS-multilingual-mpnet-base-v2
161,162,Geschirr,41,B,und die Brettchen.,0,0.42,1,1.2,1.2,6.9,das,Geschirr,"Gestern spülte der Tellerwäscher, bevor er das Taxi rief, das",0.6553608,SE,Gameselo/STS-multilingual-mpnet-base-v2
162,163,Geschirr,41,C,und die Brettchen.,0,0.0,1,6.7,4.7,1.1,das,Geschirr,"Gestern glättete der Tellerwäscher, bevor er den Tisch wischte, das",0.6780057,SE,Gameselo/STS-multilingual-mpnet-base-v2
163,164,Geschirr,41,D,und die Brettchen.,0,0.0,1,1.2,1.2,1.1,das,Geschirr,"Gestern glättete der Tellerwäscher, bevor er das Taxi rief, das",0.6743289,SE,Gameselo/STS-multilingual-mpnet-base-v2
164,165,Schloss,42,A,und stiehlt die Wertsachen.,0,0.25,0,7.0,1.8,6.4,das,Schloss,"Im Handumdrehen knackt der Einbrecher, der den Zahlencode erraten hat, das",0.6861725,SE,Gameselo/STS-multilingual-mpnet-base-v2
165,166,Schloss,42,B,und stiehlt die Wertsachen.,0,0.5,0,2.6,1.5,6.4,das,Schloss,"Im Handumdrehen knackt der Einbrecher, der die Akte durchblättert hat, das",0.71626157,SE,Gameselo/STS-multilingual-mpnet-base-v2
166,167,Schloss,42,C,und stiehlt die Wertsachen.,0,0.0,0,7.0,1.8,1.6,das,Schloss,"Im Handumdrehen kopiert der Einbrecher, der den Zahlencode erraten hat, das",0.662096,SE,Gameselo/STS-multilingual-mpnet-base-v2
167,168,Schloss,42,D,und stiehlt die Wertsachen.,0,0.0,0,2.6,1.5,1.6,das,Schloss,"Im Handumdrehen kopiert der Einbrecher, der die Akte durchblättert hat, das",0.68828076,SE,Gameselo/STS-multilingual-mpnet-base-v2
168,169,Zwiebeln,43,A,und den Knoblauch.,0,0.25,1,5.7,2.3,6.2,die,Zwiebeln,"Routiniert hackte der Küchengehilfe, bevor er die Suppe umrührte, die",0.6420033,SE,Gameselo/STS-multilingual-mpnet-base-v2
169,170,Zwiebeln,43,B,und den Knoblauch.,0,0.33,1,1.3,1.1,6.2,die,Zwiebeln,"Routiniert hackte der Küchengehilfe, bevor er das Radio einschaltete, die",0.5516643,SE,Gameselo/STS-multilingual-mpnet-base-v2
170,171,Zwiebeln,43,C,und den Knoblauch.,0,0.0,1,5.7,2.3,1.3,die,Zwiebeln,"Routiniert schraubte der Küchengehilfe, bevor er die Suppe umrührte, die",0.6481957,SE,Gameselo/STS-multilingual-mpnet-base-v2
171,172,Zwiebeln,43,D,und den Knoblauch.,0,0.0,1,1.3,1.1,1.3,die,Zwiebeln,"Routiniert schraubte der Küchengehilfe, bevor er das Radio einschaltete, die",0.5437709,SE,Gameselo/STS-multilingual-mpnet-base-v2
172,173,Wachs,44,A,und fuhr mit der Arbeit fort.,0,0.83,1,6.7,2.3,6.3,das,Wachs,"Umsichtig schmolz der Kerzenzieher, nachdem er den Docht gekürzt hatte, das",0.6923778,SE,Gameselo/STS-multilingual-mpnet-base-v2
173,174,Wachs,44,B,und fuhr mit der Arbeit fort.,0,0.83,1,1.5,1.4,6.3,das,Wachs,"Umsichtig schmolz der Kerzenzieher, nachdem er das Nähkästchen zugeklappt hatte, das",0.6606545,SE,Gameselo/STS-multilingual-mpnet-base-v2
174,175,Wachs,44,C,und fuhr mit der Arbeit fort.,0,0.0,1,6.7,2.3,1.0,das,Wachs,"Umsichtig würzte der Kerzenzieher, nachdem er den Docht gekürzt hatte, das",0.70686823,SE,Gameselo/STS-multilingual-mpnet-base-v2
175,176,Wachs,44,D,und fuhr mit der Arbeit fort.,0,0.0,1,1.5,1.4,1.0,das,Wachs,"Umsichtig würzte der Kerzenzieher, nachdem er das Nähkästchen zugeklappt hatte, das",0.6865801,SE,Gameselo/STS-multilingual-mpnet-base-v2
176,177,Cocktail,45,A,für den Touristen.,0,0.5,0,6.2,1.4,6.9,den,Cocktail,"Gestern mixte der Barkeeper, der den Wodka geöffnet hatte, den",0.78360564,SE,Gameselo/STS-multilingual-mpnet-base-v2
177,178,Cocktail,45,B,für den Touristen.,0,0.83,0,1.3,1.0,6.9,den,Cocktail,"Gestern mixte der Barkeeper, der den Boden gefegt hatte, den",0.78421164,SE,Gameselo/STS-multilingual-mpnet-base-v2
178,179,Cocktail,45,C,für den Touristen.,0,0.0,0,6.2,1.4,1.6,den,Cocktail,"Gestern gründete der Barkeeper, der den Wodka geöffnet hatte, den",0.7583756,SE,Gameselo/STS-multilingual-mpnet-base-v2
179,180,Cocktail,45,D,für den Touristen.,0,0.08,0,1.3,1.0,1.6,den,Cocktail,"Gestern gründete der Barkeeper, der den Boden gefegt hatte, den",0.7536948,SE,Gameselo/STS-multilingual-mpnet-base-v2
180,181,Orchester,46,A,und das Streichquartett.,0,0.25,1,6.8,3.6,6.8,das,Orchester,"Am Abend dirigiert der Kapellmeister, der das Konzert eröffnet hat, das",0.6963247,SE,Gameselo/STS-multilingual-mpnet-base-v2
181,182,Orchester,46,B,und das Streichquartett.,0,0.25,1,1.6,1.4,6.8,das,Orchester,"Am Abend dirigiert der Kapellmeister, der die Unterschriften gesammelt hat, das",0.7427,SE,Gameselo/STS-multilingual-mpnet-base-v2
182,183,Orchester,46,C,und das Streichquartett.,0,0.0,1,6.8,3.6,1.3,das,Orchester,"Am Abend vernichtet der Kapellmeister, der das Konzert eröffnet hat, das",0.725652,SE,Gameselo/STS-multilingual-mpnet-base-v2
183,184,Orchester,46,D,und das Streichquartett.,0,0.0,1,1.6,1.4,1.3,das,Orchester,"Am Abend vernichtet der Kapellmeister, der die Unterschriften gesammelt hat, das",0.7063465,SE,Gameselo/STS-multilingual-mpnet-base-v2
184,185,Wort,47,A,und notiert es.,3,0.83,0,6.3,3.6,6.8,das,Wort,"Direkt buchstabiert der Sprachschüler, nachdem er das Buch aufgeschlagen hat, das",0.77865326,SE,Gameselo/STS-multilingual-mpnet-base-v2
185,186,Wort,47,B,und notiert es.,3,0.67,0,3.0,2.7,6.8,das,Wort,"Direkt buchstabiert der Sprachschüler, nachdem er den Pausenhof verlassen hat, das",0.8025309,SE,Gameselo/STS-multilingual-mpnet-base-v2
186,187,Wort,47,C,und notiert es.,3,0.0,0,6.3,3.6,1.7,das,Wort,"Direkt dekoriert der Sprachschüler, nachdem er das Buch aufgeschlagen hat, das",0.7430484,SE,Gameselo/STS-multilingual-mpnet-base-v2
187,188,Wort,47,D,und notiert es.,3,0.0,0,3.0,2.7,1.7,das,Wort,"Direkt dekoriert der Sprachschüler, nachdem er den Pausenhof verlassen hat, das",0.7561188,SE,Gameselo/STS-multilingual-mpnet-base-v2
188,189,Weide,48,A,mit einem Draht.,0,0.67,0,6.7,5.4,6.0,die,Weide,"Vorsichtig umzäunt der Schäfer, der die Schafe gehütet hat, die",0.69184303,SE,Gameselo/STS-multilingual-mpnet-base-v2
189,190,Weide,48,B,mit einem Draht.,0,0.42,0,1.4,1.4,6.0,die,Weide,"Vorsichtig umzäunt der Schäfer, der das Mittagessen vergessen hat, die",0.68491215,SE,Gameselo/STS-multilingual-mpnet-base-v2
190,191,Weide,48,C,mit einem Draht.,0,0.0,0,6.7,5.4,1.0,die,Weide,"Vorsichtig fälscht der Schäfer, der die Schafe gehütet hat, die",0.7031578,SE,Gameselo/STS-multilingual-mpnet-base-v2
191,192,Weide,48,D,mit einem Draht.,0,0.0,0,1.4,1.4,1.0,die,Weide,"Vorsichtig fälscht der Schäfer, der das Mittagessen vergessen hat, die",0.6958566,SE,Gameselo/STS-multilingual-mpnet-base-v2
192,193,Predigt,49,A,für die Gemeinde.,0,0.25,0,6.2,2.1,6.2,die,Predigt,"Nachdenklich hält der Pfarrer, nachdem er die Bibel aufgeschlagen hat, die",0.73184335,SE,Gameselo/STS-multilingual-mpnet-base-v2
193,194,Predigt,49,B,für die Gemeinde.,0,0.5,0,1.6,2.9,6.2,die,Predigt,"Nachdenklich hält der Pfarrer, nachdem er die Brille aufgesetzt hat, die",0.64166284,SE,Gameselo/STS-multilingual-mpnet-base-v2
194,195,Predigt,49,C,für die Gemeinde.,0,0.0,0,6.2,2.1,1.3,die,Predigt,"Nachdenklich leert der Pfarrer, nachdem er die Bibel aufgeschlagen hat, die",0.72186476,SE,Gameselo/STS-multilingual-mpnet-base-v2
195,196,Predigt,49,D,für die Gemeinde.,0,0.0,0,1.6,2.9,1.3,die,Predigt,"Nachdenklich leert der Pfarrer, nachdem er die Brille aufgesetzt hat, die",0.65307987,SE,Gameselo/STS-multilingual-mpnet-base-v2
196,197,Wohnung,50,A,mit neuen Möbeln.,0,0.5,0,7.0,2.7,6.8,die,Wohnung,"Unverzüglich möblierte der Vermieter, der den Mieter aufgenommen hatte, die",0.7386694,SE,Gameselo/STS-multilingual-mpnet-base-v2
197,198,Wohnung,50,B,mit neuen Möbeln.,0,0.75,0,4.7,3.6,6.8,die,Wohnung,"Unverzüglich möblierte der Vermieter, der die Überweisung erhalten hatte, die",0.7483717,SE,Gameselo/STS-multilingual-mpnet-base-v2
198,199,Wohnung,50,C,mit neuen Möbeln.,0,0.0,0,7.0,2.7,1.4,die,Wohnung,"Unverzüglich erntete der Vermieter, der den Mieter aufgenommen hatte, die",0.6931702,SE,Gameselo/STS-multilingual-mpnet-base-v2
199,200,Wohnung,50,D,mit neuen Möbeln.,0,0.0,0,4.7,3.6,1.4,die,Wohnung,"Unverzüglich erntete der Vermieter, der die Überweisung erhalten hatte, die",0.7135934,SE,Gameselo/STS-multilingual-mpnet-base-v2
200,201,Abzug,51,A,und trifft das Opfer.,2,0.5,0,3.2,4.4,5.9,den,Abzug,"Sofort betätigt der Killer, der das Ziel anvisiert hat, den",0.57473725,SE,Gameselo/STS-multilingual-mpnet-base-v2
201,202,Abzug,51,B,und trifft das Opfer.,2,0.33,0,1.4,3.0,5.9,den,Abzug,"Sofort betätigt der Killer, der den Tee abgestellt hat, den",0.72464657,SE,Gameselo/STS-multilingual-mpnet-base-v2
202,203,Abzug,51,C,und trifft das Opfer.,2,0.0,0,3.2,4.4,1.6,den,Abzug,"Sofort knickt der Killer, der das Ziel anvisiert hat, den",0.65523,SE,Gameselo/STS-multilingual-mpnet-base-v2
203,204,Abzug,51,D,und trifft das Opfer.,2,0.0,0,1.4,3.0,1.6,den,Abzug,"Sofort knickt der Killer, der den Tee abgestellt hat, den",0.72569203,SE,Gameselo/STS-multilingual-mpnet-base-v2
204,205,Paket,52,A,mit der Arbeitskleidung.,0,0.42,1,6.7,4.4,6.5,das,Paket,"Heute überbringt der Bote, als er den Empfänger angetroffen hat, das",0.6600984,SE,Gameselo/STS-multilingual-mpnet-base-v2
205,206,Paket,52,B,mit der Arbeitskleidung.,0,0.33,1,3.6,1.2,6.5,das,Paket,"Heute überbringt der Bote, als er das Foyer durchquert hat, das",0.6771433,SE,Gameselo/STS-multilingual-mpnet-base-v2
206,207,Paket,52,C,mit der Arbeitskleidung.,0,0.0,1,6.7,4.4,1.3,das,Paket,"Heute erntet der Bote, als er den Empfänger angetroffen hat, das",0.6682972,SE,Gameselo/STS-multilingual-mpnet-base-v2
207,208,Paket,52,D,mit der Arbeitskleidung.,0,0.0,1,3.6,1.2,1.3,das,Paket,"Heute erntet der Bote, als er das Foyer durchquert hat, das",0.71384966,SE,Gameselo/STS-multilingual-mpnet-base-v2
208,209,Tor,53,A,und jubelte über seinen Erfolg.,3,0.92,0,6.8,3.4,6.9,das,Tor,"Schnell schoss der Fußballspieler, der das Fußballfeld überquert hatte, das",0.62057483,SE,Gameselo/STS-multilingual-mpnet-base-v2
209,210,Tor,53,B,und jubelte über seinen Erfolg.,3,0.67,0,1.6,2.7,6.9,das,Tor,"Schnell schoss der Fußballspieler, der die Jacke ausgezogen hatte, das",0.63320464,SE,Gameselo/STS-multilingual-mpnet-base-v2
210,211,Tor,53,C,und jubelte über seinen Erfolg.,3,0.0,0,6.8,3.4,1.5,das,Tor,"Schnell spürte der Fußballspieler, der das Fußballfeld überquert hatte, das",0.5194791,SE,Gameselo/STS-multilingual-mpnet-base-v2
211,212,Tor,53,D,und jubelte über seinen Erfolg.,3,0.0,0,1.6,2.7,1.5,das,Tor,"Schnell spürte der Fußballspieler, der die Jacke ausgezogen hatte, das",0.5436969,SE,Gameselo/STS-multilingual-mpnet-base-v2
212,213,Flugzeug,54,A,durch die Wolken.,0,1.0,1,7.0,1.8,5.8,das,Flugzeug,"Konzentriert steuerte der Pilot, der die Stewardess gerufen hatte, das",0.6901382,SE,Gameselo/STS-multilingual-mpnet-base-v2
213,214,Flugzeug,54,B,durch die Wolken.,0,0.92,1,1.6,3.4,5.8,das,Flugzeug,"Konzentriert steuerte der Pilot, der den Krimi gelesen hatte, das",0.66247404,SE,Gameselo/STS-multilingual-mpnet-base-v2
214,215,Flugzeug,54,C,durch die Wolken.,0,0.0,1,7.0,1.8,3.1,das,Flugzeug,"Konzentriert faltete der Pilot, der die Stewardess gerufen hatte, das",0.7611271,SE,Gameselo/STS-multilingual-mpnet-base-v2
215,216,Flugzeug,54,D,durch die Wolken.,0,0.08,1,1.6,3.4,3.1,das,Flugzeug,"Konzentriert faltete der Pilot, der den Krimi gelesen hatte, das",0.6888333,SE,Gameselo/STS-multilingual-mpnet-base-v2
216,217,Skizze,55,A,für den Bauherrn.,0,0.42,0,6.4,6.5,6.7,die,Skizze,"Rasch entwarf der Architekt, bevor er den Bauplan erstellte, die",0.62743676,SE,Gameselo/STS-multilingual-mpnet-base-v2
217,218,Skizze,55,B,für den Bauherrn.,0,0.25,0,4.3,4.7,6.7,die,Skizze,"Rasch entwarf der Architekt, bevor er den Vortrag schrieb, die",0.6637656,SE,Gameselo/STS-multilingual-mpnet-base-v2
218,219,Skizze,55,C,für den Bauherrn.,0,0.0,0,6.4,6.5,1.2,die,Skizze,"Rasch schüttelte der Architekt, bevor er den Bauplan erstellte, die",0.5845345,SE,Gameselo/STS-multilingual-mpnet-base-v2
219,220,Skizze,55,D,für den Bauherrn.,0,0.0,0,4.3,4.7,1.2,die,Skizze,"Rasch schüttelte der Architekt, bevor er den Vortrag schrieb, die",0.580897,SE,Gameselo/STS-multilingual-mpnet-base-v2
220,221,Kamin,56,A,und verlässt das Grundstück.,1,0.42,0,6.8,3.0,6.4,den,Kamin,"Geschwind kehrt der Schornsteinfeger, der den Rauch einatmet, den",0.6703744,SE,Gameselo/STS-multilingual-mpnet-base-v2
221,222,Kamin,56,B,und verlässt das Grundstück.,1,0.17,0,3.0,1.3,6.4,den,Kamin,"Geschwind kehrt der Schornsteinfeger, der die Katze verscheucht, den",0.62158173,SE,Gameselo/STS-multilingual-mpnet-base-v2
222,223,Kamin,56,C,und verlässt das Grundstück.,1,0.0,0,6.8,3.0,1.1,den,Kamin,"Geschwind wirft der Schornsteinfeger, der den Rauch einatmet, den",0.6308256,SE,Gameselo/STS-multilingual-mpnet-base-v2
223,224,Kamin,56,D,und verlässt das Grundstück.,1,0.08,0,3.0,1.3,1.1,den,Kamin,"Geschwind wirft der Schornsteinfeger, der die Katze verscheucht, den",0.61101997,SE,Gameselo/STS-multilingual-mpnet-base-v2
224,225,Wahl,57,A,zum Minister.,0,1.0,0,6.5,5.3,6.7,die,Wahl,"Vorgestern gewann der Politiker, der die Stimmen zählte, die",0.6108956,SE,Gameselo/STS-multilingual-mpnet-base-v2
225,226,Wahl,57,B,zum Minister.,0,0.58,0,2.8,1.6,6.7,die,Wahl,"Vorgestern gewann der Politiker, der die Hände schüttelte, die",0.58978164,SE,Gameselo/STS-multilingual-mpnet-base-v2
226,227,Wahl,57,C,zum Minister.,0,0.08,0,6.5,5.3,1.6,die,Wahl,"Vorgestern reparierte der Politiker, der die Stimmen zählte, die",0.5993755,SE,Gameselo/STS-multilingual-mpnet-base-v2
227,228,Wahl,57,D,zum Minister.,0,0.0,0,2.8,1.6,1.6,die,Wahl,"Vorgestern reparierte der Politiker, der die Hände schüttelte, die",0.5420492,SE,Gameselo/STS-multilingual-mpnet-base-v2
228,229,Foto,58,A,von der Unfallstelle.,0,0.67,0,6.7,2.1,6.7,das,Foto,"Sofort schoss der Reporter, der die Kamera bediente, das",0.73474926,SE,Gameselo/STS-multilingual-mpnet-base-v2
229,230,Foto,58,B,von der Unfallstelle.,0,0.5,0,1.6,1.6,6.7,das,Foto,"Sofort schoss der Reporter, der die Zigarette rauchte, das",0.74039006,SE,Gameselo/STS-multilingual-mpnet-base-v2
230,231,Foto,58,C,von der Unfallstelle.,0,0.0,0,6.7,2.1,1.7,das,Foto,"Sofort verspeiste der Reporter, der die Kamera bediente, das",0.76716286,SE,Gameselo/STS-multilingual-mpnet-base-v2
231,232,Foto,58,D,von der Unfallstelle.,0,0.0,0,1.6,1.6,1.7,das,Foto,"Sofort verspeiste der Reporter, der die Zigarette rauchte, das",0.7102155,SE,Gameselo/STS-multilingual-mpnet-base-v2
232,233,Programm,59,A,für seinen Boss.,0,0.5,0,6.9,5.8,6.7,das,Programm,"Unverzüglich entwickelte der Informatiker, der den Computer hochfuhr, das",0.67842716,SE,Gameselo/STS-multilingual-mpnet-base-v2
233,234,Programm,59,B,für seinen Boss.,0,0.75,0,1.8,2.0,6.7,das,Programm,"Unverzüglich entwickelte der Informatiker, der den Energydrink trank, das",0.6952984,SE,Gameselo/STS-multilingual-mpnet-base-v2
234,235,Programm,59,C,für seinen Boss.,0,0.0,0,6.9,5.8,4.5,das,Programm,"Unverzüglich trocknete der Informatiker, der den Computer hochfuhr, das",0.71248186,SE,Gameselo/STS-multilingual-mpnet-base-v2
235,236,Programm,59,D,für seinen Boss.,0,0.0,0,1.8,2.0,4.5,das,Programm,"Unverzüglich trocknete der Informatiker, der den Energydrink trank, das",0.7036355,SE,Gameselo/STS-multilingual-mpnet-base-v2
236,237,Urteil,60,A,und schloss die Verhandlung.,0,1.0,1,7.0,4.5,6.7,das,Urteil,"Nun verkündete der Richter, nachdem er den Angeklagten hereingerufen hatte, das",0.68939424,SE,Gameselo/STS-multilingual-mpnet-base-v2
237,238,Urteil,60,B,und schloss die Verhandlung.,0,1.0,1,1.9,2.8,6.7,das,Urteil,"Nun verkündete der Richter, nachdem er die Lesebrille aufgesetzt hatte, das",0.7105378,SE,Gameselo/STS-multilingual-mpnet-base-v2
238,239,Urteil,60,C,und schloss die Verhandlung.,0,0.0,1,7.0,4.5,1.7,das,Urteil,"Nun roch der Richter, nachdem er den Angeklagten hereingerufen hatte, das",0.7024612,SE,Gameselo/STS-multilingual-mpnet-base-v2
239,240,Urteil,60,D,und schloss die Verhandlung.,0,0.0,1,1.9,2.8,1.7,das,Urteil,"Nun roch der Richter, nachdem er die Lesebrille aufgesetzt hatte, das",0.703516,SE,Gameselo/STS-multilingual-mpnet-base-v2
240,241,Prüfung,61,A,in Mathematik.,0,0.58,0,6.6,5.0,5.8,die,Prüfung,"Zunächst bestand der Student, der das Studium wiederaufnahm, die",0.7065294,SE,Gameselo/STS-multilingual-mpnet-base-v2
241,242,Prüfung,61,B,in Mathematik.,0,0.25,0,2.0,1.3,5.8,die,Prüfung,"Zunächst bestand der Student, der das Jackett auszog, die",0.66577196,SE,Gameselo/STS-multilingual-mpnet-base-v2
242,243,Prüfung,61,C,in Mathematik.,0,0.0,0,6.6,5.0,3.4,die,Prüfung,"Zunächst kochte der Student, der das Studium wiederaufnahm, die",0.7370004,SE,Gameselo/STS-multilingual-mpnet-base-v2
243,244,Prüfung,61,D,in Mathematik.,0,0.0,0,2.0,1.3,3.4,die,Prüfung,"Zunächst kochte der Student, der das Jackett auszog, die",0.68852603,SE,Gameselo/STS-multilingual-mpnet-base-v2
244,245,Lied,62,A,über die Vergangenheit.,1,0.58,1,6.3,1.3,7.0,das,Lied,"Konzentriert sang der Sänger, der das Mikrofon umklammerte, das",0.6972958,SE,Gameselo/STS-multilingual-mpnet-base-v2
245,246,Lied,62,B,über die Vergangenheit.,1,0.58,1,1.9,1.5,7.0,das,Lied,"Konzentriert sang der Sänger, der den Hut abnahm, das",0.739402,SE,Gameselo/STS-multilingual-mpnet-base-v2
246,247,Lied,62,C,über die Vergangenheit.,1,0.0,1,6.3,1.3,1.1,das,Lied,"Konzentriert reparierte der Sänger, der das Mikrofon umklammerte, das",0.600267,SE,Gameselo/STS-multilingual-mpnet-base-v2
247,248,Lied,62,D,über die Vergangenheit.,1,0.0,1,1.9,1.5,1.1,das,Lied,"Konzentriert reparierte der Sänger, der den Hut abnahm, das",0.6529808,SE,Gameselo/STS-multilingual-mpnet-base-v2
248,249,Farbe,63,A,für den nächsten Auftrag.,0,0.92,1,6.9,3.5,6.3,die,Farbe,"Zufrieden mischte der Anstreicher, der die Pinsel gewaschen hatte, die",0.70909077,SE,Gameselo/STS-multilingual-mpnet-base-v2
249,250,Farbe,63,B,für den nächsten Auftrag.,0,1.0,1,3.5,1.8,6.3,die,Farbe,"Zufrieden mischte der Anstreicher, der die Plätzchen gegessen hatte, die",0.65656674,SE,Gameselo/STS-multilingual-mpnet-base-v2
250,251,Farbe,63,C,für den nächsten Auftrag.,0,0.0,1,6.9,3.5,1.4,die,Farbe,"Zufrieden würzte der Anstreicher, der die Pinsel gewaschen hatte, die",0.6831124,SE,Gameselo/STS-multilingual-mpnet-base-v2
251,252,Farbe,63,D,für den nächsten Auftrag.,0,0.0,1,3.5,1.8,1.4,die,Farbe,"Zufrieden würzte der Anstreicher, der die Plätzchen gegessen hatte, die",0.6472768,SE,Gameselo/STS-multilingual-mpnet-base-v2
252,253,Blumen,64,A,im Blumenkasten.,0,0.58,1,6.2,5.8,7.0,die,Blumen,"Einen Moment lang gießt der Gärtner, der den Dünger verteilt hat, die",0.68711215,SE,Gameselo/STS-multilingual-mpnet-base-v2
253,254,Blumen,64,B,im Blumenkasten.,0,0.5,1,2.0,1.4,7.0,die,Blumen,"Einen Moment lang gießt der Gärtner, der die Opernmusik angestellt hat, die",0.72788197,SE,Gameselo/STS-multilingual-mpnet-base-v2
254,255,Blumen,64,C,im Blumenkasten.,0,0.0,1,6.2,5.8,1.7,die,Blumen,"Einen Moment lang ölt der Gärtner, der den Dünger verteilt hat, die",0.73977965,SE,Gameselo/STS-multilingual-mpnet-base-v2
255,256,Blumen,64,D,im Blumenkasten.,0,0.0,1,2.0,1.4,1.7,die,Blumen,"Einen Moment lang ölt der Gärtner, der die Opernmusik angestellt hat, die",0.74377275,SE,Gameselo/STS-multilingual-mpnet-base-v2
256,257,Hecke,65,A,um das Grundstück.,2,0.5,1,6.6,1.9,6.5,die,Hecke,"Gestern Nachmittag stutzte der Landschaftsgärtner, der die Gartenschere geschärft hatte, die",0.6789871,SE,Gameselo/STS-multilingual-mpnet-base-v2
257,258,Hecke,65,B,um das Grundstück.,2,0.58,1,1.4,1.8,6.5,die,Hecke,"Gestern Nachmittag stutzte der Landschaftsgärtner, der die Sonnenbrille aufgesetzt hatte, die",0.66417444,SE,Gameselo/STS-multilingual-mpnet-base-v2
258,259,Hecke,65,C,um das Grundstück.,2,0.0,1,6.6,1.9,1.3,die,Hecke,"Gestern Nachmittag bezahlte der Landschaftsgärtner, der die Gartenschere geschärft hatte, die",0.62193054,SE,Gameselo/STS-multilingual-mpnet-base-v2
259,260,Hecke,65,D,um das Grundstück.,2,0.0,1,1.4,1.8,1.3,die,Hecke,"Gestern Nachmittag bezahlte der Landschaftsgärtner, der die Sonnenbrille aufgesetzt hatte, die",0.6106359,SE,Gameselo/STS-multilingual-mpnet-base-v2
260,261,Feld,66,A,mit einem Gaul.,2,0.92,0,6.8,2.1,6.2,das,Feld,"Früher beackerte der Landwirt, der den Traktor gestartet hatte, das",0.7306308,SE,Gameselo/STS-multilingual-mpnet-base-v2
261,262,Feld,66,B,mit einem Gaul.,2,0.67,0,3.9,1.1,6.2,das,Feld,"Früher beackerte der Landwirt, der den Sonnenhut aufgesetzt hatte, das",0.7707891,SE,Gameselo/STS-multilingual-mpnet-base-v2
262,263,Feld,66,C,mit einem Gaul.,2,0.0,0,6.8,2.1,2.5,das,Feld,"Früher kopierte der Landwirt, der den Traktor gestartet hatte, das",0.68398225,SE,Gameselo/STS-multilingual-mpnet-base-v2
263,264,Feld,66,D,mit einem Gaul.,2,0.0,0,3.9,1.1,2.5,das,Feld,"Früher kopierte der Landwirt, der den Sonnenhut aufgesetzt hatte, das",0.7135171,SE,Gameselo/STS-multilingual-mpnet-base-v2
264,265,Schuh,67,A,und polierte ihn.,1,0.5,0,6.4,4.1,4.9,den,Schuh,"Heute Morgen flickte der Schuster, der den Absatz ausgetauscht hatte, den",0.68825006,SE,Gameselo/STS-multilingual-mpnet-base-v2
265,266,Schuh,67,B,und polierte ihn.,1,0.75,0,1.2,1.0,4.9,den,Schuh,"Heute Morgen flickte der Schuster, der die Sirene gehört hatte, den",0.6776501,SE,Gameselo/STS-multilingual-mpnet-base-v2
266,267,Schuh,67,C,und polierte ihn.,1,0.0,0,6.4,4.1,1.0,den,Schuh,"Heute Morgen schmeckte der Schuster, der den Absatz ausgetauscht hatte, den",0.70142865,SE,Gameselo/STS-multilingual-mpnet-base-v2
267,268,Schuh,67,D,und polierte ihn.,1,0.0,0,1.2,1.0,1.0,den,Schuh,"Heute Morgen schmeckte der Schuster, der die Sirene gehört hatte, den",0.653597,SE,Gameselo/STS-multilingual-mpnet-base-v2
268,269,Koffer,68,A,für die Kreuzfahrt.,1,0.83,0,6.6,3.5,6.9,den,Koffer,"Schnell packte der Urlauber, als er die Klamotten gefaltet hatte, den",0.7603516,SE,Gameselo/STS-multilingual-mpnet-base-v2
269,270,Koffer,68,B,für die Kreuzfahrt.,1,0.5,0,1.2,1.9,6.9,den,Koffer,"Schnell packte der Urlauber, als er die Gardinen aufgezogen hatte, den",0.7490288,SE,Gameselo/STS-multilingual-mpnet-base-v2
270,271,Koffer,68,C,für die Kreuzfahrt.,1,0.0,0,6.6,3.5,1.2,den,Koffer,"Schnell rührte der Urlauber, als er die Klamotten gefaltet hatte, den",0.7306692,SE,Gameselo/STS-multilingual-mpnet-base-v2
271,272,Koffer,68,D,für die Kreuzfahrt.,1,0.0,0,1.2,1.9,1.2,den,Koffer,"Schnell rührte der Urlauber, als er die Gardinen aufgezogen hatte, den",0.71525997,SE,Gameselo/STS-multilingual-mpnet-base-v2
272,273,Honig,69,A,aus den Waben.,0,1.0,1,6.9,1.0,5.5,den,Honig,"Sorgfältig erntet der Imker, nachdem er den Bienenstock erreicht hat, den",0.73763037,SE,Gameselo/STS-multilingual-mpnet-base-v2
273,274,Honig,69,B,aus den Waben.,0,0.92,1,2.8,1.1,5.5,den,Honig,"Sorgfältig erntet der Imker, nachdem er das Haus verlassen hat, den",0.7329146,SE,Gameselo/STS-multilingual-mpnet-base-v2
274,275,Honig,69,C,aus den Waben.,0,0.0,1,6.9,1.0,1.2,den,Honig,"Sorgfältig näht der Imker, nachdem er den Bienenstock erreicht hat, den",0.6910072,SE,Gameselo/STS-multilingual-mpnet-base-v2
275,276,Honig,69,D,aus den Waben.,0,0.0,1,2.8,1.1,1.2,den,Honig,"Sorgfältig näht der Imker, nachdem er das Haus verlassen hat, den",0.64952564,SE,Gameselo/STS-multilingual-mpnet-base-v2
276,277,Gewehr,70,A,und zielt erneut.,0,0.42,1,6.4,6.1,6.0,das,Gewehr,"Vorsichtig lädt der Jäger, der die Munition verschossen hat, das",0.7796307,SE,Gameselo/STS-multilingual-mpnet-base-v2
277,278,Gewehr,70,B,und zielt erneut.,0,0.5,1,1.4,1.3,6.0,das,Gewehr,"Vorsichtig lädt der Jäger, der den Campingplatz verlassen hat, das",0.6195476,SE,Gameselo/STS-multilingual-mpnet-base-v2
278,279,Gewehr,70,C,und zielt erneut.,0,0.0,1,6.4,6.1,1.3,das,Gewehr,"Vorsichtig schneidet der Jäger, der die Munition verschossen hat, das",0.71621865,SE,Gameselo/STS-multilingual-mpnet-base-v2
279,280,Gewehr,70,D,und zielt erneut.,0,0.0,1,1.4,1.3,1.3,das,Gewehr,"Vorsichtig schneidet der Jäger, der den Campingplatz verlassen hat, das",0.6100358,SE,Gameselo/STS-multilingual-mpnet-base-v2
280,281,Mörtel,71,A,für die Mauer.,0,0.42,0,6.1,4.0,6.0,den,Mörtel,"Vorsichtig mischte der Maurer, der die Backsteine aufeinanderlegte, den",0.6486512,SE,Gameselo/STS-multilingual-mpnet-base-v2
281,282,Mörtel,71,B,für die Mauer.,0,0.25,0,1.4,1.0,6.0,den,Mörtel,"Vorsichtig mischte der Maurer, der die Nachbarn belauschte, den",0.6941926,SE,Gameselo/STS-multilingual-mpnet-base-v2
282,283,Mörtel,71,C,für die Mauer.,0,0.0,0,6.1,4.0,1.3,den,Mörtel,"Vorsichtig schrieb der Maurer, der die Backsteine aufeinanderlegte, den",0.66475135,SE,Gameselo/STS-multilingual-mpnet-base-v2
283,284,Mörtel,71,D,für die Mauer.,0,0.0,0,1.4,1.0,1.3,den,Mörtel,"Vorsichtig schrieb der Maurer, der die Nachbarn belauschte, den",0.72473645,SE,Gameselo/STS-multilingual-mpnet-base-v2
284,285,Mehl,72,A,aus dem Korn.,2,0.67,0,6.9,1.4,5.9,das,Mehl,"Vorgestern mahlte der Müller, der die Mühle betrieb, das",0.71408576,SE,Gameselo/STS-multilingual-mpnet-base-v2
285,286,Mehl,72,B,aus dem Korn.,2,0.5,0,1.0,1.1,5.9,das,Mehl,"Vorgestern mahlte der Müller, der das Lied pfiff, das",0.7007959,SE,Gameselo/STS-multilingual-mpnet-base-v2
286,287,Mehl,72,C,aus dem Korn.,2,0.0,0,6.9,1.4,2.4,das,Mehl,"Vorgestern verzierte der Müller, der die Mühle betrieb, das",0.6546281,SE,Gameselo/STS-multilingual-mpnet-base-v2
287,288,Mehl,72,D,aus dem Korn.,2,0.17,0,1.0,1.1,2.4,das,Mehl,"Vorgestern verzierte der Müller, der das Lied pfiff, das",0.65626574,SE,Gameselo/STS-multilingual-mpnet-base-v2
288,289,Kuh,73,A,und brachte ihr frisches Heu.,0,1.0,0,7.0,4.5,6.8,die,Kuh,"Vorsichtig melkte der Viehzüchter, nachdem er den Stall ausgemistet hatte, die",0.6807453,SE,Gameselo/STS-multilingual-mpnet-base-v2
289,290,Kuh,73,B,und brachte ihr frisches Heu.,0,0.75,0,3.1,1.0,6.8,die,Kuh,"Vorsichtig melkte der Viehzüchter, nachdem er das Gemüse sortiert hatte, die",0.66060907,SE,Gameselo/STS-multilingual-mpnet-base-v2
290,291,Kuh,73,C,und brachte ihr frisches Heu.,0,0.0,0,7.0,4.5,1.4,die,Kuh,"Vorsichtig kleidete der Viehzüchter, nachdem er den Stall ausgemistet hatte, die",0.67370117,SE,Gameselo/STS-multilingual-mpnet-base-v2
291,292,Kuh,73,D,und brachte ihr frisches Heu.,0,0.08,0,3.1,1.0,1.4,die,Kuh,"Vorsichtig kleidete der Viehzüchter, nachdem er das Gemüse sortiert hatte, die",0.6483873,SE,Gameselo/STS-multilingual-mpnet-base-v2
292,293,Bett,74,A,und das Kissen.,0,0.92,0,6.9,4.7,6.9,das,Bett,"Zuerst bezog der Hotelangestellte, nachdem er den Bezug entfaltet hatte, das",0.6804217,SE,Gameselo/STS-multilingual-mpnet-base-v2
293,294,Bett,74,B,und das Kissen.,0,0.67,0,1.1,1.8,6.9,das,Bett,"Zuerst bezog der Hotelangestellte, nachdem er den Hamburger verspeist hatte, das",0.5595715,SE,Gameselo/STS-multilingual-mpnet-base-v2
294,295,Bett,74,C,und das Kissen.,0,0.08,0,6.9,4.7,1.2,das,Bett,"Zuerst fälschte der Hotelangestellte, nachdem er den Bezug entfaltet hatte, das",0.68040234,SE,Gameselo/STS-multilingual-mpnet-base-v2
295,296,Bett,74,D,und das Kissen.,0,0.0,0,1.1,1.8,1.2,das,Bett,"Zuerst fälschte der Hotelangestellte, nachdem er den Hamburger verspeist hatte, das",0.61028534,SE,Gameselo/STS-multilingual-mpnet-base-v2
296,297,Ziel,75,A,und durchtrennt die Ziellinie.,1,0.92,0,6.0,5.8,6.6,das,Ziel,"Augenblicklich erreicht der Sprinter, der das Rennen gewinnt, das",0.6373692,SE,Gameselo/STS-multilingual-mpnet-base-v2
297,298,Ziel,75,B,und durchtrennt die Ziellinie.,1,0.75,0,1.9,2.7,6.6,das,Ziel,"Augenblicklich erreicht der Sprinter, der den Wind genießt, das",0.6973012,SE,Gameselo/STS-multilingual-mpnet-base-v2
298,299,Ziel,75,C,und durchtrennt die Ziellinie.,1,0.0,0,6.0,5.8,1.9,das,Ziel,"Augenblicklich reinigt der Sprinter, der das Rennen gewinnt, das",0.6214692,SE,Gameselo/STS-multilingual-mpnet-base-v2
299,300,Ziel,75,D,und durchtrennt die Ziellinie.,1,0.0,0,1.9,2.7,1.9,das,Ziel,"Augenblicklich reinigt der Sprinter, der den Wind genießt, das",0.6500342,SE,Gameselo/STS-multilingual-mpnet-base-v2
300,301,Welle,76,A,bis zum Strand.,0,0.58,0,5.1,1.3,7.0,die,Welle,"Direkt surft der Surfer, der die Badehose angezogen hat, die",0.7062264,SE,Gameselo/STS-multilingual-mpnet-base-v2
301,302,Welle,76,B,bis zum Strand.,0,0.42,0,3.2,1.3,7.0,die,Welle,"Direkt surft der Surfer, der den Tagesausflug unternommen hat, die",0.69880784,SE,Gameselo/STS-multilingual-mpnet-base-v2
302,303,Welle,76,C,bis zum Strand.,0,0.0,0,5.1,1.3,1.5,die,Welle,"Direkt reserviert der Surfer, der die Badehose angezogen hat, die",0.6852835,SE,Gameselo/STS-multilingual-mpnet-base-v2
303,304,Welle,76,D,bis zum Strand.,0,0.0,0,3.2,1.3,1.5,die,Welle,"Direkt reserviert der Surfer, der den Tagesausflug unternommen hat, die",0.6754089,SE,Gameselo/STS-multilingual-mpnet-base-v2
304,305,Fahrkarten,77,A,der Pendler.,0,0.5,1,6.7,3.3,6.6,die,Fahrkarten,"Gut gelaunt kontrollierte der Schaffner, der das Zugabteil betreten hatte, die",0.6389121,SE,Gameselo/STS-multilingual-mpnet-base-v2
305,306,Fahrkarten,77,B,der Pendler.,0,0.42,1,2.8,2.4,6.6,die,Fahrkarten,"Gut gelaunt kontrollierte der Schaffner, der die Mittagspause beendet hatte, die",0.63575804,SE,Gameselo/STS-multilingual-mpnet-base-v2
306,307,Fahrkarten,77,C,der Pendler.,0,0.0,1,6.7,3.3,1.3,die,Fahrkarten,"Gut gelaunt zitierte der Schaffner, der das Zugabteil betreten hatte, die",0.61733454,SE,Gameselo/STS-multilingual-mpnet-base-v2
307,308,Fahrkarten,77,D,der Pendler.,0,0.0,1,2.8,2.4,1.3,die,Fahrkarten,"Gut gelaunt zitierte der Schaffner, der die Mittagspause beendet hatte, die",0.5709823,SE,Gameselo/STS-multilingual-mpnet-base-v2
308,309,Leitung,78,A,im Gebäude.,0,0.5,1,6.8,4.5,6.2,die,Leitung,"Am Mittag verlegte der Elektriker, nachdem er den Strom abgeschaltet hatte, die",0.5766774,SE,Gameselo/STS-multilingual-mpnet-base-v2
309,310,Leitung,78,B,im Gebäude.,0,0.41,1,2.2,3.4,6.2,die,Leitung,"Am Mittag verlegte der Elektriker, nachdem er den Anwohner informiert hatte, die",0.59734166,SE,Gameselo/STS-multilingual-mpnet-base-v2
310,311,Leitung,78,C,im Gebäude.,0,0.0,1,6.8,4.5,1.5,die,Leitung,"Am Mittag verfasste der Elektriker, nachdem er den Strom abgeschaltet hatte, die",0.59966964,SE,Gameselo/STS-multilingual-mpnet-base-v2
311,312,Leitung,78,D,im Gebäude.,0,0.0,1,2.2,3.4,1.5,die,Leitung,"Am Mittag verfasste der Elektriker, nachdem er den Anwohner informiert hatte, die",0.63279957,SE,Gameselo/STS-multilingual-mpnet-base-v2
312,313,Segel,79,A,des großen Bootes.,3,0.42,1,5.5,4.4,5.8,die,Segel,"Langsam hisst der Matrose, nachdem er die Taue gekappt hat, die",0.6457457,SE,Gameselo/STS-multilingual-mpnet-base-v2
313,314,Segel,79,B,des großen Bootes.,3,0.42,1,2.2,2.7,5.8,die,Segel,"Langsam hisst der Matrose, nachdem er die Handschuhe angezogen hat, die",0.59328705,SE,Gameselo/STS-multilingual-mpnet-base-v2
314,315,Segel,79,C,des großen Bootes.,3,0.0,1,5.5,4.4,1.9,die,Segel,"Langsam verzehrt der Matrose, nachdem er die Taue gekappt hat, die",0.61499256,SE,Gameselo/STS-multilingual-mpnet-base-v2
315,316,Segel,79,D,des großen Bootes.,3,0.0,1,2.2,2.7,1.9,die,Segel,"Langsam verzehrt der Matrose, nachdem er die Handschuhe angezogen hat, die",0.5752682,SE,Gameselo/STS-multilingual-mpnet-base-v2
316,317,Gläser,80,A,und spricht mit dem Kollegen.,0,0.67,1,5.2,1.4,5.8,die,Gläser,"Direkt entspiegelt der Optiker, nachdem er den Sehtest durchgeführt hat, die",0.7470127,SE,Gameselo/STS-multilingual-mpnet-base-v2
317,318,Gläser,80,B,und spricht mit dem Kollegen.,0,0.67,1,1.5,5.0,5.8,die,Gläser,"Direkt entspiegelt der Optiker, nachdem er die Jahresabrechnung aufgestellt hat, die",0.7601799,SE,Gameselo/STS-multilingual-mpnet-base-v2
318,319,Gläser,80,C,und spricht mit dem Kollegen.,0,0.0,1,5.2,1.4,4.3,die,Gläser,"Direkt verschließt der Optiker, nachdem er den Sehtest durchgeführt hat, die",0.7242135,SE,Gameselo/STS-multilingual-mpnet-base-v2
319,320,Gläser,80,D,und spricht mit dem Kollegen.,0,0.0,1,1.5,5.0,4.3,die,Gläser,"Direkt verschließt der Optiker, nachdem er die Jahresabrechnung aufgestellt hat, die",0.7161824,SE,Gameselo/STS-multilingual-mpnet-base-v2
320,321,Korb,81,A,und holt einen Punkt.,0,0.83,0,6.0,4.8,4.8,den,Korb,"Auf der Stelle wirft der Basketballer, der den Ball gedribbelt hat, den",0.601818,SE,Gameselo/STS-multilingual-mpnet-base-v2
321,322,Korb,81,B,und holt einen Punkt.,0,0.5,0,2.9,1.8,4.8,den,Korb,"Auf der Stelle wirft der Basketballer, der die Sitzbank verlassen hat, den",0.6074767,SE,Gameselo/STS-multilingual-mpnet-base-v2
322,323,Korb,81,C,und holt einen Punkt.,0,0.0,0,6.0,4.8,1.8,den,Korb,"Auf der Stelle bucht der Basketballer, der den Ball gedribbelt hat, den",0.65505505,SE,Gameselo/STS-multilingual-mpnet-base-v2
323,324,Korb,81,D,und holt einen Punkt.,0,0.0,0,2.9,1.8,1.8,den,Korb,"Auf der Stelle bucht der Basketballer, der die Sitzbank verlassen hat, den",0.675797,SE,Gameselo/STS-multilingual-mpnet-base-v2
324,325,Muschel,82,A,und holt die Perle.,0,0.92,0,6.2,1.5,4.2,die,Muschel,"Ohne zu zögern knackt der Perlentaucher, der den Meeresgrund erreicht hat, die",0.64164853,SE,Gameselo/STS-multilingual-mpnet-base-v2
325,326,Muschel,82,B,und holt die Perle.,0,0.75,0,1.0,1.2,4.2,die,Muschel,"Ohne zu zögern knackt der Perlentaucher, der die Taschenlampe angemacht hat, die",0.6419646,SE,Gameselo/STS-multilingual-mpnet-base-v2
326,327,Muschel,82,C,und holt die Perle.,0,0.0,0,6.2,1.5,1.4,die,Muschel,"Ohne zu zögern verknotet der Perlentaucher, die den Meeresgrund erreicht hat, die",0.6794088,SE,Gameselo/STS-multilingual-mpnet-base-v2
327,328,Muschel,82,D,und holt die Perle.,0,0.0,0,1.0,1.2,1.4,die,Muschel,"Ohne zu zögern verknotet der Perlentaucher, der die Taschenlampe angemacht hat, die",0.66739875,SE,Gameselo/STS-multilingual-mpnet-base-v2
328,329,Bogen,83,A,und feuert den Pfeil ab.,0,1.0,0,7.0,2.1,6.7,den,Bogen,"Umsichtig spannt der Schütze, der den Pfeil gespitzt hat, den",0.64871114,SE,Gameselo/STS-multilingual-mpnet-base-v2
329,330,Bogen,83,B,und feuert den Pfeil ab.,0,0.67,0,1.5,1.2,6.7,den,Bogen,"Umsichtig spannt der Schütze, der das Laub zusammengekehrt hat, den",0.6327839,SE,Gameselo/STS-multilingual-mpnet-base-v2
330,331,Bogen,83,C,und feuert den Pfeil ab.,0,0.08,0,7.0,2.1,1.2,den,Bogen,"Umsichtig tippt der Schütze, der den Pfeil gespitzt hat, den",0.63514185,SE,Gameselo/STS-multilingual-mpnet-base-v2
331,332,Bogen,83,D,und feuert den Pfeil ab.,0,0.0,0,1.5,1.2,1.2,den,Bogen,"Umsichtig tippt der Schütze, der das Laub zusammengekehrt hat, den",0.6314493,SE,Gameselo/STS-multilingual-mpnet-base-v2
332,333,Ziegel,84,A,und beendete den Arbeitstag.,0,0.58,1,7.0,4.8,4.2,die,Ziegel,"Schnell verlegte der Dachdecker, der das Dach abdeckte, die",0.6648389,SE,Gameselo/STS-multilingual-mpnet-base-v2
333,334,Ziegel,84,B,und beendete den Arbeitstag.,0,0.5,1,1.2,1.6,4.2,die,Ziegel,"Schnell verlegte der Dachdecker, der den Ehering auszog, die",0.6940492,SE,Gameselo/STS-multilingual-mpnet-base-v2
334,335,Ziegel,84,C,und beendete den Arbeitstag.,0,0.0,1,7.0,4.8,1.0,die,Ziegel,"Schnell naschte der Dachdecker, der das Dach abdeckte, die",0.7299204,SE,Gameselo/STS-multilingual-mpnet-base-v2
335,336,Ziegel,84,D,und beendete den Arbeitstag.,0,0.0,1,1.2,1.6,1.0,die,Ziegel,"Schnell naschte der Dachdecker, der den Ehering auszog, die",0.8346336,SE,Gameselo/STS-multilingual-mpnet-base-v2
336,337,Kartons,85,A,und die Kisten.,0,0.58,1,6.5,1.9,5.5,die,Kartons,"Zuerst stapelt der Umzugshelfer, der den Umzugswagen gefahren hat, die",0.7056918,SE,Gameselo/STS-multilingual-mpnet-base-v2
337,338,Kartons,85,B,und die Kisten.,0,0.67,1,4.4,1.1,5.5,die,Kartons,"Zuerst stapelt der Umzugshelfer, der die Firma gegründet hat, die",0.7183112,SE,Gameselo/STS-multilingual-mpnet-base-v2
338,339,Kartons,85,C,und die Kisten.,0,0.0,1,6.5,1.9,2.0,die,Kartons,"Zuerst serviert der Umzugshelfer, der den Umzugswagen gefahren hat, die",0.672399,SE,Gameselo/STS-multilingual-mpnet-base-v2
339,340,Kartons,85,D,und die Kisten.,0,0.0,1,4.4,1.1,2.0,die,Kartons,"Zuerst serviert der Umzugshelfer, der die Firma gegründet hat, die",0.6472489,SE,Gameselo/STS-multilingual-mpnet-base-v2
340,341,Unterricht,86,A,und wurde erwischt.,2,0.5,0,7.0,5.9,6.7,den,Unterricht,"Heute früh schwänzte der Schüler, der die Klasse wiederholt hatte, den",0.76907927,SE,Gameselo/STS-multilingual-mpnet-base-v2
341,342,Unterricht,86,B,und wurde erwischt.,2,0.33,0,3.8,1.8,6.7,den,Unterricht,"Heute früh schwänzte der Schüler, der das Handy verloren hatte, den",0.58564234,SE,Gameselo/STS-multilingual-mpnet-base-v2
342,343,Unterricht,86,C,und wurde erwischt.,2,0.0,0,7.0,5.9,1.7,den,Unterricht,"Heute früh dekorierte der Schüler, der die Klasse wiederholt hatte, den",0.71247405,SE,Gameselo/STS-multilingual-mpnet-base-v2
343,344,Unterricht,86,D,und wurde erwischt.,2,0.0,0,3.8,1.8,1.7,den,Unterricht,"Heute früh dekorierte der Schüler, der das Handy verloren hatte, den",0.5654882,SE,Gameselo/STS-multilingual-mpnet-base-v2
344,345,Ausweis,87,A,und ließ die Frau in den Club.,0,0.33,1,6.4,3.3,6.6,den,Ausweis,"Am Abend kontrollierte der Türsteher, der den Geldbeutel durchsuchte, den",0.68620765,SE,Gameselo/STS-multilingual-mpnet-base-v2
345,346,Ausweis,87,B,und ließ die Frau in den Club.,0,0.25,1,2.0,1.2,6.6,den,Ausweis,"Am Abend kontrollierte der Türsteher, der die Nachtluft genoss, den",0.68517184,SE,Gameselo/STS-multilingual-mpnet-base-v2
346,347,Ausweis,87,C,und ließ die Frau in den Club.,0,0.0,1,6.4,3.3,1.5,den,Ausweis,"Am Abend probierte der Türsteher, der den Geldbeutel durchsuchte, den",0.6921878,SE,Gameselo/STS-multilingual-mpnet-base-v2
347,348,Ausweis,87,D,und ließ die Frau in den Club.,0,0.0,1,2.0,1.2,1.5,den,Ausweis,"Am Abend probierte der Türsteher, der die Nachtluft genoss, den",0.70527095,SE,Gameselo/STS-multilingual-mpnet-base-v2
348,349,Windel,88,A,und warf sie in den Abfall.,0,0.92,1,6.7,2.4,6.5,die,Windel,"Umsichtig wechselte der Babysitter, der das Baby geweckt hatte, die",0.57225156,SE,Gameselo/STS-multilingual-mpnet-base-v2
349,350,Windel,88,B,und warf sie in den Abfall.,0,0.83,1,1.0,1.1,6.5,die,Windel,"Umsichtig wechselte der Babysitter, der den Obstsalat zubereitet hatte, die",0.57873887,SE,Gameselo/STS-multilingual-mpnet-base-v2
350,351,Windel,88,C,und warf sie in den Abfall.,0,0.08,1,6.7,2.4,1.5,die,Windel,"Umsichtig bastelte der Babysitter, der das Baby geweckt hatte, die",0.61895555,SE,Gameselo/STS-multilingual-mpnet-base-v2
351,352,Windel,88,D,und warf sie in den Abfall.,0,0.0,1,1.0,1.1,1.5,die,Windel,"Umsichtig bastelte der Babysitter, der den Obstsalat zubereitet hatte, die",0.63296646,SE,Gameselo/STS-multilingual-mpnet-base-v2
352,353,Gewichte,89,A,in die Höhe.,0,0.5,1,6.7,1.6,6.7,die,Gewichte,"Langsam stemmte der Bodybuilder, der das Fitnessstudio betreten hatte, die",0.6817141,SE,Gameselo/STS-multilingual-mpnet-base-v2
353,354,Gewichte,89,B,in die Höhe.,0,0.42,1,1.7,2.0,6.7,die,Gewichte,"Langsam stemmte der Bodybuilder, der das Licht angemacht hatte, die",0.67676026,SE,Gameselo/STS-multilingual-mpnet-base-v2
354,355,Gewichte,89,C,in die Höhe.,0,0.0,1,6.7,1.6,2.0,die,Gewichte,"Langsam verdaute der Bodybuilder, der das Fitnessstudio betreten hatte, die",0.70776457,SE,Gameselo/STS-multilingual-mpnet-base-v2
355,356,Gewichte,89,D,in die Höhe.,0,0.0,1,1.7,2.0,2.0,die,Gewichte,"Langsam verdaute der Bodybuilder, der das Licht angemacht hatte, die",0.7105454,SE,Gameselo/STS-multilingual-mpnet-base-v2
356,357,Rohr,90,A,im Badezimmer.,0,0.17,1,6.4,1.5,5.5,das,Rohr,"Umsichtig repariert der Klempner, der das Wasser ausgestellt hat, das",0.51273644,SE,Gameselo/STS-multilingual-mpnet-base-v2
357,358,Rohr,90,B,im Badezimmer.,0,0.25,1,1.3,4.6,5.5,das,Rohr,"Umsichtig repariert der Klempner, der den Kirchenchor geleitet hat, das",0.51328456,SE,Gameselo/STS-multilingual-mpnet-base-v2
358,359,Rohr,90,C,im Badezimmer.,0,0.0,1,6.4,1.5,1.1,das,Rohr,"Umsichtig nascht der Klempner, der das Wasser ausgestellt hat, das",0.5947163,SE,Gameselo/STS-multilingual-mpnet-base-v2
359,360,Rohr,90,D,im Badezimmer.,0,0.0,1,1.3,4.6,1.1,das,Rohr,"Umsichtig nascht der Klempner, der den Kirchenchor geleitet hat, das",0.6140856,SE,Gameselo/STS-multilingual-mpnet-base-v2
360,361,Artikel,91,A,für die nächste Ausgabe.,0,0.5,0,6.4,1.5,6.1,den,Artikel,"Schnell schreibt der Journalist, der die Recherche durchgeführt hat, den",0.77539814,SE,Gameselo/STS-multilingual-mpnet-base-v2
361,362,Artikel,91,B,für die nächste Ausgabe.,0,0.25,0,2.5,5.4,6.1,den,Artikel,"Schnell schreibt der Journalist, der das Portemonnaie gefunden hat, den",0.7711997,SE,Gameselo/STS-multilingual-mpnet-base-v2
362,363,Artikel,91,C,für die nächste Ausgabe.,0,0.0,0,6.4,1.5,2.3,den,Artikel,"Schnell lenkt der Journalist, der die Recherche durchgeführt hat, den",0.7556893,SE,Gameselo/STS-multilingual-mpnet-base-v2
363,364,Artikel,91,D,für die nächste Ausgabe.,0,0.0,0,2.5,5.4,2.3,den,Artikel,"Schnell lenkt der Journalist, der das Portemonnaie gefunden hat, den",0.7657733,SE,Gameselo/STS-multilingual-mpnet-base-v2
364,365,Reifen,92,A,an seinem Rad.,0,0.67,1,6.8,4.1,6.7,den,Reifen,"Heute Morgen flickte der Radler, der die Luftpumpe benutzt hatte, den",0.71751094,SE,Gameselo/STS-multilingual-mpnet-base-v2
365,366,Reifen,92,B,an seinem Rad.,0,0.67,1,1.2,1.8,6.7,den,Reifen,"Heute Morgen flickte der Radler, der den Schrank abgeschlossen hatte, den",0.7068714,SE,Gameselo/STS-multilingual-mpnet-base-v2
366,367,Reifen,92,C,an seinem Rad.,0,0.0,1,6.8,4.1,1.1,den,Reifen,"Heute Morgen trank der Radler, der die Luftpumpe benutzt hatte, den",0.7344047,SE,Gameselo/STS-multilingual-mpnet-base-v2
367,368,Reifen,92,D,an seinem Rad.,0,0.0,1,1.2,1.8,1.1,den,Reifen,"Heute Morgen trank der Radler, der den Schrank abgeschlossen hatte, den",0.71489614,SE,Gameselo/STS-multilingual-mpnet-base-v2
368,369,Briefkasten,93,A,und fährt weiter.,2,0.58,1,6.2,1.3,6.3,den,Briefkasten,"Umgehend entleert der Postbote, der das Postauto geparkt hat, den",0.7737691,SE,Gameselo/STS-multilingual-mpnet-base-v2
369,370,Briefkasten,93,B,und fährt weiter.,2,0.58,1,2.5,2.0,6.3,den,Briefkasten,"Umgehend entleert der Postbote, der den Kugelschreiber verloren hat, den",0.80594885,SE,Gameselo/STS-multilingual-mpnet-base-v2
370,371,Briefkasten,93,C,und fährt weiter.,2,0.0,1,6.2,1.3,1.1,den,Briefkasten,"Umgehend verdrückt der Postbote, der das Postauto geparkt hat, den",0.7627978,SE,Gameselo/STS-multilingual-mpnet-base-v2
371,372,Briefkasten,93,D,und fährt weiter.,2,0.0,1,2.5,2.0,1.1,den,Briefkasten,"Umgehend verdrückt der Postbote, der den Kugelschreiber verloren hat, den",0.8072699,SE,Gameselo/STS-multilingual-mpnet-base-v2
372,373,Drogen,94,A,für die nächste Woche.,0,0.5,1,6.8,2.2,4.7,die,Drogen,"Hektisch kauft der Junkie, der den Dealer angerufen hat, die",0.7046372,SE,Gameselo/STS-multilingual-mpnet-base-v2
373,374,Drogen,94,B,für die nächste Woche.,0,0.5,1,2.1,2.2,4.7,die,Drogen,"Hektisch kauft der Junkie, der die Kapuze aufgezogen hat, die",0.6851423,SE,Gameselo/STS-multilingual-mpnet-base-v2
374,375,Drogen,94,C,für die nächste Woche.,0,0.0,1,6.8,2.2,1.1,die,Drogen,"Hektisch näht der Junkie, der den Dealer angerufen hat, die",0.6689715,SE,Gameselo/STS-multilingual-mpnet-base-v2
375,376,Drogen,94,D,für die nächste Woche.,0,0.08,1,2.1,2.2,1.1,die,Drogen,"Hektisch näht der Junkie, der die Kapuze aufgezogen hat, die",0.5981414,SE,Gameselo/STS-multilingual-mpnet-base-v2
376,377,Tonne,95,A,und sprang auf den Müllwagen.,0,0.75,1,6.4,1.8,5.8,die,Tonne,"Zügig leerte der Müllmann, der den Müllwagen geparkt hatte, die",0.75609565,SE,Gameselo/STS-multilingual-mpnet-base-v2
377,378,Tonne,95,B,und sprang auf den Müllwagen.,0,0.75,1,4.2,1.1,5.8,die,Tonne,"Zügig leerte der Müllmann, der den Hausbesitzer gegrüßt hatte, die",0.7179808,SE,Gameselo/STS-multilingual-mpnet-base-v2
378,379,Tonne,95,C,und sprang auf den Müllwagen.,0,0.0,1,6.4,1.8,1.8,die,Tonne,"Zügig bastelte der Müllmann, der den Müllwagen geparkt hatte, die",0.74277717,SE,Gameselo/STS-multilingual-mpnet-base-v2
379,380,Tonne,95,D,und sprang auf den Müllwagen.,0,0.0,1,4.2,1.1,1.8,die,Tonne,"Zügig bastelte der Müllmann, der den Hausbesitzer gegrüßt hatte, die",0.69648784,SE,Gameselo/STS-multilingual-mpnet-base-v2
380,381,Peitsche,96,A,und gab die Sporen.,2,0.58,1,6.0,5.6,5.8,die,Peitsche,"Hektisch knallte der Reiter, der das Pferd ritt, die",0.6385772,SE,Gameselo/STS-multilingual-mpnet-base-v2
381,382,Peitsche,96,B,und gab die Sporen.,2,0.5,1,1.2,1.2,5.8,die,Peitsche,"Hektisch knallte der Reiter, der die Landschaft durchquerte, die",0.64469063,SE,Gameselo/STS-multilingual-mpnet-base-v2
382,383,Peitsche,96,C,und gab die Sporen.,2,0.0,1,6.0,5.6,1.1,die,Peitsche,"Hektisch verfasste der Reiter, der das Pferd ritt, die",0.6635649,SE,Gameselo/STS-multilingual-mpnet-base-v2
383,384,Peitsche,96,D,und gab die Sporen.,2,0.0,1,1.2,1.2,1.1,die,Peitsche,"Hektisch verfasste der Reiter, der die Landschaft durchquerte, die",0.65943456,SE,Gameselo/STS-multilingual-mpnet-base-v2
384,385,Waffe,97,A,und verlangte das Geld.,0,0.58,1,3.9,6.5,6.1,die,Waffe,"Nach kurzem Überlegen zückte der Gangster, der die Bank überfiel, die",0.6904492,SE,Gameselo/STS-multilingual-mpnet-base-v2
385,386,Waffe,97,B,und verlangte das Geld.,0,0.58,1,1.3,1.1,6.1,die,Waffe,"Nach kurzem Überlegen zückte der Gangster, der den Bus betrat, die",0.65176195,SE,Gameselo/STS-multilingual-mpnet-base-v2
386,387,Waffe,97,C,und verlangte das Geld.,0,0.0,1,3.9,6.5,1.4,die,Waffe,"Nach kurzem Überlegen gründete der Gangster, der die Bank überfiel, die",0.6803283,SE,Gameselo/STS-multilingual-mpnet-base-v2
387,388,Waffe,97,D,und verlangte das Geld.,0,0.0,1,1.3,1.1,1.4,die,Waffe,"Nach kurzem Überlegen gründete der Gangster, der den Bus betrat, die",0.632222,SE,Gameselo/STS-multilingual-mpnet-base-v2
388,389,Schiff,98,A,und übernahm das Kommando.,0,0.92,1,6.2,5.1,6.8,das,Schiff,"Zufrieden kaperte der Pirat, der die Flagge hisste, das",0.693269,SE,Gameselo/STS-multilingual-mpnet-base-v2
389,390,Schiff,98,B,und übernahm das Kommando.,0,0.92,1,2.3,1.4,6.8,das,Schiff,"Zufrieden kaperte der Pirat, der die Fehde austrug, das",0.6628446,SE,Gameselo/STS-multilingual-mpnet-base-v2
390,391,Schiff,98,C,und übernahm das Kommando.,0,0.0,1,6.2,5.1,1.1,das,Schiff,"Zufrieden verrührte der Pirat, der die Flagge hisste, das",0.68130773,SE,Gameselo/STS-multilingual-mpnet-base-v2
391,392,Schiff,98,D,und übernahm das Kommando.,0,0.0,1,2.3,1.4,1.1,das,Schiff,"Zufrieden verrührte der Pirat, der die Fehde austrug, das",0.6490448,SE,Gameselo/STS-multilingual-mpnet-base-v2
392,393,Aktie,99,A,und berichtet seinem Auftraggeber.,0,0.75,1,6.9,1.1,6.5,die,Aktie,"Sofort kauft der Börsenmakler, der die Börse betreten hat, die",0.6895103,SE,Gameselo/STS-multilingual-mpnet-base-v2
393,394,Aktie,99,B,und berichtet seinem Auftraggeber.,0,0.83,1,1.4,1.6,6.5,die,Aktie,"Sofort kauft der Börsenmakler, der den Whiskey eingeschenkt hat, die",0.71865135,SE,Gameselo/STS-multilingual-mpnet-base-v2
394,395,Aktie,99,C,und berichtet seinem Auftraggeber.,0,0.0,1,6.9,1.1,1.4,die,Aktie,"Sofort knabbert der Börsenmakler, der die Börse betreten hat, die",0.67938286,SE,Gameselo/STS-multilingual-mpnet-base-v2
395,396,Aktie,99,D,und berichtet seinem Auftraggeber.,0,0.0,1,1.4,1.6,1.4,die,Aktie,"Sofort knabbert der Börsenmakler, der den Whiskey eingeschenkt hat, die",0.7338469,SE,Gameselo/STS-multilingual-mpnet-base-v2
396,397,Loch,100,A,in die Decke.,0,1.0,0,6.5,2.0,6.9,das,Loch,"Gestern bohrte der Handwerker, der die Bohrmaschine hielt, das",0.6280169,SE,Gameselo/STS-multilingual-mpnet-base-v2
397,398,Loch,100,B,in die Decke.,0,0.75,0,1.4,1.7,6.9,das,Loch,"Gestern bohrte der Handwerker, der das Kaugummi kaute, das",0.6589846,SE,Gameselo/STS-multilingual-mpnet-base-v2
398,399,Loch,100,C,in die Decke.,0,0.0,0,6.5,2.0,3.9,das,Loch,"Gestern warf der Handwerker, der die Bohrmaschine hielt, das",0.65966594,SE,Gameselo/STS-multilingual-mpnet-base-v2
399,400,Loch,100,D,in die Decke.,0,0.0,0,1.4,1.7,3.9,das,Loch,"Gestern warf der Handwerker, der das Kaugummi kaute, das",0.6745534,SE,Gameselo/STS-multilingual-mpnet-base-v2
400,401,Blutdruck,101,A,und den Blutzucker.,3,0.58,1,6.8,1.6,6.7,den,Blutdruck,"Am Morgen misst der Arzthelfer, der das Messgerät hält, den",0.5048057,SE,Gameselo/STS-multilingual-mpnet-base-v2
401,402,Blutdruck,101,B,und den Blutzucker.,3,0.58,1,2.3,1.6,6.7,den,Blutdruck,"Am Morgen misst der Arzthelfer, der den Bildschirm anstellt, den",0.41076586,SE,Gameselo/STS-multilingual-mpnet-base-v2
402,403,Blutdruck,101,C,und den Blutzucker.,3,0.0,1,6.8,1.6,1.4,den,Blutdruck,"Am Morgen kauft der Arzthelfer, der das Messgerät hält, den",0.53121686,SE,Gameselo/STS-multilingual-mpnet-base-v2
403,404,Blutdruck,101,D,und den Blutzucker.,3,0.0,1,2.3,1.6,1.4,den,Blutdruck,"Am Morgen kauft der Arzthelfer, der den Bildschirm anstellt, den",0.44082287,SE,Gameselo/STS-multilingual-mpnet-base-v2
404,405,Tuch,102,A,und machte sich bereit.,0,0.67,0,6.3,3.5,2.7,das,Tuch,"Konzentriert schwang der Torero, der den Stier verwundet hatte, das",0.7006593,SE,Gameselo/STS-multilingual-mpnet-base-v2
405,406,Tuch,102,B,und machte sich bereit.,0,0.83,0,4.1,1.8,2.7,das,Tuch,"Konzentriert schwang der Torero, der das Gebet aufgesagt hatte, das",0.6818064,SE,Gameselo/STS-multilingual-mpnet-base-v2
406,407,Tuch,102,C,und machte sich bereit.,0,0.0,0,6.3,3.5,2.6,das,Tuch,"Konzentriert befüllte der Torero, der den Stier verwundet hatte, das",0.7139084,SE,Gameselo/STS-multilingual-mpnet-base-v2
407,408,Tuch,102,D,und machte sich bereit.,0,0.0,0,4.1,1.8,2.6,das,Tuch,"Konzentriert befüllte der Torero, der das Gebet aufgesagt hatte, das",0.69995236,SE,Gameselo/STS-multilingual-mpnet-base-v2
408,409,Schwert,103,A,und griff den Gegner an.,0,0.92,1,6.2,1.5,5.9,das,Schwert,"Angespannt zückte der Ritter, nachdem er den Kampf begonnen hatte, das",0.7189399,SE,Gameselo/STS-multilingual-mpnet-base-v2
409,410,Schwert,103,B,und griff den Gegner an.,0,0.92,1,1.1,1.0,5.9,das,Schwert,"Angespannt zückte der Ritter, nachdem er die Brücke überquert hatte, das",0.62401515,SE,Gameselo/STS-multilingual-mpnet-base-v2
410,411,Schwert,103,C,und griff den Gegner an.,0,0.0,1,6.2,1.5,1.1,das,Schwert,"Angespannt kaute der Ritter, nachdem er den Kampf begonnen hatte, das",0.69087857,SE,Gameselo/STS-multilingual-mpnet-base-v2
411,412,Schwert,103,D,und griff den Gegner an.,0,0.08,1,1.1,1.0,1.1,das,Schwert,"Angespannt kaute der Ritter, nachdem er die Brücke überquert hatte, das",0.62960494,SE,Gameselo/STS-multilingual-mpnet-base-v2
412,413,Rettungswagen,104,A,in Richtung des Krankenhauses.,0,0.75,0,6.8,2.6,4.7,den,Rettungswagen,"Wachsam steuert der Sanitäter, der das Blaulicht eingeschaltet hat, den",0.627065,SE,Gameselo/STS-multilingual-mpnet-base-v2
413,414,Rettungswagen,104,B,in Richtung des Krankenhauses.,0,0.58,0,1.3,1.2,4.7,den,Rettungswagen,"Wachsam steuert der Sanitäter, der den Notizblock weggelegt hat, den",0.6626212,SE,Gameselo/STS-multilingual-mpnet-base-v2
414,415,Rettungswagen,104,C,in Richtung des Krankenhauses.,0,0.0,0,6.8,2.6,1.0,den,Rettungswagen,"Wachsam kopiert der Sanitäter, der das Blaulicht eingeschaltet hat, den",0.63499504,SE,Gameselo/STS-multilingual-mpnet-base-v2
415,416,Rettungswagen,104,D,in Richtung des Krankenhauses.,0,0.0,0,1.3,1.2,1.0,den,Rettungswagen,"Wachsam kopiert der Sanitäter, der den Notizblock weggelegt hat, den",0.6555965,SE,Gameselo/STS-multilingual-mpnet-base-v2
416,417,Aussage,105,A,und wendete sich an seinen Anwalt.,0,1.0,0,6.4,3.5,6.3,die,Aussage,"Ohne zu zögern verweigerte der Zeuge, der den Angeklagten wiedererkannte, die",0.5722896,SE,Gameselo/STS-multilingual-mpnet-base-v2
417,418,Aussage,105,B,und wendete sich an seinen Anwalt.,0,0.83,0,1.1,1.6,6.3,die,Aussage,"Ohne zu zögern verweigerte der Zeuge, der den Gehstock umklammerte, die",0.5813853,SE,Gameselo/STS-multilingual-mpnet-base-v2
418,419,Aussage,105,C,und wendete sich an seinen Anwalt.,0,0.0,0,6.4,3.5,2.6,die,Aussage,"Ohne zu zögern bestellte der Zeuge, der den Angeklagten wiedererkannte, die",0.59495646,SE,Gameselo/STS-multilingual-mpnet-base-v2
419,420,Aussage,105,D,und wendete sich an seinen Anwalt.,0,0.0,0,1.1,1.6,2.6,die,Aussage,"Ohne zu zögern bestellte der Zeuge, der den Gehstock umklammerte, die",0.62057644,SE,Gameselo/STS-multilingual-mpnet-base-v2
420,421,Schlittschuhe,106,A,und begibt sich auf die Eisfläche.,2,1.0,0,6.7,2.0,6.1,die,Schlittschuhe,"Sogleich schnürt der Eiskunstläufer, der die Eishalle erreicht hat, die",0.7502445,SE,Gameselo/STS-multilingual-mpnet-base-v2
421,422,Schlittschuhe,106,B,und begibt sich auf die Eisfläche.,2,0.75,0,1.5,1.1,6.1,die,Schlittschuhe,"Sogleich schnürt der Eiskunstläufer, der das Bonbon gelutscht hat, die",0.7488394,SE,Gameselo/STS-multilingual-mpnet-base-v2
422,423,Schlittschuhe,106,C,und begibt sich auf die Eisfläche.,2,0.0,0,6.7,2.0,1.6,die,Schlittschuhe,"Sogleich zerbricht der Eiskunstläufer, der die Eishalle erreicht hat, die",0.69294375,SE,Gameselo/STS-multilingual-mpnet-base-v2
423,424,Schlittschuhe,106,D,und begibt sich auf die Eisfläche.,2,0.08,0,1.5,1.1,1.6,die,Schlittschuhe,"Sogleich zerbricht der Eiskunstläufer, der das Bonbon gelutscht hat, die",0.723754,SE,Gameselo/STS-multilingual-mpnet-base-v2
424,425,Lasso,107,A,und fängt das Tier ein.,0,0.33,0,5.4,4.5,6.5,das,Lasso,"Gut gelaunt schwingt der Cowboy, nachdem er das Pferd gesattelt hatte, das",0.6190202,SE,Gameselo/STS-multilingual-mpnet-base-v2
425,426,Lasso,107,B,und fängt das Tier ein.,0,0.75,0,1.3,1.6,6.5,das,Lasso,"Gut gelaunt schwingt der Cowboy, nachdem er den Kameraden gerufen hat, das",0.65980816,SE,Gameselo/STS-multilingual-mpnet-base-v2
426,427,Lasso,107,C,und fängt das Tier ein.,0,0.0,0,5.4,4.5,1.1,das,Lasso,"Gut gelaunt zerhackt der Cowboy, nachdem er das Pferd gesattelt hatte, das",0.6407817,SE,Gameselo/STS-multilingual-mpnet-base-v2
427,428,Lasso,107,D,und fängt das Tier ein.,0,0.0,0,1.3,1.6,1.1,das,Lasso,"Gut gelaunt zerhackt der Cowboy, nachdem er den Kameraden gerufen hat, das",0.67354935,SE,Gameselo/STS-multilingual-mpnet-base-v2
428,429,Drehbuch,108,A,für die Serie.,2,0.33,0,6.6,4.4,6.0,das,Drehbuch,"Entspannt schrieb der Regisseur, der den Plot konstruiert hatte, das",0.80958396,SE,Gameselo/STS-multilingual-mpnet-base-v2
429,430,Drehbuch,108,B,für die Serie.,2,0.75,0,1.1,1.3,6.0,das,Drehbuch,"Entspannt schrieb der Regisseur, der den Kamin angemacht hatte, das",0.7593655,SE,Gameselo/STS-multilingual-mpnet-base-v2
430,431,Drehbuch,108,C,für die Serie.,2,0.0,0,6.6,4.4,1.1,das,Drehbuch,"Entspannt verzehrte der Regisseur, der den Plot konstruiert hatte, das",0.7797346,SE,Gameselo/STS-multilingual-mpnet-base-v2
431,432,Drehbuch,108,D,für die Serie.,2,0.0,0,1.1,1.3,1.1,das,Drehbuch,"Entspannt verzehrte der Regisseur, der den Kamin angemacht hatte, das",0.73136884,SE,Gameselo/STS-multilingual-mpnet-base-v2
432,433,Stern,109,A,am Firmament.,0,0.58,1,5.7,2.4,4.9,den,Stern,"Sofort entdeckt der Astronom, der das Teleskop aufgestellt hat, den",0.77418786,SE,Gameselo/STS-multilingual-mpnet-base-v2
433,434,Stern,109,B,am Firmament.,0,0.58,1,3.0,1.9,4.9,den,Stern,"Sofort entdeckt der Astronom, der die Uhrzeit notiert hat, den",0.768512,SE,Gameselo/STS-multilingual-mpnet-base-v2
434,435,Stern,109,C,am Firmament.,0,0.0,1,5.7,2.4,1.4,den,Stern,"Sofort serviert der Astronom, der das Teleskop aufgestellt hat, den",0.7566411,SE,Gameselo/STS-multilingual-mpnet-base-v2
435,436,Stern,109,D,am Firmament.,0,0.0,1,3.0,1.9,1.4,den,Stern,"Sofort serviert der Astronom, der die Uhrzeit notiert hat, den",0.76195216,SE,Gameselo/STS-multilingual-mpnet-base-v2
436,437,Anker,110,A,und verließ den Hafen.,0,0.5,1,6.4,2.0,6.9,den,Anker,"Gestern lichtete der Seemann, der das Boot kommandierte, den",0.72104836,SE,Gameselo/STS-multilingual-mpnet-base-v2
437,438,Anker,110,B,und verließ den Hafen.,0,0.58,1,1.0,4.1,6.9,den,Anker,"Gestern lichtete der Seemann, der den Atem anhielt, den",0.7951683,SE,Gameselo/STS-multilingual-mpnet-base-v2
438,439,Anker,110,C,und verließ den Hafen.,0,0.0,1,6.4,2.0,1.0,den,Anker,"Gestern kochte der Seemann, der das Boot kommandierte, den",0.72047657,SE,Gameselo/STS-multilingual-mpnet-base-v2
439,440,Anker,110,D,und verließ den Hafen.,0,0.0,1,1.0,4.1,1.0,den,Anker,"Gestern kochte der Seemann, der den Atem anhielt, den",0.7866221,SE,Gameselo/STS-multilingual-mpnet-base-v2
440,441,Seil,111,A,um den Aufstieg abzusichern.,2,0.58,0,4.6,1.6,6.1,das,Seil,"Am Vormittag knotete der Bergsteiger, nachdem er den Haken festgebohrt hatte, das",0.6923101,SE,Gameselo/STS-multilingual-mpnet-base-v2
441,442,Seil,111,B,um den Aufstieg abzusichern.,2,0.75,0,1.4,1.6,6.1,das,Seil,"Am Vormittag knotete der Bergsteiger, nachdem er die Krähe verscheucht hatte, das",0.5805395,SE,Gameselo/STS-multilingual-mpnet-base-v2
442,443,Seil,111,C,um den Aufstieg abzusichern.,2,0.0,0,4.6,1.6,1.2,das,Seil,"Am Vormittag roch der Bergsteiger, nachdem er den Haken festgebohrt hatte, das",0.67916423,SE,Gameselo/STS-multilingual-mpnet-base-v2
443,444,Seil,111,D,um den Aufstieg abzusichern.,2,0.0,0,1.4,1.6,1.2,das,Seil,"Am Vormittag roch der Bergsteiger, nachdem er die Krähe verscheucht hatte, das",0.5545845,SE,Gameselo/STS-multilingual-mpnet-base-v2
444,445,Rouletterad,112,A,und verrät die nächste Zahl.,0,0.67,0,6.3,2.1,6.1,das,Rouletterad,"Entspannt dreht der Croupier, der den Spieltisch vorbereitet hat, das",0.7755217,SE,Gameselo/STS-multilingual-mpnet-base-v2
445,446,Rouletterad,112,B,und verrät die nächste Zahl.,0,0.33,0,2.0,1.3,6.1,das,Rouletterad,"Entspannt dreht der Croupier, der die Frau beeindruckt hat, das",0.7238758,SE,Gameselo/STS-multilingual-mpnet-base-v2
446,447,Rouletterad,112,C,und verrät die nächste Zahl.,0,0.0,0,6.3,2.1,1.1,das,Rouletterad,"Entspannt schlürft der Croupier, der den Spieltisch vorbereitet hat, das",0.7310098,SE,Gameselo/STS-multilingual-mpnet-base-v2
447,448,Rouletterad,112,D,und verrät die nächste Zahl.,0,0.0,0,2.0,1.3,1.1,das,Rouletterad,"Entspannt schlürft der Croupier, der die Frau beeindruckt hat, das",0.6490728,SE,Gameselo/STS-multilingual-mpnet-base-v2
448,449,Nägel,113,A,und lackierte sie.,0,0.75,0,6.9,1.7,6.8,die,Nägel,"Neulich feilte die Kosmetikerin, während sie die Maniküre durchführte, die",0.6444664,SE,Gameselo/STS-multilingual-mpnet-base-v2
449,450,Nägel,113,B,und lackierte sie.,0,1.0,0,1.3,1.0,6.8,die,Nägel,"Neulich feilte die Kosmetikerin, während sie das Gespräch belauschte, die",0.70044184,SE,Gameselo/STS-multilingual-mpnet-base-v2
450,451,Nägel,113,C,und lackierte sie.,0,0.08,0,6.9,1.7,5.5,die,Nägel,"Neulich baute die Kosmetikerin, während sie die Maniküre durchführte, die",0.6628351,SE,Gameselo/STS-multilingual-mpnet-base-v2
451,452,Nägel,113,D,und lackierte sie.,0,0.0,0,1.3,1.0,5.5,die,Nägel,"Neulich baute die Kosmetikerin, während sie das Gespräch belauschte, die",0.72184247,SE,Gameselo/STS-multilingual-mpnet-base-v2
452,453,Zukunft,114,A,der Familie.,0,0.58,1,6.7,3.9,6.8,die,Zukunft,"Sogleich prophezeite der Wahrsager, der die Kristallkugel befragt hatte, die",0.5503773,SE,Gameselo/STS-multilingual-mpnet-base-v2
453,454,Zukunft,114,B,der Familie.,0,0.58,1,1.4,1.1,6.8,die,Zukunft,"Sogleich prophezeite der Wahrsager, der die Kerze angezündet hatte, die",0.5208102,SE,Gameselo/STS-multilingual-mpnet-base-v2
454,455,Zukunft,114,C,der Familie.,0,0.0,1,6.7,3.9,1.5,die,Zukunft,"Sogleich würzte der Wahrsager, der die Kristallkugel befragt hatte, die",0.3762951,SE,Gameselo/STS-multilingual-mpnet-base-v2
455,456,Zukunft,114,D,der Familie.,0,0.0,1,1.4,1.1,1.5,die,Zukunft,"Sogleich würzte der Wahrsager, der die Kerze angezündet hatte, die",0.3514019,SE,Gameselo/STS-multilingual-mpnet-base-v2
456,457,Ausgrabung,115,A,in der Ruine.,0,0.92,0,6.6,5.3,3.0,die,Ausgrabung,"Heute beginnt der Archäologe, der die Schaufel hervorgeholt hat, die",0.77119905,SE,Gameselo/STS-multilingual-mpnet-base-v2
457,458,Ausgrabung,115,B,in der Ruine.,0,0.5,0,1.3,2.5,3.0,die,Ausgrabung,"Heute beginnt der Archäologe, der das Taxi genommen hat, die",0.6847802,SE,Gameselo/STS-multilingual-mpnet-base-v2
458,459,Ausgrabung,115,C,in der Ruine.,0,0.0,0,6.6,5.3,1.5,die,Ausgrabung,"Heute raspelt der Archäologe, der die Schaufel hervorgeholt hat, die",0.8074674,SE,Gameselo/STS-multilingual-mpnet-base-v2
459,460,Ausgrabung,115,D,in der Ruine.,0,0.0,0,1.3,2.5,1.5,die,Ausgrabung,"Heute raspelt der Archäologe, der das Taxi genommen hat, die",0.74022466,SE,Gameselo/STS-multilingual-mpnet-base-v2
460,461,Strauß,116,A,für die Hochzeit.,0,0.92,1,6.8,3.9,6.5,den,Strauß,"Zügig bindet der Florist, der die Rosen gezüchtet hat, den",0.4806309,SE,Gameselo/STS-multilingual-mpnet-base-v2
461,462,Strauß,116,B,für die Hochzeit.,0,0.92,1,2.6,1.6,6.5,den,Strauß,"Zügig bindet der Florist, der die Fenster geschlossen hat, den",0.47799686,SE,Gameselo/STS-multilingual-mpnet-base-v2
462,463,Strauß,116,C,für die Hochzeit.,0,0.0,1,6.8,3.9,1.0,den,Strauß,"Zügig ölt der Florist, der die Rosen gezüchtet hat, den",0.524952,SE,Gameselo/STS-multilingual-mpnet-base-v2
463,464,Strauß,116,D,für die Hochzeit.,0,0.0,1,2.6,1.6,1.0,den,Strauß,"Zügig ölt der Florist, der die Fenster geschlossen hat, den",0.51471573,SE,Gameselo/STS-multilingual-mpnet-base-v2
464,465,Rolle,117,A,für das Theaterstück.,0,0.75,1,6.1,3.8,5.8,die,Rolle,"Umgehend spielt der Schauspieler, der das Skript auswendig gelernt hat, die",0.71991324,SE,Gameselo/STS-multilingual-mpnet-base-v2
465,466,Rolle,117,B,für das Theaterstück.,0,0.67,1,2.3,4.6,5.8,die,Rolle,"Umgehend spielt der Schauspieler, der die Torte gebacken hat, die",0.67043823,SE,Gameselo/STS-multilingual-mpnet-base-v2
466,467,Rolle,117,C,für das Theaterstück.,0,0.0,1,6.1,3.8,2.5,die,Rolle,"Umgehend schnibbelt der Schauspieler, der das Skript auswendig gelernt hat, die",0.7817024,SE,Gameselo/STS-multilingual-mpnet-base-v2
467,468,Rolle,117,D,für das Theaterstück.,0,0.0,1,2.3,4.6,2.5,die,Rolle,"Umgehend schnibbelt der Schauspieler, der die Torte gebacken hat, die",0.7212289,SE,Gameselo/STS-multilingual-mpnet-base-v2
468,469,Sendung,118,A,für den Fernsehkanal.,0,0.42,0,6.4,6.3,6.7,die,Sendung,"Am Abend moderiert der Moderator, der die Zuschauer unterhält, die",0.60932094,SE,Gameselo/STS-multilingual-mpnet-base-v2
469,470,Sendung,118,B,für den Fernsehkanal.,0,0.17,0,2.0,1.5,6.7,die,Sendung,"Am Abend moderiert der Moderator, der die Weltmeere bereist, die",0.66362065,SE,Gameselo/STS-multilingual-mpnet-base-v2
470,471,Sendung,118,C,für den Fernsehkanal.,0,0.0,0,6.4,6.3,3.7,die,Sendung,"Am Abend wiegt der Moderator, der die Zuschauer unterhält, die",0.68479514,SE,Gameselo/STS-multilingual-mpnet-base-v2
471,472,Sendung,118,D,für den Fernsehkanal.,0,0.0,0,2.0,1.5,3.7,die,Sendung,"Am Abend wiegt der Moderator, der die Weltmeere bereist, die",0.7144872,SE,Gameselo/STS-multilingual-mpnet-base-v2
472,473,Stück,119,A,für seine nächste Sonate.,0,0.25,0,4.8,4.1,6.9,das,Stück,"Ohne zu zögern komponierte der Musiker, der die Noten aufschrieb, das",0.66157526,SE,Gameselo/STS-multilingual-mpnet-base-v2
473,474,Stück,119,B,für seine nächste Sonate.,0,0.42,0,1.7,2.1,6.9,das,Stück,"Ohne zu zögern komponierte der Musiker, der die Fragen beantwortete, das",0.5889379,SE,Gameselo/STS-multilingual-mpnet-base-v2
474,475,Stück,119,C,für seine nächste Sonate.,0,0.0,0,4.8,4.1,4.2,das,Stück,"Ohne zu zögern grillte der Musiker, der die Noten aufschrieb, das",0.6923739,SE,Gameselo/STS-multilingual-mpnet-base-v2
475,476,Stück,119,D,für seine nächste Sonate.,0,0.08,0,1.7,2.1,4.2,das,Stück,"Ohne zu zögern grillte der Musiker, der die Fragen beantwortete, das",0.59897804,SE,Gameselo/STS-multilingual-mpnet-base-v2
476,477,Bild,120,A,in seinem Atelier.,2,0.58,1,6.6,2.3,7.0,das,Bild,"Fröhlich malte der Künstler, der die Leinwand aufgespannt hatte, das",0.7486642,SE,Gameselo/STS-multilingual-mpnet-base-v2
477,478,Bild,120,B,in seinem Atelier.,2,0.58,1,1.5,1.7,7.0,das,Bild,"Fröhlich malte der Künstler, der den Nachtisch zubereitet hatte, das",0.74248743,SE,Gameselo/STS-multilingual-mpnet-base-v2
478,479,Bild,120,C,in seinem Atelier.,2,0.0,1,6.6,2.3,2.2,das,Bild,"Fröhlich bewohnte der Künstler, der die Leinwand aufgespannt hatte, das",0.69141436,SE,Gameselo/STS-multilingual-mpnet-base-v2
479,480,Bild,120,D,in seinem Atelier.,2,0.0,1,1.5,1.7,2.2,das,Bild,"Fröhlich bewohnte der Künstler, der den Nachtisch zubereitet hatte, das",0.66614634,SE,Gameselo/STS-multilingual-mpnet-base-v2
0,1,Axt,1,A,und hackte die Holzscheite.,0,0.75,1,6.9,3.1,6.0,die,Axt,"Gestern schärfte der Holzfäller, bevor er das Holz stapelte, die",0.24128109,SE,Qwen/Qwen3-Embedding-0.6B
1,2,Axt,1,B,und hackte die Holzscheite.,0,0.67,1,3.1,1.2,6.0,die,Axt,"Gestern schärfte der Holzfäller, bevor er den Film schaute, die",0.25023648,SE,Qwen/Qwen3-Embedding-0.6B
2,3,Axt,1,C,und hackte die Holzscheite.,0,0.0,1,6.9,3.1,1.4,die,Axt,"Gestern aß der Holzfäller, bevor er das Holz stapelte, die",0.230742,SE,Qwen/Qwen3-Embedding-0.6B
3,4,Axt,1,D,und hackte die Holzscheite.,0,0.0,1,3.1,1.2,1.4,die,Axt,"Gestern aß der Holzfäller, bevor er den Film schaute, die",0.22359611,SE,Qwen/Qwen3-Embedding-0.6B
4,5,Messer,2,A,und rasiert den Kunden.,0,0.67,1,5.0,5.1,6.4,das,Messer,"Nachdenklich schärft der Barbier, nachdem er den Rasierschaum aufgetragen hat, das",0.31426516,SE,Qwen/Qwen3-Embedding-0.6B
5,6,Messer,2,B,und rasiert den Kunden.,0,0.75,1,1.2,1.4,6.4,das,Messer,"Nachdenklich schärft der Barbier, nachdem er die Topfpflanze gegossen hat, das",0.30548832,SE,Qwen/Qwen3-Embedding-0.6B
6,7,Messer,2,C,und rasiert den Kunden.,0,0.0,1,5.0,5.1,1.4,das,Messer,"Nachdenklich trinkt der Barbier, nachdem er den Rasierschaum aufgetragen hat, das",0.3021923,SE,Qwen/Qwen3-Embedding-0.6B
7,8,Messer,2,D,und rasiert den Kunden.,0,0.0,1,1.2,1.4,1.4,das,Messer,"Nachdenklich trinkt der Barbier, nachdem er die Topfpflanze gegossen hat, das",0.28472206,SE,Qwen/Qwen3-Embedding-0.6B
8,9,Kaffee,3,A,und gießt die Milch dazu.,0,0.58,0,5.8,2.3,5.8,den,Kaffee,"Sogleich süßt der Kellner, nachdem er die Bestellung aufgenommen hat, den",0.3691254,SE,Qwen/Qwen3-Embedding-0.6B
9,10,Kaffee,3,B,und gießt die Milch dazu.,0,0.25,0,3.5,3.5,5.8,den,Kaffee,"Sogleich süßt der Kellner, nachdem er das Radio angemacht hat, den",0.3841393,SE,Qwen/Qwen3-Embedding-0.6B
10,11,Kaffee,3,C,und gießt die Milch dazu.,0,0.0,0,5.8,2.3,3.0,den,Kaffee,"Sogleich putzt der Kellner, nachdem er die Bestellung aufgenommen hat, den",0.32504046,SE,Qwen/Qwen3-Embedding-0.6B
11,12,Kaffee,3,D,und gießt die Milch dazu.,0,0.0,0,3.5,3.5,3.0,den,Kaffee,"Sogleich putzt der Kellner, nachdem er das Radio angemacht hat, den",0.34289104,SE,Qwen/Qwen3-Embedding-0.6B
12,13,Ofen,4,A,auf 180 Grad.,0,1.0,0,6.0,2.7,6.6,den,Ofen,"Vorsichtig erhitzt der Bäckerlehrling, nachdem er die Brötchen geformt hat, den",0.33718324,SE,Qwen/Qwen3-Embedding-0.6B
13,14,Ofen,4,B,auf 180 Grad.,0,0.75,0,2.4,1.3,6.6,den,Ofen,"Vorsichtig erhitzt der Bäckerlehrling, nachdem er die Fenster gekippt hat, den",0.37323818,SE,Qwen/Qwen3-Embedding-0.6B
14,15,Ofen,4,C,auf 180 Grad.,0,0.0,0,6.0,2.7,1.3,den,Ofen,"Vorsichtig schlürft der Bäckerlehrling, nachdem er die Brötchen geformt hat, den",0.28811228,SE,Qwen/Qwen3-Embedding-0.6B
15,16,Ofen,4,D,auf 180 Grad.,0,0.08,0,2.4,1.3,1.3,den,Ofen,"Vorsichtig schlürft der Bäckerlehrling, nachdem er die Fenster gekippt hat, den",0.3101323,SE,Qwen/Qwen3-Embedding-0.6B
16,17,Weinflasche,5,A,für die Weinprobe.,0,1.0,1,5.9,1.7,6.8,die,Weinflasche,"Zufrieden entkorkt der Winzer, der die Reben geschnitten hat, die",0.29160842,SE,Qwen/Qwen3-Embedding-0.6B
17,18,Weinflasche,5,B,für die Weinprobe.,0,1.0,1,2.0,2.7,6.8,die,Weinflasche,"Zufrieden entkorkt der Winzer, der die Lohnabrechnungen beendet hat, die",0.3138682,SE,Qwen/Qwen3-Embedding-0.6B
18,19,Weinflasche,5,C,für die Weinprobe.,0,0.08,1,5.9,1.7,1.0,die,Weinflasche,"Zufrieden glättet der Winzer, der die Reben geschnitten hat, die",0.306595,SE,Qwen/Qwen3-Embedding-0.6B
19,20,Weinflasche,5,D,für die Weinprobe.,0,0.0,1,2.0,2.7,1.0,die,Weinflasche,"Zufrieden glättet der Winzer, der die Lohnabrechnungen beendet hat, die",0.32136902,SE,Qwen/Qwen3-Embedding-0.6B
20,21,Ticket,6,A,für die Fahrt.,0,0.33,1,6.7,2.3,6.3,das,Ticket,"Umgehend löst der Fahrgast, der den Automaten bedient, das",0.26255086,SE,Qwen/Qwen3-Embedding-0.6B
21,22,Ticket,6,B,für die Fahrt.,0,0.33,1,1.3,1.3,6.3,das,Ticket,"Umgehend löst der Fahrgast, der die Einkaufstasche abstellt, das",0.33521396,SE,Qwen/Qwen3-Embedding-0.6B
22,23,Ticket,6,C,für die Fahrt.,0,0.0,1,6.7,2.3,1.2,das,Ticket,"Umgehend knotet der Fahrgast, der den Automaten bedient, das",0.28368562,SE,Qwen/Qwen3-Embedding-0.6B
23,24,Ticket,6,D,für die Fahrt.,0,0.0,1,1.3,1.3,1.2,das,Ticket,"Umgehend knotet der Fahrgast, der die Einkaufstasche abstellt, das",0.33929458,SE,Qwen/Qwen3-Embedding-0.6B
24,25,Sieg,7,A,mit einer Party.,0,0.5,0,6.8,4.4,6.2,den,Sieg,"Am Abend feiert der Gewinner, der den Pokal erhält, den",0.23528804,SE,Qwen/Qwen3-Embedding-0.6B
25,26,Sieg,7,B,mit einer Party.,0,0.75,0,1.8,2.0,6.2,den,Sieg,"Am Abend feiert der Gewinner, der das Eis isst, den",0.314442,SE,Qwen/Qwen3-Embedding-0.6B
26,27,Sieg,7,C,mit einer Party.,0,0.0,0,6.8,4.4,1.8,den,Sieg,"Am Abend knabbert der Gewinner, der den Pokal erhält, den",0.27166107,SE,Qwen/Qwen3-Embedding-0.6B
27,28,Sieg,7,D,mit einer Party.,0,0.0,0,1.8,2.0,1.8,den,Sieg,"Am Abend knabbert der Gewinner, der das Eis isst, den",0.3137965,SE,Qwen/Qwen3-Embedding-0.6B
28,29,Fisch,8,A,für das Abendessen.,1,0.83,1,7.0,4.9,6.9,den,Fisch,"Endlich fängt der Angler, der den Köder auswarf, den",0.36493528,SE,Qwen/Qwen3-Embedding-0.6B
29,30,Fisch,8,B,für das Abendessen.,1,0.83,1,2.0,1.2,6.9,den,Fisch,"Endlich fängt der Angler, der die Zeitung las, den",0.34374294,SE,Qwen/Qwen3-Embedding-0.6B
30,31,Fisch,8,C,für das Abendessen.,1,0.0,1,7.0,4.9,1.3,den,Fisch,"Endlich baut der Angler, der den Köder auswarf, den",0.37151876,SE,Qwen/Qwen3-Embedding-0.6B
31,32,Fisch,8,D,für das Abendessen.,1,0.0,1,2.0,1.2,1.3,den,Fisch,"Endlich baut der Angler, der die Zeitung las, den",0.35087785,SE,Qwen/Qwen3-Embedding-0.6B
32,33,Unkraut,9,A,und leerte den Kompost.,0,0.83,0,6.7,3.3,6.9,das,Unkraut,"Am Nachmittag jätete der Schrebergärtner, der das Beet pflegte, das",0.23218602,SE,Qwen/Qwen3-Embedding-0.6B
33,34,Unkraut,9,B,und leerte den Kompost.,0,0.67,0,3.3,1.4,6.9,das,Unkraut,"Am Nachmittag jätete der Schrebergärtner, der die Sonne genoss, das",0.24907568,SE,Qwen/Qwen3-Embedding-0.6B
34,35,Unkraut,9,C,und leerte den Kompost.,0,0.0,0,6.7,3.3,1.2,das,Unkraut,"Am Nachmittag polierte der Schrebergärtner, der das Beet pflegte, das",0.20675355,SE,Qwen/Qwen3-Embedding-0.6B
35,36,Unkraut,9,D,und leerte den Kompost.,0,0.0,0,3.3,1.4,1.2,das,Unkraut,"Am Nachmittag polierte der Schrebergärtner, der die Sonne genoss, das",0.23271471,SE,Qwen/Qwen3-Embedding-0.6B
36,37,Klassenzimmer,10,A,und nimmt ein Stück Kreide.,1,0.75,1,6.8,3.7,5.5,das,Klassenzimmer,"Eine Weile lüftet der Lehrer, bevor er die Tafel beschreibt, das",0.35589835,SE,Qwen/Qwen3-Embedding-0.6B
37,38,Klassenzimmer,10,B,und nimmt ein Stück Kreide.,1,0.75,1,1.9,2.6,5.5,das,Klassenzimmer,"Eine Weile lüftet der Lehrer, bevor er den Mantel aufhängt, das",0.3210075,SE,Qwen/Qwen3-Embedding-0.6B
38,39,Klassenzimmer,10,C,und nimmt ein Stück Kreide.,1,0.0,1,6.8,3.7,4.7,das,Klassenzimmer,"Eine Weile bastelt der Lehrer, bevor er die Tafel beschreibt, das",0.33972773,SE,Qwen/Qwen3-Embedding-0.6B
39,40,Klassenzimmer,10,D,und nimmt ein Stück Kreide.,1,0.0,1,1.9,2.6,4.7,das,Klassenzimmer,"Eine Weile bastelt der Lehrer, bevor er den Mantel aufhängt, das",0.30356506,SE,Qwen/Qwen3-Embedding-0.6B
40,41,Käse,11,A,und gibt Öl in die Pfanne.,0,0.5,1,5.2,4.6,6.4,den,Käse,"Schnell reibt der Chefkoch, während er die Nudeln kocht, den",0.2064586,SE,Qwen/Qwen3-Embedding-0.6B
41,42,Käse,11,B,und gibt Öl in die Pfanne.,0,0.58,1,1.7,1.2,6.4,den,Käse,"Schnell reibt der Chefkoch, während er die Nachrichten hört, den",0.23344643,SE,Qwen/Qwen3-Embedding-0.6B
42,43,Käse,11,C,und gibt Öl in die Pfanne.,0,0.0,1,5.2,4.6,1.1,den,Käse,"Schnell flickt der Chefkoch, während er die Nudeln kocht, den",0.20340899,SE,Qwen/Qwen3-Embedding-0.6B
43,44,Käse,11,D,und gibt Öl in die Pfanne.,0,0.0,1,1.7,1.2,1.1,den,Käse,"Schnell flickt der Chefkoch, während er die Nachrichten hört, den",0.22198465,SE,Qwen/Qwen3-Embedding-0.6B
44,45,Bier,12,A,das zuvor gebraut wurde.,0,0.67,1,3.9,1.2,5.0,das,Bier,"Vorgestern probierte der Braumeister, nachdem er den Kessel ausgeschaltet hatte, das",0.34834695,SE,Qwen/Qwen3-Embedding-0.6B
45,46,Bier,12,B,das zuvor gebraut wurde.,0,0.58,1,1.8,2.3,5.0,das,Bier,"Vorgestern probierte der Braumeister, nachdem er den Boden gewischt hatte, das",0.28947315,SE,Qwen/Qwen3-Embedding-0.6B
46,47,Bier,12,C,das zuvor gebraut wurde.,0,0.0,1,3.9,1.2,1.1,das,Bier,"Vorgestern bemalte der Braumeister, nachdem er den Kessel ausgeschaltet hatte, das",0.33945924,SE,Qwen/Qwen3-Embedding-0.6B
47,48,Bier,12,D,das zuvor gebraut wurde.,0,0.0,1,1.8,2.3,1.1,das,Bier,"Vorgestern bemalte der Braumeister, nachdem er den Boden gewischt hatte, das",0.2649668,SE,Qwen/Qwen3-Embedding-0.6B
48,49,Rasen,13,A,hinter der Villa.,0,0.92,1,7.0,5.6,6.8,den,Rasen,"Eine Zeit lang mähte der Gartenhelfer, nachdem er den Garten umgegraben hatte, den",0.18776971,SE,Qwen/Qwen3-Embedding-0.6B
49,50,Rasen,13,B,hinter der Villa.,0,0.92,1,2.2,1.9,6.8,den,Rasen,"Eine Zeit lang mähte der Gartenhelfer, nachdem er die Garage aufgeräumt hatte, den",0.18224746,SE,Qwen/Qwen3-Embedding-0.6B
50,51,Rasen,13,C,hinter der Villa.,0,0.0,1,7.0,5.6,1.4,den,Rasen,"Eine Zeit lang räucherte der Gartenhelfer, nachdem er den Garten umgegraben hatte, den",0.23734477,SE,Qwen/Qwen3-Embedding-0.6B
51,52,Rasen,13,D,hinter der Villa.,0,0.0,1,2.2,1.9,1.4,den,Rasen,"Eine Zeit lang räucherte der Gartenhelfer, nachdem er die Garage aufgeräumt hatte, den",0.22877824,SE,Qwen/Qwen3-Embedding-0.6B
52,53,Straße,14,A,und den Bürgersteig.,1,0.42,1,6.5,5.1,6.8,die,Straße,"Achtsam pflasterte der Bauarbeiter, der die Absperrungen umging, die",0.17615892,SE,Qwen/Qwen3-Embedding-0.6B
53,54,Straße,14,B,und den Bürgersteig.,1,0.42,1,5.7,2.0,6.8,die,Straße,"Achtsam pflasterte der Bauarbeiter, der die Steine schleppte, die",0.20014735,SE,Qwen/Qwen3-Embedding-0.6B
54,55,Straße,14,C,und den Bürgersteig.,1,0.08,1,6.5,5.1,2.0,die,Straße,"Achtsam salzte der Bauarbeiter, der die Absperrungen umging, die",0.2028817,SE,Qwen/Qwen3-Embedding-0.6B
55,56,Straße,14,D,und den Bürgersteig.,1,0.0,1,5.7,2.0,2.0,die,Straße,"Achtsam salzte der Bauarbeiter, der die Steine schleppte, die",0.22983831,SE,Qwen/Qwen3-Embedding-0.6B
56,57,Glocken,15,A,und freute sich.,0,1.0,1,6.7,1.1,7.0,die,Glocken,"Gestern läutete der Priester, nachdem er den Kirchturm erklommen hatte, die",0.22293913,SE,Qwen/Qwen3-Embedding-0.6B
57,58,Glocken,15,B,und freute sich.,0,0.92,1,2.2,1.1,7.0,die,Glocken,"Gestern läutete der Priester, nachdem er die Armbanduhr ausgezogen hatte, die",0.29182857,SE,Qwen/Qwen3-Embedding-0.6B
58,59,Glocken,15,C,und freute sich.,0,0.0,1,6.7,1.1,1.0,die,Glocken,"Gestern faltete der Priester, nachdem er den Kirchturm erklommen hatte, die",0.21161139,SE,Qwen/Qwen3-Embedding-0.6B
59,60,Glocken,15,D,und freute sich.,0,0.0,1,2.2,1.1,1.0,die,Glocken,"Gestern faltete der Priester, nachdem er die Armbanduhr ausgezogen hatte, die",0.2730387,SE,Qwen/Qwen3-Embedding-0.6B
60,61,Wunde,16,A,mit fünf Stichen.,0,0.92,1,6.7,3.3,5.8,die,Wunde,"Rasch näht der Notarzt, der den Verletzten betreut, die",0.3645933,SE,Qwen/Qwen3-Embedding-0.6B
61,62,Wunde,16,B,mit fünf Stichen.,0,0.92,1,3.2,1.8,5.8,die,Wunde,"Rasch näht der Notarzt, der den Ohrring trägt, die",0.32019103,SE,Qwen/Qwen3-Embedding-0.6B
62,63,Wunde,16,C,mit fünf Stichen.,0,0.0,1,6.7,3.3,2.0,die,Wunde,"Rasch versteckt der Notarzt, der den Verletzten betreut, die",0.35678685,SE,Qwen/Qwen3-Embedding-0.6B
63,64,Wunde,16,D,mit fünf Stichen.,0,0.0,1,3.2,1.8,2.0,die,Wunde,"Rasch versteckt der Notarzt, der den Ohrring trägt, die",0.3075449,SE,Qwen/Qwen3-Embedding-0.6B
64,65,Hemd,17,A,und die Hose.,0,0.75,1,6.4,1.5,6.9,das,Hemd,"Eilig bügelt der Geschäftsmann, nachdem er das Bügelbrett aufgestellt hat, das",0.21584609,SE,Qwen/Qwen3-Embedding-0.6B
65,66,Hemd,17,B,und die Hose.,0,0.67,1,1.4,1.2,6.9,das,Hemd,"Eilig bügelt der Geschäftsmann, nachdem er den Eistee ausgetrunken hat, das",0.22488435,SE,Qwen/Qwen3-Embedding-0.6B
66,67,Hemd,17,C,und die Hose.,0,0.0,1,6.4,1.5,1.0,das,Hemd,"Eilig salzt der Geschäftsmann, nachdem er das Bügelbrett aufgestellt hat, das",0.2541072,SE,Qwen/Qwen3-Embedding-0.6B
67,68,Hemd,17,D,und die Hose.,0,0.0,1,1.4,1.2,1.0,das,Hemd,"Eilig salzt der Geschäftsmann, nachdem er den Eistee ausgetrunken hat, das",0.24425988,SE,Qwen/Qwen3-Embedding-0.6B
68,69,Auto,18,A,und übergibt es an den Kunden.,1,0.58,0,7.0,3.5,6.3,das,Auto,"Schnell repariert der KFZ-Mechatroniker, der den Motor ausgetauscht hat, das",0.30418321,SE,Qwen/Qwen3-Embedding-0.6B
69,70,Auto,18,B,und übergibt es an den Kunden.,1,0.75,0,5.0,3.1,6.3,das,Auto,"Schnell repariert der KFZ-Mechatroniker, der den Urlaub gebucht hat, das",0.31982067,SE,Qwen/Qwen3-Embedding-0.6B
70,71,Auto,18,C,und übergibt es an den Kunden.,1,0.0,0,7.0,3.5,1.1,das,Auto,"Schnell brät der KFZ-Mechatroniker, der den Motor ausgetauscht hat, das",0.3371964,SE,Qwen/Qwen3-Embedding-0.6B
71,72,Auto,18,D,und übergibt es an den Kunden.,1,0.0,0,5.0,3.1,1.1,das,Auto,"Schnell brät der KFZ-Mechatroniker, der den Urlaub gebucht hat, das",0.35223907,SE,Qwen/Qwen3-Embedding-0.6B
72,73,Teig,19,A,für das Brot.,2,1.0,1,6.9,6.9,6.6,den,Teig,"Am Morgen knetet die Bäckerin, die den Kuchen backt, den",0.31876808,SE,Qwen/Qwen3-Embedding-0.6B
73,74,Teig,19,B,für das Brot.,2,1.0,1,1.5,1.0,6.6,den,Teig,"Am Morgen knetet die Bäckerin, die den Stammgast begrüßt, den",0.24463153,SE,Qwen/Qwen3-Embedding-0.6B
74,75,Teig,19,C,für das Brot.,2,0.0,1,6.9,6.9,1.2,den,Teig,"Am Morgen hört die Bäckerin, die den Kuchen backt, den",0.32421237,SE,Qwen/Qwen3-Embedding-0.6B
75,76,Teig,19,D,für das Brot.,2,0.0,1,1.5,1.0,1.2,den,Teig,"Am Morgen hört die Bäckerin, die den Stammgast begrüßt, den",0.2451679,SE,Qwen/Qwen3-Embedding-0.6B
76,77,Steak,20,A,und die Beilagen.,0,0.67,0,4.7,2.4,6.5,das,Steak,"Am Nachmittag pfeffert der Grillmeister, bevor er die Kohle anzündet, das",0.3011731,SE,Qwen/Qwen3-Embedding-0.6B
77,78,Steak,20,B,und die Beilagen.,0,0.83,0,1.4,1.1,6.5,das,Steak,"Am Nachmittag pfeffert der Grillmeister, bevor er die Mücke verscheucht, das",0.36010006,SE,Qwen/Qwen3-Embedding-0.6B
78,79,Steak,20,C,und die Beilagen.,0,0.0,0,4.7,2.4,1.4,das,Steak,"Am Nachmittag druckt der Grillmeister, bevor er die Kohle anzündet, das",0.30435136,SE,Qwen/Qwen3-Embedding-0.6B
79,80,Steak,20,D,und die Beilagen.,0,0.0,0,1.4,1.1,1.4,das,Steak,"Am Nachmittag druckt der Grillmeister, bevor er die Mücke verscheucht, das",0.35534227,SE,Qwen/Qwen3-Embedding-0.6B
80,81,Feuer,21,A,und rennt weg.,0,0.58,0,6.6,1.5,6.8,das,Feuer,"Schnell entfacht der Brandstifter, der das Streichholz fallengelassen hat, das",0.4416936,SE,Qwen/Qwen3-Embedding-0.6B
81,82,Feuer,21,B,und rennt weg.,0,1.0,0,3.3,3.0,6.8,das,Feuer,"Schnell entfacht der Brandstifter, der die Treppe hochgeklettert ist, das",0.44067153,SE,Qwen/Qwen3-Embedding-0.6B
82,83,Feuer,21,C,und rennt weg.,0,0.0,0,6.6,1.5,1.6,das,Feuer,"Schnell entstaubt der Brandstifter, der das Streichholz fallengelassen hat, das",0.45616868,SE,Qwen/Qwen3-Embedding-0.6B
83,84,Feuer,21,D,und rennt weg.,0,0.0,0,3.3,3.0,1.6,das,Feuer,"Schnell entstaubt der Brandstifter, der die Treppe hochgeklettert ist, das",0.46316633,SE,Qwen/Qwen3-Embedding-0.6B
84,85,Haare,22,A,und holt den Föhn.,0,0.92,1,6.5,3.9,6.8,die,Haare,"Nun kämmt der Friseur, nachdem er die Kopfhaut massiert hat, die",0.3185007,SE,Qwen/Qwen3-Embedding-0.6B
85,86,Haare,22,B,und holt den Föhn.,0,1.0,1,1.0,1.0,6.8,die,Haare,"Nun kämmt der Friseur, nachdem er den Cappuccino ausgetrunken hat, die",0.30548882,SE,Qwen/Qwen3-Embedding-0.6B
86,87,Haare,22,C,und holt den Föhn.,0,0.17,1,6.5,3.9,1.2,die,Haare,"Nun speichert der Friseur, nachdem er die Kopfhaut massiert hat, die",0.31246114,SE,Qwen/Qwen3-Embedding-0.6B
87,88,Haare,22,D,und holt den Föhn.,0,0.0,1,1.0,1.0,1.2,die,Haare,"Nun speichert der Friseur, nachdem er den Cappuccino ausgetrunken hat, die",0.3091436,SE,Qwen/Qwen3-Embedding-0.6B
88,89,Bleistift,23,A,und machte sich wieder an die Arbeit.,0,1.0,1,6.0,3.3,6.7,den,Bleistift,"Flink spitzte der Zeichner, der die Karikatur entwarf, den",0.3635653,SE,Qwen/Qwen3-Embedding-0.6B
89,90,Bleistift,23,B,und machte sich wieder an die Arbeit.,0,1.0,1,2.3,1.6,6.7,den,Bleistift,"Flink spitzte der Zeichner, der den Atlas öffnete, den",0.42687705,SE,Qwen/Qwen3-Embedding-0.6B
90,91,Bleistift,23,C,und machte sich wieder an die Arbeit.,0,0.0,1,6.0,3.3,1.3,den,Bleistift,"Flink knotete der Zeichner, der die Karikatur entwarf, den",0.34398907,SE,Qwen/Qwen3-Embedding-0.6B
91,92,Bleistift,23,D,und machte sich wieder an die Arbeit.,0,0.0,1,2.3,1.6,1.3,den,Bleistift,"Flink knotete der Zeichner, der den Atlas öffnete, den",0.39443076,SE,Qwen/Qwen3-Embedding-0.6B
92,93,Patienten,24,A,gegen Tetanus.,0,0.25,0,6.7,2.0,6.5,den,Patienten,"Heute impft der Arzt, nachdem er die Spritze befüllt hat, den",0.271167,SE,Qwen/Qwen3-Embedding-0.6B
93,94,Patienten,24,B,gegen Tetanus.,0,0.42,0,2.1,1.3,6.5,den,Patienten,"Heute impft der Arzt, nachdem er die Schublade geschlossen hat, den",0.30490234,SE,Qwen/Qwen3-Embedding-0.6B
94,95,Patienten,24,C,gegen Tetanus.,0,0.0,0,6.7,2.0,1.5,den,Patienten,"Heute feuert der Arzt, nachdem er die Spritze befüllt hat, den",0.28052974,SE,Qwen/Qwen3-Embedding-0.6B
95,96,Patienten,24,D,gegen Tetanus.,0,0.0,0,2.1,1.3,1.5,den,Patienten,"Heute feuert der Arzt, nachdem er die Schublade geschlossen hat, den",0.30531517,SE,Qwen/Qwen3-Embedding-0.6B
96,97,Leiche,25,A,in der Leichenhalle.,0,0.75,1,6.6,1.5,7.0,die,Leiche,"Unverzüglich obduziert der Pathologe, nachdem er die Mordakte gelesen hat, die",0.3755238,SE,Qwen/Qwen3-Embedding-0.6B
97,98,Leiche,25,B,in der Leichenhalle.,0,0.75,1,2.6,1.2,7.0,die,Leiche,"Unverzüglich obduziert der Pathologe, nachdem er das Dokument unterschrieben hat, die",0.34989455,SE,Qwen/Qwen3-Embedding-0.6B
98,99,Leiche,25,C,in der Leichenhalle.,0,0.0,1,6.6,1.5,1.2,die,Leiche,"Unverzüglich pfeffert der Pathologe, nachdem er die Mordakte gelesen hat, die",0.39145145,SE,Qwen/Qwen3-Embedding-0.6B
99,100,Leiche,25,D,in der Leichenhalle.,0,0.0,1,2.6,1.2,1.2,die,Leiche,"Unverzüglich pfeffert der Pathologe, nachdem er das Dokument unterschrieben hat, die",0.33051643,SE,Qwen/Qwen3-Embedding-0.6B
100,101,Buch,26,A,für den Fan.,1,1.0,1,6.7,3.3,6.7,das,Buch,"Am Nachmittag signiert der Autor, der die Geschichte erfunden hat, das",0.28279814,SE,Qwen/Qwen3-Embedding-0.6B
101,102,Buch,26,B,für den Fan.,1,0.92,1,1.8,1.5,6.7,das,Buch,"Am Nachmittag signiert der Autor, der den Vorhang zugezogen hat, das",0.31617224,SE,Qwen/Qwen3-Embedding-0.6B
102,103,Buch,26,C,für den Fan.,1,0.0,1,6.7,3.3,1.3,das,Buch,"Am Nachmittag schluckt der Autor, der die Geschichte erfunden hat, das",0.27288303,SE,Qwen/Qwen3-Embedding-0.6B
103,104,Buch,26,D,für den Fan.,1,0.0,1,1.8,1.5,1.3,das,Buch,"Am Nachmittag schluckt der Autor, der den Vorhang zugezogen hat, das",0.3064046,SE,Qwen/Qwen3-Embedding-0.6B
104,105,Gäste,27,A,und überreichte ihnen die Schlüssel.,2,1.0,1,4.7,1.4,6.5,die,Gäste,"Sofort begrüßte der Hotelier, der die Koffer stapelte, die",0.3191733,SE,Qwen/Qwen3-Embedding-0.6B
105,106,Gäste,27,B,und überreichte ihnen die Schlüssel.,2,0.92,1,1.4,1.6,6.5,die,Gäste,"Sofort begrüßte der Hotelier, der die Fische räucherte, die",0.31853884,SE,Qwen/Qwen3-Embedding-0.6B
106,107,Gäste,27,C,und überreichte ihnen die Schlüssel.,2,0.0,1,4.7,1.4,1.9,die,Gäste,"Sofort feuerte der Hotelier, der die Koffer stapelte, die",0.2901284,SE,Qwen/Qwen3-Embedding-0.6B
107,108,Gäste,27,D,und überreichte ihnen die Schlüssel.,2,0.0,1,1.4,1.6,1.9,die,Gäste,"Sofort feuerte der Hotelier, der die Fische räucherte, die",0.28227454,SE,Qwen/Qwen3-Embedding-0.6B
108,109,Baum,28,A,neben der Schule.,0,0.92,1,5.9,1.3,7.0,den,Baum,"Vorsichtig fällt der Holzarbeiter, der die Säge gestartet hat, den",0.23479633,SE,Qwen/Qwen3-Embedding-0.6B
109,110,Baum,28,B,neben der Schule.,0,0.83,1,2.8,1.9,7.0,den,Baum,"Vorsichtig fällt der Holzarbeiter, der den Transporter geparkt hat, den",0.23524189,SE,Qwen/Qwen3-Embedding-0.6B
110,111,Baum,28,C,neben der Schule.,0,0.0,1,5.9,1.3,1.3,den,Baum,"Vorsichtig durchwühlt der Holzarbeiter, der die Säge gestartet hat, den",0.21186928,SE,Qwen/Qwen3-Embedding-0.6B
111,112,Baum,28,D,neben der Schule.,0,0.0,1,2.8,1.9,1.3,den,Baum,"Vorsichtig durchwühlt der Holzarbeiter, der den Transporter geparkt hat, den",0.22916806,SE,Qwen/Qwen3-Embedding-0.6B
112,113,Zigarre,29,A,und schlenderte über den Marktplatz.,2,1.0,1,6.2,3.2,6.9,die,Zigarre,"Langsam paffte der Kubaner, der den Rauchring blies, die",0.41247597,SE,Qwen/Qwen3-Embedding-0.6B
113,114,Zigarre,29,B,und schlenderte über den Marktplatz.,2,1.0,1,2.0,1.3,6.9,die,Zigarre,"Langsam paffte der Kubaner, der die Straßenbahn verpasste, die",0.27470574,SE,Qwen/Qwen3-Embedding-0.6B
114,115,Zigarre,29,C,und schlenderte über den Marktplatz.,2,0.08,1,6.2,3.2,1.5,die,Zigarre,"Langsam öffnete der Kubaner, der den Rauchring blies, die",0.42919558,SE,Qwen/Qwen3-Embedding-0.6B
115,116,Zigarre,29,D,und schlenderte über den Marktplatz.,2,0.08,1,2.0,1.3,1.5,die,Zigarre,"Langsam öffnete der Kubaner, der die Straßenbahn verpasste, die",0.28585604,SE,Qwen/Qwen3-Embedding-0.6B
116,117,Schnitzel,30,A,für das Gericht.,0,0.58,0,6.0,1.2,6.5,das,Schnitzel,"Fröhlich paniert der Koch, nachdem er die Bratkartoffeln geschält hat, das",0.36779323,SE,Qwen/Qwen3-Embedding-0.6B
117,118,Schnitzel,30,B,für das Gericht.,0,0.83,0,1.3,1.5,6.5,das,Schnitzel,"Fröhlich paniert der Koch, nachdem er die Ärmel hochgekrempelt hat, das",0.34980333,SE,Qwen/Qwen3-Embedding-0.6B
118,119,Schnitzel,30,C,für das Gericht.,0,0.0,0,6.0,1.2,1.0,das,Schnitzel,"Fröhlich baut der Koch, nachdem er die Bratkartoffeln geschält hat, das",0.36012512,SE,Qwen/Qwen3-Embedding-0.6B
119,120,Schnitzel,30,D,für das Gericht.,0,0.0,0,1.3,1.5,1.0,das,Schnitzel,"Fröhlich baut der Koch, nachdem er die Ärmel hochgekrempelt hat, das",0.33911097,SE,Qwen/Qwen3-Embedding-0.6B
120,121,Kuchen,31,A,für die Geburtstagsfeier.,1,0.92,0,6.9,5.3,5.9,den,Kuchen,"Umsichtig glasiert der Konditor, der die Backform eingefettet hat, den",0.30820233,SE,Qwen/Qwen3-Embedding-0.6B
121,122,Kuchen,31,B,für die Geburtstagsfeier.,1,0.42,0,5.4,1.6,5.9,den,Kuchen,"Umsichtig glasiert der Konditor, der den Tisch abgewischt hat, den",0.25537232,SE,Qwen/Qwen3-Embedding-0.6B
122,123,Kuchen,31,C,für die Geburtstagsfeier.,1,0.0,0,6.9,5.3,1.2,den,Kuchen,"Umsichtig durchsucht der Konditor, der die Backform eingefettet hat, den",0.3291848,SE,Qwen/Qwen3-Embedding-0.6B
123,124,Kuchen,31,D,für die Geburtstagsfeier.,1,0.0,0,5.4,1.6,1.2,den,Kuchen,"Umsichtig durchsucht der Konditor, der den Tisch abgewischt hat, den",0.24642114,SE,Qwen/Qwen3-Embedding-0.6B
124,125,Kette,32,A,und die Bremsen.,0,0.83,0,4.9,2.0,6.8,die,Kette,"Gestern ölte der Fahrradfahrer, bevor er die Bremse einstellte, die",0.2451852,SE,Qwen/Qwen3-Embedding-0.6B
125,126,Kette,32,B,und die Bremsen.,0,0.58,0,1.2,1.1,6.8,die,Kette,"Gestern ölte der Fahrradfahrer, bevor er die Limonade trank, die",0.22273491,SE,Qwen/Qwen3-Embedding-0.6B
126,127,Kette,32,C,und die Bremsen.,0,0.0,0,4.9,2.0,1.4,die,Kette,"Gestern beheizte der Fahrradfahrer, bevor er die Bremse einstellte, die",0.24226865,SE,Qwen/Qwen3-Embedding-0.6B
127,128,Kette,32,D,und die Bremsen.,0,0.0,0,1.2,1.1,1.4,die,Kette,"Gestern beheizte der Fahrradfahrer, bevor die Limonade trank, die",0.22069721,SE,Qwen/Qwen3-Embedding-0.6B
128,129,Brief,33,A,an die Agentur.,0,0.92,1,6.8,1.3,6.6,den,Brief,"Hastig frankiert der Postbeamte, der das Postamt aufgeschlossen hat, den",0.20835164,SE,Qwen/Qwen3-Embedding-0.6B
129,130,Brief,33,B,an die Agentur.,0,1.0,1,1.5,3.7,6.6,den,Brief,"Hastig frankiert der Postbeamte, der das Mittagessen bestellt hat, den",0.28592372,SE,Qwen/Qwen3-Embedding-0.6B
130,131,Brief,33,C,an die Agentur.,0,0.0,1,6.8,1.3,2.2,den,Brief,"Hastig umgeht der Postbeamte, der das Postamt aufgeschlossen hat, den",0.20425892,SE,Qwen/Qwen3-Embedding-0.6B
131,132,Brief,33,D,an die Agentur.,0,0.0,1,1.5,3.7,2.2,den,Brief,"Hastig umgeht der Postbeamte, der das Mittagessen bestellt hat, den",0.2742736,SE,Qwen/Qwen3-Embedding-0.6B
132,133,Berg,34,A,und stellt sein Zelt auf.,1,0.75,0,6.4,3.2,6.8,den,Berg,"Fröhlich erklimmt der Wanderer, nachdem er das Tal durchquert hat, den",0.3098157,SE,Qwen/Qwen3-Embedding-0.6B
133,134,Berg,34,B,und stellt sein Zelt auf.,1,0.92,0,1.4,1.5,6.8,den,Berg,"Fröhlich erklimmt der Wanderer, nachdem er die Stoppuhr gestartet hat, den",0.27712628,SE,Qwen/Qwen3-Embedding-0.6B
134,135,Berg,34,C,und stellt sein Zelt auf.,1,0.0,0,6.4,3.2,1.5,den,Berg,"Fröhlich kauft der Wanderer, nachdem er das Tal durchquert hat, den",0.27608112,SE,Qwen/Qwen3-Embedding-0.6B
135,136,Berg,34,D,und stellt sein Zelt auf.,1,0.0,0,1.4,1.5,1.5,den,Berg,"Fröhlich kauft der Wanderer, nachdem er die Stoppuhr gestartet hat, den",0.2300704,SE,Qwen/Qwen3-Embedding-0.6B
136,137,Befehl,35,A,zum Abmarsch.,0,0.92,0,6.0,7.0,6.6,den,Befehl,"Bedächtig erteilt der General, der die Rekruten kommandiert, den",0.39155453,SE,Qwen/Qwen3-Embedding-0.6B
137,138,Befehl,35,B,zum Abmarsch.,0,0.75,0,1.7,2.4,6.6,den,Befehl,"Bedächtig erteilt der General, der die Getränke einschenkt, den",0.35432217,SE,Qwen/Qwen3-Embedding-0.6B
138,139,Befehl,35,C,zum Abmarsch.,0,0.0,0,6.0,7.0,1.4,den,Befehl,"Bedächtig biegt der General, der die Rekruten kommandiert, den",0.3890448,SE,Qwen/Qwen3-Embedding-0.6B
139,140,Befehl,35,D,zum Abmarsch.,0,0.0,0,1.7,2.4,1.4,den,Befehl,"Bedächtig biegt der General, der die Getränke einschenkt, den",0.36909702,SE,Qwen/Qwen3-Embedding-0.6B
140,141,Wand,36,A,des Büros.,0,0.5,0,7.0,5.5,6.4,die,Wand,"Sofort streicht der Maler, nachdem er die Tapete angebracht hat, die",0.22628374,SE,Qwen/Qwen3-Embedding-0.6B
141,142,Wand,36,B,des Büros.,0,0.67,0,1.5,1.3,6.4,die,Wand,"Sofort streicht der Maler, nachdem er den Hund gefüttert hat, die",0.1935364,SE,Qwen/Qwen3-Embedding-0.6B
142,143,Wand,36,C,des Büros.,0,0.08,0,7.0,5.5,1.1,die,Wand,"Sofort lenkt der Maler, nachdem er die Tapete angebracht hat, die",0.23497525,SE,Qwen/Qwen3-Embedding-0.6B
143,144,Wand,36,D,des Büros.,0,0.0,0,1.5,1.3,1.1,die,Wand,"Sofort lenkt der Maler, nachdem er den Hund gefüttert hat, die",0.18902723,SE,Qwen/Qwen3-Embedding-0.6B
144,145,Hammer,37,A,auf das Metall.,0,1.0,0,6.5,1.9,5.6,den,Hammer,"Direkt schwingt der Schmied, der den Amboss aufgestellt hat, den",0.3930221,SE,Qwen/Qwen3-Embedding-0.6B
145,146,Hammer,37,B,auf das Metall.,0,0.83,0,2.9,3.8,5.6,den,Hammer,"Direkt schwingt der Schmied, der den Stuhl weggestellt hat, den",0.35413173,SE,Qwen/Qwen3-Embedding-0.6B
146,147,Hammer,37,C,auf das Metall.,0,0.0,0,6.5,1.9,1.2,den,Hammer,"Direkt speichert der Schmied, der den Amboss aufgestellt hat, den",0.3258063,SE,Qwen/Qwen3-Embedding-0.6B
147,148,Hammer,37,D,auf das Metall.,0,0.0,0,2.9,3.8,1.2,den,Hammer,"Direkt speichert der Schmied, der den Stuhl weggestellt hat, den",0.29391503,SE,Qwen/Qwen3-Embedding-0.6B
148,149,Land,38,A,im Norden.,1,0.33,0,6.6,2.5,7.0,das,Land,"Vor langer Zeit regierte der König, der die Reise unternahm, das",0.19949782,SE,Qwen/Qwen3-Embedding-0.6B
149,150,Land,38,B,im Norden.,1,0.5,0,2.4,2.5,7.0,das,Land,"Vor langer Zeit regierte der König, der den Gesang vernahm, das",0.18526193,SE,Qwen/Qwen3-Embedding-0.6B
150,151,Land,38,C,im Norden.,1,0.0,0,6.6,2.5,1.2,das,Land,"Vor langer Zeit briet der König, der die Reise unternahm, das",0.2215737,SE,Qwen/Qwen3-Embedding-0.6B
151,152,Land,38,D,im Norden.,1,0.0,0,2.4,2.5,1.2,das,Land,"Vor langer Zeit briet der König, der den Gesang vernahm, das",0.19431566,SE,Qwen/Qwen3-Embedding-0.6B
152,153,Stab,39,A,und gab den Takt an.,0,0.42,1,1.9,1.6,3.0,den,Stab,"Zügig hob der Dirigent, der das Tempo wechselte, den",0.2430163,SE,Qwen/Qwen3-Embedding-0.6B
153,154,Stab,39,B,und gab den Takt an.,0,0.5,1,1.0,1.6,3.0,den,Stab,"Zügig hob der Dirigent, der das Gähnen unterdrückte, den",0.2518452,SE,Qwen/Qwen3-Embedding-0.6B
154,155,Stab,39,C,und gab den Takt an.,0,0.0,1,1.9,1.6,1.3,den,Stab,"Zügig verdrückte der Dirigent, der das Tempo wechselte, den",0.23954082,SE,Qwen/Qwen3-Embedding-0.6B
155,156,Stab,39,D,und gab den Takt an.,0,0.0,1,1.0,1.6,1.3,den,Stab,"Zügig verdrückte der Dirigent, der das Gähnen unterdrückte, den",0.24758776,SE,Qwen/Qwen3-Embedding-0.6B
156,157,Bart,40,A,des Mannes.,2,0.58,0,5.4,1.3,6.8,den,Bart,"Direkt trimmt der Herrenfriseur, nachdem er die Klinge ausgepackt hat, den",0.2506296,SE,Qwen/Qwen3-Embedding-0.6B
157,158,Bart,40,B,des Mannes.,2,0.25,0,1.2,1.0,6.8,den,Bart,"Direkt trimmt der Herrenfriseur, nachdem er das Wasserglas abgestellt hat, den",0.24250555,SE,Qwen/Qwen3-Embedding-0.6B
158,159,Bart,40,C,des Mannes.,2,0.0,0,5.4,1.3,1.7,den,Bart,"Direkt hört der Herrenfriseur, nachdem er die Klinge ausgepackt hat, den",0.25758764,SE,Qwen/Qwen3-Embedding-0.6B
159,160,Bart,40,D,des Mannes.,2,0.0,0,1.2,1.0,1.7,den,Bart,"Direkt hört der Herrenfriseur, nachdem er das Wasserglas abgestellt hat, den",0.25149432,SE,Qwen/Qwen3-Embedding-0.6B
160,161,Geschirr,41,A,und die Brettchen.,0,0.5,1,6.7,4.7,6.9,das,Geschirr,"Gestern spülte der Tellerwäscher, bevor er den Tisch wischte, das",0.3863848,SE,Qwen/Qwen3-Embedding-0.6B
161,162,Geschirr,41,B,und die Brettchen.,0,0.42,1,1.2,1.2,6.9,das,Geschirr,"Gestern spülte der Tellerwäscher, bevor er das Taxi rief, das",0.3113185,SE,Qwen/Qwen3-Embedding-0.6B
162,163,Geschirr,41,C,und die Brettchen.,0,0.0,1,6.7,4.7,1.1,das,Geschirr,"Gestern glättete der Tellerwäscher, bevor er den Tisch wischte, das",0.4053315,SE,Qwen/Qwen3-Embedding-0.6B
163,164,Geschirr,41,D,und die Brettchen.,0,0.0,1,1.2,1.2,1.1,das,Geschirr,"Gestern glättete der Tellerwäscher, bevor er das Taxi rief, das",0.3483747,SE,Qwen/Qwen3-Embedding-0.6B
164,165,Schloss,42,A,und stiehlt die Wertsachen.,0,0.25,0,7.0,1.8,6.4,das,Schloss,"Im Handumdrehen knackt der Einbrecher, der den Zahlencode erraten hat, das",0.25640568,SE,Qwen/Qwen3-Embedding-0.6B
165,166,Schloss,42,B,und stiehlt die Wertsachen.,0,0.5,0,2.6,1.5,6.4,das,Schloss,"Im Handumdrehen knackt der Einbrecher, der die Akte durchblättert hat, das",0.18968323,SE,Qwen/Qwen3-Embedding-0.6B
166,167,Schloss,42,C,und stiehlt die Wertsachen.,0,0.0,0,7.0,1.8,1.6,das,Schloss,"Im Handumdrehen kopiert der Einbrecher, der den Zahlencode erraten hat, das",0.25161704,SE,Qwen/Qwen3-Embedding-0.6B
167,168,Schloss,42,D,und stiehlt die Wertsachen.,0,0.0,0,2.6,1.5,1.6,das,Schloss,"Im Handumdrehen kopiert der Einbrecher, der die Akte durchblättert hat, das",0.18983845,SE,Qwen/Qwen3-Embedding-0.6B
168,169,Zwiebeln,43,A,und den Knoblauch.,0,0.25,1,5.7,2.3,6.2,die,Zwiebeln,"Routiniert hackte der Küchengehilfe, bevor er die Suppe umrührte, die",0.28331164,SE,Qwen/Qwen3-Embedding-0.6B
169,170,Zwiebeln,43,B,und den Knoblauch.,0,0.33,1,1.3,1.1,6.2,die,Zwiebeln,"Routiniert hackte der Küchengehilfe, bevor er das Radio einschaltete, die",0.2964578,SE,Qwen/Qwen3-Embedding-0.6B
170,171,Zwiebeln,43,C,und den Knoblauch.,0,0.0,1,5.7,2.3,1.3,die,Zwiebeln,"Routiniert schraubte der Küchengehilfe, bevor er die Suppe umrührte, die",0.2635952,SE,Qwen/Qwen3-Embedding-0.6B
171,172,Zwiebeln,43,D,und den Knoblauch.,0,0.0,1,1.3,1.1,1.3,die,Zwiebeln,"Routiniert schraubte der Küchengehilfe, bevor er das Radio einschaltete, die",0.2739816,SE,Qwen/Qwen3-Embedding-0.6B
172,173,Wachs,44,A,und fuhr mit der Arbeit fort.,0,0.83,1,6.7,2.3,6.3,das,Wachs,"Umsichtig schmolz der Kerzenzieher, nachdem er den Docht gekürzt hatte, das",0.27200186,SE,Qwen/Qwen3-Embedding-0.6B
173,174,Wachs,44,B,und fuhr mit der Arbeit fort.,0,0.83,1,1.5,1.4,6.3,das,Wachs,"Umsichtig schmolz der Kerzenzieher, nachdem er das Nähkästchen zugeklappt hatte, das",0.29654598,SE,Qwen/Qwen3-Embedding-0.6B
174,175,Wachs,44,C,und fuhr mit der Arbeit fort.,0,0.0,1,6.7,2.3,1.0,das,Wachs,"Umsichtig würzte der Kerzenzieher, nachdem er den Docht gekürzt hatte, das",0.27239507,SE,Qwen/Qwen3-Embedding-0.6B
175,176,Wachs,44,D,und fuhr mit der Arbeit fort.,0,0.0,1,1.5,1.4,1.0,das,Wachs,"Umsichtig würzte der Kerzenzieher, nachdem er das Nähkästchen zugeklappt hatte, das",0.29607356,SE,Qwen/Qwen3-Embedding-0.6B
176,177,Cocktail,45,A,für den Touristen.,0,0.5,0,6.2,1.4,6.9,den,Cocktail,"Gestern mixte der Barkeeper, der den Wodka geöffnet hatte, den",0.4426279,SE,Qwen/Qwen3-Embedding-0.6B
177,178,Cocktail,45,B,für den Touristen.,0,0.83,0,1.3,1.0,6.9,den,Cocktail,"Gestern mixte der Barkeeper, der den Boden gefegt hatte, den",0.33603084,SE,Qwen/Qwen3-Embedding-0.6B
178,179,Cocktail,45,C,für den Touristen.,0,0.0,0,6.2,1.4,1.6,den,Cocktail,"Gestern gründete der Barkeeper, der den Wodka geöffnet hatte, den",0.38651657,SE,Qwen/Qwen3-Embedding-0.6B
179,180,Cocktail,45,D,für den Touristen.,0,0.08,0,1.3,1.0,1.6,den,Cocktail,"Gestern gründete der Barkeeper, der den Boden gefegt hatte, den",0.2884598,SE,Qwen/Qwen3-Embedding-0.6B
180,181,Orchester,46,A,und das Streichquartett.,0,0.25,1,6.8,3.6,6.8,das,Orchester,"Am Abend dirigiert der Kapellmeister, der das Konzert eröffnet hat, das",0.24587524,SE,Qwen/Qwen3-Embedding-0.6B
181,182,Orchester,46,B,und das Streichquartett.,0,0.25,1,1.6,1.4,6.8,das,Orchester,"Am Abend dirigiert der Kapellmeister, der die Unterschriften gesammelt hat, das",0.21836503,SE,Qwen/Qwen3-Embedding-0.6B
182,183,Orchester,46,C,und das Streichquartett.,0,0.0,1,6.8,3.6,1.3,das,Orchester,"Am Abend vernichtet der Kapellmeister, der das Konzert eröffnet hat, das",0.22542742,SE,Qwen/Qwen3-Embedding-0.6B
183,184,Orchester,46,D,und das Streichquartett.,0,0.0,1,1.6,1.4,1.3,das,Orchester,"Am Abend vernichtet der Kapellmeister, der die Unterschriften gesammelt hat, das",0.1702543,SE,Qwen/Qwen3-Embedding-0.6B
184,185,Wort,47,A,und notiert es.,3,0.83,0,6.3,3.6,6.8,das,Wort,"Direkt buchstabiert der Sprachschüler, nachdem er das Buch aufgeschlagen hat, das",0.31992093,SE,Qwen/Qwen3-Embedding-0.6B
185,186,Wort,47,B,und notiert es.,3,0.67,0,3.0,2.7,6.8,das,Wort,"Direkt buchstabiert der Sprachschüler, nachdem er den Pausenhof verlassen hat, das",0.27734077,SE,Qwen/Qwen3-Embedding-0.6B
186,187,Wort,47,C,und notiert es.,3,0.0,0,6.3,3.6,1.7,das,Wort,"Direkt dekoriert der Sprachschüler, nachdem er das Buch aufgeschlagen hat, das",0.32735744,SE,Qwen/Qwen3-Embedding-0.6B
187,188,Wort,47,D,und notiert es.,3,0.0,0,3.0,2.7,1.7,das,Wort,"Direkt dekoriert der Sprachschüler, nachdem er den Pausenhof verlassen hat, das",0.27179793,SE,Qwen/Qwen3-Embedding-0.6B
188,189,Weide,48,A,mit einem Draht.,0,0.67,0,6.7,5.4,6.0,die,Weide,"Vorsichtig umzäunt der Schäfer, der die Schafe gehütet hat, die",0.22548774,SE,Qwen/Qwen3-Embedding-0.6B
189,190,Weide,48,B,mit einem Draht.,0,0.42,0,1.4,1.4,6.0,die,Weide,"Vorsichtig umzäunt der Schäfer, der das Mittagessen vergessen hat, die",0.23873298,SE,Qwen/Qwen3-Embedding-0.6B
190,191,Weide,48,C,mit einem Draht.,0,0.0,0,6.7,5.4,1.0,die,Weide,"Vorsichtig fälscht der Schäfer, der die Schafe gehütet hat, die",0.2581387,SE,Qwen/Qwen3-Embedding-0.6B
191,192,Weide,48,D,mit einem Draht.,0,0.0,0,1.4,1.4,1.0,die,Weide,"Vorsichtig fälscht der Schäfer, der das Mittagessen vergessen hat, die",0.25254914,SE,Qwen/Qwen3-Embedding-0.6B
192,193,Predigt,49,A,für die Gemeinde.,0,0.25,0,6.2,2.1,6.2,die,Predigt,"Nachdenklich hält der Pfarrer, nachdem er die Bibel aufgeschlagen hat, die",0.33536556,SE,Qwen/Qwen3-Embedding-0.6B
193,194,Predigt,49,B,für die Gemeinde.,0,0.5,0,1.6,2.9,6.2,die,Predigt,"Nachdenklich hält der Pfarrer, nachdem er die Brille aufgesetzt hat, die",0.28083438,SE,Qwen/Qwen3-Embedding-0.6B
194,195,Predigt,49,C,für die Gemeinde.,0,0.0,0,6.2,2.1,1.3,die,Predigt,"Nachdenklich leert der Pfarrer, nachdem er die Bibel aufgeschlagen hat, die",0.31681395,SE,Qwen/Qwen3-Embedding-0.6B
195,196,Predigt,49,D,für die Gemeinde.,0,0.0,0,1.6,2.9,1.3,die,Predigt,"Nachdenklich leert der Pfarrer, nachdem er die Brille aufgesetzt hat, die",0.26431873,SE,Qwen/Qwen3-Embedding-0.6B
196,197,Wohnung,50,A,mit neuen Möbeln.,0,0.5,0,7.0,2.7,6.8,die,Wohnung,"Unverzüglich möblierte der Vermieter, der den Mieter aufgenommen hatte, die",0.24029288,SE,Qwen/Qwen3-Embedding-0.6B
197,198,Wohnung,50,B,mit neuen Möbeln.,0,0.75,0,4.7,3.6,6.8,die,Wohnung,"Unverzüglich möblierte der Vermieter, der die Überweisung erhalten hatte, die",0.28150854,SE,Qwen/Qwen3-Embedding-0.6B
198,199,Wohnung,50,C,mit neuen Möbeln.,0,0.0,0,7.0,2.7,1.4,die,Wohnung,"Unverzüglich erntete der Vermieter, der den Mieter aufgenommen hatte, die",0.2150982,SE,Qwen/Qwen3-Embedding-0.6B
199,200,Wohnung,50,D,mit neuen Möbeln.,0,0.0,0,4.7,3.6,1.4,die,Wohnung,"Unverzüglich erntete der Vermieter, der die Überweisung erhalten hatte, die",0.2563342,SE,Qwen/Qwen3-Embedding-0.6B
200,201,Abzug,51,A,und trifft das Opfer.,2,0.5,0,3.2,4.4,5.9,den,Abzug,"Sofort betätigt der Killer, der das Ziel anvisiert hat, den",0.20696053,SE,Qwen/Qwen3-Embedding-0.6B
201,202,Abzug,51,B,und trifft das Opfer.,2,0.33,0,1.4,3.0,5.9,den,Abzug,"Sofort betätigt der Killer, der den Tee abgestellt hat, den",0.21722068,SE,Qwen/Qwen3-Embedding-0.6B
202,203,Abzug,51,C,und trifft das Opfer.,2,0.0,0,3.2,4.4,1.6,den,Abzug,"Sofort knickt der Killer, der das Ziel anvisiert hat, den",0.20071535,SE,Qwen/Qwen3-Embedding-0.6B
203,204,Abzug,51,D,und trifft das Opfer.,2,0.0,0,1.4,3.0,1.6,den,Abzug,"Sofort knickt der Killer, der den Tee abgestellt hat, den",0.22652867,SE,Qwen/Qwen3-Embedding-0.6B
204,205,Paket,52,A,mit der Arbeitskleidung.,0,0.42,1,6.7,4.4,6.5,das,Paket,"Heute überbringt der Bote, als er den Empfänger angetroffen hat, das",0.20284387,SE,Qwen/Qwen3-Embedding-0.6B
205,206,Paket,52,B,mit der Arbeitskleidung.,0,0.33,1,3.6,1.2,6.5,das,Paket,"Heute überbringt der Bote, als er das Foyer durchquert hat, das",0.1979245,SE,Qwen/Qwen3-Embedding-0.6B
206,207,Paket,52,C,mit der Arbeitskleidung.,0,0.0,1,6.7,4.4,1.3,das,Paket,"Heute erntet der Bote, als er den Empfänger angetroffen hat, das",0.18484896,SE,Qwen/Qwen3-Embedding-0.6B
207,208,Paket,52,D,mit der Arbeitskleidung.,0,0.0,1,3.6,1.2,1.3,das,Paket,"Heute erntet der Bote, als er das Foyer durchquert hat, das",0.18894187,SE,Qwen/Qwen3-Embedding-0.6B
208,209,Tor,53,A,und jubelte über seinen Erfolg.,3,0.92,0,6.8,3.4,6.9,das,Tor,"Schnell schoss der Fußballspieler, der das Fußballfeld überquert hatte, das",0.1798423,SE,Qwen/Qwen3-Embedding-0.6B
209,210,Tor,53,B,und jubelte über seinen Erfolg.,3,0.67,0,1.6,2.7,6.9,das,Tor,"Schnell schoss der Fußballspieler, der die Jacke ausgezogen hatte, das",0.1925926,SE,Qwen/Qwen3-Embedding-0.6B
210,211,Tor,53,C,und jubelte über seinen Erfolg.,3,0.0,0,6.8,3.4,1.5,das,Tor,"Schnell spürte der Fußballspieler, der das Fußballfeld überquert hatte, das",0.15861052,SE,Qwen/Qwen3-Embedding-0.6B
211,212,Tor,53,D,und jubelte über seinen Erfolg.,3,0.0,0,1.6,2.7,1.5,das,Tor,"Schnell spürte der Fußballspieler, der die Jacke ausgezogen hatte, das",0.16918296,SE,Qwen/Qwen3-Embedding-0.6B
212,213,Flugzeug,54,A,durch die Wolken.,0,1.0,1,7.0,1.8,5.8,das,Flugzeug,"Konzentriert steuerte der Pilot, der die Stewardess gerufen hatte, das",0.2827108,SE,Qwen/Qwen3-Embedding-0.6B
213,214,Flugzeug,54,B,durch die Wolken.,0,0.92,1,1.6,3.4,5.8,das,Flugzeug,"Konzentriert steuerte der Pilot, der den Krimi gelesen hatte, das",0.23068793,SE,Qwen/Qwen3-Embedding-0.6B
214,215,Flugzeug,54,C,durch die Wolken.,0,0.0,1,7.0,1.8,3.1,das,Flugzeug,"Konzentriert faltete der Pilot, der die Stewardess gerufen hatte, das",0.28170606,SE,Qwen/Qwen3-Embedding-0.6B
215,216,Flugzeug,54,D,durch die Wolken.,0,0.08,1,1.6,3.4,3.1,das,Flugzeug,"Konzentriert faltete der Pilot, der den Krimi gelesen hatte, das",0.24405652,SE,Qwen/Qwen3-Embedding-0.6B
216,217,Skizze,55,A,für den Bauherrn.,0,0.42,0,6.4,6.5,6.7,die,Skizze,"Rasch entwarf der Architekt, bevor er den Bauplan erstellte, die",0.35407472,SE,Qwen/Qwen3-Embedding-0.6B
217,218,Skizze,55,B,für den Bauherrn.,0,0.25,0,4.3,4.7,6.7,die,Skizze,"Rasch entwarf der Architekt, bevor er den Vortrag schrieb, die",0.31002146,SE,Qwen/Qwen3-Embedding-0.6B
218,219,Skizze,55,C,für den Bauherrn.,0,0.0,0,6.4,6.5,1.2,die,Skizze,"Rasch schüttelte der Architekt, bevor er den Bauplan erstellte, die",0.36592257,SE,Qwen/Qwen3-Embedding-0.6B
219,220,Skizze,55,D,für den Bauherrn.,0,0.0,0,4.3,4.7,1.2,die,Skizze,"Rasch schüttelte der Architekt, bevor er den Vortrag schrieb, die",0.34018514,SE,Qwen/Qwen3-Embedding-0.6B
220,221,Kamin,56,A,und verlässt das Grundstück.,1,0.42,0,6.8,3.0,6.4,den,Kamin,"Geschwind kehrt der Schornsteinfeger, der den Rauch einatmet, den",0.30043966,SE,Qwen/Qwen3-Embedding-0.6B
221,222,Kamin,56,B,und verlässt das Grundstück.,1,0.17,0,3.0,1.3,6.4,den,Kamin,"Geschwind kehrt der Schornsteinfeger, der die Katze verscheucht, den",0.2998118,SE,Qwen/Qwen3-Embedding-0.6B
222,223,Kamin,56,C,und verlässt das Grundstück.,1,0.0,0,6.8,3.0,1.1,den,Kamin,"Geschwind wirft der Schornsteinfeger, der den Rauch einatmet, den",0.28805625,SE,Qwen/Qwen3-Embedding-0.6B
223,224,Kamin,56,D,und verlässt das Grundstück.,1,0.08,0,3.0,1.3,1.1,den,Kamin,"Geschwind wirft der Schornsteinfeger, der die Katze verscheucht, den",0.29556254,SE,Qwen/Qwen3-Embedding-0.6B
224,225,Wahl,57,A,zum Minister.,0,1.0,0,6.5,5.3,6.7,die,Wahl,"Vorgestern gewann der Politiker, der die Stimmen zählte, die",0.3666949,SE,Qwen/Qwen3-Embedding-0.6B
225,226,Wahl,57,B,zum Minister.,0,0.58,0,2.8,1.6,6.7,die,Wahl,"Vorgestern gewann der Politiker, der die Hände schüttelte, die",0.3807781,SE,Qwen/Qwen3-Embedding-0.6B
226,227,Wahl,57,C,zum Minister.,0,0.08,0,6.5,5.3,1.6,die,Wahl,"Vorgestern reparierte der Politiker, der die Stimmen zählte, die",0.35051075,SE,Qwen/Qwen3-Embedding-0.6B
227,228,Wahl,57,D,zum Minister.,0,0.0,0,2.8,1.6,1.6,die,Wahl,"Vorgestern reparierte der Politiker, der die Hände schüttelte, die",0.32608113,SE,Qwen/Qwen3-Embedding-0.6B
228,229,Foto,58,A,von der Unfallstelle.,0,0.67,0,6.7,2.1,6.7,das,Foto,"Sofort schoss der Reporter, der die Kamera bediente, das",0.30142102,SE,Qwen/Qwen3-Embedding-0.6B
229,230,Foto,58,B,von der Unfallstelle.,0,0.5,0,1.6,1.6,6.7,das,Foto,"Sofort schoss der Reporter, der die Zigarette rauchte, das",0.18003187,SE,Qwen/Qwen3-Embedding-0.6B
230,231,Foto,58,C,von der Unfallstelle.,0,0.0,0,6.7,2.1,1.7,das,Foto,"Sofort verspeiste der Reporter, der die Kamera bediente, das",0.30066723,SE,Qwen/Qwen3-Embedding-0.6B
231,232,Foto,58,D,von der Unfallstelle.,0,0.0,0,1.6,1.6,1.7,das,Foto,"Sofort verspeiste der Reporter, der die Zigarette rauchte, das",0.18423204,SE,Qwen/Qwen3-Embedding-0.6B
232,233,Programm,59,A,für seinen Boss.,0,0.5,0,6.9,5.8,6.7,das,Programm,"Unverzüglich entwickelte der Informatiker, der den Computer hochfuhr, das",0.2870938,SE,Qwen/Qwen3-Embedding-0.6B
233,234,Programm,59,B,für seinen Boss.,0,0.75,0,1.8,2.0,6.7,das,Programm,"Unverzüglich entwickelte der Informatiker, der den Energydrink trank, das",0.2660324,SE,Qwen/Qwen3-Embedding-0.6B
234,235,Programm,59,C,für seinen Boss.,0,0.0,0,6.9,5.8,4.5,das,Programm,"Unverzüglich trocknete der Informatiker, der den Computer hochfuhr, das",0.28643763,SE,Qwen/Qwen3-Embedding-0.6B
235,236,Programm,59,D,für seinen Boss.,0,0.0,0,1.8,2.0,4.5,das,Programm,"Unverzüglich trocknete der Informatiker, der den Energydrink trank, das",0.24252443,SE,Qwen/Qwen3-Embedding-0.6B
236,237,Urteil,60,A,und schloss die Verhandlung.,0,1.0,1,7.0,4.5,6.7,das,Urteil,"Nun verkündete der Richter, nachdem er den Angeklagten hereingerufen hatte, das",0.3630701,SE,Qwen/Qwen3-Embedding-0.6B
237,238,Urteil,60,B,und schloss die Verhandlung.,0,1.0,1,1.9,2.8,6.7,das,Urteil,"Nun verkündete der Richter, nachdem er die Lesebrille aufgesetzt hatte, das",0.38733378,SE,Qwen/Qwen3-Embedding-0.6B
238,239,Urteil,60,C,und schloss die Verhandlung.,0,0.0,1,7.0,4.5,1.7,das,Urteil,"Nun roch der Richter, nachdem er den Angeklagten hereingerufen hatte, das",0.33922672,SE,Qwen/Qwen3-Embedding-0.6B
239,240,Urteil,60,D,und schloss die Verhandlung.,0,0.0,1,1.9,2.8,1.7,das,Urteil,"Nun roch der Richter, nachdem er die Lesebrille aufgesetzt hatte, das",0.35299325,SE,Qwen/Qwen3-Embedding-0.6B
240,241,Prüfung,61,A,in Mathematik.,0,0.58,0,6.6,5.0,5.8,die,Prüfung,"Zunächst bestand der Student, der das Studium wiederaufnahm, die",0.23425035,SE,Qwen/Qwen3-Embedding-0.6B
241,242,Prüfung,61,B,in Mathematik.,0,0.25,0,2.0,1.3,5.8,die,Prüfung,"Zunächst bestand der Student, der das Jackett auszog, die",0.24190208,SE,Qwen/Qwen3-Embedding-0.6B
242,243,Prüfung,61,C,in Mathematik.,0,0.0,0,6.6,5.0,3.4,die,Prüfung,"Zunächst kochte der Student, der das Studium wiederaufnahm, die",0.25170538,SE,Qwen/Qwen3-Embedding-0.6B
243,244,Prüfung,61,D,in Mathematik.,0,0.0,0,2.0,1.3,3.4,die,Prüfung,"Zunächst kochte der Student, der das Jackett auszog, die",0.24498086,SE,Qwen/Qwen3-Embedding-0.6B
244,245,Lied,62,A,über die Vergangenheit.,1,0.58,1,6.3,1.3,7.0,das,Lied,"Konzentriert sang der Sänger, der das Mikrofon umklammerte, das",0.2349938,SE,Qwen/Qwen3-Embedding-0.6B
245,246,Lied,62,B,über die Vergangenheit.,1,0.58,1,1.9,1.5,7.0,das,Lied,"Konzentriert sang der Sänger, der den Hut abnahm, das",0.27407905,SE,Qwen/Qwen3-Embedding-0.6B
246,247,Lied,62,C,über die Vergangenheit.,1,0.0,1,6.3,1.3,1.1,das,Lied,"Konzentriert reparierte der Sänger, der das Mikrofon umklammerte, das",0.24832624,SE,Qwen/Qwen3-Embedding-0.6B
247,248,Lied,62,D,über die Vergangenheit.,1,0.0,1,1.9,1.5,1.1,das,Lied,"Konzentriert reparierte der Sänger, der den Hut abnahm, das",0.2679964,SE,Qwen/Qwen3-Embedding-0.6B
248,249,Farbe,63,A,für den nächsten Auftrag.,0,0.92,1,6.9,3.5,6.3,die,Farbe,"Zufrieden mischte der Anstreicher, der die Pinsel gewaschen hatte, die",0.22422948,SE,Qwen/Qwen3-Embedding-0.6B
249,250,Farbe,63,B,für den nächsten Auftrag.,0,1.0,1,3.5,1.8,6.3,die,Farbe,"Zufrieden mischte der Anstreicher, der die Plätzchen gegessen hatte, die",0.2018868,SE,Qwen/Qwen3-Embedding-0.6B
250,251,Farbe,63,C,für den nächsten Auftrag.,0,0.0,1,6.9,3.5,1.4,die,Farbe,"Zufrieden würzte der Anstreicher, der die Pinsel gewaschen hatte, die",0.20183499,SE,Qwen/Qwen3-Embedding-0.6B
251,252,Farbe,63,D,für den nächsten Auftrag.,0,0.0,1,3.5,1.8,1.4,die,Farbe,"Zufrieden würzte der Anstreicher, der die Plätzchen gegessen hatte, die",0.18011864,SE,Qwen/Qwen3-Embedding-0.6B
252,253,Blumen,64,A,im Blumenkasten.,0,0.58,1,6.2,5.8,7.0,die,Blumen,"Einen Moment lang gießt der Gärtner, der den Dünger verteilt hat, die",0.2532405,SE,Qwen/Qwen3-Embedding-0.6B
253,254,Blumen,64,B,im Blumenkasten.,0,0.5,1,2.0,1.4,7.0,die,Blumen,"Einen Moment lang gießt der Gärtner, der die Opernmusik angestellt hat, die",0.28068858,SE,Qwen/Qwen3-Embedding-0.6B
254,255,Blumen,64,C,im Blumenkasten.,0,0.0,1,6.2,5.8,1.7,die,Blumen,"Einen Moment lang ölt der Gärtner, der den Dünger verteilt hat, die",0.28147253,SE,Qwen/Qwen3-Embedding-0.6B
255,256,Blumen,64,D,im Blumenkasten.,0,0.0,1,2.0,1.4,1.7,die,Blumen,"Einen Moment lang ölt der Gärtner, der die Opernmusik angestellt hat, die",0.27756462,SE,Qwen/Qwen3-Embedding-0.6B
256,257,Hecke,65,A,um das Grundstück.,2,0.5,1,6.6,1.9,6.5,die,Hecke,"Gestern Nachmittag stutzte der Landschaftsgärtner, der die Gartenschere geschärft hatte, die",0.21987742,SE,Qwen/Qwen3-Embedding-0.6B
257,258,Hecke,65,B,um das Grundstück.,2,0.58,1,1.4,1.8,6.5,die,Hecke,"Gestern Nachmittag stutzte der Landschaftsgärtner, der die Sonnenbrille aufgesetzt hatte, die",0.20546499,SE,Qwen/Qwen3-Embedding-0.6B
258,259,Hecke,65,C,um das Grundstück.,2,0.0,1,6.6,1.9,1.3,die,Hecke,"Gestern Nachmittag bezahlte der Landschaftsgärtner, der die Gartenschere geschärft hatte, die",0.26169702,SE,Qwen/Qwen3-Embedding-0.6B
259,260,Hecke,65,D,um das Grundstück.,2,0.0,1,1.4,1.8,1.3,die,Hecke,"Gestern Nachmittag bezahlte der Landschaftsgärtner, der die Sonnenbrille aufgesetzt hatte, die",0.2404918,SE,Qwen/Qwen3-Embedding-0.6B
260,261,Feld,66,A,mit einem Gaul.,2,0.92,0,6.8,2.1,6.2,das,Feld,"Früher beackerte der Landwirt, der den Traktor gestartet hatte, das",0.27462512,SE,Qwen/Qwen3-Embedding-0.6B
261,262,Feld,66,B,mit einem Gaul.,2,0.67,0,3.9,1.1,6.2,das,Feld,"Früher beackerte der Landwirt, der den Sonnenhut aufgesetzt hatte, das",0.25108492,SE,Qwen/Qwen3-Embedding-0.6B
262,263,Feld,66,C,mit einem Gaul.,2,0.0,0,6.8,2.1,2.5,das,Feld,"Früher kopierte der Landwirt, der den Traktor gestartet hatte, das",0.2736403,SE,Qwen/Qwen3-Embedding-0.6B
263,264,Feld,66,D,mit einem Gaul.,2,0.0,0,3.9,1.1,2.5,das,Feld,"Früher kopierte der Landwirt, der den Sonnenhut aufgesetzt hatte, das",0.2472859,SE,Qwen/Qwen3-Embedding-0.6B
264,265,Schuh,67,A,und polierte ihn.,1,0.5,0,6.4,4.1,4.9,den,Schuh,"Heute Morgen flickte der Schuster, der den Absatz ausgetauscht hatte, den",0.2655327,SE,Qwen/Qwen3-Embedding-0.6B
265,266,Schuh,67,B,und polierte ihn.,1,0.75,0,1.2,1.0,4.9,den,Schuh,"Heute Morgen flickte der Schuster, der die Sirene gehört hatte, den",0.2422381,SE,Qwen/Qwen3-Embedding-0.6B
266,267,Schuh,67,C,und polierte ihn.,1,0.0,0,6.4,4.1,1.0,den,Schuh,"Heute Morgen schmeckte der Schuster, der den Absatz ausgetauscht hatte, den",0.2581672,SE,Qwen/Qwen3-Embedding-0.6B
267,268,Schuh,67,D,und polierte ihn.,1,0.0,0,1.2,1.0,1.0,den,Schuh,"Heute Morgen schmeckte der Schuster, der die Sirene gehört hatte, den",0.25646117,SE,Qwen/Qwen3-Embedding-0.6B
268,269,Koffer,68,A,für die Kreuzfahrt.,1,0.83,0,6.6,3.5,6.9,den,Koffer,"Schnell packte der Urlauber, als er die Klamotten gefaltet hatte, den",0.3134207,SE,Qwen/Qwen3-Embedding-0.6B
269,270,Koffer,68,B,für die Kreuzfahrt.,1,0.5,0,1.2,1.9,6.9,den,Koffer,"Schnell packte der Urlauber, als er die Gardinen aufgezogen hatte, den",0.31444916,SE,Qwen/Qwen3-Embedding-0.6B
270,271,Koffer,68,C,für die Kreuzfahrt.,1,0.0,0,6.6,3.5,1.2,den,Koffer,"Schnell rührte der Urlauber, als er die Klamotten gefaltet hatte, den",0.26562464,SE,Qwen/Qwen3-Embedding-0.6B
271,272,Koffer,68,D,für die Kreuzfahrt.,1,0.0,0,1.2,1.9,1.2,den,Koffer,"Schnell rührte der Urlauber, als er die Gardinen aufgezogen hatte, den",0.21988991,SE,Qwen/Qwen3-Embedding-0.6B
272,273,Honig,69,A,aus den Waben.,0,1.0,1,6.9,1.0,5.5,den,Honig,"Sorgfältig erntet der Imker, nachdem er den Bienenstock erreicht hat, den",0.28933385,SE,Qwen/Qwen3-Embedding-0.6B
273,274,Honig,69,B,aus den Waben.,0,0.92,1,2.8,1.1,5.5,den,Honig,"Sorgfältig erntet der Imker, nachdem er das Haus verlassen hat, den",0.2640569,SE,Qwen/Qwen3-Embedding-0.6B
274,275,Honig,69,C,aus den Waben.,0,0.0,1,6.9,1.0,1.2,den,Honig,"Sorgfältig näht der Imker, nachdem er den Bienenstock erreicht hat, den",0.3025326,SE,Qwen/Qwen3-Embedding-0.6B
275,276,Honig,69,D,aus den Waben.,0,0.0,1,2.8,1.1,1.2,den,Honig,"Sorgfältig näht der Imker, nachdem er das Haus verlassen hat, den",0.2703522,SE,Qwen/Qwen3-Embedding-0.6B
276,277,Gewehr,70,A,und zielt erneut.,0,0.42,1,6.4,6.1,6.0,das,Gewehr,"Vorsichtig lädt der Jäger, der die Munition verschossen hat, das",0.4507744,SE,Qwen/Qwen3-Embedding-0.6B
277,278,Gewehr,70,B,und zielt erneut.,0,0.5,1,1.4,1.3,6.0,das,Gewehr,"Vorsichtig lädt der Jäger, der den Campingplatz verlassen hat, das",0.26052022,SE,Qwen/Qwen3-Embedding-0.6B
278,279,Gewehr,70,C,und zielt erneut.,0,0.0,1,6.4,6.1,1.3,das,Gewehr,"Vorsichtig schneidet der Jäger, der die Munition verschossen hat, das",0.46288875,SE,Qwen/Qwen3-Embedding-0.6B
279,280,Gewehr,70,D,und zielt erneut.,0,0.0,1,1.4,1.3,1.3,das,Gewehr,"Vorsichtig schneidet der Jäger, der den Campingplatz verlassen hat, das",0.2854479,SE,Qwen/Qwen3-Embedding-0.6B
280,281,Mörtel,71,A,für die Mauer.,0,0.42,0,6.1,4.0,6.0,den,Mörtel,"Vorsichtig mischte der Maurer, der die Backsteine aufeinanderlegte, den",0.26275146,SE,Qwen/Qwen3-Embedding-0.6B
281,282,Mörtel,71,B,für die Mauer.,0,0.25,0,1.4,1.0,6.0,den,Mörtel,"Vorsichtig mischte der Maurer, der die Nachbarn belauschte, den",0.2393124,SE,Qwen/Qwen3-Embedding-0.6B
282,283,Mörtel,71,C,für die Mauer.,0,0.0,0,6.1,4.0,1.3,den,Mörtel,"Vorsichtig schrieb der Maurer, der die Backsteine aufeinanderlegte, den",0.2518743,SE,Qwen/Qwen3-Embedding-0.6B
283,284,Mörtel,71,D,für die Mauer.,0,0.0,0,1.4,1.0,1.3,den,Mörtel,"Vorsichtig schrieb der Maurer, der die Nachbarn belauschte, den",0.20206763,SE,Qwen/Qwen3-Embedding-0.6B
284,285,Mehl,72,A,aus dem Korn.,2,0.67,0,6.9,1.4,5.9,das,Mehl,"Vorgestern mahlte der Müller, der die Mühle betrieb, das",0.30780998,SE,Qwen/Qwen3-Embedding-0.6B
285,286,Mehl,72,B,aus dem Korn.,2,0.5,0,1.0,1.1,5.9,das,Mehl,"Vorgestern mahlte der Müller, der das Lied pfiff, das",0.29546323,SE,Qwen/Qwen3-Embedding-0.6B
286,287,Mehl,72,C,aus dem Korn.,2,0.0,0,6.9,1.4,2.4,das,Mehl,"Vorgestern verzierte der Müller, der die Mühle betrieb, das",0.33598745,SE,Qwen/Qwen3-Embedding-0.6B
287,288,Mehl,72,D,aus dem Korn.,2,0.17,0,1.0,1.1,2.4,das,Mehl,"Vorgestern verzierte der Müller, der das Lied pfiff, das",0.29332033,SE,Qwen/Qwen3-Embedding-0.6B
288,289,Kuh,73,A,und brachte ihr frisches Heu.,0,1.0,0,7.0,4.5,6.8,die,Kuh,"Vorsichtig melkte der Viehzüchter, nachdem er den Stall ausgemistet hatte, die",0.18985067,SE,Qwen/Qwen3-Embedding-0.6B
289,290,Kuh,73,B,und brachte ihr frisches Heu.,0,0.75,0,3.1,1.0,6.8,die,Kuh,"Vorsichtig melkte der Viehzüchter, nachdem er das Gemüse sortiert hatte, die",0.23731197,SE,Qwen/Qwen3-Embedding-0.6B
290,291,Kuh,73,C,und brachte ihr frisches Heu.,0,0.0,0,7.0,4.5,1.4,die,Kuh,"Vorsichtig kleidete der Viehzüchter, nachdem er den Stall ausgemistet hatte, die",0.18125829,SE,Qwen/Qwen3-Embedding-0.6B
291,292,Kuh,73,D,und brachte ihr frisches Heu.,0,0.08,0,3.1,1.0,1.4,die,Kuh,"Vorsichtig kleidete der Viehzüchter, nachdem er das Gemüse sortiert hatte, die",0.21520841,SE,Qwen/Qwen3-Embedding-0.6B
292,293,Bett,74,A,und das Kissen.,0,0.92,0,6.9,4.7,6.9,das,Bett,"Zuerst bezog der Hotelangestellte, nachdem er den Bezug entfaltet hatte, das",0.2498283,SE,Qwen/Qwen3-Embedding-0.6B
293,294,Bett,74,B,und das Kissen.,0,0.67,0,1.1,1.8,6.9,das,Bett,"Zuerst bezog der Hotelangestellte, nachdem er den Hamburger verspeist hatte, das",0.21785617,SE,Qwen/Qwen3-Embedding-0.6B
294,295,Bett,74,C,und das Kissen.,0,0.08,0,6.9,4.7,1.2,das,Bett,"Zuerst fälschte der Hotelangestellte, nachdem er den Bezug entfaltet hatte, das",0.27280968,SE,Qwen/Qwen3-Embedding-0.6B
295,296,Bett,74,D,und das Kissen.,0,0.0,0,1.1,1.8,1.2,das,Bett,"Zuerst fälschte der Hotelangestellte, nachdem er den Hamburger verspeist hatte, das",0.23565319,SE,Qwen/Qwen3-Embedding-0.6B
296,297,Ziel,75,A,und durchtrennt die Ziellinie.,1,0.92,0,6.0,5.8,6.6,das,Ziel,"Augenblicklich erreicht der Sprinter, der das Rennen gewinnt, das",0.2243104,SE,Qwen/Qwen3-Embedding-0.6B
297,298,Ziel,75,B,und durchtrennt die Ziellinie.,1,0.75,0,1.9,2.7,6.6,das,Ziel,"Augenblicklich erreicht der Sprinter, der den Wind genießt, das",0.2254049,SE,Qwen/Qwen3-Embedding-0.6B
298,299,Ziel,75,C,und durchtrennt die Ziellinie.,1,0.0,0,6.0,5.8,1.9,das,Ziel,"Augenblicklich reinigt der Sprinter, der das Rennen gewinnt, das",0.24851313,SE,Qwen/Qwen3-Embedding-0.6B
299,300,Ziel,75,D,und durchtrennt die Ziellinie.,1,0.0,0,1.9,2.7,1.9,das,Ziel,"Augenblicklich reinigt der Sprinter, der den Wind genießt, das",0.24121083,SE,Qwen/Qwen3-Embedding-0.6B
300,301,Welle,76,A,bis zum Strand.,0,0.58,0,5.1,1.3,7.0,die,Welle,"Direkt surft der Surfer, der die Badehose angezogen hat, die",0.33043596,SE,Qwen/Qwen3-Embedding-0.6B
301,302,Welle,76,B,bis zum Strand.,0,0.42,0,3.2,1.3,7.0,die,Welle,"Direkt surft der Surfer, der den Tagesausflug unternommen hat, die",0.29567292,SE,Qwen/Qwen3-Embedding-0.6B
302,303,Welle,76,C,bis zum Strand.,0,0.0,0,5.1,1.3,1.5,die,Welle,"Direkt reserviert der Surfer, der die Badehose angezogen hat, die",0.2941586,SE,Qwen/Qwen3-Embedding-0.6B
303,304,Welle,76,D,bis zum Strand.,0,0.0,0,3.2,1.3,1.5,die,Welle,"Direkt reserviert der Surfer, der den Tagesausflug unternommen hat, die",0.2596545,SE,Qwen/Qwen3-Embedding-0.6B
304,305,Fahrkarten,77,A,der Pendler.,0,0.5,1,6.7,3.3,6.6,die,Fahrkarten,"Gut gelaunt kontrollierte der Schaffner, der das Zugabteil betreten hatte, die",0.23654896,SE,Qwen/Qwen3-Embedding-0.6B
305,306,Fahrkarten,77,B,der Pendler.,0,0.42,1,2.8,2.4,6.6,die,Fahrkarten,"Gut gelaunt kontrollierte der Schaffner, der die Mittagspause beendet hatte, die",0.22181559,SE,Qwen/Qwen3-Embedding-0.6B
306,307,Fahrkarten,77,C,der Pendler.,0,0.0,1,6.7,3.3,1.3,die,Fahrkarten,"Gut gelaunt zitierte der Schaffner, der das Zugabteil betreten hatte, die",0.24021755,SE,Qwen/Qwen3-Embedding-0.6B
307,308,Fahrkarten,77,D,der Pendler.,0,0.0,1,2.8,2.4,1.3,die,Fahrkarten,"Gut gelaunt zitierte der Schaffner, der die Mittagspause beendet hatte, die",0.21741512,SE,Qwen/Qwen3-Embedding-0.6B
308,309,Leitung,78,A,im Gebäude.,0,0.5,1,6.8,4.5,6.2,die,Leitung,"Am Mittag verlegte der Elektriker, nachdem er den Strom abgeschaltet hatte, die",0.2837581,SE,Qwen/Qwen3-Embedding-0.6B
309,310,Leitung,78,B,im Gebäude.,0,0.41,1,2.2,3.4,6.2,die,Leitung,"Am Mittag verlegte der Elektriker, nachdem er den Anwohner informiert hatte, die",0.2434495,SE,Qwen/Qwen3-Embedding-0.6B
310,311,Leitung,78,C,im Gebäude.,0,0.0,1,6.8,4.5,1.5,die,Leitung,"Am Mittag verfasste der Elektriker, nachdem er den Strom abgeschaltet hatte, die",0.290166,SE,Qwen/Qwen3-Embedding-0.6B
311,312,Leitung,78,D,im Gebäude.,0,0.0,1,2.2,3.4,1.5,die,Leitung,"Am Mittag verfasste der Elektriker, nachdem er den Anwohner informiert hatte, die",0.24471006,SE,Qwen/Qwen3-Embedding-0.6B
312,313,Segel,79,A,des großen Bootes.,3,0.42,1,5.5,4.4,5.8,die,Segel,"Langsam hisst der Matrose, nachdem er die Taue gekappt hat, die",0.3968597,SE,Qwen/Qwen3-Embedding-0.6B
313,314,Segel,79,B,des großen Bootes.,3,0.42,1,2.2,2.7,5.8,die,Segel,"Langsam hisst der Matrose, nachdem er die Handschuhe angezogen hat, die",0.31468242,SE,Qwen/Qwen3-Embedding-0.6B
314,315,Segel,79,C,des großen Bootes.,3,0.0,1,5.5,4.4,1.9,die,Segel,"Langsam verzehrt der Matrose, nachdem er die Taue gekappt hat, die",0.34428194,SE,Qwen/Qwen3-Embedding-0.6B
315,316,Segel,79,D,des großen Bootes.,3,0.0,1,2.2,2.7,1.9,die,Segel,"Langsam verzehrt der Matrose, nachdem er die Handschuhe angezogen hat, die",0.2580845,SE,Qwen/Qwen3-Embedding-0.6B
316,317,Gläser,80,A,und spricht mit dem Kollegen.,0,0.67,1,5.2,1.4,5.8,die,Gläser,"Direkt entspiegelt der Optiker, nachdem er den Sehtest durchgeführt hat, die",0.20963725,SE,Qwen/Qwen3-Embedding-0.6B
317,318,Gläser,80,B,und spricht mit dem Kollegen.,0,0.67,1,1.5,5.0,5.8,die,Gläser,"Direkt entspiegelt der Optiker, nachdem er die Jahresabrechnung aufgestellt hat, die",0.29384944,SE,Qwen/Qwen3-Embedding-0.6B
318,319,Gläser,80,C,und spricht mit dem Kollegen.,0,0.0,1,5.2,1.4,4.3,die,Gläser,"Direkt verschließt der Optiker, nachdem er den Sehtest durchgeführt hat, die",0.2615063,SE,Qwen/Qwen3-Embedding-0.6B
319,320,Gläser,80,D,und spricht mit dem Kollegen.,0,0.0,1,1.5,5.0,4.3,die,Gläser,"Direkt verschließt der Optiker, nachdem er die Jahresabrechnung aufgestellt hat, die",0.32224947,SE,Qwen/Qwen3-Embedding-0.6B
320,321,Korb,81,A,und holt einen Punkt.,0,0.83,0,6.0,4.8,4.8,den,Korb,"Auf der Stelle wirft der Basketballer, der den Ball gedribbelt hat, den",0.21083945,SE,Qwen/Qwen3-Embedding-0.6B
321,322,Korb,81,B,und holt einen Punkt.,0,0.5,0,2.9,1.8,4.8,den,Korb,"Auf der Stelle wirft der Basketballer, der die Sitzbank verlassen hat, den",0.24374881,SE,Qwen/Qwen3-Embedding-0.6B
322,323,Korb,81,C,und holt einen Punkt.,0,0.0,0,6.0,4.8,1.8,den,Korb,"Auf der Stelle bucht der Basketballer, der den Ball gedribbelt hat, den",0.2083827,SE,Qwen/Qwen3-Embedding-0.6B
323,324,Korb,81,D,und holt einen Punkt.,0,0.0,0,2.9,1.8,1.8,den,Korb,"Auf der Stelle bucht der Basketballer, der die Sitzbank verlassen hat, den",0.23436461,SE,Qwen/Qwen3-Embedding-0.6B
324,325,Muschel,82,A,und holt die Perle.,0,0.92,0,6.2,1.5,4.2,die,Muschel,"Ohne zu zögern knackt der Perlentaucher, der den Meeresgrund erreicht hat, die",0.29789734,SE,Qwen/Qwen3-Embedding-0.6B
325,326,Muschel,82,B,und holt die Perle.,0,0.75,0,1.0,1.2,4.2,die,Muschel,"Ohne zu zögern knackt der Perlentaucher, der die Taschenlampe angemacht hat, die",0.27709126,SE,Qwen/Qwen3-Embedding-0.6B
326,327,Muschel,82,C,und holt die Perle.,0,0.0,0,6.2,1.5,1.4,die,Muschel,"Ohne zu zögern verknotet der Perlentaucher, die den Meeresgrund erreicht hat, die",0.30680037,SE,Qwen/Qwen3-Embedding-0.6B
327,328,Muschel,82,D,und holt die Perle.,0,0.0,0,1.0,1.2,1.4,die,Muschel,"Ohne zu zögern verknotet der Perlentaucher, der die Taschenlampe angemacht hat, die",0.29191464,SE,Qwen/Qwen3-Embedding-0.6B
328,329,Bogen,83,A,und feuert den Pfeil ab.,0,1.0,0,7.0,2.1,6.7,den,Bogen,"Umsichtig spannt der Schütze, der den Pfeil gespitzt hat, den",0.2817571,SE,Qwen/Qwen3-Embedding-0.6B
329,330,Bogen,83,B,und feuert den Pfeil ab.,0,0.67,0,1.5,1.2,6.7,den,Bogen,"Umsichtig spannt der Schütze, der das Laub zusammengekehrt hat, den",0.32311824,SE,Qwen/Qwen3-Embedding-0.6B
330,331,Bogen,83,C,und feuert den Pfeil ab.,0,0.08,0,7.0,2.1,1.2,den,Bogen,"Umsichtig tippt der Schütze, der den Pfeil gespitzt hat, den",0.31673494,SE,Qwen/Qwen3-Embedding-0.6B
331,332,Bogen,83,D,und feuert den Pfeil ab.,0,0.0,0,1.5,1.2,1.2,den,Bogen,"Umsichtig tippt der Schütze, der das Laub zusammengekehrt hat, den",0.35798255,SE,Qwen/Qwen3-Embedding-0.6B
332,333,Ziegel,84,A,und beendete den Arbeitstag.,0,0.58,1,7.0,4.8,4.2,die,Ziegel,"Schnell verlegte der Dachdecker, der das Dach abdeckte, die",0.21728414,SE,Qwen/Qwen3-Embedding-0.6B
333,334,Ziegel,84,B,und beendete den Arbeitstag.,0,0.5,1,1.2,1.6,4.2,die,Ziegel,"Schnell verlegte der Dachdecker, der den Ehering auszog, die",0.29222414,SE,Qwen/Qwen3-Embedding-0.6B
334,335,Ziegel,84,C,und beendete den Arbeitstag.,0,0.0,1,7.0,4.8,1.0,die,Ziegel,"Schnell naschte der Dachdecker, der das Dach abdeckte, die",0.20322432,SE,Qwen/Qwen3-Embedding-0.6B
335,336,Ziegel,84,D,und beendete den Arbeitstag.,0,0.0,1,1.2,1.6,1.0,die,Ziegel,"Schnell naschte der Dachdecker, der den Ehering auszog, die",0.25810537,SE,Qwen/Qwen3-Embedding-0.6B
336,337,Kartons,85,A,und die Kisten.,0,0.58,1,6.5,1.9,5.5,die,Kartons,"Zuerst stapelt der Umzugshelfer, der den Umzugswagen gefahren hat, die",0.23288871,SE,Qwen/Qwen3-Embedding-0.6B
337,338,Kartons,85,B,und die Kisten.,0,0.67,1,4.4,1.1,5.5,die,Kartons,"Zuerst stapelt der Umzugshelfer, der die Firma gegründet hat, die",0.16530403,SE,Qwen/Qwen3-Embedding-0.6B
338,339,Kartons,85,C,und die Kisten.,0,0.0,1,6.5,1.9,2.0,die,Kartons,"Zuerst serviert der Umzugshelfer, der den Umzugswagen gefahren hat, die",0.20990412,SE,Qwen/Qwen3-Embedding-0.6B
339,340,Kartons,85,D,und die Kisten.,0,0.0,1,4.4,1.1,2.0,die,Kartons,"Zuerst serviert der Umzugshelfer, der die Firma gegründet hat, die",0.1493938,SE,Qwen/Qwen3-Embedding-0.6B
340,341,Unterricht,86,A,und wurde erwischt.,2,0.5,0,7.0,5.9,6.7,den,Unterricht,"Heute früh schwänzte der Schüler, der die Klasse wiederholt hatte, den",0.29490384,SE,Qwen/Qwen3-Embedding-0.6B
341,342,Unterricht,86,B,und wurde erwischt.,2,0.33,0,3.8,1.8,6.7,den,Unterricht,"Heute früh schwänzte der Schüler, der das Handy verloren hatte, den",0.25952917,SE,Qwen/Qwen3-Embedding-0.6B
342,343,Unterricht,86,C,und wurde erwischt.,2,0.0,0,7.0,5.9,1.7,den,Unterricht,"Heute früh dekorierte der Schüler, der die Klasse wiederholt hatte, den",0.2744662,SE,Qwen/Qwen3-Embedding-0.6B
343,344,Unterricht,86,D,und wurde erwischt.,2,0.0,0,3.8,1.8,1.7,den,Unterricht,"Heute früh dekorierte der Schüler, der das Handy verloren hatte, den",0.27198318,SE,Qwen/Qwen3-Embedding-0.6B
344,345,Ausweis,87,A,und ließ die Frau in den Club.,0,0.33,1,6.4,3.3,6.6,den,Ausweis,"Am Abend kontrollierte der Türsteher, der den Geldbeutel durchsuchte, den",0.2546865,SE,Qwen/Qwen3-Embedding-0.6B
345,346,Ausweis,87,B,und ließ die Frau in den Club.,0,0.25,1,2.0,1.2,6.6,den,Ausweis,"Am Abend kontrollierte der Türsteher, der die Nachtluft genoss, den",0.16152517,SE,Qwen/Qwen3-Embedding-0.6B
346,347,Ausweis,87,C,und ließ die Frau in den Club.,0,0.0,1,6.4,3.3,1.5,den,Ausweis,"Am Abend probierte der Türsteher, der den Geldbeutel durchsuchte, den",0.25154883,SE,Qwen/Qwen3-Embedding-0.6B
347,348,Ausweis,87,D,und ließ die Frau in den Club.,0,0.0,1,2.0,1.2,1.5,den,Ausweis,"Am Abend probierte der Türsteher, der die Nachtluft genoss, den",0.14089939,SE,Qwen/Qwen3-Embedding-0.6B
348,349,Windel,88,A,und warf sie in den Abfall.,0,0.92,1,6.7,2.4,6.5,die,Windel,"Umsichtig wechselte der Babysitter, der das Baby geweckt hatte, die",0.15809403,SE,Qwen/Qwen3-Embedding-0.6B
349,350,Windel,88,B,und warf sie in den Abfall.,0,0.83,1,1.0,1.1,6.5,die,Windel,"Umsichtig wechselte der Babysitter, der den Obstsalat zubereitet hatte, die",0.17640856,SE,Qwen/Qwen3-Embedding-0.6B
350,351,Windel,88,C,und warf sie in den Abfall.,0,0.08,1,6.7,2.4,1.5,die,Windel,"Umsichtig bastelte der Babysitter, der das Baby geweckt hatte, die",0.17724633,SE,Qwen/Qwen3-Embedding-0.6B
351,352,Windel,88,D,und warf sie in den Abfall.,0,0.0,1,1.0,1.1,1.5,die,Windel,"Umsichtig bastelte der Babysitter, der den Obstsalat zubereitet hatte, die",0.19174942,SE,Qwen/Qwen3-Embedding-0.6B
352,353,Gewichte,89,A,in die Höhe.,0,0.5,1,6.7,1.6,6.7,die,Gewichte,"Langsam stemmte der Bodybuilder, der das Fitnessstudio betreten hatte, die",0.26792774,SE,Qwen/Qwen3-Embedding-0.6B
353,354,Gewichte,89,B,in die Höhe.,0,0.42,1,1.7,2.0,6.7,die,Gewichte,"Langsam stemmte der Bodybuilder, der das Licht angemacht hatte, die",0.34832147,SE,Qwen/Qwen3-Embedding-0.6B
354,355,Gewichte,89,C,in die Höhe.,0,0.0,1,6.7,1.6,2.0,die,Gewichte,"Langsam verdaute der Bodybuilder, der das Fitnessstudio betreten hatte, die",0.26874185,SE,Qwen/Qwen3-Embedding-0.6B
355,356,Gewichte,89,D,in die Höhe.,0,0.0,1,1.7,2.0,2.0,die,Gewichte,"Langsam verdaute der Bodybuilder, der das Licht angemacht hatte, die",0.3580649,SE,Qwen/Qwen3-Embedding-0.6B
356,357,Rohr,90,A,im Badezimmer.,0,0.17,1,6.4,1.5,5.5,das,Rohr,"Umsichtig repariert der Klempner, der das Wasser ausgestellt hat, das",0.27726382,SE,Qwen/Qwen3-Embedding-0.6B
357,358,Rohr,90,B,im Badezimmer.,0,0.25,1,1.3,4.6,5.5,das,Rohr,"Umsichtig repariert der Klempner, der den Kirchenchor geleitet hat, das",0.26039132,SE,Qwen/Qwen3-Embedding-0.6B
358,359,Rohr,90,C,im Badezimmer.,0,0.0,1,6.4,1.5,1.1,das,Rohr,"Umsichtig nascht der Klempner, der das Wasser ausgestellt hat, das",0.27673447,SE,Qwen/Qwen3-Embedding-0.6B
359,360,Rohr,90,D,im Badezimmer.,0,0.0,1,1.3,4.6,1.1,das,Rohr,"Umsichtig nascht der Klempner, der den Kirchenchor geleitet hat, das",0.26243088,SE,Qwen/Qwen3-Embedding-0.6B
360,361,Artikel,91,A,für die nächste Ausgabe.,0,0.5,0,6.4,1.5,6.1,den,Artikel,"Schnell schreibt der Journalist, der die Recherche durchgeführt hat, den",0.26844823,SE,Qwen/Qwen3-Embedding-0.6B
361,362,Artikel,91,B,für die nächste Ausgabe.,0,0.25,0,2.5,5.4,6.1,den,Artikel,"Schnell schreibt der Journalist, der das Portemonnaie gefunden hat, den",0.28431368,SE,Qwen/Qwen3-Embedding-0.6B
362,363,Artikel,91,C,für die nächste Ausgabe.,0,0.0,0,6.4,1.5,2.3,den,Artikel,"Schnell lenkt der Journalist, der die Recherche durchgeführt hat, den",0.2630924,SE,Qwen/Qwen3-Embedding-0.6B
363,364,Artikel,91,D,für die nächste Ausgabe.,0,0.0,0,2.5,5.4,2.3,den,Artikel,"Schnell lenkt der Journalist, der das Portemonnaie gefunden hat, den",0.27374467,SE,Qwen/Qwen3-Embedding-0.6B
364,365,Reifen,92,A,an seinem Rad.,0,0.67,1,6.8,4.1,6.7,den,Reifen,"Heute Morgen flickte der Radler, der die Luftpumpe benutzt hatte, den",0.35110277,SE,Qwen/Qwen3-Embedding-0.6B
365,366,Reifen,92,B,an seinem Rad.,0,0.67,1,1.2,1.8,6.7,den,Reifen,"Heute Morgen flickte der Radler, der den Schrank abgeschlossen hatte, den",0.33147413,SE,Qwen/Qwen3-Embedding-0.6B
366,367,Reifen,92,C,an seinem Rad.,0,0.0,1,6.8,4.1,1.1,den,Reifen,"Heute Morgen trank der Radler, der die Luftpumpe benutzt hatte, den",0.34011245,SE,Qwen/Qwen3-Embedding-0.6B
367,368,Reifen,92,D,an seinem Rad.,0,0.0,1,1.2,1.8,1.1,den,Reifen,"Heute Morgen trank der Radler, der den Schrank abgeschlossen hatte, den",0.31828672,SE,Qwen/Qwen3-Embedding-0.6B
368,369,Briefkasten,93,A,und fährt weiter.,2,0.58,1,6.2,1.3,6.3,den,Briefkasten,"Umgehend entleert der Postbote, der das Postauto geparkt hat, den",0.2665997,SE,Qwen/Qwen3-Embedding-0.6B
369,370,Briefkasten,93,B,und fährt weiter.,2,0.58,1,2.5,2.0,6.3,den,Briefkasten,"Umgehend entleert der Postbote, der den Kugelschreiber verloren hat, den",0.3185056,SE,Qwen/Qwen3-Embedding-0.6B
370,371,Briefkasten,93,C,und fährt weiter.,2,0.0,1,6.2,1.3,1.1,den,Briefkasten,"Umgehend verdrückt der Postbote, der das Postauto geparkt hat, den",0.2541154,SE,Qwen/Qwen3-Embedding-0.6B
371,372,Briefkasten,93,D,und fährt weiter.,2,0.0,1,2.5,2.0,1.1,den,Briefkasten,"Umgehend verdrückt der Postbote, der den Kugelschreiber verloren hat, den",0.30390307,SE,Qwen/Qwen3-Embedding-0.6B
372,373,Drogen,94,A,für die nächste Woche.,0,0.5,1,6.8,2.2,4.7,die,Drogen,"Hektisch kauft der Junkie, der den Dealer angerufen hat, die",0.2639094,SE,Qwen/Qwen3-Embedding-0.6B
373,374,Drogen,94,B,für die nächste Woche.,0,0.5,1,2.1,2.2,4.7,die,Drogen,"Hektisch kauft der Junkie, der die Kapuze aufgezogen hat, die",0.28329322,SE,Qwen/Qwen3-Embedding-0.6B
374,375,Drogen,94,C,für die nächste Woche.,0,0.0,1,6.8,2.2,1.1,die,Drogen,"Hektisch näht der Junkie, der den Dealer angerufen hat, die",0.24971268,SE,Qwen/Qwen3-Embedding-0.6B
375,376,Drogen,94,D,für die nächste Woche.,0,0.08,1,2.1,2.2,1.1,die,Drogen,"Hektisch näht der Junkie, der die Kapuze aufgezogen hat, die",0.25530657,SE,Qwen/Qwen3-Embedding-0.6B
376,377,Tonne,95,A,und sprang auf den Müllwagen.,0,0.75,1,6.4,1.8,5.8,die,Tonne,"Zügig leerte der Müllmann, der den Müllwagen geparkt hatte, die",0.18549012,SE,Qwen/Qwen3-Embedding-0.6B
377,378,Tonne,95,B,und sprang auf den Müllwagen.,0,0.75,1,4.2,1.1,5.8,die,Tonne,"Zügig leerte der Müllmann, der den Hausbesitzer gegrüßt hatte, die",0.17949449,SE,Qwen/Qwen3-Embedding-0.6B
378,379,Tonne,95,C,und sprang auf den Müllwagen.,0,0.0,1,6.4,1.8,1.8,die,Tonne,"Zügig bastelte der Müllmann, der den Müllwagen geparkt hatte, die",0.17600428,SE,Qwen/Qwen3-Embedding-0.6B
379,380,Tonne,95,D,und sprang auf den Müllwagen.,0,0.0,1,4.2,1.1,1.8,die,Tonne,"Zügig bastelte der Müllmann, der den Hausbesitzer gegrüßt hatte, die",0.15880953,SE,Qwen/Qwen3-Embedding-0.6B
380,381,Peitsche,96,A,und gab die Sporen.,2,0.58,1,6.0,5.6,5.8,die,Peitsche,"Hektisch knallte der Reiter, der das Pferd ritt, die",0.3633872,SE,Qwen/Qwen3-Embedding-0.6B
381,382,Peitsche,96,B,und gab die Sporen.,2,0.5,1,1.2,1.2,5.8,die,Peitsche,"Hektisch knallte der Reiter, der die Landschaft durchquerte, die",0.3404196,SE,Qwen/Qwen3-Embedding-0.6B
382,383,Peitsche,96,C,und gab die Sporen.,2,0.0,1,6.0,5.6,1.1,die,Peitsche,"Hektisch verfasste der Reiter, der das Pferd ritt, die",0.38364732,SE,Qwen/Qwen3-Embedding-0.6B
383,384,Peitsche,96,D,und gab die Sporen.,2,0.0,1,1.2,1.2,1.1,die,Peitsche,"Hektisch verfasste der Reiter, der die Landschaft durchquerte, die",0.35690853,SE,Qwen/Qwen3-Embedding-0.6B
384,385,Waffe,97,A,und verlangte das Geld.,0,0.58,1,3.9,6.5,6.1,die,Waffe,"Nach kurzem Überlegen zückte der Gangster, der die Bank überfiel, die",0.24754372,SE,Qwen/Qwen3-Embedding-0.6B
385,386,Waffe,97,B,und verlangte das Geld.,0,0.58,1,1.3,1.1,6.1,die,Waffe,"Nach kurzem Überlegen zückte der Gangster, der den Bus betrat, die",0.2217098,SE,Qwen/Qwen3-Embedding-0.6B
386,387,Waffe,97,C,und verlangte das Geld.,0,0.0,1,3.9,6.5,1.4,die,Waffe,"Nach kurzem Überlegen gründete der Gangster, der die Bank überfiel, die",0.22110187,SE,Qwen/Qwen3-Embedding-0.6B
387,388,Waffe,97,D,und verlangte das Geld.,0,0.0,1,1.3,1.1,1.4,die,Waffe,"Nach kurzem Überlegen gründete der Gangster, der den Bus betrat, die",0.19909926,SE,Qwen/Qwen3-Embedding-0.6B
388,389,Schiff,98,A,und übernahm das Kommando.,0,0.92,1,6.2,5.1,6.8,das,Schiff,"Zufrieden kaperte der Pirat, der die Flagge hisste, das",0.3828961,SE,Qwen/Qwen3-Embedding-0.6B
389,390,Schiff,98,B,und übernahm das Kommando.,0,0.92,1,2.3,1.4,6.8,das,Schiff,"Zufrieden kaperte der Pirat, der die Fehde austrug, das",0.36475912,SE,Qwen/Qwen3-Embedding-0.6B
390,391,Schiff,98,C,und übernahm das Kommando.,0,0.0,1,6.2,5.1,1.1,das,Schiff,"Zufrieden verrührte der Pirat, der die Flagge hisste, das",0.35934716,SE,Qwen/Qwen3-Embedding-0.6B
391,392,Schiff,98,D,und übernahm das Kommando.,0,0.0,1,2.3,1.4,1.1,das,Schiff,"Zufrieden verrührte der Pirat, der die Fehde austrug, das",0.32762125,SE,Qwen/Qwen3-Embedding-0.6B
392,393,Aktie,99,A,und berichtet seinem Auftraggeber.,0,0.75,1,6.9,1.1,6.5,die,Aktie,"Sofort kauft der Börsenmakler, der die Börse betreten hat, die",0.28157234,SE,Qwen/Qwen3-Embedding-0.6B
393,394,Aktie,99,B,und berichtet seinem Auftraggeber.,0,0.83,1,1.4,1.6,6.5,die,Aktie,"Sofort kauft der Börsenmakler, der den Whiskey eingeschenkt hat, die",0.30401027,SE,Qwen/Qwen3-Embedding-0.6B
394,395,Aktie,99,C,und berichtet seinem Auftraggeber.,0,0.0,1,6.9,1.1,1.4,die,Aktie,"Sofort knabbert der Börsenmakler, der die Börse betreten hat, die",0.2787533,SE,Qwen/Qwen3-Embedding-0.6B
395,396,Aktie,99,D,und berichtet seinem Auftraggeber.,0,0.0,1,1.4,1.6,1.4,die,Aktie,"Sofort knabbert der Börsenmakler, der den Whiskey eingeschenkt hat, die",0.30612296,SE,Qwen/Qwen3-Embedding-0.6B
396,397,Loch,100,A,in die Decke.,0,1.0,0,6.5,2.0,6.9,das,Loch,"Gestern bohrte der Handwerker, der die Bohrmaschine hielt, das",0.12693572,SE,Qwen/Qwen3-Embedding-0.6B
397,398,Loch,100,B,in die Decke.,0,0.75,0,1.4,1.7,6.9,das,Loch,"Gestern bohrte der Handwerker, der das Kaugummi kaute, das",0.19573846,SE,Qwen/Qwen3-Embedding-0.6B
398,399,Loch,100,C,in die Decke.,0,0.0,0,6.5,2.0,3.9,das,Loch,"Gestern warf der Handwerker, der die Bohrmaschine hielt, das",0.15482374,SE,Qwen/Qwen3-Embedding-0.6B
399,400,Loch,100,D,in die Decke.,0,0.0,0,1.4,1.7,3.9,das,Loch,"Gestern warf der Handwerker, der das Kaugummi kaute, das",0.19872226,SE,Qwen/Qwen3-Embedding-0.6B
400,401,Blutdruck,101,A,und den Blutzucker.,3,0.58,1,6.8,1.6,6.7,den,Blutdruck,"Am Morgen misst der Arzthelfer, der das Messgerät hält, den",0.3214764,SE,Qwen/Qwen3-Embedding-0.6B
401,402,Blutdruck,101,B,und den Blutzucker.,3,0.58,1,2.3,1.6,6.7,den,Blutdruck,"Am Morgen misst der Arzthelfer, der den Bildschirm anstellt, den",0.2940334,SE,Qwen/Qwen3-Embedding-0.6B
402,403,Blutdruck,101,C,und den Blutzucker.,3,0.0,1,6.8,1.6,1.4,den,Blutdruck,"Am Morgen kauft der Arzthelfer, der das Messgerät hält, den",0.30331218,SE,Qwen/Qwen3-Embedding-0.6B
403,404,Blutdruck,101,D,und den Blutzucker.,3,0.0,1,2.3,1.6,1.4,den,Blutdruck,"Am Morgen kauft der Arzthelfer, der den Bildschirm anstellt, den",0.26936752,SE,Qwen/Qwen3-Embedding-0.6B
404,405,Tuch,102,A,und machte sich bereit.,0,0.67,0,6.3,3.5,2.7,das,Tuch,"Konzentriert schwang der Torero, der den Stier verwundet hatte, das",0.27489072,SE,Qwen/Qwen3-Embedding-0.6B
405,406,Tuch,102,B,und machte sich bereit.,0,0.83,0,4.1,1.8,2.7,das,Tuch,"Konzentriert schwang der Torero, der das Gebet aufgesagt hatte, das",0.28883123,SE,Qwen/Qwen3-Embedding-0.6B
406,407,Tuch,102,C,und machte sich bereit.,0,0.0,0,6.3,3.5,2.6,das,Tuch,"Konzentriert befüllte der Torero, der den Stier verwundet hatte, das",0.27763736,SE,Qwen/Qwen3-Embedding-0.6B
407,408,Tuch,102,D,und machte sich bereit.,0,0.0,0,4.1,1.8,2.6,das,Tuch,"Konzentriert befüllte der Torero, der das Gebet aufgesagt hatte, das",0.3132813,SE,Qwen/Qwen3-Embedding-0.6B
408,409,Schwert,103,A,und griff den Gegner an.,0,0.92,1,6.2,1.5,5.9,das,Schwert,"Angespannt zückte der Ritter, nachdem er den Kampf begonnen hatte, das",0.3596161,SE,Qwen/Qwen3-Embedding-0.6B
409,410,Schwert,103,B,und griff den Gegner an.,0,0.92,1,1.1,1.0,5.9,das,Schwert,"Angespannt zückte der Ritter, nachdem er die Brücke überquert hatte, das",0.3436044,SE,Qwen/Qwen3-Embedding-0.6B
410,411,Schwert,103,C,und griff den Gegner an.,0,0.0,1,6.2,1.5,1.1,das,Schwert,"Angespannt kaute der Ritter, nachdem er den Kampf begonnen hatte, das",0.34476393,SE,Qwen/Qwen3-Embedding-0.6B
411,412,Schwert,103,D,und griff den Gegner an.,0,0.08,1,1.1,1.0,1.1,das,Schwert,"Angespannt kaute der Ritter, nachdem er die Brücke überquert hatte, das",0.3269198,SE,Qwen/Qwen3-Embedding-0.6B
412,413,Rettungswagen,104,A,in Richtung des Krankenhauses.,0,0.75,0,6.8,2.6,4.7,den,Rettungswagen,"Wachsam steuert der Sanitäter, der das Blaulicht eingeschaltet hat, den",0.3484239,SE,Qwen/Qwen3-Embedding-0.6B
413,414,Rettungswagen,104,B,in Richtung des Krankenhauses.,0,0.58,0,1.3,1.2,4.7,den,Rettungswagen,"Wachsam steuert der Sanitäter, der den Notizblock weggelegt hat, den",0.34169564,SE,Qwen/Qwen3-Embedding-0.6B
414,415,Rettungswagen,104,C,in Richtung des Krankenhauses.,0,0.0,0,6.8,2.6,1.0,den,Rettungswagen,"Wachsam kopiert der Sanitäter, der das Blaulicht eingeschaltet hat, den",0.31508955,SE,Qwen/Qwen3-Embedding-0.6B
415,416,Rettungswagen,104,D,in Richtung des Krankenhauses.,0,0.0,0,1.3,1.2,1.0,den,Rettungswagen,"Wachsam kopiert der Sanitäter, der den Notizblock weggelegt hat, den",0.28626397,SE,Qwen/Qwen3-Embedding-0.6B
416,417,Aussage,105,A,und wendete sich an seinen Anwalt.,0,1.0,0,6.4,3.5,6.3,die,Aussage,"Ohne zu zögern verweigerte der Zeuge, der den Angeklagten wiedererkannte, die",0.19038884,SE,Qwen/Qwen3-Embedding-0.6B
417,418,Aussage,105,B,und wendete sich an seinen Anwalt.,0,0.83,0,1.1,1.6,6.3,die,Aussage,"Ohne zu zögern verweigerte der Zeuge, der den Gehstock umklammerte, die",0.2452888,SE,Qwen/Qwen3-Embedding-0.6B
418,419,Aussage,105,C,und wendete sich an seinen Anwalt.,0,0.0,0,6.4,3.5,2.6,die,Aussage,"Ohne zu zögern bestellte der Zeuge, der den Angeklagten wiedererkannte, die",0.22262193,SE,Qwen/Qwen3-Embedding-0.6B
419,420,Aussage,105,D,und wendete sich an seinen Anwalt.,0,0.0,0,1.1,1.6,2.6,die,Aussage,"Ohne zu zögern bestellte der Zeuge, der den Gehstock umklammerte, die",0.27738523,SE,Qwen/Qwen3-Embedding-0.6B
420,421,Schlittschuhe,106,A,und begibt sich auf die Eisfläche.,2,1.0,0,6.7,2.0,6.1,die,Schlittschuhe,"Sogleich schnürt der Eiskunstläufer, der die Eishalle erreicht hat, die",0.2962823,SE,Qwen/Qwen3-Embedding-0.6B
421,422,Schlittschuhe,106,B,und begibt sich auf die Eisfläche.,2,0.75,0,1.5,1.1,6.1,die,Schlittschuhe,"Sogleich schnürt der Eiskunstläufer, der das Bonbon gelutscht hat, die",0.30545315,SE,Qwen/Qwen3-Embedding-0.6B
422,423,Schlittschuhe,106,C,und begibt sich auf die Eisfläche.,2,0.0,0,6.7,2.0,1.6,die,Schlittschuhe,"Sogleich zerbricht der Eiskunstläufer, der die Eishalle erreicht hat, die",0.28240648,SE,Qwen/Qwen3-Embedding-0.6B
423,424,Schlittschuhe,106,D,und begibt sich auf die Eisfläche.,2,0.08,0,1.5,1.1,1.6,die,Schlittschuhe,"Sogleich zerbricht der Eiskunstläufer, der das Bonbon gelutscht hat, die",0.29131117,SE,Qwen/Qwen3-Embedding-0.6B
424,425,Lasso,107,A,und fängt das Tier ein.,0,0.33,0,5.4,4.5,6.5,das,Lasso,"Gut gelaunt schwingt der Cowboy, nachdem er das Pferd gesattelt hatte, das",0.2065011,SE,Qwen/Qwen3-Embedding-0.6B
425,426,Lasso,107,B,und fängt das Tier ein.,0,0.75,0,1.3,1.6,6.5,das,Lasso,"Gut gelaunt schwingt der Cowboy, nachdem er den Kameraden gerufen hat, das",0.19751418,SE,Qwen/Qwen3-Embedding-0.6B
426,427,Lasso,107,C,und fängt das Tier ein.,0,0.0,0,5.4,4.5,1.1,das,Lasso,"Gut gelaunt zerhackt der Cowboy, nachdem er das Pferd gesattelt hatte, das",0.21142803,SE,Qwen/Qwen3-Embedding-0.6B
427,428,Lasso,107,D,und fängt das Tier ein.,0,0.0,0,1.3,1.6,1.1,das,Lasso,"Gut gelaunt zerhackt der Cowboy, nachdem er den Kameraden gerufen hat, das",0.19963932,SE,Qwen/Qwen3-Embedding-0.6B
428,429,Drehbuch,108,A,für die Serie.,2,0.33,0,6.6,4.4,6.0,das,Drehbuch,"Entspannt schrieb der Regisseur, der den Plot konstruiert hatte, das",0.38803914,SE,Qwen/Qwen3-Embedding-0.6B
429,430,Drehbuch,108,B,für die Serie.,2,0.75,0,1.1,1.3,6.0,das,Drehbuch,"Entspannt schrieb der Regisseur, der den Kamin angemacht hatte, das",0.30222377,SE,Qwen/Qwen3-Embedding-0.6B
430,431,Drehbuch,108,C,für die Serie.,2,0.0,0,6.6,4.4,1.1,das,Drehbuch,"Entspannt verzehrte der Regisseur, der den Plot konstruiert hatte, das",0.4004606,SE,Qwen/Qwen3-Embedding-0.6B
431,432,Drehbuch,108,D,für die Serie.,2,0.0,0,1.1,1.3,1.1,das,Drehbuch,"Entspannt verzehrte der Regisseur, der den Kamin angemacht hatte, das",0.30454233,SE,Qwen/Qwen3-Embedding-0.6B
432,433,Stern,109,A,am Firmament.,0,0.58,1,5.7,2.4,4.9,den,Stern,"Sofort entdeckt der Astronom, der das Teleskop aufgestellt hat, den",0.32244956,SE,Qwen/Qwen3-Embedding-0.6B
433,434,Stern,109,B,am Firmament.,0,0.58,1,3.0,1.9,4.9,den,Stern,"Sofort entdeckt der Astronom, der die Uhrzeit notiert hat, den",0.38520646,SE,Qwen/Qwen3-Embedding-0.6B
434,435,Stern,109,C,am Firmament.,0,0.0,1,5.7,2.4,1.4,den,Stern,"Sofort serviert der Astronom, der das Teleskop aufgestellt hat, den",0.3307961,SE,Qwen/Qwen3-Embedding-0.6B
435,436,Stern,109,D,am Firmament.,0,0.0,1,3.0,1.9,1.4,den,Stern,"Sofort serviert der Astronom, der die Uhrzeit notiert hat, den",0.39355502,SE,Qwen/Qwen3-Embedding-0.6B
436,437,Anker,110,A,und verließ den Hafen.,0,0.5,1,6.4,2.0,6.9,den,Anker,"Gestern lichtete der Seemann, der das Boot kommandierte, den",0.24793592,SE,Qwen/Qwen3-Embedding-0.6B
437,438,Anker,110,B,und verließ den Hafen.,0,0.58,1,1.0,4.1,6.9,den,Anker,"Gestern lichtete der Seemann, der den Atem anhielt, den",0.273293,SE,Qwen/Qwen3-Embedding-0.6B
438,439,Anker,110,C,und verließ den Hafen.,0,0.0,1,6.4,2.0,1.0,den,Anker,"Gestern kochte der Seemann, der das Boot kommandierte, den",0.24645767,SE,Qwen/Qwen3-Embedding-0.6B
439,440,Anker,110,D,und verließ den Hafen.,0,0.0,1,1.0,4.1,1.0,den,Anker,"Gestern kochte der Seemann, der den Atem anhielt, den",0.26682168,SE,Qwen/Qwen3-Embedding-0.6B
440,441,Seil,111,A,um den Aufstieg abzusichern.,2,0.58,0,4.6,1.6,6.1,das,Seil,"Am Vormittag knotete der Bergsteiger, nachdem er den Haken festgebohrt hatte, das",0.30114233,SE,Qwen/Qwen3-Embedding-0.6B
441,442,Seil,111,B,um den Aufstieg abzusichern.,2,0.75,0,1.4,1.6,6.1,das,Seil,"Am Vormittag knotete der Bergsteiger, nachdem er die Krähe verscheucht hatte, das",0.3197299,SE,Qwen/Qwen3-Embedding-0.6B
442,443,Seil,111,C,um den Aufstieg abzusichern.,2,0.0,0,4.6,1.6,1.2,das,Seil,"Am Vormittag roch der Bergsteiger, nachdem er den Haken festgebohrt hatte, das",0.29961213,SE,Qwen/Qwen3-Embedding-0.6B
443,444,Seil,111,D,um den Aufstieg abzusichern.,2,0.0,0,1.4,1.6,1.2,das,Seil,"Am Vormittag roch der Bergsteiger, nachdem er die Krähe verscheucht hatte, das",0.30396917,SE,Qwen/Qwen3-Embedding-0.6B
444,445,Rouletterad,112,A,und verrät die nächste Zahl.,0,0.67,0,6.3,2.1,6.1,das,Rouletterad,"Entspannt dreht der Croupier, der den Spieltisch vorbereitet hat, das",0.29078558,SE,Qwen/Qwen3-Embedding-0.6B
445,446,Rouletterad,112,B,und verrät die nächste Zahl.,0,0.33,0,2.0,1.3,6.1,das,Rouletterad,"Entspannt dreht der Croupier, der die Frau beeindruckt hat, das",0.30073005,SE,Qwen/Qwen3-Embedding-0.6B
446,447,Rouletterad,112,C,und verrät die nächste Zahl.,0,0.0,0,6.3,2.1,1.1,das,Rouletterad,"Entspannt schlürft der Croupier, der den Spieltisch vorbereitet hat, das",0.26424232,SE,Qwen/Qwen3-Embedding-0.6B
447,448,Rouletterad,112,D,und verrät die nächste Zahl.,0,0.0,0,2.0,1.3,1.1,das,Rouletterad,"Entspannt schlürft der Croupier, der die Frau beeindruckt hat, das",0.26983786,SE,Qwen/Qwen3-Embedding-0.6B
448,449,Nägel,113,A,und lackierte sie.,0,0.75,0,6.9,1.7,6.8,die,Nägel,"Neulich feilte die Kosmetikerin, während sie die Maniküre durchführte, die",0.21381176,SE,Qwen/Qwen3-Embedding-0.6B
449,450,Nägel,113,B,und lackierte sie.,0,1.0,0,1.3,1.0,6.8,die,Nägel,"Neulich feilte die Kosmetikerin, während sie das Gespräch belauschte, die",0.24223252,SE,Qwen/Qwen3-Embedding-0.6B
450,451,Nägel,113,C,und lackierte sie.,0,0.08,0,6.9,1.7,5.5,die,Nägel,"Neulich baute die Kosmetikerin, während sie die Maniküre durchführte, die",0.21465987,SE,Qwen/Qwen3-Embedding-0.6B
451,452,Nägel,113,D,und lackierte sie.,0,0.0,0,1.3,1.0,5.5,die,Nägel,"Neulich baute die Kosmetikerin, während sie das Gespräch belauschte, die",0.24718721,SE,Qwen/Qwen3-Embedding-0.6B
452,453,Zukunft,114,A,der Familie.,0,0.58,1,6.7,3.9,6.8,die,Zukunft,"Sogleich prophezeite der Wahrsager, der die Kristallkugel befragt hatte, die",0.23862515,SE,Qwen/Qwen3-Embedding-0.6B
453,454,Zukunft,114,B,der Familie.,0,0.58,1,1.4,1.1,6.8,die,Zukunft,"Sogleich prophezeite der Wahrsager, der die Kerze angezündet hatte, die",0.25622335,SE,Qwen/Qwen3-Embedding-0.6B
454,455,Zukunft,114,C,der Familie.,0,0.0,1,6.7,3.9,1.5,die,Zukunft,"Sogleich würzte der Wahrsager, der die Kristallkugel befragt hatte, die",0.18499714,SE,Qwen/Qwen3-Embedding-0.6B
455,456,Zukunft,114,D,der Familie.,0,0.0,1,1.4,1.1,1.5,die,Zukunft,"Sogleich würzte der Wahrsager, der die Kerze angezündet hatte, die",0.1940521,SE,Qwen/Qwen3-Embedding-0.6B
456,457,Ausgrabung,115,A,in der Ruine.,0,0.92,0,6.6,5.3,3.0,die,Ausgrabung,"Heute beginnt der Archäologe, der die Schaufel hervorgeholt hat, die",0.47823894,SE,Qwen/Qwen3-Embedding-0.6B
457,458,Ausgrabung,115,B,in der Ruine.,0,0.5,0,1.3,2.5,3.0,die,Ausgrabung,"Heute beginnt der Archäologe, der das Taxi genommen hat, die",0.37706226,SE,Qwen/Qwen3-Embedding-0.6B
458,459,Ausgrabung,115,C,in der Ruine.,0,0.0,0,6.6,5.3,1.5,die,Ausgrabung,"Heute raspelt der Archäologe, der die Schaufel hervorgeholt hat, die",0.51422083,SE,Qwen/Qwen3-Embedding-0.6B
459,460,Ausgrabung,115,D,in der Ruine.,0,0.0,0,1.3,2.5,1.5,die,Ausgrabung,"Heute raspelt der Archäologe, der das Taxi genommen hat, die",0.4109823,SE,Qwen/Qwen3-Embedding-0.6B
460,461,Strauß,116,A,für die Hochzeit.,0,0.92,1,6.8,3.9,6.5,den,Strauß,"Zügig bindet der Florist, der die Rosen gezüchtet hat, den",0.18700188,SE,Qwen/Qwen3-Embedding-0.6B
461,462,Strauß,116,B,für die Hochzeit.,0,0.92,1,2.6,1.6,6.5,den,Strauß,"Zügig bindet der Florist, der die Fenster geschlossen hat, den",0.24179822,SE,Qwen/Qwen3-Embedding-0.6B
462,463,Strauß,116,C,für die Hochzeit.,0,0.0,1,6.8,3.9,1.0,den,Strauß,"Zügig ölt der Florist, der die Rosen gezüchtet hat, den",0.20715967,SE,Qwen/Qwen3-Embedding-0.6B
463,464,Strauß,116,D,für die Hochzeit.,0,0.0,1,2.6,1.6,1.0,den,Strauß,"Zügig ölt der Florist, der die Fenster geschlossen hat, den",0.28131586,SE,Qwen/Qwen3-Embedding-0.6B
464,465,Rolle,117,A,für das Theaterstück.,0,0.75,1,6.1,3.8,5.8,die,Rolle,"Umgehend spielt der Schauspieler, der das Skript auswendig gelernt hat, die",0.22825633,SE,Qwen/Qwen3-Embedding-0.6B
465,466,Rolle,117,B,für das Theaterstück.,0,0.67,1,2.3,4.6,5.8,die,Rolle,"Umgehend spielt der Schauspieler, der die Torte gebacken hat, die",0.24252123,SE,Qwen/Qwen3-Embedding-0.6B
466,467,Rolle,117,C,für das Theaterstück.,0,0.0,1,6.1,3.8,2.5,die,Rolle,"Umgehend schnibbelt der Schauspieler, der das Skript auswendig gelernt hat, die",0.22946292,SE,Qwen/Qwen3-Embedding-0.6B
467,468,Rolle,117,D,für das Theaterstück.,0,0.0,1,2.3,4.6,2.5,die,Rolle,"Umgehend schnibbelt der Schauspieler, der die Torte gebacken hat, die",0.21813984,SE,Qwen/Qwen3-Embedding-0.6B
468,469,Sendung,118,A,für den Fernsehkanal.,0,0.42,0,6.4,6.3,6.7,die,Sendung,"Am Abend moderiert der Moderator, der die Zuschauer unterhält, die",0.28431728,SE,Qwen/Qwen3-Embedding-0.6B
469,470,Sendung,118,B,für den Fernsehkanal.,0,0.17,0,2.0,1.5,6.7,die,Sendung,"Am Abend moderiert der Moderator, der die Weltmeere bereist, die",0.2677345,SE,Qwen/Qwen3-Embedding-0.6B
470,471,Sendung,118,C,für den Fernsehkanal.,0,0.0,0,6.4,6.3,3.7,die,Sendung,"Am Abend wiegt der Moderator, der die Zuschauer unterhält, die",0.30405742,SE,Qwen/Qwen3-Embedding-0.6B
471,472,Sendung,118,D,für den Fernsehkanal.,0,0.0,0,2.0,1.5,3.7,die,Sendung,"Am Abend wiegt der Moderator, der die Weltmeere bereist, die",0.28029132,SE,Qwen/Qwen3-Embedding-0.6B
472,473,Stück,119,A,für seine nächste Sonate.,0,0.25,0,4.8,4.1,6.9,das,Stück,"Ohne zu zögern komponierte der Musiker, der die Noten aufschrieb, das",0.20827135,SE,Qwen/Qwen3-Embedding-0.6B
473,474,Stück,119,B,für seine nächste Sonate.,0,0.42,0,1.7,2.1,6.9,das,Stück,"Ohne zu zögern komponierte der Musiker, der die Fragen beantwortete, das",0.18540724,SE,Qwen/Qwen3-Embedding-0.6B
474,475,Stück,119,C,für seine nächste Sonate.,0,0.0,0,4.8,4.1,4.2,das,Stück,"Ohne zu zögern grillte der Musiker, der die Noten aufschrieb, das",0.23468089,SE,Qwen/Qwen3-Embedding-0.6B
475,476,Stück,119,D,für seine nächste Sonate.,0,0.08,0,1.7,2.1,4.2,das,Stück,"Ohne zu zögern grillte der Musiker, der die Fragen beantwortete, das",0.1804446,SE,Qwen/Qwen3-Embedding-0.6B
476,477,Bild,120,A,in seinem Atelier.,2,0.58,1,6.6,2.3,7.0,das,Bild,"Fröhlich malte der Künstler, der die Leinwand aufgespannt hatte, das",0.27985778,SE,Qwen/Qwen3-Embedding-0.6B
477,478,Bild,120,B,in seinem Atelier.,2,0.58,1,1.5,1.7,7.0,das,Bild,"Fröhlich malte der Künstler, der den Nachtisch zubereitet hatte, das",0.21764454,SE,Qwen/Qwen3-Embedding-0.6B
478,479,Bild,120,C,in seinem Atelier.,2,0.0,1,6.6,2.3,2.2,das,Bild,"Fröhlich bewohnte der Künstler, der die Leinwand aufgespannt hatte, das",0.29298595,SE,Qwen/Qwen3-Embedding-0.6B
479,480,Bild,120,D,in seinem Atelier.,2,0.0,1,1.5,1.7,2.2,das,Bild,"Fröhlich bewohnte der Künstler, der den Nachtisch zubereitet hatte, das",0.18496594,SE,Qwen/Qwen3-Embedding-0.6B
0,1,Axt,1,A,und hackte die Holzscheite.,0,0.75,1,6.9,3.1,6.0,die,Axt,"Gestern schärfte der Holzfäller, bevor er das Holz stapelte, die",0.5544826984405518,WE,dewiki_20180420_100d
1,2,Axt,1,B,und hackte die Holzscheite.,0,0.67,1,3.1,1.2,6.0,die,Axt,"Gestern schärfte der Holzfäller, bevor er den Film schaute, die",0.5058257579803467,WE,dewiki_20180420_100d
2,3,Axt,1,C,und hackte die Holzscheite.,0,0.0,1,6.9,3.1,1.4,die,Axt,"Gestern aß der Holzfäller, bevor er das Holz stapelte, die",0.5694839358329773,WE,dewiki_20180420_100d
3,4,Axt,1,D,und hackte die Holzscheite.,0,0.0,1,3.1,1.2,1.4,die,Axt,"Gestern aß der Holzfäller, bevor er den Film schaute, die",0.5274195075035095,WE,dewiki_20180420_100d
4,5,Messer,2,A,und rasiert den Kunden.,0,0.67,1,5.0,5.1,6.4,das,Messer,"Nachdenklich schärft der Barbier, nachdem er den Rasierschaum aufgetragen hat, das",0.5971691012382507,WE,dewiki_20180420_100d
5,6,Messer,2,B,und rasiert den Kunden.,0,0.75,1,1.2,1.4,6.4,das,Messer,"Nachdenklich schärft der Barbier, nachdem er die Topfpflanze gegossen hat, das",0.5703604817390442,WE,dewiki_20180420_100d
6,7,Messer,2,C,und rasiert den Kunden.,0,0.0,1,5.0,5.1,1.4,das,Messer,"Nachdenklich trinkt der Barbier, nachdem er den Rasierschaum aufgetragen hat, das",0.5877682566642761,WE,dewiki_20180420_100d
7,8,Messer,2,D,und rasiert den Kunden.,0,0.0,1,1.2,1.4,1.4,das,Messer,"Nachdenklich trinkt der Barbier, nachdem er die Topfpflanze gegossen hat, das",0.5601274371147156,WE,dewiki_20180420_100d
8,9,Kaffee,3,A,und gießt die Milch dazu.,0,0.58,0,5.8,2.3,5.8,den,Kaffee,"Sogleich süßt der Kellner, nachdem er die Bestellung aufgenommen hat, den",0.47135689854621887,WE,dewiki_20180420_100d
9,10,Kaffee,3,B,und gießt die Milch dazu.,0,0.25,0,3.5,3.5,5.8,den,Kaffee,"Sogleich süßt der Kellner, nachdem er das Radio angemacht hat, den",0.5644732117652893,WE,dewiki_20180420_100d
10,11,Kaffee,3,C,und gießt die Milch dazu.,0,0.0,0,5.8,2.3,3.0,den,Kaffee,"Sogleich putzt der Kellner, nachdem er die Bestellung aufgenommen hat, den",0.4759686291217804,WE,dewiki_20180420_100d
11,12,Kaffee,3,D,und gießt die Milch dazu.,0,0.0,0,3.5,3.5,3.0,den,Kaffee,"Sogleich putzt der Kellner, nachdem er das Radio angemacht hat, den",0.5652329921722412,WE,dewiki_20180420_100d
12,13,Ofen,4,A,auf 180 Grad.,0,1.0,0,6.0,2.7,6.6,den,Ofen,"Vorsichtig erhitzt der Bäckerlehrling, nachdem er die Brötchen geformt hat, den",0.6104655265808105,WE,dewiki_20180420_100d
13,14,Ofen,4,B,auf 180 Grad.,0,0.75,0,2.4,1.3,6.6,den,Ofen,"Vorsichtig erhitzt der Bäckerlehrling, nachdem er die Fenster gekippt hat, den",0.5914292335510254,WE,dewiki_20180420_100d
14,15,Ofen,4,C,auf 180 Grad.,0,0.0,0,6.0,2.7,1.3,den,Ofen,"Vorsichtig schlürft der Bäckerlehrling, nachdem er die Brötchen geformt hat, den",0.5678229331970215,WE,dewiki_20180420_100d
15,16,Ofen,4,D,auf 180 Grad.,0,0.08,0,2.4,1.3,1.3,den,Ofen,"Vorsichtig schlürft der Bäckerlehrling, nachdem er die Fenster gekippt hat, den",0.5479898452758789,WE,dewiki_20180420_100d
16,17,Weinflasche,5,A,für die Weinprobe.,0,1.0,1,5.9,1.7,6.8,die,Weinflasche,"Zufrieden entkorkt der Winzer, der die Reben geschnitten hat, die",0.5768486261367798,WE,dewiki_20180420_100d
17,18,Weinflasche,5,B,für die Weinprobe.,0,1.0,1,2.0,2.7,6.8,die,Weinflasche,"Zufrieden entkorkt der Winzer, der die Lohnabrechnungen beendet hat, die",0.4914323389530182,WE,dewiki_20180420_100d
18,19,Weinflasche,5,C,für die Weinprobe.,0,0.08,1,5.9,1.7,1.0,die,Weinflasche,"Zufrieden glättet der Winzer, der die Reben geschnitten hat, die",0.5670907497406006,WE,dewiki_20180420_100d
19,20,Weinflasche,5,D,für die Weinprobe.,0,0.0,1,2.0,2.7,1.0,die,Weinflasche,"Zufrieden glättet der Winzer, der die Lohnabrechnungen beendet hat, die",0.4801737666130066,WE,dewiki_20180420_100d
20,21,Ticket,6,A,für die Fahrt.,0,0.33,1,6.7,2.3,6.3,das,Ticket,"Umgehend löst der Fahrgast, der den Automaten bedient, das",0.539546549320221,WE,dewiki_20180420_100d
21,22,Ticket,6,B,für die Fahrt.,0,0.33,1,1.3,1.3,6.3,das,Ticket,"Umgehend löst der Fahrgast, der die Einkaufstasche abstellt, das",0.5147618055343628,WE,dewiki_20180420_100d
22,23,Ticket,6,C,für die Fahrt.,0,0.0,1,6.7,2.3,1.2,das,Ticket,"Umgehend knotet der Fahrgast, der den Automaten bedient, das",0.5572456121444702,WE,dewiki_20180420_100d
23,24,Ticket,6,D,für die Fahrt.,0,0.0,1,1.3,1.3,1.2,das,Ticket,"Umgehend knotet der Fahrgast, der die Einkaufstasche abstellt, das",0.5314585566520691,WE,dewiki_20180420_100d
24,25,Sieg,7,A,mit einer Party.,0,0.5,0,6.8,4.4,6.2,den,Sieg,"Am Abend feiert der Gewinner, der den Pokal erhält, den",0.6193217039108276,WE,dewiki_20180420_100d
25,26,Sieg,7,B,mit einer Party.,0,0.75,0,1.8,2.0,6.2,den,Sieg,"Am Abend feiert der Gewinner, der das Eis isst, den",0.5249205827713013,WE,dewiki_20180420_100d
26,27,Sieg,7,C,mit einer Party.,0,0.0,0,6.8,4.4,1.8,den,Sieg,"Am Abend knabbert der Gewinner, der den Pokal erhält, den",0.5864027142524719,WE,dewiki_20180420_100d
27,28,Sieg,7,D,mit einer Party.,0,0.0,0,1.8,2.0,1.8,den,Sieg,"Am Abend knabbert der Gewinner, der das Eis isst, den",0.48411664366722107,WE,dewiki_20180420_100d
28,29,Fisch,8,A,für das Abendessen.,1,0.83,1,7.0,4.9,6.9,den,Fisch,"Endlich fängt der Angler, der den Köder auswarf, den",0.6796109080314636,WE,dewiki_20180420_100d
29,30,Fisch,8,B,für das Abendessen.,1,0.83,1,2.0,1.2,6.9,den,Fisch,"Endlich fängt der Angler, der die Zeitung las, den",0.6044155955314636,WE,dewiki_20180420_100d
30,31,Fisch,8,C,für das Abendessen.,1,0.0,1,7.0,4.9,1.3,den,Fisch,"Endlich baut der Angler, der den Köder auswarf, den",0.6703872680664062,WE,dewiki_20180420_100d
31,32,Fisch,8,D,für das Abendessen.,1,0.0,1,2.0,1.2,1.3,den,Fisch,"Endlich baut der Angler, der die Zeitung las, den",0.5833263397216797,WE,dewiki_20180420_100d
32,33,Unkraut,9,A,und leerte den Kompost.,0,0.83,0,6.7,3.3,6.9,das,Unkraut,"Am Nachmittag jätete der Schrebergärtner, der das Beet pflegte, das",0.4348406493663788,WE,dewiki_20180420_100d
33,34,Unkraut,9,B,und leerte den Kompost.,0,0.67,0,3.3,1.4,6.9,das,Unkraut,"Am Nachmittag jätete der Schrebergärtner, der die Sonne genoss, das",0.3884388506412506,WE,dewiki_20180420_100d
34,35,Unkraut,9,C,und leerte den Kompost.,0,0.0,0,6.7,3.3,1.2,das,Unkraut,"Am Nachmittag polierte der Schrebergärtner, der das Beet pflegte, das",0.44110700488090515,WE,dewiki_20180420_100d
35,36,Unkraut,9,D,und leerte den Kompost.,0,0.0,0,3.3,1.4,1.2,das,Unkraut,"Am Nachmittag polierte der Schrebergärtner, der die Sonne genoss, das",0.4000374674797058,WE,dewiki_20180420_100d
36,37,Klassenzimmer,10,A,und nimmt ein Stück Kreide.,1,0.75,1,6.8,3.7,5.5,das,Klassenzimmer,"Eine Weile lüftet der Lehrer, bevor er die Tafel beschreibt, das",0.47104761004447937,WE,dewiki_20180420_100d
37,38,Klassenzimmer,10,B,und nimmt ein Stück Kreide.,1,0.75,1,1.9,2.6,5.5,das,Klassenzimmer,"Eine Weile lüftet der Lehrer, bevor er den Mantel aufhängt, das",0.4667415916919708,WE,dewiki_20180420_100d
38,39,Klassenzimmer,10,C,und nimmt ein Stück Kreide.,1,0.0,1,6.8,3.7,4.7,das,Klassenzimmer,"Eine Weile bastelt der Lehrer, bevor er die Tafel beschreibt, das",0.4932132661342621,WE,dewiki_20180420_100d
39,40,Klassenzimmer,10,D,und nimmt ein Stück Kreide.,1,0.0,1,1.9,2.6,4.7,das,Klassenzimmer,"Eine Weile bastelt der Lehrer, bevor er den Mantel aufhängt, das",0.4877646267414093,WE,dewiki_20180420_100d
40,41,Käse,11,A,und gibt Öl in die Pfanne.,0,0.5,1,5.2,4.6,6.4,den,Käse,"Schnell reibt der Chefkoch, während er die Nudeln kocht, den",0.6274890899658203,WE,dewiki_20180420_100d
41,42,Käse,11,B,und gibt Öl in die Pfanne.,0,0.58,1,1.7,1.2,6.4,den,Käse,"Schnell reibt der Chefkoch, während er die Nachrichten hört, den",0.4754352569580078,WE,dewiki_20180420_100d
42,43,Käse,11,C,und gibt Öl in die Pfanne.,0,0.0,1,5.2,4.6,1.1,den,Käse,"Schnell flickt der Chefkoch, während er die Nudeln kocht, den",0.617605984210968,WE,dewiki_20180420_100d
43,44,Käse,11,D,und gibt Öl in die Pfanne.,0,0.0,1,1.7,1.2,1.1,den,Käse,"Schnell flickt der Chefkoch, während er die Nachrichten hört, den",0.4598868787288666,WE,dewiki_20180420_100d
44,45,Bier,12,A,das zuvor gebraut wurde.,0,0.67,1,3.9,1.2,5.0,das,Bier,"Vorgestern probierte der Braumeister, nachdem er den Kessel ausgeschaltet hatte, das",0.5631997585296631,WE,dewiki_20180420_100d
45,46,Bier,12,B,das zuvor gebraut wurde.,0,0.58,1,1.8,2.3,5.0,das,Bier,"Vorgestern probierte der Braumeister, nachdem er den Boden gewischt hatte, das",0.6109781861305237,WE,dewiki_20180420_100d
46,47,Bier,12,C,das zuvor gebraut wurde.,0,0.0,1,3.9,1.2,1.1,das,Bier,"Vorgestern bemalte der Braumeister, nachdem er den Kessel ausgeschaltet hatte, das",0.5693153738975525,WE,dewiki_20180420_100d
47,48,Bier,12,D,das zuvor gebraut wurde.,0,0.0,1,1.8,2.3,1.1,das,Bier,"Vorgestern bemalte der Braumeister, nachdem er den Boden gewischt hatte, das",0.611230194568634,WE,dewiki_20180420_100d
48,49,Rasen,13,A,hinter der Villa.,0,0.92,1,7.0,5.6,6.8,den,Rasen,"Eine Zeit lang mähte der Gartenhelfer, nachdem er den Garten umgegraben hatte, den",0.5553922057151794,WE,dewiki_20180420_100d
49,50,Rasen,13,B,hinter der Villa.,0,0.92,1,2.2,1.9,6.8,den,Rasen,"Eine Zeit lang mähte der Gartenhelfer, nachdem er die Garage aufgeräumt hatte, den",0.49518883228302,WE,dewiki_20180420_100d
50,51,Rasen,13,C,hinter der Villa.,0,0.0,1,7.0,5.6,1.4,den,Rasen,"Eine Zeit lang räucherte der Gartenhelfer, nachdem er den Garten umgegraben hatte, den",0.5190495848655701,WE,dewiki_20180420_100d
51,52,Rasen,13,D,hinter der Villa.,0,0.0,1,2.2,1.9,1.4,den,Rasen,"Eine Zeit lang räucherte der Gartenhelfer, nachdem er die Garage aufgeräumt hatte, den",0.4588991701602936,WE,dewiki_20180420_100d
52,53,Straße,14,A,und den Bürgersteig.,1,0.42,1,6.5,5.1,6.8,die,Straße,"Achtsam pflasterte der Bauarbeiter, der die Absperrungen umging, die",0.54379802942276,WE,dewiki_20180420_100d
53,54,Straße,14,B,und den Bürgersteig.,1,0.42,1,5.7,2.0,6.8,die,Straße,"Achtsam pflasterte der Bauarbeiter, der die Steine schleppte, die",0.5380064249038696,WE,dewiki_20180420_100d
54,55,Straße,14,C,und den Bürgersteig.,1,0.08,1,6.5,5.1,2.0,die,Straße,"Achtsam salzte der Bauarbeiter, der die Absperrungen umging, die",0.5184467434883118,WE,dewiki_20180420_100d
55,56,Straße,14,D,und den Bürgersteig.,1,0.0,1,5.7,2.0,2.0,die,Straße,"Achtsam salzte der Bauarbeiter, der die Steine schleppte, die",0.5122140645980835,WE,dewiki_20180420_100d
56,57,Glocken,15,A,und freute sich.,0,1.0,1,6.7,1.1,7.0,die,Glocken,"Gestern läutete der Priester, nachdem er den Kirchturm erklommen hatte, die",0.5727404356002808,WE,dewiki_20180420_100d
57,58,Glocken,15,B,und freute sich.,0,0.92,1,2.2,1.1,7.0,die,Glocken,"Gestern läutete der Priester, nachdem er die Armbanduhr ausgezogen hatte, die",0.5167900919914246,WE,dewiki_20180420_100d
58,59,Glocken,15,C,und freute sich.,0,0.0,1,6.7,1.1,1.0,die,Glocken,"Gestern faltete der Priester, nachdem er den Kirchturm erklommen hatte, die",0.5631306171417236,WE,dewiki_20180420_100d
59,60,Glocken,15,D,und freute sich.,0,0.0,1,2.2,1.1,1.0,die,Glocken,"Gestern faltete der Priester, nachdem er die Armbanduhr ausgezogen hatte, die",0.5033236742019653,WE,dewiki_20180420_100d
60,61,Wunde,16,A,mit fünf Stichen.,0,0.92,1,6.7,3.3,5.8,die,Wunde,"Rasch näht der Notarzt, der den Verletzten betreut, die",0.5697882175445557,WE,dewiki_20180420_100d
61,62,Wunde,16,B,mit fünf Stichen.,0,0.92,1,3.2,1.8,5.8,die,Wunde,"Rasch näht der Notarzt, der den Ohrring trägt, die",0.5746196508407593,WE,dewiki_20180420_100d
62,63,Wunde,16,C,mit fünf Stichen.,0,0.0,1,6.7,3.3,2.0,die,Wunde,"Rasch versteckt der Notarzt, der den Verletzten betreut, die",0.5413815975189209,WE,dewiki_20180420_100d
63,64,Wunde,16,D,mit fünf Stichen.,0,0.0,1,3.2,1.8,2.0,die,Wunde,"Rasch versteckt der Notarzt, der den Ohrring trägt, die",0.5523636937141418,WE,dewiki_20180420_100d
64,65,Hemd,17,A,und die Hose.,0,0.75,1,6.4,1.5,6.9,das,Hemd,"Eilig bügelt der Geschäftsmann, nachdem er das Bügelbrett aufgestellt hat, das",0.46800801157951355,WE,dewiki_20180420_100d
65,66,Hemd,17,B,und die Hose.,0,0.67,1,1.4,1.2,6.9,das,Hemd,"Eilig bügelt der Geschäftsmann, nachdem er den Eistee ausgetrunken hat, das",0.4904111325740814,WE,dewiki_20180420_100d
66,67,Hemd,17,C,und die Hose.,0,0.0,1,6.4,1.5,1.0,das,Hemd,"Eilig salzt der Geschäftsmann, nachdem er das Bügelbrett aufgestellt hat, das",0.4785882532596588,WE,dewiki_20180420_100d
67,68,Hemd,17,D,und die Hose.,0,0.0,1,1.4,1.2,1.0,das,Hemd,"Eilig salzt der Geschäftsmann, nachdem er den Eistee ausgetrunken hat, das",0.49648597836494446,WE,dewiki_20180420_100d
68,69,Auto,18,A,und übergibt es an den Kunden.,1,0.58,0,7.0,3.5,6.3,das,Auto,"Schnell repariert der KFZ-Mechatroniker, der den Motor ausgetauscht hat, das",0.5929919481277466,WE,dewiki_20180420_100d
69,70,Auto,18,B,und übergibt es an den Kunden.,1,0.75,0,5.0,3.1,6.3,das,Auto,"Schnell repariert der KFZ-Mechatroniker, der den Urlaub gebucht hat, das",0.558708906173706,WE,dewiki_20180420_100d
70,71,Auto,18,C,und übergibt es an den Kunden.,1,0.0,0,7.0,3.5,1.1,das,Auto,"Schnell brät der KFZ-Mechatroniker, der den Motor ausgetauscht hat, das",0.6062735319137573,WE,dewiki_20180420_100d
71,72,Auto,18,D,und übergibt es an den Kunden.,1,0.0,0,5.0,3.1,1.1,das,Auto,"Schnell brät der KFZ-Mechatroniker, der den Urlaub gebucht hat, das",0.5644944310188293,WE,dewiki_20180420_100d
72,73,Teig,19,A,für das Brot.,2,1.0,1,6.9,6.9,6.6,den,Teig,"Am Morgen knetet die Bäckerin, die den Kuchen backt, den",0.646983802318573,WE,dewiki_20180420_100d
73,74,Teig,19,B,für das Brot.,2,1.0,1,1.5,1.0,6.6,den,Teig,"Am Morgen knetet die Bäckerin, die den Stammgast begrüßt, den",0.4866793751716614,WE,dewiki_20180420_100d
74,75,Teig,19,C,für das Brot.,2,0.0,1,6.9,6.9,1.2,den,Teig,"Am Morgen hört die Bäckerin, die den Kuchen backt, den",0.6023263335227966,WE,dewiki_20180420_100d
75,76,Teig,19,D,für das Brot.,2,0.0,1,1.5,1.0,1.2,den,Teig,"Am Morgen hört die Bäckerin, die den Stammgast begrüßt, den",0.431443452835083,WE,dewiki_20180420_100d
76,77,Steak,20,A,und die Beilagen.,0,0.67,0,4.7,2.4,6.5,das,Steak,"Am Nachmittag pfeffert der Grillmeister, bevor er die Kohle anzündet, das",0.49518725275993347,WE,dewiki_20180420_100d
77,78,Steak,20,B,und die Beilagen.,0,0.83,0,1.4,1.1,6.5,das,Steak,"Am Nachmittag pfeffert der Grillmeister, bevor er die Mücke verscheucht, das",0.4697248935699463,WE,dewiki_20180420_100d
78,79,Steak,20,C,und die Beilagen.,0,0.0,0,4.7,2.4,1.4,das,Steak,"Am Nachmittag druckt der Grillmeister, bevor er die Kohle anzündet, das",0.48705822229385376,WE,dewiki_20180420_100d
79,80,Steak,20,D,und die Beilagen.,0,0.0,0,1.4,1.1,1.4,das,Steak,"Am Nachmittag druckt der Grillmeister, bevor er die Mücke verscheucht, das",0.46645307540893555,WE,dewiki_20180420_100d
80,81,Feuer,21,A,und rennt weg.,0,0.58,0,6.6,1.5,6.8,das,Feuer,"Schnell entfacht der Brandstifter, der das Streichholz fallengelassen hat, das",0.6814900636672974,WE,dewiki_20180420_100d
81,82,Feuer,21,B,und rennt weg.,0,1.0,0,3.3,3.0,6.8,das,Feuer,"Schnell entfacht der Brandstifter, der die Treppe hochgeklettert ist, das",0.6398911476135254,WE,dewiki_20180420_100d
82,83,Feuer,21,C,und rennt weg.,0,0.0,0,6.6,1.5,1.6,das,Feuer,"Schnell entstaubt der Brandstifter, der das Streichholz fallengelassen hat, das",0.648971676826477,WE,dewiki_20180420_100d
83,84,Feuer,21,D,und rennt weg.,0,0.0,0,3.3,3.0,1.6,das,Feuer,"Schnell entstaubt der Brandstifter, der die Treppe hochgeklettert ist, das",0.5962705612182617,WE,dewiki_20180420_100d
84,85,Haare,22,A,und holt den Föhn.,0,0.92,1,6.5,3.9,6.8,die,Haare,"Nun kämmt der Friseur, nachdem er die Kopfhaut massiert hat, die",0.6560351252555847,WE,dewiki_20180420_100d
85,86,Haare,22,B,und holt den Föhn.,0,1.0,1,1.0,1.0,6.8,die,Haare,"Nun kämmt der Friseur, nachdem er den Cappuccino ausgetrunken hat, die",0.5726221799850464,WE,dewiki_20180420_100d
86,87,Haare,22,C,und holt den Föhn.,0,0.17,1,6.5,3.9,1.2,die,Haare,"Nun speichert der Friseur, nachdem er die Kopfhaut massiert hat, die",0.616853654384613,WE,dewiki_20180420_100d
87,88,Haare,22,D,und holt den Föhn.,0,0.0,1,1.0,1.0,1.2,die,Haare,"Nun speichert der Friseur, nachdem er den Cappuccino ausgetrunken hat, die",0.5299655199050903,WE,dewiki_20180420_100d
88,89,Bleistift,23,A,und machte sich wieder an die Arbeit.,0,1.0,1,6.0,3.3,6.7,den,Bleistift,"Flink spitzte der Zeichner, der die Karikatur entwarf, den",0.5609613656997681,WE,dewiki_20180420_100d
89,90,Bleistift,23,B,und machte sich wieder an die Arbeit.,0,1.0,1,2.3,1.6,6.7,den,Bleistift,"Flink spitzte der Zeichner, der den Atlas öffnete, den",0.4629150331020355,WE,dewiki_20180420_100d
90,91,Bleistift,23,C,und machte sich wieder an die Arbeit.,0,0.0,1,6.0,3.3,1.3,den,Bleistift,"Flink knotete der Zeichner, der die Karikatur entwarf, den",0.5935729146003723,WE,dewiki_20180420_100d
91,92,Bleistift,23,D,und machte sich wieder an die Arbeit.,0,0.0,1,2.3,1.6,1.3,den,Bleistift,"Flink knotete der Zeichner, der den Atlas öffnete, den",0.48387610912323,WE,dewiki_20180420_100d
92,93,Patienten,24,A,gegen Tetanus.,0,0.25,0,6.7,2.0,6.5,den,Patienten,"Heute impft der Arzt, nachdem er die Spritze befüllt hat, den",0.5812639594078064,WE,dewiki_20180420_100d
93,94,Patienten,24,B,gegen Tetanus.,0,0.42,0,2.1,1.3,6.5,den,Patienten,"Heute impft der Arzt, nachdem er die Schublade geschlossen hat, den",0.518465518951416,WE,dewiki_20180420_100d
94,95,Patienten,24,C,gegen Tetanus.,0,0.0,0,6.7,2.0,1.5,den,Patienten,"Heute feuert der Arzt, nachdem er die Spritze befüllt hat, den",0.5402664542198181,WE,dewiki_20180420_100d
95,96,Patienten,24,D,gegen Tetanus.,0,0.0,0,2.1,1.3,1.5,den,Patienten,"Heute feuert der Arzt, nachdem er die Schublade geschlossen hat, den",0.4731235206127167,WE,dewiki_20180420_100d
96,97,Leiche,25,A,in der Leichenhalle.,0,0.75,1,6.6,1.5,7.0,die,Leiche,"Unverzüglich obduziert der Pathologe, nachdem er die Mordakte gelesen hat, die",0.6217226982116699,WE,dewiki_20180420_100d
97,98,Leiche,25,B,in der Leichenhalle.,0,0.75,1,2.6,1.2,7.0,die,Leiche,"Unverzüglich obduziert der Pathologe, nachdem er das Dokument unterschrieben hat, die",0.5771172642707825,WE,dewiki_20180420_100d
98,99,Leiche,25,C,in der Leichenhalle.,0,0.0,1,6.6,1.5,1.2,die,Leiche,"Unverzüglich pfeffert der Pathologe, nachdem er die Mordakte gelesen hat, die",0.563575029373169,WE,dewiki_20180420_100d
99,100,Leiche,25,D,in der Leichenhalle.,0,0.0,1,2.6,1.2,1.2,die,Leiche,"Unverzüglich pfeffert der Pathologe, nachdem er das Dokument unterschrieben hat, die",0.5181015133857727,WE,dewiki_20180420_100d
100,101,Buch,26,A,für den Fan.,1,1.0,1,6.7,3.3,6.7,das,Buch,"Am Nachmittag signiert der Autor, der die Geschichte erfunden hat, das",0.591887354850769,WE,dewiki_20180420_100d
101,102,Buch,26,B,für den Fan.,1,0.92,1,1.8,1.5,6.7,das,Buch,"Am Nachmittag signiert der Autor, der den Vorhang zugezogen hat, das",0.5532668828964233,WE,dewiki_20180420_100d
102,103,Buch,26,C,für den Fan.,1,0.0,1,6.7,3.3,1.3,das,Buch,"Am Nachmittag schluckt der Autor, der die Geschichte erfunden hat, das",0.5776872634887695,WE,dewiki_20180420_100d
103,104,Buch,26,D,für den Fan.,1,0.0,1,1.8,1.5,1.3,das,Buch,"Am Nachmittag schluckt der Autor, der den Vorhang zugezogen hat, das",0.5334929823875427,WE,dewiki_20180420_100d
104,105,Gäste,27,A,und überreichte ihnen die Schlüssel.,2,1.0,1,4.7,1.4,6.5,die,Gäste,"Sofort begrüßte der Hotelier, der die Koffer stapelte, die",0.6259602308273315,WE,dewiki_20180420_100d
105,106,Gäste,27,B,und überreichte ihnen die Schlüssel.,2,0.92,1,1.4,1.6,6.5,die,Gäste,"Sofort begrüßte der Hotelier, der die Fische räucherte, die",0.5946665406227112,WE,dewiki_20180420_100d
106,107,Gäste,27,C,und überreichte ihnen die Schlüssel.,2,0.0,1,4.7,1.4,1.9,die,Gäste,"Sofort feuerte der Hotelier, der die Koffer stapelte, die",0.6105725765228271,WE,dewiki_20180420_100d
107,108,Gäste,27,D,und überreichte ihnen die Schlüssel.,2,0.0,1,1.4,1.6,1.9,die,Gäste,"Sofort feuerte der Hotelier, der die Fische räucherte, die",0.5871617794036865,WE,dewiki_20180420_100d
108,109,Baum,28,A,neben der Schule.,0,0.92,1,5.9,1.3,7.0,den,Baum,"Vorsichtig fällt der Holzarbeiter, der die Säge gestartet hat, den",0.4875302314758301,WE,dewiki_20180420_100d
109,110,Baum,28,B,neben der Schule.,0,0.83,1,2.8,1.9,7.0,den,Baum,"Vorsichtig fällt der Holzarbeiter, der den Transporter geparkt hat, den",0.48273929953575134,WE,dewiki_20180420_100d
110,111,Baum,28,C,neben der Schule.,0,0.0,1,5.9,1.3,1.3,den,Baum,"Vorsichtig durchwühlt der Holzarbeiter, der die Säge gestartet hat, den",0.48600926995277405,WE,dewiki_20180420_100d
111,112,Baum,28,D,neben der Schule.,0,0.0,1,2.8,1.9,1.3,den,Baum,"Vorsichtig durchwühlt der Holzarbeiter, der den Transporter geparkt hat, den",0.4792044162750244,WE,dewiki_20180420_100d
112,113,Zigarre,29,A,und schlenderte über den Marktplatz.,2,1.0,1,6.2,3.2,6.9,die,Zigarre,"Langsam paffte der Kubaner, der den Rauchring blies, die",0.48532983660697937,WE,dewiki_20180420_100d
113,114,Zigarre,29,B,und schlenderte über den Marktplatz.,2,1.0,1,2.0,1.3,6.9,die,Zigarre,"Langsam paffte der Kubaner, der die Straßenbahn verpasste, die",0.4845332205295563,WE,dewiki_20180420_100d
114,115,Zigarre,29,C,und schlenderte über den Marktplatz.,2,0.08,1,6.2,3.2,1.5,die,Zigarre,"Langsam öffnete der Kubaner, der den Rauchring blies, die",0.4888728857040405,WE,dewiki_20180420_100d
115,116,Zigarre,29,D,und schlenderte über den Marktplatz.,2,0.08,1,2.0,1.3,1.5,die,Zigarre,"Langsam öffnete der Kubaner, der die Straßenbahn verpasste, die",0.48591408133506775,WE,dewiki_20180420_100d
116,117,Schnitzel,30,A,für das Gericht.,0,0.58,0,6.0,1.2,6.5,das,Schnitzel,"Fröhlich paniert der Koch, nachdem er die Bratkartoffeln geschält hat, das",0.7051904201507568,WE,dewiki_20180420_100d
117,118,Schnitzel,30,B,für das Gericht.,0,0.83,0,1.3,1.5,6.5,das,Schnitzel,"Fröhlich paniert der Koch, nachdem er die Ärmel hochgekrempelt hat, das",0.6164071559906006,WE,dewiki_20180420_100d
118,119,Schnitzel,30,C,für das Gericht.,0,0.0,0,6.0,1.2,1.0,das,Schnitzel,"Fröhlich baut der Koch, nachdem er die Bratkartoffeln geschält hat, das",0.6233233213424683,WE,dewiki_20180420_100d
119,120,Schnitzel,30,D,für das Gericht.,0,0.0,0,1.3,1.5,1.0,das,Schnitzel,"Fröhlich baut der Koch, nachdem er die Ärmel hochgekrempelt hat, das",0.5028419494628906,WE,dewiki_20180420_100d
120,121,Kuchen,31,A,für die Geburtstagsfeier.,1,0.92,0,6.9,5.3,5.9,den,Kuchen,"Umsichtig glasiert der Konditor, der die Backform eingefettet hat, den",0.6823577880859375,WE,dewiki_20180420_100d
121,122,Kuchen,31,B,für die Geburtstagsfeier.,1,0.42,0,5.4,1.6,5.9,den,Kuchen,"Umsichtig glasiert der Konditor, der den Tisch abgewischt hat, den",0.6435413956642151,WE,dewiki_20180420_100d
122,123,Kuchen,31,C,für die Geburtstagsfeier.,1,0.0,0,6.9,5.3,1.2,den,Kuchen,"Umsichtig durchsucht der Konditor, der die Backform eingefettet hat, den",0.6342557668685913,WE,dewiki_20180420_100d
123,124,Kuchen,31,D,für die Geburtstagsfeier.,1,0.0,0,5.4,1.6,1.2,den,Kuchen,"Umsichtig durchsucht der Konditor, der den Tisch abgewischt hat, den",0.5818578004837036,WE,dewiki_20180420_100d
124,125,Kette,32,A,und die Bremsen.,0,0.83,0,4.9,2.0,6.8,die,Kette,"Gestern ölte der Fahrradfahrer, bevor er die Bremse einstellte, die",0.4758787751197815,WE,dewiki_20180420_100d
125,126,Kette,32,B,und die Bremsen.,0,0.58,0,1.2,1.1,6.8,die,Kette,"Gestern ölte der Fahrradfahrer, bevor er die Limonade trank, die",0.5044898986816406,WE,dewiki_20180420_100d
126,127,Kette,32,C,und die Bremsen.,0,0.0,0,4.9,2.0,1.4,die,Kette,"Gestern beheizte der Fahrradfahrer, bevor er die Bremse einstellte, die",0.49049726128578186,WE,dewiki_20180420_100d
127,128,Kette,32,D,und die Bremsen.,0,0.0,0,1.2,1.1,1.4,die,Kette,"Gestern beheizte der Fahrradfahrer, bevor die Limonade trank, die",0.5201452374458313,WE,dewiki_20180420_100d
128,129,Brief,33,A,an die Agentur.,0,0.92,1,6.8,1.3,6.6,den,Brief,"Hastig frankiert der Postbeamte, der das Postamt aufgeschlossen hat, den",0.5163861513137817,WE,dewiki_20180420_100d
129,130,Brief,33,B,an die Agentur.,0,1.0,1,1.5,3.7,6.6,den,Brief,"Hastig frankiert der Postbeamte, der das Mittagessen bestellt hat, den",0.5574038028717041,WE,dewiki_20180420_100d
130,131,Brief,33,C,an die Agentur.,0,0.0,1,6.8,1.3,2.2,den,Brief,"Hastig umgeht der Postbeamte, der das Postamt aufgeschlossen hat, den",0.4739440381526947,WE,dewiki_20180420_100d
131,132,Brief,33,D,an die Agentur.,0,0.0,1,1.5,3.7,2.2,den,Brief,"Hastig umgeht der Postbeamte, der das Mittagessen bestellt hat, den",0.5281311869621277,WE,dewiki_20180420_100d
132,133,Berg,34,A,und stellt sein Zelt auf.,1,0.75,0,6.4,3.2,6.8,den,Berg,"Fröhlich erklimmt der Wanderer, nachdem er das Tal durchquert hat, den",0.6012879610061646,WE,dewiki_20180420_100d
133,134,Berg,34,B,und stellt sein Zelt auf.,1,0.92,0,1.4,1.5,6.8,den,Berg,"Fröhlich erklimmt der Wanderer, nachdem er die Stoppuhr gestartet hat, den",0.48947465419769287,WE,dewiki_20180420_100d
134,135,Berg,34,C,und stellt sein Zelt auf.,1,0.0,0,6.4,3.2,1.5,den,Berg,"Fröhlich kauft der Wanderer, nachdem er das Tal durchquert hat, den",0.5684353113174438,WE,dewiki_20180420_100d
135,136,Berg,34,D,und stellt sein Zelt auf.,1,0.0,0,1.4,1.5,1.5,den,Berg,"Fröhlich kauft der Wanderer, nachdem er die Stoppuhr gestartet hat, den",0.44493404030799866,WE,dewiki_20180420_100d
136,137,Befehl,35,A,zum Abmarsch.,0,0.92,0,6.0,7.0,6.6,den,Befehl,"Bedächtig erteilt der General, der die Rekruten kommandiert, den",0.7024031281471252,WE,dewiki_20180420_100d
137,138,Befehl,35,B,zum Abmarsch.,0,0.75,0,1.7,2.4,6.6,den,Befehl,"Bedächtig erteilt der General, der die Getränke einschenkt, den",0.5604459643363953,WE,dewiki_20180420_100d
138,139,Befehl,35,C,zum Abmarsch.,0,0.0,0,6.0,7.0,1.4,den,Befehl,"Bedächtig biegt der General, der die Rekruten kommandiert, den",0.6703951954841614,WE,dewiki_20180420_100d
139,140,Befehl,35,D,zum Abmarsch.,0,0.0,0,1.7,2.4,1.4,den,Befehl,"Bedächtig biegt der General, der die Getränke einschenkt, den",0.5334542393684387,WE,dewiki_20180420_100d
140,141,Wand,36,A,des Büros.,0,0.5,0,7.0,5.5,6.4,die,Wand,"Sofort streicht der Maler, nachdem er die Tapete angebracht hat, die",0.6290768980979919,WE,dewiki_20180420_100d
141,142,Wand,36,B,des Büros.,0,0.67,0,1.5,1.3,6.4,die,Wand,"Sofort streicht der Maler, nachdem er den Hund gefüttert hat, die",0.5401769280433655,WE,dewiki_20180420_100d
142,143,Wand,36,C,des Büros.,0,0.08,0,7.0,5.5,1.1,die,Wand,"Sofort lenkt der Maler, nachdem er die Tapete angebracht hat, die",0.6233057379722595,WE,dewiki_20180420_100d
143,144,Wand,36,D,des Büros.,0,0.0,0,1.5,1.3,1.1,die,Wand,"Sofort lenkt der Maler, nachdem er den Hund gefüttert hat, die",0.5333682894706726,WE,dewiki_20180420_100d
144,145,Hammer,37,A,auf das Metall.,0,1.0,0,6.5,1.9,5.6,den,Hammer,"Direkt schwingt der Schmied, der den Amboss aufgestellt hat, den",0.6051158905029297,WE,dewiki_20180420_100d
145,146,Hammer,37,B,auf das Metall.,0,0.83,0,2.9,3.8,5.6,den,Hammer,"Direkt schwingt der Schmied, der den Stuhl weggestellt hat, den",0.5187864303588867,WE,dewiki_20180420_100d
146,147,Hammer,37,C,auf das Metall.,0,0.0,0,6.5,1.9,1.2,den,Hammer,"Direkt speichert der Schmied, der den Amboss aufgestellt hat, den",0.5821723937988281,WE,dewiki_20180420_100d
147,148,Hammer,37,D,auf das Metall.,0,0.0,0,2.9,3.8,1.2,den,Hammer,"Direkt speichert der Schmied, der den Stuhl weggestellt hat, den",0.4904130697250366,WE,dewiki_20180420_100d
148,149,Land,38,A,im Norden.,1,0.33,0,6.6,2.5,7.0,das,Land,"Vor langer Zeit regierte der König, der die Reise unternahm, das",0.563156008720398,WE,dewiki_20180420_100d
149,150,Land,38,B,im Norden.,1,0.5,0,2.4,2.5,7.0,das,Land,"Vor langer Zeit regierte der König, der den Gesang vernahm, das",0.5505965352058411,WE,dewiki_20180420_100d
150,151,Land,38,C,im Norden.,1,0.0,0,6.6,2.5,1.2,das,Land,"Vor langer Zeit briet der König, der die Reise unternahm, das",0.5597742795944214,WE,dewiki_20180420_100d
151,152,Land,38,D,im Norden.,1,0.0,0,2.4,2.5,1.2,das,Land,"Vor langer Zeit briet der König, der den Gesang vernahm, das",0.5422009229660034,WE,dewiki_20180420_100d
152,153,Stab,39,A,und gab den Takt an.,0,0.42,1,1.9,1.6,3.0,den,Stab,"Zügig hob der Dirigent, der das Tempo wechselte, den",0.4923112094402313,WE,dewiki_20180420_100d
153,154,Stab,39,B,und gab den Takt an.,0,0.5,1,1.0,1.6,3.0,den,Stab,"Zügig hob der Dirigent, der das Gähnen unterdrückte, den",0.46561864018440247,WE,dewiki_20180420_100d
154,155,Stab,39,C,und gab den Takt an.,0,0.0,1,1.9,1.6,1.3,den,Stab,"Zügig verdrückte der Dirigent, der das Tempo wechselte, den",0.4904597997665405,WE,dewiki_20180420_100d
155,156,Stab,39,D,und gab den Takt an.,0,0.0,1,1.0,1.6,1.3,den,Stab,"Zügig verdrückte der Dirigent, der das Gähnen unterdrückte, den",0.4550820589065552,WE,dewiki_20180420_100d
156,157,Bart,40,A,des Mannes.,2,0.58,0,5.4,1.3,6.8,den,Bart,"Direkt trimmt der Herrenfriseur, nachdem er die Klinge ausgepackt hat, den",0.5190293192863464,WE,dewiki_20180420_100d
157,158,Bart,40,B,des Mannes.,2,0.25,0,1.2,1.0,6.8,den,Bart,"Direkt trimmt der Herrenfriseur, nachdem er das Wasserglas abgestellt hat, den",0.4697868824005127,WE,dewiki_20180420_100d
158,159,Bart,40,C,des Mannes.,2,0.0,0,5.4,1.3,1.7,den,Bart,"Direkt hört der Herrenfriseur, nachdem er die Klinge ausgepackt hat, den",0.5209043622016907,WE,dewiki_20180420_100d
159,160,Bart,40,D,des Mannes.,2,0.0,0,1.2,1.0,1.7,den,Bart,"Direkt hört der Herrenfriseur, nachdem er das Wasserglas abgestellt hat, den",0.47658705711364746,WE,dewiki_20180420_100d
160,161,Geschirr,41,A,und die Brettchen.,0,0.5,1,6.7,4.7,6.9,das,Geschirr,"Gestern spülte der Tellerwäscher, bevor er den Tisch wischte, das",0.5682584047317505,WE,dewiki_20180420_100d
161,162,Geschirr,41,B,und die Brettchen.,0,0.42,1,1.2,1.2,6.9,das,Geschirr,"Gestern spülte der Tellerwäscher, bevor er das Taxi rief, das",0.5147882103919983,WE,dewiki_20180420_100d
162,163,Geschirr,41,C,und die Brettchen.,0,0.0,1,6.7,4.7,1.1,das,Geschirr,"Gestern glättete der Tellerwäscher, bevor er den Tisch wischte, das",0.5701532959938049,WE,dewiki_20180420_100d
163,164,Geschirr,41,D,und die Brettchen.,0,0.0,1,1.2,1.2,1.1,das,Geschirr,"Gestern glättete der Tellerwäscher, bevor er das Taxi rief, das",0.518060028553009,WE,dewiki_20180420_100d
164,165,Schloss,42,A,und stiehlt die Wertsachen.,0,0.25,0,7.0,1.8,6.4,das,Schloss,"Im Handumdrehen knackt der Einbrecher, der den Zahlencode erraten hat, das",0.44965797662734985,WE,dewiki_20180420_100d
165,166,Schloss,42,B,und stiehlt die Wertsachen.,0,0.5,0,2.6,1.5,6.4,das,Schloss,"Im Handumdrehen knackt der Einbrecher, der die Akte durchblättert hat, das",0.49234911799430847,WE,dewiki_20180420_100d
166,167,Schloss,42,C,und stiehlt die Wertsachen.,0,0.0,0,7.0,1.8,1.6,das,Schloss,"Im Handumdrehen kopiert der Einbrecher, der den Zahlencode erraten hat, das",0.4591239094734192,WE,dewiki_20180420_100d
167,168,Schloss,42,D,und stiehlt die Wertsachen.,0,0.0,0,2.6,1.5,1.6,das,Schloss,"Im Handumdrehen kopiert der Einbrecher, der die Akte durchblättert hat, das",0.5030764937400818,WE,dewiki_20180420_100d
168,169,Zwiebeln,43,A,und den Knoblauch.,0,0.25,1,5.7,2.3,6.2,die,Zwiebeln,"Routiniert hackte der Küchengehilfe, bevor er die Suppe umrührte, die",0.5320417881011963,WE,dewiki_20180420_100d
169,170,Zwiebeln,43,B,und den Knoblauch.,0,0.33,1,1.3,1.1,6.2,die,Zwiebeln,"Routiniert hackte der Küchengehilfe, bevor er das Radio einschaltete, die",0.3597167432308197,WE,dewiki_20180420_100d
170,171,Zwiebeln,43,C,und den Knoblauch.,0,0.0,1,5.7,2.3,1.3,die,Zwiebeln,"Routiniert schraubte der Küchengehilfe, bevor er die Suppe umrührte, die",0.4957781434059143,WE,dewiki_20180420_100d
171,172,Zwiebeln,43,D,und den Knoblauch.,0,0.0,1,1.3,1.1,1.3,die,Zwiebeln,"Routiniert schraubte der Küchengehilfe, bevor er das Radio einschaltete, die",0.32349979877471924,WE,dewiki_20180420_100d
172,173,Wachs,44,A,und fuhr mit der Arbeit fort.,0,0.83,1,6.7,2.3,6.3,das,Wachs,"Umsichtig schmolz der Kerzenzieher, nachdem er den Docht gekürzt hatte, das",0.6070234775543213,WE,dewiki_20180420_100d
173,174,Wachs,44,B,und fuhr mit der Arbeit fort.,0,0.83,1,1.5,1.4,6.3,das,Wachs,"Umsichtig schmolz der Kerzenzieher, nachdem er das Nähkästchen zugeklappt hatte, das",0.592376172542572,WE,dewiki_20180420_100d
174,175,Wachs,44,C,und fuhr mit der Arbeit fort.,0,0.0,1,6.7,2.3,1.0,das,Wachs,"Umsichtig würzte der Kerzenzieher, nachdem er den Docht gekürzt hatte, das",0.5935587286949158,WE,dewiki_20180420_100d
175,176,Wachs,44,D,und fuhr mit der Arbeit fort.,0,0.0,1,1.5,1.4,1.0,das,Wachs,"Umsichtig würzte der Kerzenzieher, nachdem er das Nähkästchen zugeklappt hatte, das",0.5731284618377686,WE,dewiki_20180420_100d
176,177,Cocktail,45,A,für den Touristen.,0,0.5,0,6.2,1.4,6.9,den,Cocktail,"Gestern mixte der Barkeeper, der den Wodka geöffnet hatte, den",0.6644680500030518,WE,dewiki_20180420_100d
177,178,Cocktail,45,B,für den Touristen.,0,0.83,0,1.3,1.0,6.9,den,Cocktail,"Gestern mixte der Barkeeper, der den Boden gefegt hatte, den",0.5637190341949463,WE,dewiki_20180420_100d
178,179,Cocktail,45,C,für den Touristen.,0,0.0,0,6.2,1.4,1.6,den,Cocktail,"Gestern gründete der Barkeeper, der den Wodka geöffnet hatte, den",0.6268612146377563,WE,dewiki_20180420_100d
179,180,Cocktail,45,D,für den Touristen.,0,0.08,0,1.3,1.0,1.6,den,Cocktail,"Gestern gründete der Barkeeper, der den Boden gefegt hatte, den",0.5246945023536682,WE,dewiki_20180420_100d
180,181,Orchester,46,A,und das Streichquartett.,0,0.25,1,6.8,3.6,6.8,das,Orchester,"Am Abend dirigiert der Kapellmeister, der das Konzert eröffnet hat, das",0.6722817420959473,WE,dewiki_20180420_100d
181,182,Orchester,46,B,und das Streichquartett.,0,0.25,1,1.6,1.4,6.8,das,Orchester,"Am Abend dirigiert der Kapellmeister, der die Unterschriften gesammelt hat, das",0.6035397052764893,WE,dewiki_20180420_100d
182,183,Orchester,46,C,und das Streichquartett.,0,0.0,1,6.8,3.6,1.3,das,Orchester,"Am Abend vernichtet der Kapellmeister, der das Konzert eröffnet hat, das",0.6059942841529846,WE,dewiki_20180420_100d
183,184,Orchester,46,D,und das Streichquartett.,0,0.0,1,1.6,1.4,1.3,das,Orchester,"Am Abend vernichtet der Kapellmeister, der die Unterschriften gesammelt hat, das",0.5185709595680237,WE,dewiki_20180420_100d
184,185,Wort,47,A,und notiert es.,3,0.83,0,6.3,3.6,6.8,das,Wort,"Direkt buchstabiert der Sprachschüler, nachdem er das Buch aufgeschlagen hat, das",0.6101656556129456,WE,dewiki_20180420_100d
185,186,Wort,47,B,und notiert es.,3,0.67,0,3.0,2.7,6.8,das,Wort,"Direkt buchstabiert der Sprachschüler, nachdem er den Pausenhof verlassen hat, das",0.539308488368988,WE,dewiki_20180420_100d
186,187,Wort,47,C,und notiert es.,3,0.0,0,6.3,3.6,1.7,das,Wort,"Direkt dekoriert der Sprachschüler, nachdem er das Buch aufgeschlagen hat, das",0.553395688533783,WE,dewiki_20180420_100d
187,188,Wort,47,D,und notiert es.,3,0.0,0,3.0,2.7,1.7,das,Wort,"Direkt dekoriert der Sprachschüler, nachdem er den Pausenhof verlassen hat, das",0.4769481420516968,WE,dewiki_20180420_100d
188,189,Weide,48,A,mit einem Draht.,0,0.67,0,6.7,5.4,6.0,die,Weide,"Vorsichtig umzäunt der Schäfer, der die Schafe gehütet hat, die",0.5220529437065125,WE,dewiki_20180420_100d
189,190,Weide,48,B,mit einem Draht.,0,0.42,0,1.4,1.4,6.0,die,Weide,"Vorsichtig umzäunt der Schäfer, der das Mittagessen vergessen hat, die",0.4269799292087555,WE,dewiki_20180420_100d
190,191,Weide,48,C,mit einem Draht.,0,0.0,0,6.7,5.4,1.0,die,Weide,"Vorsichtig fälscht der Schäfer, der die Schafe gehütet hat, die",0.5032910108566284,WE,dewiki_20180420_100d
191,192,Weide,48,D,mit einem Draht.,0,0.0,0,1.4,1.4,1.0,die,Weide,"Vorsichtig fälscht der Schäfer, der das Mittagessen vergessen hat, die",0.3977261483669281,WE,dewiki_20180420_100d
192,193,Predigt,49,A,für die Gemeinde.,0,0.25,0,6.2,2.1,6.2,die,Predigt,"Nachdenklich hält der Pfarrer, nachdem er die Bibel aufgeschlagen hat, die",0.6207776665687561,WE,dewiki_20180420_100d
193,194,Predigt,49,B,für die Gemeinde.,0,0.5,0,1.6,2.9,6.2,die,Predigt,"Nachdenklich hält der Pfarrer, nachdem er die Brille aufgesetzt hat, die",0.5577645301818848,WE,dewiki_20180420_100d
194,195,Predigt,49,C,für die Gemeinde.,0,0.0,0,6.2,2.1,1.3,die,Predigt,"Nachdenklich leert der Pfarrer, nachdem er die Bibel aufgeschlagen hat, die",0.6318361759185791,WE,dewiki_20180420_100d
195,196,Predigt,49,D,für die Gemeinde.,0,0.0,0,1.6,2.9,1.3,die,Predigt,"Nachdenklich leert der Pfarrer, nachdem er die Brille aufgesetzt hat, die",0.5681262612342834,WE,dewiki_20180420_100d
196,197,Wohnung,50,A,mit neuen Möbeln.,0,0.5,0,7.0,2.7,6.8,die,Wohnung,"Unverzüglich möblierte der Vermieter, der den Mieter aufgenommen hatte, die",0.6620692014694214,WE,dewiki_20180420_100d
197,198,Wohnung,50,B,mit neuen Möbeln.,0,0.75,0,4.7,3.6,6.8,die,Wohnung,"Unverzüglich möblierte der Vermieter, der die Überweisung erhalten hatte, die",0.6384206414222717,WE,dewiki_20180420_100d
198,199,Wohnung,50,C,mit neuen Möbeln.,0,0.0,0,7.0,2.7,1.4,die,Wohnung,"Unverzüglich erntete der Vermieter, der den Mieter aufgenommen hatte, die",0.5855721831321716,WE,dewiki_20180420_100d
199,200,Wohnung,50,D,mit neuen Möbeln.,0,0.0,0,4.7,3.6,1.4,die,Wohnung,"Unverzüglich erntete der Vermieter, der die Überweisung erhalten hatte, die",0.5627001523971558,WE,dewiki_20180420_100d
200,201,Abzug,51,A,und trifft das Opfer.,2,0.5,0,3.2,4.4,5.9,den,Abzug,"Sofort betätigt der Killer, der das Ziel anvisiert hat, den",0.5240205526351929,WE,dewiki_20180420_100d
201,202,Abzug,51,B,und trifft das Opfer.,2,0.33,0,1.4,3.0,5.9,den,Abzug,"Sofort betätigt der Killer, der den Tee abgestellt hat, den",0.5312623381614685,WE,dewiki_20180420_100d
202,203,Abzug,51,C,und trifft das Opfer.,2,0.0,0,3.2,4.4,1.6,den,Abzug,"Sofort knickt der Killer, der das Ziel anvisiert hat, den",0.5385668277740479,WE,dewiki_20180420_100d
203,204,Abzug,51,D,und trifft das Opfer.,2,0.0,0,1.4,3.0,1.6,den,Abzug,"Sofort knickt der Killer, der den Tee abgestellt hat, den",0.547196626663208,WE,dewiki_20180420_100d
204,205,Paket,52,A,mit der Arbeitskleidung.,0,0.42,1,6.7,4.4,6.5,das,Paket,"Heute überbringt der Bote, als er den Empfänger angetroffen hat, das",0.5316956043243408,WE,dewiki_20180420_100d
205,206,Paket,52,B,mit der Arbeitskleidung.,0,0.33,1,3.6,1.2,6.5,das,Paket,"Heute überbringt der Bote, als er das Foyer durchquert hat, das",0.518836498260498,WE,dewiki_20180420_100d
206,207,Paket,52,C,mit der Arbeitskleidung.,0,0.0,1,6.7,4.4,1.3,das,Paket,"Heute erntet der Bote, als er den Empfänger angetroffen hat, das",0.5085734128952026,WE,dewiki_20180420_100d
207,208,Paket,52,D,mit der Arbeitskleidung.,0,0.0,1,3.6,1.2,1.3,das,Paket,"Heute erntet der Bote, als er das Foyer durchquert hat, das",0.4971581995487213,WE,dewiki_20180420_100d
208,209,Tor,53,A,und jubelte über seinen Erfolg.,3,0.92,0,6.8,3.4,6.9,das,Tor,"Schnell schoss der Fußballspieler, der das Fußballfeld überquert hatte, das",0.6528835892677307,WE,dewiki_20180420_100d
209,210,Tor,53,B,und jubelte über seinen Erfolg.,3,0.67,0,1.6,2.7,6.9,das,Tor,"Schnell schoss der Fußballspieler, der die Jacke ausgezogen hatte, das",0.5788297057151794,WE,dewiki_20180420_100d
210,211,Tor,53,C,und jubelte über seinen Erfolg.,3,0.0,0,6.8,3.4,1.5,das,Tor,"Schnell spürte der Fußballspieler, der das Fußballfeld überquert hatte, das",0.5701236128807068,WE,dewiki_20180420_100d
211,212,Tor,53,D,und jubelte über seinen Erfolg.,3,0.0,0,1.6,2.7,1.5,das,Tor,"Schnell spürte der Fußballspieler, der die Jacke ausgezogen hatte, das",0.4795885980129242,WE,dewiki_20180420_100d
212,213,Flugzeug,54,A,durch die Wolken.,0,1.0,1,7.0,1.8,5.8,das,Flugzeug,"Konzentriert steuerte der Pilot, der die Stewardess gerufen hatte, das",0.5938641428947449,WE,dewiki_20180420_100d
213,214,Flugzeug,54,B,durch die Wolken.,0,0.92,1,1.6,3.4,5.8,das,Flugzeug,"Konzentriert steuerte der Pilot, der den Krimi gelesen hatte, das",0.4973253905773163,WE,dewiki_20180420_100d
214,215,Flugzeug,54,C,durch die Wolken.,0,0.0,1,7.0,1.8,3.1,das,Flugzeug,"Konzentriert faltete der Pilot, der die Stewardess gerufen hatte, das",0.6241351962089539,WE,dewiki_20180420_100d
215,216,Flugzeug,54,D,durch die Wolken.,0,0.08,1,1.6,3.4,3.1,das,Flugzeug,"Konzentriert faltete der Pilot, der den Krimi gelesen hatte, das",0.5307924151420593,WE,dewiki_20180420_100d
216,217,Skizze,55,A,für den Bauherrn.,0,0.42,0,6.4,6.5,6.7,die,Skizze,"Rasch entwarf der Architekt, bevor er den Bauplan erstellte, die",0.488115131855011,WE,dewiki_20180420_100d
217,218,Skizze,55,B,für den Bauherrn.,0,0.25,0,4.3,4.7,6.7,die,Skizze,"Rasch entwarf der Architekt, bevor er den Vortrag schrieb, die",0.4830128252506256,WE,dewiki_20180420_100d
218,219,Skizze,55,C,für den Bauherrn.,0,0.0,0,6.4,6.5,1.2,die,Skizze,"Rasch schüttelte der Architekt, bevor er den Bauplan erstellte, die",0.46360763907432556,WE,dewiki_20180420_100d
219,220,Skizze,55,D,für den Bauherrn.,0,0.0,0,4.3,4.7,1.2,die,Skizze,"Rasch schüttelte der Architekt, bevor er den Vortrag schrieb, die",0.44738227128982544,WE,dewiki_20180420_100d
220,221,Kamin,56,A,und verlässt das Grundstück.,1,0.42,0,6.8,3.0,6.4,den,Kamin,"Geschwind kehrt der Schornsteinfeger, der den Rauch einatmet, den",0.45002904534339905,WE,dewiki_20180420_100d
221,222,Kamin,56,B,und verlässt das Grundstück.,1,0.17,0,3.0,1.3,6.4,den,Kamin,"Geschwind kehrt der Schornsteinfeger, der die Katze verscheucht, den",0.3872540295124054,WE,dewiki_20180420_100d
222,223,Kamin,56,C,und verlässt das Grundstück.,1,0.0,0,6.8,3.0,1.1,den,Kamin,"Geschwind wirft der Schornsteinfeger, der den Rauch einatmet, den",0.4633388817310333,WE,dewiki_20180420_100d
223,224,Kamin,56,D,und verlässt das Grundstück.,1,0.08,0,3.0,1.3,1.1,den,Kamin,"Geschwind wirft der Schornsteinfeger, der die Katze verscheucht, den",0.40118342638015747,WE,dewiki_20180420_100d
224,225,Wahl,57,A,zum Minister.,0,1.0,0,6.5,5.3,6.7,die,Wahl,"Vorgestern gewann der Politiker, der die Stimmen zählte, die",0.645088255405426,WE,dewiki_20180420_100d
225,226,Wahl,57,B,zum Minister.,0,0.58,0,2.8,1.6,6.7,die,Wahl,"Vorgestern gewann der Politiker, der die Hände schüttelte, die",0.573194146156311,WE,dewiki_20180420_100d
226,227,Wahl,57,C,zum Minister.,0,0.08,0,6.5,5.3,1.6,die,Wahl,"Vorgestern reparierte der Politiker, der die Stimmen zählte, die",0.6030240058898926,WE,dewiki_20180420_100d
227,228,Wahl,57,D,zum Minister.,0,0.0,0,2.8,1.6,1.6,die,Wahl,"Vorgestern reparierte der Politiker, der die Hände schüttelte, die",0.5175929069519043,WE,dewiki_20180420_100d
228,229,Foto,58,A,von der Unfallstelle.,0,0.67,0,6.7,2.1,6.7,das,Foto,"Sofort schoss der Reporter, der die Kamera bediente, das",0.5387384295463562,WE,dewiki_20180420_100d
229,230,Foto,58,B,von der Unfallstelle.,0,0.5,0,1.6,1.6,6.7,das,Foto,"Sofort schoss der Reporter, der die Zigarette rauchte, das",0.5376001596450806,WE,dewiki_20180420_100d
230,231,Foto,58,C,von der Unfallstelle.,0,0.0,0,6.7,2.1,1.7,das,Foto,"Sofort verspeiste der Reporter, der die Kamera bediente, das",0.5351520776748657,WE,dewiki_20180420_100d
231,232,Foto,58,D,von der Unfallstelle.,0,0.0,0,1.6,1.6,1.7,das,Foto,"Sofort verspeiste der Reporter, der die Zigarette rauchte, das",0.5239324569702148,WE,dewiki_20180420_100d
232,233,Programm,59,A,für seinen Boss.,0,0.5,0,6.9,5.8,6.7,das,Programm,"Unverzüglich entwickelte der Informatiker, der den Computer hochfuhr, das",0.5841175317764282,WE,dewiki_20180420_100d
233,234,Programm,59,B,für seinen Boss.,0,0.75,0,1.8,2.0,6.7,das,Programm,"Unverzüglich entwickelte der Informatiker, der den Energydrink trank, das",0.5205685496330261,WE,dewiki_20180420_100d
234,235,Programm,59,C,für seinen Boss.,0,0.0,0,6.9,5.8,4.5,das,Programm,"Unverzüglich trocknete der Informatiker, der den Computer hochfuhr, das",0.5483483672142029,WE,dewiki_20180420_100d
235,236,Programm,59,D,für seinen Boss.,0,0.0,0,1.8,2.0,4.5,das,Programm,"Unverzüglich trocknete der Informatiker, der den Energydrink trank, das",0.4763045310974121,WE,dewiki_20180420_100d
236,237,Urteil,60,A,und schloss die Verhandlung.,0,1.0,1,7.0,4.5,6.7,das,Urteil,"Nun verkündete der Richter, nachdem er den Angeklagten hereingerufen hatte, das",0.6350855827331543,WE,dewiki_20180420_100d
237,238,Urteil,60,B,und schloss die Verhandlung.,0,1.0,1,1.9,2.8,6.7,das,Urteil,"Nun verkündete der Richter, nachdem er die Lesebrille aufgesetzt hatte, das",0.5637678503990173,WE,dewiki_20180420_100d
238,239,Urteil,60,C,und schloss die Verhandlung.,0,0.0,1,7.0,4.5,1.7,das,Urteil,"Nun roch der Richter, nachdem er den Angeklagten hereingerufen hatte, das",0.5928683876991272,WE,dewiki_20180420_100d
239,240,Urteil,60,D,und schloss die Verhandlung.,0,0.0,1,1.9,2.8,1.7,das,Urteil,"Nun roch der Richter, nachdem er die Lesebrille aufgesetzt hatte, das",0.5155069828033447,WE,dewiki_20180420_100d
240,241,Prüfung,61,A,in Mathematik.,0,0.58,0,6.6,5.0,5.8,die,Prüfung,"Zunächst bestand der Student, der das Studium wiederaufnahm, die",0.4882671535015106,WE,dewiki_20180420_100d
241,242,Prüfung,61,B,in Mathematik.,0,0.25,0,2.0,1.3,5.8,die,Prüfung,"Zunächst bestand der Student, der das Jackett auszog, die",0.4106089174747467,WE,dewiki_20180420_100d
242,243,Prüfung,61,C,in Mathematik.,0,0.0,0,6.6,5.0,3.4,die,Prüfung,"Zunächst kochte der Student, der das Studium wiederaufnahm, die",0.4754127562046051,WE,dewiki_20180420_100d
243,244,Prüfung,61,D,in Mathematik.,0,0.0,0,2.0,1.3,3.4,die,Prüfung,"Zunächst kochte der Student, der das Jackett auszog, die",0.39224907755851746,WE,dewiki_20180420_100d
244,245,Lied,62,A,über die Vergangenheit.,1,0.58,1,6.3,1.3,7.0,das,Lied,"Konzentriert sang der Sänger, der das Mikrofon umklammerte, das",0.6546180248260498,WE,dewiki_20180420_100d
245,246,Lied,62,B,über die Vergangenheit.,1,0.58,1,1.9,1.5,7.0,das,Lied,"Konzentriert sang der Sänger, der den Hut abnahm, das",0.5903573036193848,WE,dewiki_20180420_100d
246,247,Lied,62,C,über die Vergangenheit.,1,0.0,1,6.3,1.3,1.1,das,Lied,"Konzentriert reparierte der Sänger, der das Mikrofon umklammerte, das",0.57956463098526,WE,dewiki_20180420_100d
247,248,Lied,62,D,über die Vergangenheit.,1,0.0,1,1.9,1.5,1.1,das,Lied,"Konzentriert reparierte der Sänger, der den Hut abnahm, das",0.5149593353271484,WE,dewiki_20180420_100d
248,249,Farbe,63,A,für den nächsten Auftrag.,0,0.92,1,6.9,3.5,6.3,die,Farbe,"Zufrieden mischte der Anstreicher, der die Pinsel gewaschen hatte, die",0.5888834595680237,WE,dewiki_20180420_100d
249,250,Farbe,63,B,für den nächsten Auftrag.,0,1.0,1,3.5,1.8,6.3,die,Farbe,"Zufrieden mischte der Anstreicher, der die Plätzchen gegessen hatte, die",0.5405992269515991,WE,dewiki_20180420_100d
250,251,Farbe,63,C,für den nächsten Auftrag.,0,0.0,1,6.9,3.5,1.4,die,Farbe,"Zufrieden würzte der Anstreicher, der die Pinsel gewaschen hatte, die",0.5920612812042236,WE,dewiki_20180420_100d
251,252,Farbe,63,D,für den nächsten Auftrag.,0,0.0,1,3.5,1.8,1.4,die,Farbe,"Zufrieden würzte der Anstreicher, der die Plätzchen gegessen hatte, die",0.538288414478302,WE,dewiki_20180420_100d
252,253,Blumen,64,A,im Blumenkasten.,0,0.58,1,6.2,5.8,7.0,die,Blumen,"Einen Moment lang gießt der Gärtner, der den Dünger verteilt hat, die",0.5060100555419922,WE,dewiki_20180420_100d
253,254,Blumen,64,B,im Blumenkasten.,0,0.5,1,2.0,1.4,7.0,die,Blumen,"Einen Moment lang gießt der Gärtner, der die Opernmusik angestellt hat, die",0.4743252396583557,WE,dewiki_20180420_100d
254,255,Blumen,64,C,im Blumenkasten.,0,0.0,1,6.2,5.8,1.7,die,Blumen,"Einen Moment lang ölt der Gärtner, der den Dünger verteilt hat, die",0.4866975247859955,WE,dewiki_20180420_100d
255,256,Blumen,64,D,im Blumenkasten.,0,0.0,1,2.0,1.4,1.7,die,Blumen,"Einen Moment lang ölt der Gärtner, der die Opernmusik angestellt hat, die",0.4522358775138855,WE,dewiki_20180420_100d
256,257,Hecke,65,A,um das Grundstück.,2,0.5,1,6.6,1.9,6.5,die,Hecke,"Gestern Nachmittag stutzte der Landschaftsgärtner, der die Gartenschere geschärft hatte, die",0.4346138834953308,WE,dewiki_20180420_100d
257,258,Hecke,65,B,um das Grundstück.,2,0.58,1,1.4,1.8,6.5,die,Hecke,"Gestern Nachmittag stutzte der Landschaftsgärtner, der die Sonnenbrille aufgesetzt hatte, die",0.4128950536251068,WE,dewiki_20180420_100d
258,259,Hecke,65,C,um das Grundstück.,2,0.0,1,6.6,1.9,1.3,die,Hecke,"Gestern Nachmittag bezahlte der Landschaftsgärtner, der die Gartenschere geschärft hatte, die",0.42519208788871765,WE,dewiki_20180420_100d
259,260,Hecke,65,D,um das Grundstück.,2,0.0,1,1.4,1.8,1.3,die,Hecke,"Gestern Nachmittag bezahlte der Landschaftsgärtner, der die Sonnenbrille aufgesetzt hatte, die",0.4042539894580841,WE,dewiki_20180420_100d
260,261,Feld,66,A,mit einem Gaul.,2,0.92,0,6.8,2.1,6.2,das,Feld,"Früher beackerte der Landwirt, der den Traktor gestartet hatte, das",0.569709062576294,WE,dewiki_20180420_100d
261,262,Feld,66,B,mit einem Gaul.,2,0.67,0,3.9,1.1,6.2,das,Feld,"Früher beackerte der Landwirt, der den Sonnenhut aufgesetzt hatte, das",0.5606931447982788,WE,dewiki_20180420_100d
262,263,Feld,66,C,mit einem Gaul.,2,0.0,0,6.8,2.1,2.5,das,Feld,"Früher kopierte der Landwirt, der den Traktor gestartet hatte, das",0.5344550609588623,WE,dewiki_20180420_100d
263,264,Feld,66,D,mit einem Gaul.,2,0.0,0,3.9,1.1,2.5,das,Feld,"Früher kopierte der Landwirt, der den Sonnenhut aufgesetzt hatte, das",0.5230231881141663,WE,dewiki_20180420_100d
264,265,Schuh,67,A,und polierte ihn.,1,0.5,0,6.4,4.1,4.9,den,Schuh,"Heute Morgen flickte der Schuster, der den Absatz ausgetauscht hatte, den",0.5338358283042908,WE,dewiki_20180420_100d
265,266,Schuh,67,B,und polierte ihn.,1,0.75,0,1.2,1.0,4.9,den,Schuh,"Heute Morgen flickte der Schuster, der die Sirene gehört hatte, den",0.5504283905029297,WE,dewiki_20180420_100d
266,267,Schuh,67,C,und polierte ihn.,1,0.0,0,6.4,4.1,1.0,den,Schuh,"Heute Morgen schmeckte der Schuster, der den Absatz ausgetauscht hatte, den",0.5333133935928345,WE,dewiki_20180420_100d
267,268,Schuh,67,D,und polierte ihn.,1,0.0,0,1.2,1.0,1.0,den,Schuh,"Heute Morgen schmeckte der Schuster, der die Sirene gehört hatte, den",0.5493422746658325,WE,dewiki_20180420_100d
268,269,Koffer,68,A,für die Kreuzfahrt.,1,0.83,0,6.6,3.5,6.9,den,Koffer,"Schnell packte der Urlauber, als er die Klamotten gefaltet hatte, den",0.5849948525428772,WE,dewiki_20180420_100d
269,270,Koffer,68,B,für die Kreuzfahrt.,1,0.5,0,1.2,1.9,6.9,den,Koffer,"Schnell packte der Urlauber, als er die Gardinen aufgezogen hatte, den",0.5693726539611816,WE,dewiki_20180420_100d
270,271,Koffer,68,C,für die Kreuzfahrt.,1,0.0,0,6.6,3.5,1.2,den,Koffer,"Schnell rührte der Urlauber, als er die Klamotten gefaltet hatte, den",0.5518481135368347,WE,dewiki_20180420_100d
271,272,Koffer,68,D,für die Kreuzfahrt.,1,0.0,0,1.2,1.9,1.2,den,Koffer,"Schnell rührte der Urlauber, als er die Gardinen aufgezogen hatte, den",0.532150387763977,WE,dewiki_20180420_100d
272,273,Honig,69,A,aus den Waben.,0,1.0,1,6.9,1.0,5.5,den,Honig,"Sorgfältig erntet der Imker, nachdem er den Bienenstock erreicht hat, den",0.5603681802749634,WE,dewiki_20180420_100d
273,274,Honig,69,B,aus den Waben.,0,0.92,1,2.8,1.1,5.5,den,Honig,"Sorgfältig erntet der Imker, nachdem er das Haus verlassen hat, den",0.5166901350021362,WE,dewiki_20180420_100d
274,275,Honig,69,C,aus den Waben.,0,0.0,1,6.9,1.0,1.2,den,Honig,"Sorgfältig näht der Imker, nachdem er den Bienenstock erreicht hat, den",0.5541927218437195,WE,dewiki_20180420_100d
275,276,Honig,69,D,aus den Waben.,0,0.0,1,2.8,1.1,1.2,den,Honig,"Sorgfältig näht der Imker, nachdem er das Haus verlassen hat, den",0.5050228834152222,WE,dewiki_20180420_100d
276,277,Gewehr,70,A,und zielt erneut.,0,0.42,1,6.4,6.1,6.0,das,Gewehr,"Vorsichtig lädt der Jäger, der die Munition verschossen hat, das",0.6018437743186951,WE,dewiki_20180420_100d
277,278,Gewehr,70,B,und zielt erneut.,0,0.5,1,1.4,1.3,6.0,das,Gewehr,"Vorsichtig lädt der Jäger, der den Campingplatz verlassen hat, das",0.4629329741001129,WE,dewiki_20180420_100d
278,279,Gewehr,70,C,und zielt erneut.,0,0.0,1,6.4,6.1,1.3,das,Gewehr,"Vorsichtig schneidet der Jäger, der die Munition verschossen hat, das",0.5873085856437683,WE,dewiki_20180420_100d
279,280,Gewehr,70,D,und zielt erneut.,0,0.0,1,1.4,1.3,1.3,das,Gewehr,"Vorsichtig schneidet der Jäger, der den Campingplatz verlassen hat, das",0.45767661929130554,WE,dewiki_20180420_100d
280,281,Mörtel,71,A,für die Mauer.,0,0.42,0,6.1,4.0,6.0,den,Mörtel,"Vorsichtig mischte der Maurer, der die Backsteine aufeinanderlegte, den",0.577314019203186,WE,dewiki_20180420_100d
281,282,Mörtel,71,B,für die Mauer.,0,0.25,0,1.4,1.0,6.0,den,Mörtel,"Vorsichtig mischte der Maurer, der die Nachbarn belauschte, den",0.4236360490322113,WE,dewiki_20180420_100d
282,283,Mörtel,71,C,für die Mauer.,0,0.0,0,6.1,4.0,1.3,den,Mörtel,"Vorsichtig schrieb der Maurer, der die Backsteine aufeinanderlegte, den",0.5470435619354248,WE,dewiki_20180420_100d
283,284,Mörtel,71,D,für die Mauer.,0,0.0,0,1.4,1.0,1.3,den,Mörtel,"Vorsichtig schrieb der Maurer, der die Nachbarn belauschte, den",0.3889264464378357,WE,dewiki_20180420_100d
284,285,Mehl,72,A,aus dem Korn.,2,0.67,0,6.9,1.4,5.9,das,Mehl,"Vorgestern mahlte der Müller, der die Mühle betrieb, das",0.5648626089096069,WE,dewiki_20180420_100d
285,286,Mehl,72,B,aus dem Korn.,2,0.5,0,1.0,1.1,5.9,das,Mehl,"Vorgestern mahlte der Müller, der das Lied pfiff, das",0.5638198256492615,WE,dewiki_20180420_100d
286,287,Mehl,72,C,aus dem Korn.,2,0.0,0,6.9,1.4,2.4,das,Mehl,"Vorgestern verzierte der Müller, der die Mühle betrieb, das",0.529244601726532,WE,dewiki_20180420_100d
287,288,Mehl,72,D,aus dem Korn.,2,0.17,0,1.0,1.1,2.4,das,Mehl,"Vorgestern verzierte der Müller, der das Lied pfiff, das",0.5111066699028015,WE,dewiki_20180420_100d
288,289,Kuh,73,A,und brachte ihr frisches Heu.,0,1.0,0,7.0,4.5,6.8,die,Kuh,"Vorsichtig melkte der Viehzüchter, nachdem er den Stall ausgemistet hatte, die",0.5571557879447937,WE,dewiki_20180420_100d
289,290,Kuh,73,B,und brachte ihr frisches Heu.,0,0.75,0,3.1,1.0,6.8,die,Kuh,"Vorsichtig melkte der Viehzüchter, nachdem er das Gemüse sortiert hatte, die",0.5519675016403198,WE,dewiki_20180420_100d
290,291,Kuh,73,C,und brachte ihr frisches Heu.,0,0.0,0,7.0,4.5,1.4,die,Kuh,"Vorsichtig kleidete der Viehzüchter, nachdem er den Stall ausgemistet hatte, die",0.5577661991119385,WE,dewiki_20180420_100d
291,292,Kuh,73,D,und brachte ihr frisches Heu.,0,0.08,0,3.1,1.0,1.4,die,Kuh,"Vorsichtig kleidete der Viehzüchter, nachdem er das Gemüse sortiert hatte, die",0.5546390414237976,WE,dewiki_20180420_100d
292,293,Bett,74,A,und das Kissen.,0,0.92,0,6.9,4.7,6.9,das,Bett,"Zuerst bezog der Hotelangestellte, nachdem er den Bezug entfaltet hatte, das",0.4861871302127838,WE,dewiki_20180420_100d
293,294,Bett,74,B,und das Kissen.,0,0.67,0,1.1,1.8,6.9,das,Bett,"Zuerst bezog der Hotelangestellte, nachdem er den Hamburger verspeist hatte, das",0.5187391638755798,WE,dewiki_20180420_100d
294,295,Bett,74,C,und das Kissen.,0,0.08,0,6.9,4.7,1.2,das,Bett,"Zuerst fälschte der Hotelangestellte, nachdem er den Bezug entfaltet hatte, das",0.4892582893371582,WE,dewiki_20180420_100d
295,296,Bett,74,D,und das Kissen.,0,0.0,0,1.1,1.8,1.2,das,Bett,"Zuerst fälschte der Hotelangestellte, nachdem er den Hamburger verspeist hatte, das",0.5194747447967529,WE,dewiki_20180420_100d
296,297,Ziel,75,A,und durchtrennt die Ziellinie.,1,0.92,0,6.0,5.8,6.6,das,Ziel,"Augenblicklich erreicht der Sprinter, der das Rennen gewinnt, das",0.6096675992012024,WE,dewiki_20180420_100d
297,298,Ziel,75,B,und durchtrennt die Ziellinie.,1,0.75,0,1.9,2.7,6.6,das,Ziel,"Augenblicklich erreicht der Sprinter, der den Wind genießt, das",0.559468686580658,WE,dewiki_20180420_100d
298,299,Ziel,75,C,und durchtrennt die Ziellinie.,1,0.0,0,6.0,5.8,1.9,das,Ziel,"Augenblicklich reinigt der Sprinter, der das Rennen gewinnt, das",0.5821915864944458,WE,dewiki_20180420_100d
299,300,Ziel,75,D,und durchtrennt die Ziellinie.,1,0.0,0,1.9,2.7,1.9,das,Ziel,"Augenblicklich reinigt der Sprinter, der den Wind genießt, das",0.5297800898551941,WE,dewiki_20180420_100d
300,301,Welle,76,A,bis zum Strand.,0,0.58,0,5.1,1.3,7.0,die,Welle,"Direkt surft der Surfer, der die Badehose angezogen hat, die",0.5639940500259399,WE,dewiki_20180420_100d
301,302,Welle,76,B,bis zum Strand.,0,0.42,0,3.2,1.3,7.0,die,Welle,"Direkt surft der Surfer, der den Tagesausflug unternommen hat, die",0.5149703621864319,WE,dewiki_20180420_100d
302,303,Welle,76,C,bis zum Strand.,0,0.0,0,5.1,1.3,1.5,die,Welle,"Direkt reserviert der Surfer, der die Badehose angezogen hat, die",0.5725480318069458,WE,dewiki_20180420_100d
303,304,Welle,76,D,bis zum Strand.,0,0.0,0,3.2,1.3,1.5,die,Welle,"Direkt reserviert der Surfer, der den Tagesausflug unternommen hat, die",0.5180913209915161,WE,dewiki_20180420_100d
304,305,Fahrkarten,77,A,der Pendler.,0,0.5,1,6.7,3.3,6.6,die,Fahrkarten,"Gut gelaunt kontrollierte der Schaffner, der das Zugabteil betreten hatte, die",0.48918262124061584,WE,dewiki_20180420_100d
305,306,Fahrkarten,77,B,der Pendler.,0,0.42,1,2.8,2.4,6.6,die,Fahrkarten,"Gut gelaunt kontrollierte der Schaffner, der die Mittagspause beendet hatte, die",0.4568479359149933,WE,dewiki_20180420_100d
306,307,Fahrkarten,77,C,der Pendler.,0,0.0,1,6.7,3.3,1.3,die,Fahrkarten,"Gut gelaunt zitierte der Schaffner, der das Zugabteil betreten hatte, die",0.4731441140174866,WE,dewiki_20180420_100d
307,308,Fahrkarten,77,D,der Pendler.,0,0.0,1,2.8,2.4,1.3,die,Fahrkarten,"Gut gelaunt zitierte der Schaffner, der die Mittagspause beendet hatte, die",0.44226720929145813,WE,dewiki_20180420_100d
308,309,Leitung,78,A,im Gebäude.,0,0.5,1,6.8,4.5,6.2,die,Leitung,"Am Mittag verlegte der Elektriker, nachdem er den Strom abgeschaltet hatte, die",0.5094945430755615,WE,dewiki_20180420_100d
309,310,Leitung,78,B,im Gebäude.,0,0.41,1,2.2,3.4,6.2,die,Leitung,"Am Mittag verlegte der Elektriker, nachdem er den Anwohner informiert hatte, die",0.504084587097168,WE,dewiki_20180420_100d
310,311,Leitung,78,C,im Gebäude.,0,0.0,1,6.8,4.5,1.5,die,Leitung,"Am Mittag verfasste der Elektriker, nachdem er den Strom abgeschaltet hatte, die",0.5217466354370117,WE,dewiki_20180420_100d
311,312,Leitung,78,D,im Gebäude.,0,0.0,1,2.2,3.4,1.5,die,Leitung,"Am Mittag verfasste der Elektriker, nachdem er den Anwohner informiert hatte, die",0.513112485408783,WE,dewiki_20180420_100d
312,313,Segel,79,A,des großen Bootes.,3,0.42,1,5.5,4.4,5.8,die,Segel,"Langsam hisst der Matrose, nachdem er die Taue gekappt hat, die",0.5943132638931274,WE,dewiki_20180420_100d
313,314,Segel,79,B,des großen Bootes.,3,0.42,1,2.2,2.7,5.8,die,Segel,"Langsam hisst der Matrose, nachdem er die Handschuhe angezogen hat, die",0.5826194882392883,WE,dewiki_20180420_100d
314,315,Segel,79,C,des großen Bootes.,3,0.0,1,5.5,4.4,1.9,die,Segel,"Langsam verzehrt der Matrose, nachdem er die Taue gekappt hat, die",0.5586524605751038,WE,dewiki_20180420_100d
315,316,Segel,79,D,des großen Bootes.,3,0.0,1,2.2,2.7,1.9,die,Segel,"Langsam verzehrt der Matrose, nachdem er die Handschuhe angezogen hat, die",0.5427674055099487,WE,dewiki_20180420_100d
316,317,Gläser,80,A,und spricht mit dem Kollegen.,0,0.67,1,5.2,1.4,5.8,die,Gläser,"Direkt entspiegelt der Optiker, nachdem er den Sehtest durchgeführt hat, die",0.5302276611328125,WE,dewiki_20180420_100d
317,318,Gläser,80,B,und spricht mit dem Kollegen.,0,0.67,1,1.5,5.0,5.8,die,Gläser,"Direkt entspiegelt der Optiker, nachdem er die Jahresabrechnung aufgestellt hat, die",0.517553985118866,WE,dewiki_20180420_100d
318,319,Gläser,80,C,und spricht mit dem Kollegen.,0,0.0,1,5.2,1.4,4.3,die,Gläser,"Direkt verschließt der Optiker, nachdem er den Sehtest durchgeführt hat, die",0.4953347146511078,WE,dewiki_20180420_100d
319,320,Gläser,80,D,und spricht mit dem Kollegen.,0,0.0,1,1.5,5.0,4.3,die,Gläser,"Direkt verschließt der Optiker, nachdem er die Jahresabrechnung aufgestellt hat, die",0.4810945391654968,WE,dewiki_20180420_100d
320,321,Korb,81,A,und holt einen Punkt.,0,0.83,0,6.0,4.8,4.8,den,Korb,"Auf der Stelle wirft der Basketballer, der den Ball gedribbelt hat, den",0.5364896655082703,WE,dewiki_20180420_100d
321,322,Korb,81,B,und holt einen Punkt.,0,0.5,0,2.9,1.8,4.8,den,Korb,"Auf der Stelle wirft der Basketballer, der die Sitzbank verlassen hat, den",0.5149028301239014,WE,dewiki_20180420_100d
322,323,Korb,81,C,und holt einen Punkt.,0,0.0,0,6.0,4.8,1.8,den,Korb,"Auf der Stelle bucht der Basketballer, der den Ball gedribbelt hat, den",0.5086188912391663,WE,dewiki_20180420_100d
323,324,Korb,81,D,und holt einen Punkt.,0,0.0,0,2.9,1.8,1.8,den,Korb,"Auf der Stelle bucht der Basketballer, der die Sitzbank verlassen hat, den",0.48631879687309265,WE,dewiki_20180420_100d
324,325,Muschel,82,A,und holt die Perle.,0,0.92,0,6.2,1.5,4.2,die,Muschel,"Ohne zu zögern knackt der Perlentaucher, der den Meeresgrund erreicht hat, die",0.4459313154220581,WE,dewiki_20180420_100d
325,326,Muschel,82,B,und holt die Perle.,0,0.75,0,1.0,1.2,4.2,die,Muschel,"Ohne zu zögern knackt der Perlentaucher, der die Taschenlampe angemacht hat, die",0.4452436864376068,WE,dewiki_20180420_100d
326,327,Muschel,82,C,und holt die Perle.,0,0.0,0,6.2,1.5,1.4,die,Muschel,"Ohne zu zögern verknotet der Perlentaucher, die den Meeresgrund erreicht hat, die",0.4762268364429474,WE,dewiki_20180420_100d
327,328,Muschel,82,D,und holt die Perle.,0,0.0,0,1.0,1.2,1.4,die,Muschel,"Ohne zu zögern verknotet der Perlentaucher, der die Taschenlampe angemacht hat, die",0.47991877794265747,WE,dewiki_20180420_100d
328,329,Bogen,83,A,und feuert den Pfeil ab.,0,1.0,0,7.0,2.1,6.7,den,Bogen,"Umsichtig spannt der Schütze, der den Pfeil gespitzt hat, den",0.6879363656044006,WE,dewiki_20180420_100d
329,330,Bogen,83,B,und feuert den Pfeil ab.,0,0.67,0,1.5,1.2,6.7,den,Bogen,"Umsichtig spannt der Schütze, der das Laub zusammengekehrt hat, den",0.6173829436302185,WE,dewiki_20180420_100d
330,331,Bogen,83,C,und feuert den Pfeil ab.,0,0.08,0,7.0,2.1,1.2,den,Bogen,"Umsichtig tippt der Schütze, der den Pfeil gespitzt hat, den",0.6549587845802307,WE,dewiki_20180420_100d
331,332,Bogen,83,D,und feuert den Pfeil ab.,0,0.0,0,1.5,1.2,1.2,den,Bogen,"Umsichtig tippt der Schütze, der das Laub zusammengekehrt hat, den",0.5904651284217834,WE,dewiki_20180420_100d
332,333,Ziegel,84,A,und beendete den Arbeitstag.,0,0.58,1,7.0,4.8,4.2,die,Ziegel,"Schnell verlegte der Dachdecker, der das Dach abdeckte, die",0.5544372200965881,WE,dewiki_20180420_100d
333,334,Ziegel,84,B,und beendete den Arbeitstag.,0,0.5,1,1.2,1.6,4.2,die,Ziegel,"Schnell verlegte der Dachdecker, der den Ehering auszog, die",0.5109537839889526,WE,dewiki_20180420_100d
334,335,Ziegel,84,C,und beendete den Arbeitstag.,0,0.0,1,7.0,4.8,1.0,die,Ziegel,"Schnell naschte der Dachdecker, der das Dach abdeckte, die",0.5617551803588867,WE,dewiki_20180420_100d
335,336,Ziegel,84,D,und beendete den Arbeitstag.,0,0.0,1,1.2,1.6,1.0,die,Ziegel,"Schnell naschte der Dachdecker, der den Ehering auszog, die",0.5115025043487549,WE,dewiki_20180420_100d
336,337,Kartons,85,A,und die Kisten.,0,0.58,1,6.5,1.9,5.5,die,Kartons,"Zuerst stapelt der Umzugshelfer, der den Umzugswagen gefahren hat, die",0.5060747265815735,WE,dewiki_20180420_100d
337,338,Kartons,85,B,und die Kisten.,0,0.67,1,4.4,1.1,5.5,die,Kartons,"Zuerst stapelt der Umzugshelfer, der die Firma gegründet hat, die",0.4718376696109772,WE,dewiki_20180420_100d
338,339,Kartons,85,C,und die Kisten.,0,0.0,1,6.5,1.9,2.0,die,Kartons,"Zuerst serviert der Umzugshelfer, der den Umzugswagen gefahren hat, die",0.4844414293766022,WE,dewiki_20180420_100d
339,340,Kartons,85,D,und die Kisten.,0,0.0,1,4.4,1.1,2.0,die,Kartons,"Zuerst serviert der Umzugshelfer, der die Firma gegründet hat, die",0.45258647203445435,WE,dewiki_20180420_100d
340,341,Unterricht,86,A,und wurde erwischt.,2,0.5,0,7.0,5.9,6.7,den,Unterricht,"Heute früh schwänzte der Schüler, der die Klasse wiederholt hatte, den",0.5898562669754028,WE,dewiki_20180420_100d
341,342,Unterricht,86,B,und wurde erwischt.,2,0.33,0,3.8,1.8,6.7,den,Unterricht,"Heute früh schwänzte der Schüler, der das Handy verloren hatte, den",0.5663618445396423,WE,dewiki_20180420_100d
342,343,Unterricht,86,C,und wurde erwischt.,2,0.0,0,7.0,5.9,1.7,den,Unterricht,"Heute früh dekorierte der Schüler, der die Klasse wiederholt hatte, den",0.5414503216743469,WE,dewiki_20180420_100d
343,344,Unterricht,86,D,und wurde erwischt.,2,0.0,0,3.8,1.8,1.7,den,Unterricht,"Heute früh dekorierte der Schüler, der das Handy verloren hatte, den",0.5203321576118469,WE,dewiki_20180420_100d
344,345,Ausweis,87,A,und ließ die Frau in den Club.,0,0.33,1,6.4,3.3,6.6,den,Ausweis,"Am Abend kontrollierte der Türsteher, der den Geldbeutel durchsuchte, den",0.5447765588760376,WE,dewiki_20180420_100d
345,346,Ausweis,87,B,und ließ die Frau in den Club.,0,0.25,1,2.0,1.2,6.6,den,Ausweis,"Am Abend kontrollierte der Türsteher, der die Nachtluft genoss, den",0.45991435647010803,WE,dewiki_20180420_100d
346,347,Ausweis,87,C,und ließ die Frau in den Club.,0,0.0,1,6.4,3.3,1.5,den,Ausweis,"Am Abend probierte der Türsteher, der den Geldbeutel durchsuchte, den",0.510680079460144,WE,dewiki_20180420_100d
347,348,Ausweis,87,D,und ließ die Frau in den Club.,0,0.0,1,2.0,1.2,1.5,den,Ausweis,"Am Abend probierte der Türsteher, der die Nachtluft genoss, den",0.4256936013698578,WE,dewiki_20180420_100d
348,349,Windel,88,A,und warf sie in den Abfall.,0,0.92,1,6.7,2.4,6.5,die,Windel,"Umsichtig wechselte der Babysitter, der das Baby geweckt hatte, die",0.4789382517337799,WE,dewiki_20180420_100d
349,350,Windel,88,B,und warf sie in den Abfall.,0,0.83,1,1.0,1.1,6.5,die,Windel,"Umsichtig wechselte der Babysitter, der den Obstsalat zubereitet hatte, die",0.4741787612438202,WE,dewiki_20180420_100d
350,351,Windel,88,C,und warf sie in den Abfall.,0,0.08,1,6.7,2.4,1.5,die,Windel,"Umsichtig bastelte der Babysitter, der das Baby geweckt hatte, die",0.5284059643745422,WE,dewiki_20180420_100d
351,352,Windel,88,D,und warf sie in den Abfall.,0,0.0,1,1.0,1.1,1.5,die,Windel,"Umsichtig bastelte der Babysitter, der den Obstsalat zubereitet hatte, die",0.5226930379867554,WE,dewiki_20180420_100d
352,353,Gewichte,89,A,in die Höhe.,0,0.5,1,6.7,1.6,6.7,die,Gewichte,"Langsam stemmte der Bodybuilder, der das Fitnessstudio betreten hatte, die",0.46239057183265686,WE,dewiki_20180420_100d
353,354,Gewichte,89,B,in die Höhe.,0,0.42,1,1.7,2.0,6.7,die,Gewichte,"Langsam stemmte der Bodybuilder, der das Licht angemacht hatte, die",0.4878537654876709,WE,dewiki_20180420_100d
354,355,Gewichte,89,C,in die Höhe.,0,0.0,1,6.7,1.6,2.0,die,Gewichte,"Langsam verdaute der Bodybuilder, der das Fitnessstudio betreten hatte, die",0.4559122920036316,WE,dewiki_20180420_100d
355,356,Gewichte,89,D,in die Höhe.,0,0.0,1,1.7,2.0,2.0,die,Gewichte,"Langsam verdaute der Bodybuilder, der das Licht angemacht hatte, die",0.4770527780056,WE,dewiki_20180420_100d
356,357,Rohr,90,A,im Badezimmer.,0,0.17,1,6.4,1.5,5.5,das,Rohr,"Umsichtig repariert der Klempner, der das Wasser ausgestellt hat, das",0.5340566039085388,WE,dewiki_20180420_100d
357,358,Rohr,90,B,im Badezimmer.,0,0.25,1,1.3,4.6,5.5,das,Rohr,"Umsichtig repariert der Klempner, der den Kirchenchor geleitet hat, das",0.5185577273368835,WE,dewiki_20180420_100d
358,359,Rohr,90,C,im Badezimmer.,0,0.0,1,6.4,1.5,1.1,das,Rohr,"Umsichtig nascht der Klempner, der das Wasser ausgestellt hat, das",0.5346047282218933,WE,dewiki_20180420_100d
359,360,Rohr,90,D,im Badezimmer.,0,0.0,1,1.3,4.6,1.1,das,Rohr,"Umsichtig nascht der Klempner, der den Kirchenchor geleitet hat, das",0.5190419554710388,WE,dewiki_20180420_100d
360,361,Artikel,91,A,für die nächste Ausgabe.,0,0.5,0,6.4,1.5,6.1,den,Artikel,"Schnell schreibt der Journalist, der die Recherche durchgeführt hat, den",0.5401129126548767,WE,dewiki_20180420_100d
361,362,Artikel,91,B,für die nächste Ausgabe.,0,0.25,0,2.5,5.4,6.1,den,Artikel,"Schnell schreibt der Journalist, der das Portemonnaie gefunden hat, den",0.5236960053443909,WE,dewiki_20180420_100d
362,363,Artikel,91,C,für die nächste Ausgabe.,0,0.0,0,6.4,1.5,2.3,den,Artikel,"Schnell lenkt der Journalist, der die Recherche durchgeführt hat, den",0.48655080795288086,WE,dewiki_20180420_100d
363,364,Artikel,91,D,für die nächste Ausgabe.,0,0.0,0,2.5,5.4,2.3,den,Artikel,"Schnell lenkt der Journalist, der das Portemonnaie gefunden hat, den",0.46674880385398865,WE,dewiki_20180420_100d
364,365,Reifen,92,A,an seinem Rad.,0,0.67,1,6.8,4.1,6.7,den,Reifen,"Heute Morgen flickte der Radler, der die Luftpumpe benutzt hatte, den",0.5163509845733643,WE,dewiki_20180420_100d
365,366,Reifen,92,B,an seinem Rad.,0,0.67,1,1.2,1.8,6.7,den,Reifen,"Heute Morgen flickte der Radler, der den Schrank abgeschlossen hatte, den",0.4872438907623291,WE,dewiki_20180420_100d
366,367,Reifen,92,C,an seinem Rad.,0,0.0,1,6.8,4.1,1.1,den,Reifen,"Heute Morgen trank der Radler, der die Luftpumpe benutzt hatte, den",0.5118765830993652,WE,dewiki_20180420_100d
367,368,Reifen,92,D,an seinem Rad.,0,0.0,1,1.2,1.8,1.1,den,Reifen,"Heute Morgen trank der Radler, der den Schrank abgeschlossen hatte, den",0.48588770627975464,WE,dewiki_20180420_100d
368,369,Briefkasten,93,A,und fährt weiter.,2,0.58,1,6.2,1.3,6.3,den,Briefkasten,"Umgehend entleert der Postbote, der das Postauto geparkt hat, den",0.591265857219696,WE,dewiki_20180420_100d
369,370,Briefkasten,93,B,und fährt weiter.,2,0.58,1,2.5,2.0,6.3,den,Briefkasten,"Umgehend entleert der Postbote, der den Kugelschreiber verloren hat, den",0.5916469097137451,WE,dewiki_20180420_100d
370,371,Briefkasten,93,C,und fährt weiter.,2,0.0,1,6.2,1.3,1.1,den,Briefkasten,"Umgehend verdrückt der Postbote, der das Postauto geparkt hat, den",0.5847867131233215,WE,dewiki_20180420_100d
371,372,Briefkasten,93,D,und fährt weiter.,2,0.0,1,2.5,2.0,1.1,den,Briefkasten,"Umgehend verdrückt der Postbote, der den Kugelschreiber verloren hat, den",0.5765795707702637,WE,dewiki_20180420_100d
372,373,Drogen,94,A,für die nächste Woche.,0,0.5,1,6.8,2.2,4.7,die,Drogen,"Hektisch kauft der Junkie, der den Dealer angerufen hat, die",0.607225239276886,WE,dewiki_20180420_100d
373,374,Drogen,94,B,für die nächste Woche.,0,0.5,1,2.1,2.2,4.7,die,Drogen,"Hektisch kauft der Junkie, der die Kapuze aufgezogen hat, die",0.5603801608085632,WE,dewiki_20180420_100d
374,375,Drogen,94,C,für die nächste Woche.,0,0.0,1,6.8,2.2,1.1,die,Drogen,"Hektisch näht der Junkie, der den Dealer angerufen hat, die",0.6016137003898621,WE,dewiki_20180420_100d
375,376,Drogen,94,D,für die nächste Woche.,0,0.08,1,2.1,2.2,1.1,die,Drogen,"Hektisch näht der Junkie, der die Kapuze aufgezogen hat, die",0.5483822822570801,WE,dewiki_20180420_100d
376,377,Tonne,95,A,und sprang auf den Müllwagen.,0,0.75,1,6.4,1.8,5.8,die,Tonne,"Zügig leerte der Müllmann, der den Müllwagen geparkt hatte, die",0.5028647184371948,WE,dewiki_20180420_100d
377,378,Tonne,95,B,und sprang auf den Müllwagen.,0,0.75,1,4.2,1.1,5.8,die,Tonne,"Zügig leerte der Müllmann, der den Hausbesitzer gegrüßt hatte, die",0.4822578728199005,WE,dewiki_20180420_100d
378,379,Tonne,95,C,und sprang auf den Müllwagen.,0,0.0,1,6.4,1.8,1.8,die,Tonne,"Zügig bastelte der Müllmann, der den Müllwagen geparkt hatte, die",0.46958738565444946,WE,dewiki_20180420_100d
379,380,Tonne,95,D,und sprang auf den Müllwagen.,0,0.0,1,4.2,1.1,1.8,die,Tonne,"Zügig bastelte der Müllmann, der den Hausbesitzer gegrüßt hatte, die",0.44708603620529175,WE,dewiki_20180420_100d
380,381,Peitsche,96,A,und gab die Sporen.,2,0.58,1,6.0,5.6,5.8,die,Peitsche,"Hektisch knallte der Reiter, der das Pferd ritt, die",0.5719900131225586,WE,dewiki_20180420_100d
381,382,Peitsche,96,B,und gab die Sporen.,2,0.5,1,1.2,1.2,5.8,die,Peitsche,"Hektisch knallte der Reiter, der die Landschaft durchquerte, die",0.4765721559524536,WE,dewiki_20180420_100d
382,383,Peitsche,96,C,und gab die Sporen.,2,0.0,1,6.0,5.6,1.1,die,Peitsche,"Hektisch verfasste der Reiter, der das Pferd ritt, die",0.5647692084312439,WE,dewiki_20180420_100d
383,384,Peitsche,96,D,und gab die Sporen.,2,0.0,1,1.2,1.2,1.1,die,Peitsche,"Hektisch verfasste der Reiter, der die Landschaft durchquerte, die",0.4595673382282257,WE,dewiki_20180420_100d
384,385,Waffe,97,A,und verlangte das Geld.,0,0.58,1,3.9,6.5,6.1,die,Waffe,"Nach kurzem Überlegen zückte der Gangster, der die Bank überfiel, die",0.5867136716842651,WE,dewiki_20180420_100d
385,386,Waffe,97,B,und verlangte das Geld.,0,0.58,1,1.3,1.1,6.1,die,Waffe,"Nach kurzem Überlegen zückte der Gangster, der den Bus betrat, die",0.5762055516242981,WE,dewiki_20180420_100d
386,387,Waffe,97,C,und verlangte das Geld.,0,0.0,1,3.9,6.5,1.4,die,Waffe,"Nach kurzem Überlegen gründete der Gangster, der die Bank überfiel, die",0.5305081605911255,WE,dewiki_20180420_100d
387,388,Waffe,97,D,und verlangte das Geld.,0,0.0,1,1.3,1.1,1.4,die,Waffe,"Nach kurzem Überlegen gründete der Gangster, der den Bus betrat, die",0.5179924368858337,WE,dewiki_20180420_100d
388,389,Schiff,98,A,und übernahm das Kommando.,0,0.92,1,6.2,5.1,6.8,das,Schiff,"Zufrieden kaperte der Pirat, der die Flagge hisste, das",0.6636366844177246,WE,dewiki_20180420_100d
389,390,Schiff,98,B,und übernahm das Kommando.,0,0.92,1,2.3,1.4,6.8,das,Schiff,"Zufrieden kaperte der Pirat, der die Fehde austrug, das",0.5862149000167847,WE,dewiki_20180420_100d
390,391,Schiff,98,C,und übernahm das Kommando.,0,0.0,1,6.2,5.1,1.1,das,Schiff,"Zufrieden verrührte der Pirat, der die Flagge hisste, das",0.6025993227958679,WE,dewiki_20180420_100d
391,392,Schiff,98,D,und übernahm das Kommando.,0,0.0,1,2.3,1.4,1.1,das,Schiff,"Zufrieden verrührte der Pirat, der die Fehde austrug, das",0.5095905661582947,WE,dewiki_20180420_100d
392,393,Aktie,99,A,und berichtet seinem Auftraggeber.,0,0.75,1,6.9,1.1,6.5,die,Aktie,"Sofort kauft der Börsenmakler, der die Börse betreten hat, die",0.529733419418335,WE,dewiki_20180420_100d
393,394,Aktie,99,B,und berichtet seinem Auftraggeber.,0,0.83,1,1.4,1.6,6.5,die,Aktie,"Sofort kauft der Börsenmakler, der den Whiskey eingeschenkt hat, die",0.494000643491745,WE,dewiki_20180420_100d
394,395,Aktie,99,C,und berichtet seinem Auftraggeber.,0,0.0,1,6.9,1.1,1.4,die,Aktie,"Sofort knabbert der Börsenmakler, der die Börse betreten hat, die",0.47738730907440186,WE,dewiki_20180420_100d
395,396,Aktie,99,D,und berichtet seinem Auftraggeber.,0,0.0,1,1.4,1.6,1.4,die,Aktie,"Sofort knabbert der Börsenmakler, der den Whiskey eingeschenkt hat, die",0.439632773399353,WE,dewiki_20180420_100d
396,397,Loch,100,A,in die Decke.,0,1.0,0,6.5,2.0,6.9,das,Loch,"Gestern bohrte der Handwerker, der die Bohrmaschine hielt, das",0.5198304057121277,WE,dewiki_20180420_100d
397,398,Loch,100,B,in die Decke.,0,0.75,0,1.4,1.7,6.9,das,Loch,"Gestern bohrte der Handwerker, der das Kaugummi kaute, das",0.5534400343894958,WE,dewiki_20180420_100d
398,399,Loch,100,C,in die Decke.,0,0.0,0,6.5,2.0,3.9,das,Loch,"Gestern warf der Handwerker, der die Bohrmaschine hielt, das",0.4701167345046997,WE,dewiki_20180420_100d
399,400,Loch,100,D,in die Decke.,0,0.0,0,1.4,1.7,3.9,das,Loch,"Gestern warf der Handwerker, der das Kaugummi kaute, das",0.5085218548774719,WE,dewiki_20180420_100d
400,401,Blutdruck,101,A,und den Blutzucker.,3,0.58,1,6.8,1.6,6.7,den,Blutdruck,"Am Morgen misst der Arzthelfer, der das Messgerät hält, den",0.487399160861969,WE,dewiki_20180420_100d
401,402,Blutdruck,101,B,und den Blutzucker.,3,0.58,1,2.3,1.6,6.7,den,Blutdruck,"Am Morgen misst der Arzthelfer, der den Bildschirm anstellt, den",0.468087762594223,WE,dewiki_20180420_100d
402,403,Blutdruck,101,C,und den Blutzucker.,3,0.0,1,6.8,1.6,1.4,den,Blutdruck,"Am Morgen kauft der Arzthelfer, der das Messgerät hält, den",0.46058982610702515,WE,dewiki_20180420_100d
403,404,Blutdruck,101,D,und den Blutzucker.,3,0.0,1,2.3,1.6,1.4,den,Blutdruck,"Am Morgen kauft der Arzthelfer, der den Bildschirm anstellt, den",0.43516942858695984,WE,dewiki_20180420_100d
404,405,Tuch,102,A,und machte sich bereit.,0,0.67,0,6.3,3.5,2.7,das,Tuch,"Konzentriert schwang der Torero, der den Stier verwundet hatte, das",0.5466370582580566,WE,dewiki_20180420_100d
405,406,Tuch,102,B,und machte sich bereit.,0,0.83,0,4.1,1.8,2.7,das,Tuch,"Konzentriert schwang der Torero, der das Gebet aufgesagt hatte, das",0.5588921904563904,WE,dewiki_20180420_100d
406,407,Tuch,102,C,und machte sich bereit.,0,0.0,0,6.3,3.5,2.6,das,Tuch,"Konzentriert befüllte der Torero, der den Stier verwundet hatte, das",0.5734100937843323,WE,dewiki_20180420_100d
407,408,Tuch,102,D,und machte sich bereit.,0,0.0,0,4.1,1.8,2.6,das,Tuch,"Konzentriert befüllte der Torero, der das Gebet aufgesagt hatte, das",0.5812880396842957,WE,dewiki_20180420_100d
408,409,Schwert,103,A,und griff den Gegner an.,0,0.92,1,6.2,1.5,5.9,das,Schwert,"Angespannt zückte der Ritter, nachdem er den Kampf begonnen hatte, das",0.5465921759605408,WE,dewiki_20180420_100d
409,410,Schwert,103,B,und griff den Gegner an.,0,0.92,1,1.1,1.0,5.9,das,Schwert,"Angespannt zückte der Ritter, nachdem er die Brücke überquert hatte, das",0.5294337272644043,WE,dewiki_20180420_100d
410,411,Schwert,103,C,und griff den Gegner an.,0,0.0,1,6.2,1.5,1.1,das,Schwert,"Angespannt kaute der Ritter, nachdem er den Kampf begonnen hatte, das",0.5102893710136414,WE,dewiki_20180420_100d
411,412,Schwert,103,D,und griff den Gegner an.,0,0.08,1,1.1,1.0,1.1,das,Schwert,"Angespannt kaute der Ritter, nachdem er die Brücke überquert hatte, das",0.49180105328559875,WE,dewiki_20180420_100d
412,413,Rettungswagen,104,A,in Richtung des Krankenhauses.,0,0.75,0,6.8,2.6,4.7,den,Rettungswagen,"Wachsam steuert der Sanitäter, der das Blaulicht eingeschaltet hat, den",0.6268588304519653,WE,dewiki_20180420_100d
413,414,Rettungswagen,104,B,in Richtung des Krankenhauses.,0,0.58,0,1.3,1.2,4.7,den,Rettungswagen,"Wachsam steuert der Sanitäter, der den Notizblock weggelegt hat, den",0.5593807697296143,WE,dewiki_20180420_100d
414,415,Rettungswagen,104,C,in Richtung des Krankenhauses.,0,0.0,0,6.8,2.6,1.0,den,Rettungswagen,"Wachsam kopiert der Sanitäter, der das Blaulicht eingeschaltet hat, den",0.6024894118309021,WE,dewiki_20180420_100d
415,416,Rettungswagen,104,D,in Richtung des Krankenhauses.,0,0.0,0,1.3,1.2,1.0,den,Rettungswagen,"Wachsam kopiert der Sanitäter, der den Notizblock weggelegt hat, den",0.5278058648109436,WE,dewiki_20180420_100d
416,417,Aussage,105,A,und wendete sich an seinen Anwalt.,0,1.0,0,6.4,3.5,6.3,die,Aussage,"Ohne zu zögern verweigerte der Zeuge, der den Angeklagten wiedererkannte, die",0.6757881045341492,WE,dewiki_20180420_100d
417,418,Aussage,105,B,und wendete sich an seinen Anwalt.,0,0.83,0,1.1,1.6,6.3,die,Aussage,"Ohne zu zögern verweigerte der Zeuge, der den Gehstock umklammerte, die",0.6057128310203552,WE,dewiki_20180420_100d
418,419,Aussage,105,C,und wendete sich an seinen Anwalt.,0,0.0,0,6.4,3.5,2.6,die,Aussage,"Ohne zu zögern bestellte der Zeuge, der den Angeklagten wiedererkannte, die",0.6697525382041931,WE,dewiki_20180420_100d
419,420,Aussage,105,D,und wendete sich an seinen Anwalt.,0,0.0,0,1.1,1.6,2.6,die,Aussage,"Ohne zu zögern bestellte der Zeuge, der den Gehstock umklammerte, die",0.6008561849594116,WE,dewiki_20180420_100d
420,421,Schlittschuhe,106,A,und begibt sich auf die Eisfläche.,2,1.0,0,6.7,2.0,6.1,die,Schlittschuhe,"Sogleich schnürt der Eiskunstläufer, der die Eishalle erreicht hat, die",0.5876474976539612,WE,dewiki_20180420_100d
421,422,Schlittschuhe,106,B,und begibt sich auf die Eisfläche.,2,0.75,0,1.5,1.1,6.1,die,Schlittschuhe,"Sogleich schnürt der Eiskunstläufer, der das Bonbon gelutscht hat, die",0.5559906959533691,WE,dewiki_20180420_100d
422,423,Schlittschuhe,106,C,und begibt sich auf die Eisfläche.,2,0.0,0,6.7,2.0,1.6,die,Schlittschuhe,"Sogleich zerbricht der Eiskunstläufer, der die Eishalle erreicht hat, die",0.5689998269081116,WE,dewiki_20180420_100d
423,424,Schlittschuhe,106,D,und begibt sich auf die Eisfläche.,2,0.08,0,1.5,1.1,1.6,die,Schlittschuhe,"Sogleich zerbricht der Eiskunstläufer, der das Bonbon gelutscht hat, die",0.5267302989959717,WE,dewiki_20180420_100d
424,425,Lasso,107,A,und fängt das Tier ein.,0,0.33,0,5.4,4.5,6.5,das,Lasso,"Gut gelaunt schwingt der Cowboy, nachdem er das Pferd gesattelt hatte, das",0.4372828006744385,WE,dewiki_20180420_100d
425,426,Lasso,107,B,und fängt das Tier ein.,0,0.75,0,1.3,1.6,6.5,das,Lasso,"Gut gelaunt schwingt der Cowboy, nachdem er den Kameraden gerufen hat, das",0.43294787406921387,WE,dewiki_20180420_100d
426,427,Lasso,107,C,und fängt das Tier ein.,0,0.0,0,5.4,4.5,1.1,das,Lasso,"Gut gelaunt zerhackt der Cowboy, nachdem er das Pferd gesattelt hatte, das",0.4353097975254059,WE,dewiki_20180420_100d
427,428,Lasso,107,D,und fängt das Tier ein.,0,0.0,0,1.3,1.6,1.1,das,Lasso,"Gut gelaunt zerhackt der Cowboy, nachdem er den Kameraden gerufen hat, das",0.43021753430366516,WE,dewiki_20180420_100d
428,429,Drehbuch,108,A,für die Serie.,2,0.33,0,6.6,4.4,6.0,das,Drehbuch,"Entspannt schrieb der Regisseur, der den Plot konstruiert hatte, das",0.6244935393333435,WE,dewiki_20180420_100d
429,430,Drehbuch,108,B,für die Serie.,2,0.75,0,1.1,1.3,6.0,das,Drehbuch,"Entspannt schrieb der Regisseur, der den Kamin angemacht hatte, das",0.6032441258430481,WE,dewiki_20180420_100d
430,431,Drehbuch,108,C,für die Serie.,2,0.0,0,6.6,4.4,1.1,das,Drehbuch,"Entspannt verzehrte der Regisseur, der den Plot konstruiert hatte, das",0.5897243022918701,WE,dewiki_20180420_100d
431,432,Drehbuch,108,D,für die Serie.,2,0.0,0,1.1,1.3,1.1,das,Drehbuch,"Entspannt verzehrte der Regisseur, der den Kamin angemacht hatte, das",0.5611879825592041,WE,dewiki_20180420_100d
432,433,Stern,109,A,am Firmament.,0,0.58,1,5.7,2.4,4.9,den,Stern,"Sofort entdeckt der Astronom, der das Teleskop aufgestellt hat, den",0.5544258952140808,WE,dewiki_20180420_100d
433,434,Stern,109,B,am Firmament.,0,0.58,1,3.0,1.9,4.9,den,Stern,"Sofort entdeckt der Astronom, der die Uhrzeit notiert hat, den",0.5293668508529663,WE,dewiki_20180420_100d
434,435,Stern,109,C,am Firmament.,0,0.0,1,5.7,2.4,1.4,den,Stern,"Sofort serviert der Astronom, der das Teleskop aufgestellt hat, den",0.5560116767883301,WE,dewiki_20180420_100d
435,436,Stern,109,D,am Firmament.,0,0.0,1,3.0,1.9,1.4,den,Stern,"Sofort serviert der Astronom, der die Uhrzeit notiert hat, den",0.5160189867019653,WE,dewiki_20180420_100d
436,437,Anker,110,A,und verließ den Hafen.,0,0.5,1,6.4,2.0,6.9,den,Anker,"Gestern lichtete der Seemann, der das Boot kommandierte, den",0.6163555383682251,WE,dewiki_20180420_100d
437,438,Anker,110,B,und verließ den Hafen.,0,0.58,1,1.0,4.1,6.9,den,Anker,"Gestern lichtete der Seemann, der den Atem anhielt, den",0.5676587224006653,WE,dewiki_20180420_100d
438,439,Anker,110,C,und verließ den Hafen.,0,0.0,1,6.4,2.0,1.0,den,Anker,"Gestern kochte der Seemann, der das Boot kommandierte, den",0.5907557606697083,WE,dewiki_20180420_100d
439,440,Anker,110,D,und verließ den Hafen.,0,0.0,1,1.0,4.1,1.0,den,Anker,"Gestern kochte der Seemann, der den Atem anhielt, den",0.5311136841773987,WE,dewiki_20180420_100d
440,441,Seil,111,A,um den Aufstieg abzusichern.,2,0.58,0,4.6,1.6,6.1,das,Seil,"Am Vormittag knotete der Bergsteiger, nachdem er den Haken festgebohrt hatte, das",0.49645015597343445,WE,dewiki_20180420_100d
441,442,Seil,111,B,um den Aufstieg abzusichern.,2,0.75,0,1.4,1.6,6.1,das,Seil,"Am Vormittag knotete der Bergsteiger, nachdem er die Krähe verscheucht hatte, das",0.4872765839099884,WE,dewiki_20180420_100d
442,443,Seil,111,C,um den Aufstieg abzusichern.,2,0.0,0,4.6,1.6,1.2,das,Seil,"Am Vormittag roch der Bergsteiger, nachdem er den Haken festgebohrt hatte, das",0.48516732454299927,WE,dewiki_20180420_100d
443,444,Seil,111,D,um den Aufstieg abzusichern.,2,0.0,0,1.4,1.6,1.2,das,Seil,"Am Vormittag roch der Bergsteiger, nachdem er die Krähe verscheucht hatte, das",0.47812947630882263,WE,dewiki_20180420_100d
444,445,Rouletterad,112,A,und verrät die nächste Zahl.,0,0.67,0,6.3,2.1,6.1,das,Rouletterad,"Entspannt dreht der Croupier, der den Spieltisch vorbereitet hat, das",,WE,dewiki_20180420_100d
445,446,Rouletterad,112,B,und verrät die nächste Zahl.,0,0.33,0,2.0,1.3,6.1,das,Rouletterad,"Entspannt dreht der Croupier, der die Frau beeindruckt hat, das",,WE,dewiki_20180420_100d
446,447,Rouletterad,112,C,und verrät die nächste Zahl.,0,0.0,0,6.3,2.1,1.1,das,Rouletterad,"Entspannt schlürft der Croupier, der den Spieltisch vorbereitet hat, das",,WE,dewiki_20180420_100d
447,448,Rouletterad,112,D,und verrät die nächste Zahl.,0,0.0,0,2.0,1.3,1.1,das,Rouletterad,"Entspannt schlürft der Croupier, der die Frau beeindruckt hat, das",,WE,dewiki_20180420_100d
448,449,Nägel,113,A,und lackierte sie.,0,0.75,0,6.9,1.7,6.8,die,Nägel,"Neulich feilte die Kosmetikerin, während sie die Maniküre durchführte, die",0.49581173062324524,WE,dewiki_20180420_100d
449,450,Nägel,113,B,und lackierte sie.,0,1.0,0,1.3,1.0,6.8,die,Nägel,"Neulich feilte die Kosmetikerin, während sie das Gespräch belauschte, die",0.4311247169971466,WE,dewiki_20180420_100d
450,451,Nägel,113,C,und lackierte sie.,0,0.08,0,6.9,1.7,5.5,die,Nägel,"Neulich baute die Kosmetikerin, während sie die Maniküre durchführte, die",0.48078852891921997,WE,dewiki_20180420_100d
451,452,Nägel,113,D,und lackierte sie.,0,0.0,0,1.3,1.0,5.5,die,Nägel,"Neulich baute die Kosmetikerin, während sie das Gespräch belauschte, die",0.41741034388542175,WE,dewiki_20180420_100d
452,453,Zukunft,114,A,der Familie.,0,0.58,1,6.7,3.9,6.8,die,Zukunft,"Sogleich prophezeite der Wahrsager, der die Kristallkugel befragt hatte, die",0.57307368516922,WE,dewiki_20180420_100d
453,454,Zukunft,114,B,der Familie.,0,0.58,1,1.4,1.1,6.8,die,Zukunft,"Sogleich prophezeite der Wahrsager, der die Kerze angezündet hatte, die",0.5449004173278809,WE,dewiki_20180420_100d
454,455,Zukunft,114,C,der Familie.,0,0.0,1,6.7,3.9,1.5,die,Zukunft,"Sogleich würzte der Wahrsager, der die Kristallkugel befragt hatte, die",0.529963493347168,WE,dewiki_20180420_100d
455,456,Zukunft,114,D,der Familie.,0,0.0,1,1.4,1.1,1.5,die,Zukunft,"Sogleich würzte der Wahrsager, der die Kerze angezündet hatte, die",0.4986009895801544,WE,dewiki_20180420_100d
456,457,Ausgrabung,115,A,in der Ruine.,0,0.92,0,6.6,5.3,3.0,die,Ausgrabung,"Heute beginnt der Archäologe, der die Schaufel hervorgeholt hat, die",0.5513269305229187,WE,dewiki_20180420_100d
457,458,Ausgrabung,115,B,in der Ruine.,0,0.5,0,1.3,2.5,3.0,die,Ausgrabung,"Heute beginnt der Archäologe, der das Taxi genommen hat, die",0.46561771631240845,WE,dewiki_20180420_100d
458,459,Ausgrabung,115,C,in der Ruine.,0,0.0,0,6.6,5.3,1.5,die,Ausgrabung,"Heute raspelt der Archäologe, der die Schaufel hervorgeholt hat, die",0.5512262582778931,WE,dewiki_20180420_100d
459,460,Ausgrabung,115,D,in der Ruine.,0,0.0,0,1.3,2.5,1.5,die,Ausgrabung,"Heute raspelt der Archäologe, der das Taxi genommen hat, die",0.47509104013442993,WE,dewiki_20180420_100d
460,461,Strauß,116,A,für die Hochzeit.,0,0.92,1,6.8,3.9,6.5,den,Strauß,"Zügig bindet der Florist, der die Rosen gezüchtet hat, den",0.5177412033081055,WE,dewiki_20180420_100d
461,462,Strauß,116,B,für die Hochzeit.,0,0.92,1,2.6,1.6,6.5,den,Strauß,"Zügig bindet der Florist, der die Fenster geschlossen hat, den",0.4766625761985779,WE,dewiki_20180420_100d
462,463,Strauß,116,C,für die Hochzeit.,0,0.0,1,6.8,3.9,1.0,den,Strauß,"Zügig ölt der Florist, der die Rosen gezüchtet hat, den",0.5487157106399536,WE,dewiki_20180420_100d
463,464,Strauß,116,D,für die Hochzeit.,0,0.0,1,2.6,1.6,1.0,den,Strauß,"Zügig ölt der Florist, der die Fenster geschlossen hat, den",0.5088447332382202,WE,dewiki_20180420_100d
464,465,Rolle,117,A,für das Theaterstück.,0,0.75,1,6.1,3.8,5.8,die,Rolle,"Umgehend spielt der Schauspieler, der das Skript auswendig gelernt hat, die",0.6399690508842468,WE,dewiki_20180420_100d
465,466,Rolle,117,B,für das Theaterstück.,0,0.67,1,2.3,4.6,5.8,die,Rolle,"Umgehend spielt der Schauspieler, der die Torte gebacken hat, die",0.5879154205322266,WE,dewiki_20180420_100d
466,467,Rolle,117,C,für das Theaterstück.,0,0.0,1,6.1,3.8,2.5,die,Rolle,"Umgehend schnibbelt der Schauspieler, der das Skript auswendig gelernt hat, die",0.5995977520942688,WE,dewiki_20180420_100d
467,468,Rolle,117,D,für das Theaterstück.,0,0.0,1,2.3,4.6,2.5,die,Rolle,"Umgehend schnibbelt der Schauspieler, der die Torte gebacken hat, die",0.5361887812614441,WE,dewiki_20180420_100d
468,469,Sendung,118,A,für den Fernsehkanal.,0,0.42,0,6.4,6.3,6.7,die,Sendung,"Am Abend moderiert der Moderator, der die Zuschauer unterhält, die",0.7195323705673218,WE,dewiki_20180420_100d
469,470,Sendung,118,B,für den Fernsehkanal.,0,0.17,0,2.0,1.5,6.7,die,Sendung,"Am Abend moderiert der Moderator, der die Weltmeere bereist, die",0.7050862312316895,WE,dewiki_20180420_100d
470,471,Sendung,118,C,für den Fernsehkanal.,0,0.0,0,6.4,6.3,3.7,die,Sendung,"Am Abend wiegt der Moderator, der die Zuschauer unterhält, die",0.6327351927757263,WE,dewiki_20180420_100d
471,472,Sendung,118,D,für den Fernsehkanal.,0,0.0,0,2.0,1.5,3.7,die,Sendung,"Am Abend wiegt der Moderator, der die Weltmeere bereist, die",0.616930365562439,WE,dewiki_20180420_100d
472,473,Stück,119,A,für seine nächste Sonate.,0,0.25,0,4.8,4.1,6.9,das,Stück,"Ohne zu zögern komponierte der Musiker, der die Noten aufschrieb, das",0.6276136636734009,WE,dewiki_20180420_100d
473,474,Stück,119,B,für seine nächste Sonate.,0,0.42,0,1.7,2.1,6.9,das,Stück,"Ohne zu zögern komponierte der Musiker, der die Fragen beantwortete, das",0.5741981267929077,WE,dewiki_20180420_100d
474,475,Stück,119,C,für seine nächste Sonate.,0,0.0,0,4.8,4.1,4.2,das,Stück,"Ohne zu zögern grillte der Musiker, der die Noten aufschrieb, das",0.5971118211746216,WE,dewiki_20180420_100d
475,476,Stück,119,D,für seine nächste Sonate.,0,0.08,0,1.7,2.1,4.2,das,Stück,"Ohne zu zögern grillte der Musiker, der die Fragen beantwortete, das",0.5337737202644348,WE,dewiki_20180420_100d
476,477,Bild,120,A,in seinem Atelier.,2,0.58,1,6.6,2.3,7.0,das,Bild,"Fröhlich malte der Künstler, der die Leinwand aufgespannt hatte, das",0.6864452958106995,WE,dewiki_20180420_100d
477,478,Bild,120,B,in seinem Atelier.,2,0.58,1,1.5,1.7,7.0,das,Bild,"Fröhlich malte der Künstler, der den Nachtisch zubereitet hatte, das",0.5701518058776855,WE,dewiki_20180420_100d
478,479,Bild,120,C,in seinem Atelier.,2,0.0,1,6.6,2.3,2.2,das,Bild,"Fröhlich bewohnte der Künstler, der die Leinwand aufgespannt hatte, das",0.651623547077179,WE,dewiki_20180420_100d
479,480,Bild,120,D,in seinem Atelier.,2,0.0,1,1.5,1.7,2.2,das,Bild,"Fröhlich bewohnte der Künstler, der den Nachtisch zubereitet hatte, das",0.5300860404968262,WE,dewiki_20180420_100d
0,1,Axt,1,A,und hackte die Holzscheite.,0,0.75,1,6.9,3.1,6.0,die,Axt,"Gestern schärfte der Holzfäller, bevor er das Holz stapelte, die",0.4438524544239044,WE,dewiki_20180420_300d
1,2,Axt,1,B,und hackte die Holzscheite.,0,0.67,1,3.1,1.2,6.0,die,Axt,"Gestern schärfte der Holzfäller, bevor er den Film schaute, die",0.3944489657878876,WE,dewiki_20180420_300d
2,3,Axt,1,C,und hackte die Holzscheite.,0,0.0,1,6.9,3.1,1.4,die,Axt,"Gestern aß der Holzfäller, bevor er das Holz stapelte, die",0.4567313492298126,WE,dewiki_20180420_300d
3,4,Axt,1,D,und hackte die Holzscheite.,0,0.0,1,3.1,1.2,1.4,die,Axt,"Gestern aß der Holzfäller, bevor er den Film schaute, die",0.40869417786598206,WE,dewiki_20180420_300d
4,5,Messer,2,A,und rasiert den Kunden.,0,0.67,1,5.0,5.1,6.4,das,Messer,"Nachdenklich schärft der Barbier, nachdem er den Rasierschaum aufgetragen hat, das",0.47958701848983765,WE,dewiki_20180420_300d
5,6,Messer,2,B,und rasiert den Kunden.,0,0.75,1,1.2,1.4,6.4,das,Messer,"Nachdenklich schärft der Barbier, nachdem er die Topfpflanze gegossen hat, das",0.4534378945827484,WE,dewiki_20180420_300d
6,7,Messer,2,C,und rasiert den Kunden.,0,0.0,1,5.0,5.1,1.4,das,Messer,"Nachdenklich trinkt der Barbier, nachdem er den Rasierschaum aufgetragen hat, das",0.4568111300468445,WE,dewiki_20180420_300d
7,8,Messer,2,D,und rasiert den Kunden.,0,0.0,1,1.2,1.4,1.4,das,Messer,"Nachdenklich trinkt der Barbier, nachdem er die Topfpflanze gegossen hat, das",0.43100523948669434,WE,dewiki_20180420_300d
8,9,Kaffee,3,A,und gießt die Milch dazu.,0,0.58,0,5.8,2.3,5.8,den,Kaffee,"Sogleich süßt der Kellner, nachdem er die Bestellung aufgenommen hat, den",0.38749849796295166,WE,dewiki_20180420_300d
9,10,Kaffee,3,B,und gießt die Milch dazu.,0,0.25,0,3.5,3.5,5.8,den,Kaffee,"Sogleich süßt der Kellner, nachdem er das Radio angemacht hat, den",0.4780089855194092,WE,dewiki_20180420_300d
10,11,Kaffee,3,C,und gießt die Milch dazu.,0,0.0,0,5.8,2.3,3.0,den,Kaffee,"Sogleich putzt der Kellner, nachdem er die Bestellung aufgenommen hat, den",0.38865146040916443,WE,dewiki_20180420_300d
11,12,Kaffee,3,D,und gießt die Milch dazu.,0,0.0,0,3.5,3.5,3.0,den,Kaffee,"Sogleich putzt der Kellner, nachdem er das Radio angemacht hat, den",0.4752846956253052,WE,dewiki_20180420_300d
12,13,Ofen,4,A,auf 180 Grad.,0,1.0,0,6.0,2.7,6.6,den,Ofen,"Vorsichtig erhitzt der Bäckerlehrling, nachdem er die Brötchen geformt hat, den",0.48399797081947327,WE,dewiki_20180420_300d
13,14,Ofen,4,B,auf 180 Grad.,0,0.75,0,2.4,1.3,6.6,den,Ofen,"Vorsichtig erhitzt der Bäckerlehrling, nachdem er die Fenster gekippt hat, den",0.46934962272644043,WE,dewiki_20180420_300d
14,15,Ofen,4,C,auf 180 Grad.,0,0.0,0,6.0,2.7,1.3,den,Ofen,"Vorsichtig schlürft der Bäckerlehrling, nachdem er die Brötchen geformt hat, den",0.4369429349899292,WE,dewiki_20180420_300d
15,16,Ofen,4,D,auf 180 Grad.,0,0.08,0,2.4,1.3,1.3,den,Ofen,"Vorsichtig schlürft der Bäckerlehrling, nachdem er die Fenster gekippt hat, den",0.4211540222167969,WE,dewiki_20180420_300d
16,17,Weinflasche,5,A,für die Weinprobe.,0,1.0,1,5.9,1.7,6.8,die,Weinflasche,"Zufrieden entkorkt der Winzer, der die Reben geschnitten hat, die",0.44325682520866394,WE,dewiki_20180420_300d
17,18,Weinflasche,5,B,für die Weinprobe.,0,1.0,1,2.0,2.7,6.8,die,Weinflasche,"Zufrieden entkorkt der Winzer, der die Lohnabrechnungen beendet hat, die",0.3984799087047577,WE,dewiki_20180420_300d
18,19,Weinflasche,5,C,für die Weinprobe.,0,0.08,1,5.9,1.7,1.0,die,Weinflasche,"Zufrieden glättet der Winzer, der die Reben geschnitten hat, die",0.42976894974708557,WE,dewiki_20180420_300d
19,20,Weinflasche,5,D,für die Weinprobe.,0,0.0,1,2.0,2.7,1.0,die,Weinflasche,"Zufrieden glättet der Winzer, der die Lohnabrechnungen beendet hat, die",0.3856809139251709,WE,dewiki_20180420_300d
20,21,Ticket,6,A,für die Fahrt.,0,0.33,1,6.7,2.3,6.3,das,Ticket,"Umgehend löst der Fahrgast, der den Automaten bedient, das",0.4442949593067169,WE,dewiki_20180420_300d
21,22,Ticket,6,B,für die Fahrt.,0,0.33,1,1.3,1.3,6.3,das,Ticket,"Umgehend löst der Fahrgast, der die Einkaufstasche abstellt, das",0.3954879939556122,WE,dewiki_20180420_300d
22,23,Ticket,6,C,für die Fahrt.,0,0.0,1,6.7,2.3,1.2,das,Ticket,"Umgehend knotet der Fahrgast, der den Automaten bedient, das",0.45559340715408325,WE,dewiki_20180420_300d
23,24,Ticket,6,D,für die Fahrt.,0,0.0,1,1.3,1.3,1.2,das,Ticket,"Umgehend knotet der Fahrgast, der die Einkaufstasche abstellt, das",0.40553805232048035,WE,dewiki_20180420_300d
24,25,Sieg,7,A,mit einer Party.,0,0.5,0,6.8,4.4,6.2,den,Sieg,"Am Abend feiert der Gewinner, der den Pokal erhält, den",0.49066027998924255,WE,dewiki_20180420_300d
25,26,Sieg,7,B,mit einer Party.,0,0.75,0,1.8,2.0,6.2,den,Sieg,"Am Abend feiert der Gewinner, der das Eis isst, den",0.40388602018356323,WE,dewiki_20180420_300d
26,27,Sieg,7,C,mit einer Party.,0,0.0,0,6.8,4.4,1.8,den,Sieg,"Am Abend knabbert der Gewinner, der den Pokal erhält, den",0.467428594827652,WE,dewiki_20180420_300d
27,28,Sieg,7,D,mit einer Party.,0,0.0,0,1.8,2.0,1.8,den,Sieg,"Am Abend knabbert der Gewinner, der das Eis isst, den",0.37209460139274597,WE,dewiki_20180420_300d
28,29,Fisch,8,A,für das Abendessen.,1,0.83,1,7.0,4.9,6.9,den,Fisch,"Endlich fängt der Angler, der den Köder auswarf, den",0.49701642990112305,WE,dewiki_20180420_300d
29,30,Fisch,8,B,für das Abendessen.,1,0.83,1,2.0,1.2,6.9,den,Fisch,"Endlich fängt der Angler, der die Zeitung las, den",0.4320696294307709,WE,dewiki_20180420_300d
30,31,Fisch,8,C,für das Abendessen.,1,0.0,1,7.0,4.9,1.3,den,Fisch,"Endlich baut der Angler, der den Köder auswarf, den",0.46712055802345276,WE,dewiki_20180420_300d
31,32,Fisch,8,D,für das Abendessen.,1,0.0,1,2.0,1.2,1.3,den,Fisch,"Endlich baut der Angler, der die Zeitung las, den",0.3923509120941162,WE,dewiki_20180420_300d
32,33,Unkraut,9,A,und leerte den Kompost.,0,0.83,0,6.7,3.3,6.9,das,Unkraut,"Am Nachmittag jätete der Schrebergärtner, der das Beet pflegte, das",0.3572049140930176,WE,dewiki_20180420_300d
33,34,Unkraut,9,B,und leerte den Kompost.,0,0.67,0,3.3,1.4,6.9,das,Unkraut,"Am Nachmittag jätete der Schrebergärtner, der die Sonne genoss, das",0.29664912819862366,WE,dewiki_20180420_300d
34,35,Unkraut,9,C,und leerte den Kompost.,0,0.0,0,6.7,3.3,1.2,das,Unkraut,"Am Nachmittag polierte der Schrebergärtner, der das Beet pflegte, das",0.3601754605770111,WE,dewiki_20180420_300d
35,36,Unkraut,9,D,und leerte den Kompost.,0,0.0,0,3.3,1.4,1.2,das,Unkraut,"Am Nachmittag polierte der Schrebergärtner, der die Sonne genoss, das",0.305961549282074,WE,dewiki_20180420_300d
36,37,Klassenzimmer,10,A,und nimmt ein Stück Kreide.,1,0.75,1,6.8,3.7,5.5,das,Klassenzimmer,"Eine Weile lüftet der Lehrer, bevor er die Tafel beschreibt, das",0.36889901757240295,WE,dewiki_20180420_300d
37,38,Klassenzimmer,10,B,und nimmt ein Stück Kreide.,1,0.75,1,1.9,2.6,5.5,das,Klassenzimmer,"Eine Weile lüftet der Lehrer, bevor er den Mantel aufhängt, das",0.35338452458381653,WE,dewiki_20180420_300d
38,39,Klassenzimmer,10,C,und nimmt ein Stück Kreide.,1,0.0,1,6.8,3.7,4.7,das,Klassenzimmer,"Eine Weile bastelt der Lehrer, bevor er die Tafel beschreibt, das",0.3725239634513855,WE,dewiki_20180420_300d
39,40,Klassenzimmer,10,D,und nimmt ein Stück Kreide.,1,0.0,1,1.9,2.6,4.7,das,Klassenzimmer,"Eine Weile bastelt der Lehrer, bevor er den Mantel aufhängt, das",0.3563516438007355,WE,dewiki_20180420_300d
40,41,Käse,11,A,und gibt Öl in die Pfanne.,0,0.5,1,5.2,4.6,6.4,den,Käse,"Schnell reibt der Chefkoch, während er die Nudeln kocht, den",0.5026847720146179,WE,dewiki_20180420_300d
41,42,Käse,11,B,und gibt Öl in die Pfanne.,0,0.58,1,1.7,1.2,6.4,den,Käse,"Schnell reibt der Chefkoch, während er die Nachrichten hört, den",0.3732324540615082,WE,dewiki_20180420_300d
42,43,Käse,11,C,und gibt Öl in die Pfanne.,0,0.0,1,5.2,4.6,1.1,den,Käse,"Schnell flickt der Chefkoch, während er die Nudeln kocht, den",0.49919000267982483,WE,dewiki_20180420_300d
43,44,Käse,11,D,und gibt Öl in die Pfanne.,0,0.0,1,1.7,1.2,1.1,den,Käse,"Schnell flickt der Chefkoch, während er die Nachrichten hört, den",0.3645975589752197,WE,dewiki_20180420_300d
44,45,Bier,12,A,das zuvor gebraut wurde.,0,0.67,1,3.9,1.2,5.0,das,Bier,"Vorgestern probierte der Braumeister, nachdem er den Kessel ausgeschaltet hatte, das",0.43422096967697144,WE,dewiki_20180420_300d
45,46,Bier,12,B,das zuvor gebraut wurde.,0,0.58,1,1.8,2.3,5.0,das,Bier,"Vorgestern probierte der Braumeister, nachdem er den Boden gewischt hatte, das",0.4208356440067291,WE,dewiki_20180420_300d
46,47,Bier,12,C,das zuvor gebraut wurde.,0,0.0,1,3.9,1.2,1.1,das,Bier,"Vorgestern bemalte der Braumeister, nachdem er den Kessel ausgeschaltet hatte, das",0.453002393245697,WE,dewiki_20180420_300d
47,48,Bier,12,D,das zuvor gebraut wurde.,0,0.0,1,1.8,2.3,1.1,das,Bier,"Vorgestern bemalte der Braumeister, nachdem er den Boden gewischt hatte, das",0.436365008354187,WE,dewiki_20180420_300d
48,49,Rasen,13,A,hinter der Villa.,0,0.92,1,7.0,5.6,6.8,den,Rasen,"Eine Zeit lang mähte der Gartenhelfer, nachdem er den Garten umgegraben hatte, den",0.39313799142837524,WE,dewiki_20180420_300d
49,50,Rasen,13,B,hinter der Villa.,0,0.92,1,2.2,1.9,6.8,den,Rasen,"Eine Zeit lang mähte der Gartenhelfer, nachdem er die Garage aufgeräumt hatte, den",0.34247350692749023,WE,dewiki_20180420_300d
50,51,Rasen,13,C,hinter der Villa.,0,0.0,1,7.0,5.6,1.4,den,Rasen,"Eine Zeit lang räucherte der Gartenhelfer, nachdem er den Garten umgegraben hatte, den",0.36258918046951294,WE,dewiki_20180420_300d
51,52,Rasen,13,D,hinter der Villa.,0,0.0,1,2.2,1.9,1.4,den,Rasen,"Eine Zeit lang räucherte der Gartenhelfer, nachdem er die Garage aufgeräumt hatte, den",0.3105032444000244,WE,dewiki_20180420_300d
52,53,Straße,14,A,und den Bürgersteig.,1,0.42,1,6.5,5.1,6.8,die,Straße,"Achtsam pflasterte der Bauarbeiter, der die Absperrungen umging, die",0.4436977505683899,WE,dewiki_20180420_300d
53,54,Straße,14,B,und den Bürgersteig.,1,0.42,1,5.7,2.0,6.8,die,Straße,"Achtsam pflasterte der Bauarbeiter, der die Steine schleppte, die",0.4273090064525604,WE,dewiki_20180420_300d
54,55,Straße,14,C,und den Bürgersteig.,1,0.08,1,6.5,5.1,2.0,die,Straße,"Achtsam salzte der Bauarbeiter, der die Absperrungen umging, die",0.41987526416778564,WE,dewiki_20180420_300d
55,56,Straße,14,D,und den Bürgersteig.,1,0.0,1,5.7,2.0,2.0,die,Straße,"Achtsam salzte der Bauarbeiter, der die Steine schleppte, die",0.40261349081993103,WE,dewiki_20180420_300d
56,57,Glocken,15,A,und freute sich.,0,1.0,1,6.7,1.1,7.0,die,Glocken,"Gestern läutete der Priester, nachdem er den Kirchturm erklommen hatte, die",0.45929282903671265,WE,dewiki_20180420_300d
57,58,Glocken,15,B,und freute sich.,0,0.92,1,2.2,1.1,7.0,die,Glocken,"Gestern läutete der Priester, nachdem er die Armbanduhr ausgezogen hatte, die",0.40545400977134705,WE,dewiki_20180420_300d
58,59,Glocken,15,C,und freute sich.,0,0.0,1,6.7,1.1,1.0,die,Glocken,"Gestern faltete der Priester, nachdem er den Kirchturm erklommen hatte, die",0.43145614862442017,WE,dewiki_20180420_300d
59,60,Glocken,15,D,und freute sich.,0,0.0,1,2.2,1.1,1.0,die,Glocken,"Gestern faltete der Priester, nachdem er die Armbanduhr ausgezogen hatte, die",0.37642285227775574,WE,dewiki_20180420_300d
60,61,Wunde,16,A,mit fünf Stichen.,0,0.92,1,6.7,3.3,5.8,die,Wunde,"Rasch näht der Notarzt, der den Verletzten betreut, die",0.4594667851924896,WE,dewiki_20180420_300d
61,62,Wunde,16,B,mit fünf Stichen.,0,0.92,1,3.2,1.8,5.8,die,Wunde,"Rasch näht der Notarzt, der den Ohrring trägt, die",0.46615949273109436,WE,dewiki_20180420_300d
62,63,Wunde,16,C,mit fünf Stichen.,0,0.0,1,6.7,3.3,2.0,die,Wunde,"Rasch versteckt der Notarzt, der den Verletzten betreut, die",0.4312676787376404,WE,dewiki_20180420_300d
63,64,Wunde,16,D,mit fünf Stichen.,0,0.0,1,3.2,1.8,2.0,die,Wunde,"Rasch versteckt der Notarzt, der den Ohrring trägt, die",0.44059640169143677,WE,dewiki_20180420_300d
64,65,Hemd,17,A,und die Hose.,0,0.75,1,6.4,1.5,6.9,das,Hemd,"Eilig bügelt der Geschäftsmann, nachdem er das Bügelbrett aufgestellt hat, das",0.4087011218070984,WE,dewiki_20180420_300d
65,66,Hemd,17,B,und die Hose.,0,0.67,1,1.4,1.2,6.9,das,Hemd,"Eilig bügelt der Geschäftsmann, nachdem er den Eistee ausgetrunken hat, das",0.4448781907558441,WE,dewiki_20180420_300d
66,67,Hemd,17,C,und die Hose.,0,0.0,1,6.4,1.5,1.0,das,Hemd,"Eilig salzt der Geschäftsmann, nachdem er das Bügelbrett aufgestellt hat, das",0.4134589433670044,WE,dewiki_20180420_300d
67,68,Hemd,17,D,und die Hose.,0,0.0,1,1.4,1.2,1.0,das,Hemd,"Eilig salzt der Geschäftsmann, nachdem er den Eistee ausgetrunken hat, das",0.446549654006958,WE,dewiki_20180420_300d
68,69,Auto,18,A,und übergibt es an den Kunden.,1,0.58,0,7.0,3.5,6.3,das,Auto,"Schnell repariert der KFZ-Mechatroniker, der den Motor ausgetauscht hat, das",0.47499316930770874,WE,dewiki_20180420_300d
69,70,Auto,18,B,und übergibt es an den Kunden.,1,0.75,0,5.0,3.1,6.3,das,Auto,"Schnell repariert der KFZ-Mechatroniker, der den Urlaub gebucht hat, das",0.4133954346179962,WE,dewiki_20180420_300d
70,71,Auto,18,C,und übergibt es an den Kunden.,1,0.0,0,7.0,3.5,1.1,das,Auto,"Schnell brät der KFZ-Mechatroniker, der den Motor ausgetauscht hat, das",0.4659538269042969,WE,dewiki_20180420_300d
71,72,Auto,18,D,und übergibt es an den Kunden.,1,0.0,0,5.0,3.1,1.1,das,Auto,"Schnell brät der KFZ-Mechatroniker, der den Urlaub gebucht hat, das",0.39863190054893494,WE,dewiki_20180420_300d
72,73,Teig,19,A,für das Brot.,2,1.0,1,6.9,6.9,6.6,den,Teig,"Am Morgen knetet die Bäckerin, die den Kuchen backt, den",0.5487851500511169,WE,dewiki_20180420_300d
73,74,Teig,19,B,für das Brot.,2,1.0,1,1.5,1.0,6.6,den,Teig,"Am Morgen knetet die Bäckerin, die den Stammgast begrüßt, den",0.38802143931388855,WE,dewiki_20180420_300d
74,75,Teig,19,C,für das Brot.,2,0.0,1,6.9,6.9,1.2,den,Teig,"Am Morgen hört die Bäckerin, die den Kuchen backt, den",0.5066619515419006,WE,dewiki_20180420_300d
75,76,Teig,19,D,für das Brot.,2,0.0,1,1.5,1.0,1.2,den,Teig,"Am Morgen hört die Bäckerin, die den Stammgast begrüßt, den",0.33915776014328003,WE,dewiki_20180420_300d
76,77,Steak,20,A,und die Beilagen.,0,0.67,0,4.7,2.4,6.5,das,Steak,"Am Nachmittag pfeffert der Grillmeister, bevor er die Kohle anzündet, das",0.3906185030937195,WE,dewiki_20180420_300d
77,78,Steak,20,B,und die Beilagen.,0,0.83,0,1.4,1.1,6.5,das,Steak,"Am Nachmittag pfeffert der Grillmeister, bevor er die Mücke verscheucht, das",0.34611624479293823,WE,dewiki_20180420_300d
78,79,Steak,20,C,und die Beilagen.,0,0.0,0,4.7,2.4,1.4,das,Steak,"Am Nachmittag druckt der Grillmeister, bevor er die Kohle anzündet, das",0.37142708897590637,WE,dewiki_20180420_300d
79,80,Steak,20,D,und die Beilagen.,0,0.0,0,1.4,1.1,1.4,das,Steak,"Am Nachmittag druckt der Grillmeister, bevor er die Mücke verscheucht, das",0.33207929134368896,WE,dewiki_20180420_300d
80,81,Feuer,21,A,und rennt weg.,0,0.58,0,6.6,1.5,6.8,das,Feuer,"Schnell entfacht der Brandstifter, der das Streichholz fallengelassen hat, das",0.5652985572814941,WE,dewiki_20180420_300d
81,82,Feuer,21,B,und rennt weg.,0,1.0,0,3.3,3.0,6.8,das,Feuer,"Schnell entfacht der Brandstifter, der die Treppe hochgeklettert ist, das",0.5456605553627014,WE,dewiki_20180420_300d
82,83,Feuer,21,C,und rennt weg.,0,0.0,0,6.6,1.5,1.6,das,Feuer,"Schnell entstaubt der Brandstifter, der das Streichholz fallengelassen hat, das",0.5170227885246277,WE,dewiki_20180420_300d
83,84,Feuer,21,D,und rennt weg.,0,0.0,0,3.3,3.0,1.6,das,Feuer,"Schnell entstaubt der Brandstifter, der die Treppe hochgeklettert ist, das",0.48617061972618103,WE,dewiki_20180420_300d
84,85,Haare,22,A,und holt den Föhn.,0,0.92,1,6.5,3.9,6.8,die,Haare,"Nun kämmt der Friseur, nachdem er die Kopfhaut massiert hat, die",0.5621978640556335,WE,dewiki_20180420_300d
85,86,Haare,22,B,und holt den Föhn.,0,1.0,1,1.0,1.0,6.8,die,Haare,"Nun kämmt der Friseur, nachdem er den Cappuccino ausgetrunken hat, die",0.48516005277633667,WE,dewiki_20180420_300d
86,87,Haare,22,C,und holt den Föhn.,0,0.17,1,6.5,3.9,1.2,die,Haare,"Nun speichert der Friseur, nachdem er die Kopfhaut massiert hat, die",0.5246224999427795,WE,dewiki_20180420_300d
87,88,Haare,22,D,und holt den Föhn.,0,0.0,1,1.0,1.0,1.2,die,Haare,"Nun speichert der Friseur, nachdem er den Cappuccino ausgetrunken hat, die",0.4468666911125183,WE,dewiki_20180420_300d
88,89,Bleistift,23,A,und machte sich wieder an die Arbeit.,0,1.0,1,6.0,3.3,6.7,den,Bleistift,"Flink spitzte der Zeichner, der die Karikatur entwarf, den",0.4337151050567627,WE,dewiki_20180420_300d
89,90,Bleistift,23,B,und machte sich wieder an die Arbeit.,0,1.0,1,2.3,1.6,6.7,den,Bleistift,"Flink spitzte der Zeichner, der den Atlas öffnete, den",0.3437608480453491,WE,dewiki_20180420_300d
90,91,Bleistift,23,C,und machte sich wieder an die Arbeit.,0,0.0,1,6.0,3.3,1.3,den,Bleistift,"Flink knotete der Zeichner, der die Karikatur entwarf, den",0.46357831358909607,WE,dewiki_20180420_300d
91,92,Bleistift,23,D,und machte sich wieder an die Arbeit.,0,0.0,1,2.3,1.6,1.3,den,Bleistift,"Flink knotete der Zeichner, der den Atlas öffnete, den",0.35960763692855835,WE,dewiki_20180420_300d
92,93,Patienten,24,A,gegen Tetanus.,0,0.25,0,6.7,2.0,6.5,den,Patienten,"Heute impft der Arzt, nachdem er die Spritze befüllt hat, den",0.48240962624549866,WE,dewiki_20180420_300d
93,94,Patienten,24,B,gegen Tetanus.,0,0.42,0,2.1,1.3,6.5,den,Patienten,"Heute impft der Arzt, nachdem er die Schublade geschlossen hat, den",0.4228725731372833,WE,dewiki_20180420_300d
94,95,Patienten,24,C,gegen Tetanus.,0,0.0,0,6.7,2.0,1.5,den,Patienten,"Heute feuert der Arzt, nachdem er die Spritze befüllt hat, den",0.45136138796806335,WE,dewiki_20180420_300d
95,96,Patienten,24,D,gegen Tetanus.,0,0.0,0,2.1,1.3,1.5,den,Patienten,"Heute feuert der Arzt, nachdem er die Schublade geschlossen hat, den",0.38854148983955383,WE,dewiki_20180420_300d
96,97,Leiche,25,A,in der Leichenhalle.,0,0.75,1,6.6,1.5,7.0,die,Leiche,"Unverzüglich obduziert der Pathologe, nachdem er die Mordakte gelesen hat, die",0.4941663444042206,WE,dewiki_20180420_300d
97,98,Leiche,25,B,in der Leichenhalle.,0,0.75,1,2.6,1.2,7.0,die,Leiche,"Unverzüglich obduziert der Pathologe, nachdem er das Dokument unterschrieben hat, die",0.4547925293445587,WE,dewiki_20180420_300d
98,99,Leiche,25,C,in der Leichenhalle.,0,0.0,1,6.6,1.5,1.2,die,Leiche,"Unverzüglich pfeffert der Pathologe, nachdem er die Mordakte gelesen hat, die",0.4380359351634979,WE,dewiki_20180420_300d
99,100,Leiche,25,D,in der Leichenhalle.,0,0.0,1,2.6,1.2,1.2,die,Leiche,"Unverzüglich pfeffert der Pathologe, nachdem er das Dokument unterschrieben hat, die",0.3968295454978943,WE,dewiki_20180420_300d
100,101,Buch,26,A,für den Fan.,1,1.0,1,6.7,3.3,6.7,das,Buch,"Am Nachmittag signiert der Autor, der die Geschichte erfunden hat, das",0.47044631838798523,WE,dewiki_20180420_300d
101,102,Buch,26,B,für den Fan.,1,0.92,1,1.8,1.5,6.7,das,Buch,"Am Nachmittag signiert der Autor, der den Vorhang zugezogen hat, das",0.4280557334423065,WE,dewiki_20180420_300d
102,103,Buch,26,C,für den Fan.,1,0.0,1,6.7,3.3,1.3,das,Buch,"Am Nachmittag schluckt der Autor, der die Geschichte erfunden hat, das",0.46122050285339355,WE,dewiki_20180420_300d
103,104,Buch,26,D,für den Fan.,1,0.0,1,1.8,1.5,1.3,das,Buch,"Am Nachmittag schluckt der Autor, der den Vorhang zugezogen hat, das",0.41510188579559326,WE,dewiki_20180420_300d
104,105,Gäste,27,A,und überreichte ihnen die Schlüssel.,2,1.0,1,4.7,1.4,6.5,die,Gäste,"Sofort begrüßte der Hotelier, der die Koffer stapelte, die",0.5206403732299805,WE,dewiki_20180420_300d
105,106,Gäste,27,B,und überreichte ihnen die Schlüssel.,2,0.92,1,1.4,1.6,6.5,die,Gäste,"Sofort begrüßte der Hotelier, der die Fische räucherte, die",0.5036786794662476,WE,dewiki_20180420_300d
106,107,Gäste,27,C,und überreichte ihnen die Schlüssel.,2,0.0,1,4.7,1.4,1.9,die,Gäste,"Sofort feuerte der Hotelier, der die Koffer stapelte, die",0.5038219094276428,WE,dewiki_20180420_300d
107,108,Gäste,27,D,und überreichte ihnen die Schlüssel.,2,0.0,1,1.4,1.6,1.9,die,Gäste,"Sofort feuerte der Hotelier, der die Fische räucherte, die",0.4917856752872467,WE,dewiki_20180420_300d
108,109,Baum,28,A,neben der Schule.,0,0.92,1,5.9,1.3,7.0,den,Baum,"Vorsichtig fällt der Holzarbeiter, der die Säge gestartet hat, den",0.36132264137268066,WE,dewiki_20180420_300d
109,110,Baum,28,B,neben der Schule.,0,0.83,1,2.8,1.9,7.0,den,Baum,"Vorsichtig fällt der Holzarbeiter, der den Transporter geparkt hat, den",0.34386107325553894,WE,dewiki_20180420_300d
110,111,Baum,28,C,neben der Schule.,0,0.0,1,5.9,1.3,1.3,den,Baum,"Vorsichtig durchwühlt der Holzarbeiter, der die Säge gestartet hat, den",0.3569244146347046,WE,dewiki_20180420_300d
111,112,Baum,28,D,neben der Schule.,0,0.0,1,2.8,1.9,1.3,den,Baum,"Vorsichtig durchwühlt der Holzarbeiter, der den Transporter geparkt hat, den",0.33772093057632446,WE,dewiki_20180420_300d
112,113,Zigarre,29,A,und schlenderte über den Marktplatz.,2,1.0,1,6.2,3.2,6.9,die,Zigarre,"Langsam paffte der Kubaner, der den Rauchring blies, die",0.3814370334148407,WE,dewiki_20180420_300d
113,114,Zigarre,29,B,und schlenderte über den Marktplatz.,2,1.0,1,2.0,1.3,6.9,die,Zigarre,"Langsam paffte der Kubaner, der die Straßenbahn verpasste, die",0.37153300642967224,WE,dewiki_20180420_300d
114,115,Zigarre,29,C,und schlenderte über den Marktplatz.,2,0.08,1,6.2,3.2,1.5,die,Zigarre,"Langsam öffnete der Kubaner, der den Rauchring blies, die",0.3883628845214844,WE,dewiki_20180420_300d
115,116,Zigarre,29,D,und schlenderte über den Marktplatz.,2,0.08,1,2.0,1.3,1.5,die,Zigarre,"Langsam öffnete der Kubaner, der die Straßenbahn verpasste, die",0.38082149624824524,WE,dewiki_20180420_300d
116,117,Schnitzel,30,A,für das Gericht.,0,0.58,0,6.0,1.2,6.5,das,Schnitzel,"Fröhlich paniert der Koch, nachdem er die Bratkartoffeln geschält hat, das",0.5890852212905884,WE,dewiki_20180420_300d
117,118,Schnitzel,30,B,für das Gericht.,0,0.83,0,1.3,1.5,6.5,das,Schnitzel,"Fröhlich paniert der Koch, nachdem er die Ärmel hochgekrempelt hat, das",0.5075157880783081,WE,dewiki_20180420_300d
118,119,Schnitzel,30,C,für das Gericht.,0,0.0,0,6.0,1.2,1.0,das,Schnitzel,"Fröhlich baut der Koch, nachdem er die Bratkartoffeln geschält hat, das",0.5152239799499512,WE,dewiki_20180420_300d
119,120,Schnitzel,30,D,für das Gericht.,0,0.0,0,1.3,1.5,1.0,das,Schnitzel,"Fröhlich baut der Koch, nachdem er die Ärmel hochgekrempelt hat, das",0.40549519658088684,WE,dewiki_20180420_300d
120,121,Kuchen,31,A,für die Geburtstagsfeier.,1,0.92,0,6.9,5.3,5.9,den,Kuchen,"Umsichtig glasiert der Konditor, der die Backform eingefettet hat, den",0.5535727143287659,WE,dewiki_20180420_300d
121,122,Kuchen,31,B,für die Geburtstagsfeier.,1,0.42,0,5.4,1.6,5.9,den,Kuchen,"Umsichtig glasiert der Konditor, der den Tisch abgewischt hat, den",0.5184723734855652,WE,dewiki_20180420_300d
122,123,Kuchen,31,C,für die Geburtstagsfeier.,1,0.0,0,6.9,5.3,1.2,den,Kuchen,"Umsichtig durchsucht der Konditor, der die Backform eingefettet hat, den",0.5099154710769653,WE,dewiki_20180420_300d
123,124,Kuchen,31,D,für die Geburtstagsfeier.,1,0.0,0,5.4,1.6,1.2,den,Kuchen,"Umsichtig durchsucht der Konditor, der den Tisch abgewischt hat, den",0.4663648009300232,WE,dewiki_20180420_300d
124,125,Kette,32,A,und die Bremsen.,0,0.83,0,4.9,2.0,6.8,die,Kette,"Gestern ölte der Fahrradfahrer, bevor er die Bremse einstellte, die",0.33937564492225647,WE,dewiki_20180420_300d
125,126,Kette,32,B,und die Bremsen.,0,0.58,0,1.2,1.1,6.8,die,Kette,"Gestern ölte der Fahrradfahrer, bevor er die Limonade trank, die",0.33273419737815857,WE,dewiki_20180420_300d
126,127,Kette,32,C,und die Bremsen.,0,0.0,0,4.9,2.0,1.4,die,Kette,"Gestern beheizte der Fahrradfahrer, bevor er die Bremse einstellte, die",0.3348914384841919,WE,dewiki_20180420_300d
127,128,Kette,32,D,und die Bremsen.,0,0.0,0,1.2,1.1,1.4,die,Kette,"Gestern beheizte der Fahrradfahrer, bevor die Limonade trank, die",0.32190796732902527,WE,dewiki_20180420_300d
128,129,Brief,33,A,an die Agentur.,0,0.92,1,6.8,1.3,6.6,den,Brief,"Hastig frankiert der Postbeamte, der das Postamt aufgeschlossen hat, den",0.4170302748680115,WE,dewiki_20180420_300d
129,130,Brief,33,B,an die Agentur.,0,1.0,1,1.5,3.7,6.6,den,Brief,"Hastig frankiert der Postbeamte, der das Mittagessen bestellt hat, den",0.4477307200431824,WE,dewiki_20180420_300d
130,131,Brief,33,C,an die Agentur.,0,0.0,1,6.8,1.3,2.2,den,Brief,"Hastig umgeht der Postbeamte, der das Postamt aufgeschlossen hat, den",0.37982186675071716,WE,dewiki_20180420_300d
131,132,Brief,33,D,an die Agentur.,0,0.0,1,1.5,3.7,2.2,den,Brief,"Hastig umgeht der Postbeamte, der das Mittagessen bestellt hat, den",0.41472139954566956,WE,dewiki_20180420_300d
132,133,Berg,34,A,und stellt sein Zelt auf.,1,0.75,0,6.4,3.2,6.8,den,Berg,"Fröhlich erklimmt der Wanderer, nachdem er das Tal durchquert hat, den",0.44369450211524963,WE,dewiki_20180420_300d
133,134,Berg,34,B,und stellt sein Zelt auf.,1,0.92,0,1.4,1.5,6.8,den,Berg,"Fröhlich erklimmt der Wanderer, nachdem er die Stoppuhr gestartet hat, den",0.3820588290691376,WE,dewiki_20180420_300d
134,135,Berg,34,C,und stellt sein Zelt auf.,1,0.0,0,6.4,3.2,1.5,den,Berg,"Fröhlich kauft der Wanderer, nachdem er das Tal durchquert hat, den",0.4177645444869995,WE,dewiki_20180420_300d
135,136,Berg,34,D,und stellt sein Zelt auf.,1,0.0,0,1.4,1.5,1.5,den,Berg,"Fröhlich kauft der Wanderer, nachdem er die Stoppuhr gestartet hat, den",0.34642481803894043,WE,dewiki_20180420_300d
136,137,Befehl,35,A,zum Abmarsch.,0,0.92,0,6.0,7.0,6.6,den,Befehl,"Bedächtig erteilt der General, der die Rekruten kommandiert, den",0.5356627106666565,WE,dewiki_20180420_300d
137,138,Befehl,35,B,zum Abmarsch.,0,0.75,0,1.7,2.4,6.6,den,Befehl,"Bedächtig erteilt der General, der die Getränke einschenkt, den",0.43178218603134155,WE,dewiki_20180420_300d
138,139,Befehl,35,C,zum Abmarsch.,0,0.0,0,6.0,7.0,1.4,den,Befehl,"Bedächtig biegt der General, der die Rekruten kommandiert, den",0.5018641352653503,WE,dewiki_20180420_300d
139,140,Befehl,35,D,zum Abmarsch.,0,0.0,0,1.7,2.4,1.4,den,Befehl,"Bedächtig biegt der General, der die Getränke einschenkt, den",0.39927929639816284,WE,dewiki_20180420_300d
140,141,Wand,36,A,des Büros.,0,0.5,0,7.0,5.5,6.4,die,Wand,"Sofort streicht der Maler, nachdem er die Tapete angebracht hat, die",0.5248019099235535,WE,dewiki_20180420_300d
141,142,Wand,36,B,des Büros.,0,0.67,0,1.5,1.3,6.4,die,Wand,"Sofort streicht der Maler, nachdem er den Hund gefüttert hat, die",0.4396844506263733,WE,dewiki_20180420_300d
142,143,Wand,36,C,des Büros.,0,0.08,0,7.0,5.5,1.1,die,Wand,"Sofort lenkt der Maler, nachdem er die Tapete angebracht hat, die",0.4985724687576294,WE,dewiki_20180420_300d
143,144,Wand,36,D,des Büros.,0,0.0,0,1.5,1.3,1.1,die,Wand,"Sofort lenkt der Maler, nachdem er den Hund gefüttert hat, die",0.4126599133014679,WE,dewiki_20180420_300d
144,145,Hammer,37,A,auf das Metall.,0,1.0,0,6.5,1.9,5.6,den,Hammer,"Direkt schwingt der Schmied, der den Amboss aufgestellt hat, den",0.44563522934913635,WE,dewiki_20180420_300d
145,146,Hammer,37,B,auf das Metall.,0,0.83,0,2.9,3.8,5.6,den,Hammer,"Direkt schwingt der Schmied, der den Stuhl weggestellt hat, den",0.3747207224369049,WE,dewiki_20180420_300d
146,147,Hammer,37,C,auf das Metall.,0,0.0,0,6.5,1.9,1.2,den,Hammer,"Direkt speichert der Schmied, der den Amboss aufgestellt hat, den",0.4164043664932251,WE,dewiki_20180420_300d
147,148,Hammer,37,D,auf das Metall.,0,0.0,0,2.9,3.8,1.2,den,Hammer,"Direkt speichert der Schmied, der den Stuhl weggestellt hat, den",0.34070995450019836,WE,dewiki_20180420_300d
148,149,Land,38,A,im Norden.,1,0.33,0,6.6,2.5,7.0,das,Land,"Vor langer Zeit regierte der König, der die Reise unternahm, das",0.42200103402137756,WE,dewiki_20180420_300d
149,150,Land,38,B,im Norden.,1,0.5,0,2.4,2.5,7.0,das,Land,"Vor langer Zeit regierte der König, der den Gesang vernahm, das",0.4230251908302307,WE,dewiki_20180420_300d
150,151,Land,38,C,im Norden.,1,0.0,0,6.6,2.5,1.2,das,Land,"Vor langer Zeit briet der König, der die Reise unternahm, das",0.4254569411277771,WE,dewiki_20180420_300d
151,152,Land,38,D,im Norden.,1,0.0,0,2.4,2.5,1.2,das,Land,"Vor langer Zeit briet der König, der den Gesang vernahm, das",0.4212159216403961,WE,dewiki_20180420_300d
152,153,Stab,39,A,und gab den Takt an.,0,0.42,1,1.9,1.6,3.0,den,Stab,"Zügig hob der Dirigent, der das Tempo wechselte, den",0.3605893552303314,WE,dewiki_20180420_300d
153,154,Stab,39,B,und gab den Takt an.,0,0.5,1,1.0,1.6,3.0,den,Stab,"Zügig hob der Dirigent, der das Gähnen unterdrückte, den",0.3538627028465271,WE,dewiki_20180420_300d
154,155,Stab,39,C,und gab den Takt an.,0,0.0,1,1.9,1.6,1.3,den,Stab,"Zügig verdrückte der Dirigent, der das Tempo wechselte, den",0.3612842559814453,WE,dewiki_20180420_300d
155,156,Stab,39,D,und gab den Takt an.,0,0.0,1,1.0,1.6,1.3,den,Stab,"Zügig verdrückte der Dirigent, der das Gähnen unterdrückte, den",0.3479320704936981,WE,dewiki_20180420_300d
156,157,Bart,40,A,des Mannes.,2,0.58,0,5.4,1.3,6.8,den,Bart,"Direkt trimmt der Herrenfriseur, nachdem er die Klinge ausgepackt hat, den",0.39719894528388977,WE,dewiki_20180420_300d
157,158,Bart,40,B,des Mannes.,2,0.25,0,1.2,1.0,6.8,den,Bart,"Direkt trimmt der Herrenfriseur, nachdem er das Wasserglas abgestellt hat, den",0.3467191159725189,WE,dewiki_20180420_300d
158,159,Bart,40,C,des Mannes.,2,0.0,0,5.4,1.3,1.7,den,Bart,"Direkt hört der Herrenfriseur, nachdem er die Klinge ausgepackt hat, den",0.3895967900753021,WE,dewiki_20180420_300d
159,160,Bart,40,D,des Mannes.,2,0.0,0,1.2,1.0,1.7,den,Bart,"Direkt hört der Herrenfriseur, nachdem er das Wasserglas abgestellt hat, den",0.34154295921325684,WE,dewiki_20180420_300d
160,161,Geschirr,41,A,und die Brettchen.,0,0.5,1,6.7,4.7,6.9,das,Geschirr,"Gestern spülte der Tellerwäscher, bevor er den Tisch wischte, das",0.4661157727241516,WE,dewiki_20180420_300d
161,162,Geschirr,41,B,und die Brettchen.,0,0.42,1,1.2,1.2,6.9,das,Geschirr,"Gestern spülte der Tellerwäscher, bevor er das Taxi rief, das",0.4085735082626343,WE,dewiki_20180420_300d
162,163,Geschirr,41,C,und die Brettchen.,0,0.0,1,6.7,4.7,1.1,das,Geschirr,"Gestern glättete der Tellerwäscher, bevor er den Tisch wischte, das",0.4449636936187744,WE,dewiki_20180420_300d
163,164,Geschirr,41,D,und die Brettchen.,0,0.0,1,1.2,1.2,1.1,das,Geschirr,"Gestern glättete der Tellerwäscher, bevor er das Taxi rief, das",0.38738593459129333,WE,dewiki_20180420_300d
164,165,Schloss,42,A,und stiehlt die Wertsachen.,0,0.25,0,7.0,1.8,6.4,das,Schloss,"Im Handumdrehen knackt der Einbrecher, der den Zahlencode erraten hat, das",0.33635178208351135,WE,dewiki_20180420_300d
165,166,Schloss,42,B,und stiehlt die Wertsachen.,0,0.5,0,2.6,1.5,6.4,das,Schloss,"Im Handumdrehen knackt der Einbrecher, der die Akte durchblättert hat, das",0.3670208752155304,WE,dewiki_20180420_300d
166,167,Schloss,42,C,und stiehlt die Wertsachen.,0,0.0,0,7.0,1.8,1.6,das,Schloss,"Im Handumdrehen kopiert der Einbrecher, der den Zahlencode erraten hat, das",0.33714959025382996,WE,dewiki_20180420_300d
167,168,Schloss,42,D,und stiehlt die Wertsachen.,0,0.0,0,2.6,1.5,1.6,das,Schloss,"Im Handumdrehen kopiert der Einbrecher, der die Akte durchblättert hat, das",0.3672427237033844,WE,dewiki_20180420_300d
168,169,Zwiebeln,43,A,und den Knoblauch.,0,0.25,1,5.7,2.3,6.2,die,Zwiebeln,"Routiniert hackte der Küchengehilfe, bevor er die Suppe umrührte, die",0.45552513003349304,WE,dewiki_20180420_300d
169,170,Zwiebeln,43,B,und den Knoblauch.,0,0.33,1,1.3,1.1,6.2,die,Zwiebeln,"Routiniert hackte der Küchengehilfe, bevor er das Radio einschaltete, die",0.3346787393093109,WE,dewiki_20180420_300d
170,171,Zwiebeln,43,C,und den Knoblauch.,0,0.0,1,5.7,2.3,1.3,die,Zwiebeln,"Routiniert schraubte der Küchengehilfe, bevor er die Suppe umrührte, die",0.4436478614807129,WE,dewiki_20180420_300d
171,172,Zwiebeln,43,D,und den Knoblauch.,0,0.0,1,1.3,1.1,1.3,die,Zwiebeln,"Routiniert schraubte der Küchengehilfe, bevor er das Radio einschaltete, die",0.32242777943611145,WE,dewiki_20180420_300d
172,173,Wachs,44,A,und fuhr mit der Arbeit fort.,0,0.83,1,6.7,2.3,6.3,das,Wachs,"Umsichtig schmolz der Kerzenzieher, nachdem er den Docht gekürzt hatte, das",0.4999462366104126,WE,dewiki_20180420_300d
173,174,Wachs,44,B,und fuhr mit der Arbeit fort.,0,0.83,1,1.5,1.4,6.3,das,Wachs,"Umsichtig schmolz der Kerzenzieher, nachdem er das Nähkästchen zugeklappt hatte, das",0.47419074177742004,WE,dewiki_20180420_300d
174,175,Wachs,44,C,und fuhr mit der Arbeit fort.,0,0.0,1,6.7,2.3,1.0,das,Wachs,"Umsichtig würzte der Kerzenzieher, nachdem er den Docht gekürzt hatte, das",0.480566143989563,WE,dewiki_20180420_300d
175,176,Wachs,44,D,und fuhr mit der Arbeit fort.,0,0.0,1,1.5,1.4,1.0,das,Wachs,"Umsichtig würzte der Kerzenzieher, nachdem er das Nähkästchen zugeklappt hatte, das",0.45148029923439026,WE,dewiki_20180420_300d
176,177,Cocktail,45,A,für den Touristen.,0,0.5,0,6.2,1.4,6.9,den,Cocktail,"Gestern mixte der Barkeeper, der den Wodka geöffnet hatte, den",0.5644376277923584,WE,dewiki_20180420_300d
177,178,Cocktail,45,B,für den Touristen.,0,0.83,0,1.3,1.0,6.9,den,Cocktail,"Gestern mixte der Barkeeper, der den Boden gefegt hatte, den",0.4424782991409302,WE,dewiki_20180420_300d
178,179,Cocktail,45,C,für den Touristen.,0,0.0,0,6.2,1.4,1.6,den,Cocktail,"Gestern gründete der Barkeeper, der den Wodka geöffnet hatte, den",0.5324708223342896,WE,dewiki_20180420_300d
179,180,Cocktail,45,D,für den Touristen.,0,0.08,0,1.3,1.0,1.6,den,Cocktail,"Gestern gründete der Barkeeper, der den Boden gefegt hatte, den",0.4083487391471863,WE,dewiki_20180420_300d
180,181,Orchester,46,A,und das Streichquartett.,0,0.25,1,6.8,3.6,6.8,das,Orchester,"Am Abend dirigiert der Kapellmeister, der das Konzert eröffnet hat, das",0.565715491771698,WE,dewiki_20180420_300d
181,182,Orchester,46,B,und das Streichquartett.,0,0.25,1,1.6,1.4,6.8,das,Orchester,"Am Abend dirigiert der Kapellmeister, der die Unterschriften gesammelt hat, das",0.5039656162261963,WE,dewiki_20180420_300d
182,183,Orchester,46,C,und das Streichquartett.,0,0.0,1,6.8,3.6,1.3,das,Orchester,"Am Abend vernichtet der Kapellmeister, der das Konzert eröffnet hat, das",0.505583643913269,WE,dewiki_20180420_300d
183,184,Orchester,46,D,und das Streichquartett.,0,0.0,1,1.6,1.4,1.3,das,Orchester,"Am Abend vernichtet der Kapellmeister, der die Unterschriften gesammelt hat, das",0.4315222501754761,WE,dewiki_20180420_300d
184,185,Wort,47,A,und notiert es.,3,0.83,0,6.3,3.6,6.8,das,Wort,"Direkt buchstabiert der Sprachschüler, nachdem er das Buch aufgeschlagen hat, das",0.44533249735832214,WE,dewiki_20180420_300d
185,186,Wort,47,B,und notiert es.,3,0.67,0,3.0,2.7,6.8,das,Wort,"Direkt buchstabiert der Sprachschüler, nachdem er den Pausenhof verlassen hat, das",0.40959295630455017,WE,dewiki_20180420_300d
186,187,Wort,47,C,und notiert es.,3,0.0,0,6.3,3.6,1.7,das,Wort,"Direkt dekoriert der Sprachschüler, nachdem er das Buch aufgeschlagen hat, das",0.3944723606109619,WE,dewiki_20180420_300d
187,188,Wort,47,D,und notiert es.,3,0.0,0,3.0,2.7,1.7,das,Wort,"Direkt dekoriert der Sprachschüler, nachdem er den Pausenhof verlassen hat, das",0.3568722605705261,WE,dewiki_20180420_300d
188,189,Weide,48,A,mit einem Draht.,0,0.67,0,6.7,5.4,6.0,die,Weide,"Vorsichtig umzäunt der Schäfer, der die Schafe gehütet hat, die",0.43197569251060486,WE,dewiki_20180420_300d
189,190,Weide,48,B,mit einem Draht.,0,0.42,0,1.4,1.4,6.0,die,Weide,"Vorsichtig umzäunt der Schäfer, der das Mittagessen vergessen hat, die",0.3400351107120514,WE,dewiki_20180420_300d
190,191,Weide,48,C,mit einem Draht.,0,0.0,0,6.7,5.4,1.0,die,Weide,"Vorsichtig fälscht der Schäfer, der die Schafe gehütet hat, die",0.3854439854621887,WE,dewiki_20180420_300d
191,192,Weide,48,D,mit einem Draht.,0,0.0,0,1.4,1.4,1.0,die,Weide,"Vorsichtig fälscht der Schäfer, der das Mittagessen vergessen hat, die",0.28118348121643066,WE,dewiki_20180420_300d
192,193,Predigt,49,A,für die Gemeinde.,0,0.25,0,6.2,2.1,6.2,die,Predigt,"Nachdenklich hält der Pfarrer, nachdem er die Bibel aufgeschlagen hat, die",0.5422610640525818,WE,dewiki_20180420_300d
193,194,Predigt,49,B,für die Gemeinde.,0,0.5,0,1.6,2.9,6.2,die,Predigt,"Nachdenklich hält der Pfarrer, nachdem er die Brille aufgesetzt hat, die",0.4585016071796417,WE,dewiki_20180420_300d
194,195,Predigt,49,C,für die Gemeinde.,0,0.0,0,6.2,2.1,1.3,die,Predigt,"Nachdenklich leert der Pfarrer, nachdem er die Bibel aufgeschlagen hat, die",0.5330209732055664,WE,dewiki_20180420_300d
195,196,Predigt,49,D,für die Gemeinde.,0,0.0,0,1.6,2.9,1.3,die,Predigt,"Nachdenklich leert der Pfarrer, nachdem er die Brille aufgesetzt hat, die",0.4434818923473358,WE,dewiki_20180420_300d
196,197,Wohnung,50,A,mit neuen Möbeln.,0,0.5,0,7.0,2.7,6.8,die,Wohnung,"Unverzüglich möblierte der Vermieter, der den Mieter aufgenommen hatte, die",0.5413236021995544,WE,dewiki_20180420_300d
197,198,Wohnung,50,B,mit neuen Möbeln.,0,0.75,0,4.7,3.6,6.8,die,Wohnung,"Unverzüglich möblierte der Vermieter, der die Überweisung erhalten hatte, die",0.49666231870651245,WE,dewiki_20180420_300d
198,199,Wohnung,50,C,mit neuen Möbeln.,0,0.0,0,7.0,2.7,1.4,die,Wohnung,"Unverzüglich erntete der Vermieter, der den Mieter aufgenommen hatte, die",0.4635300934314728,WE,dewiki_20180420_300d
199,200,Wohnung,50,D,mit neuen Möbeln.,0,0.0,0,4.7,3.6,1.4,die,Wohnung,"Unverzüglich erntete der Vermieter, der die Überweisung erhalten hatte, die",0.4167342483997345,WE,dewiki_20180420_300d
200,201,Abzug,51,A,und trifft das Opfer.,2,0.5,0,3.2,4.4,5.9,den,Abzug,"Sofort betätigt der Killer, der das Ziel anvisiert hat, den",0.3963555097579956,WE,dewiki_20180420_300d
201,202,Abzug,51,B,und trifft das Opfer.,2,0.33,0,1.4,3.0,5.9,den,Abzug,"Sofort betätigt der Killer, der den Tee abgestellt hat, den",0.40141716599464417,WE,dewiki_20180420_300d
202,203,Abzug,51,C,und trifft das Opfer.,2,0.0,0,3.2,4.4,1.6,den,Abzug,"Sofort knickt der Killer, der das Ziel anvisiert hat, den",0.3792630434036255,WE,dewiki_20180420_300d
203,204,Abzug,51,D,und trifft das Opfer.,2,0.0,0,1.4,3.0,1.6,den,Abzug,"Sofort knickt der Killer, der den Tee abgestellt hat, den",0.38442087173461914,WE,dewiki_20180420_300d
204,205,Paket,52,A,mit der Arbeitskleidung.,0,0.42,1,6.7,4.4,6.5,das,Paket,"Heute überbringt der Bote, als er den Empfänger angetroffen hat, das",0.4253810942173004,WE,dewiki_20180420_300d
205,206,Paket,52,B,mit der Arbeitskleidung.,0,0.33,1,3.6,1.2,6.5,das,Paket,"Heute überbringt der Bote, als er das Foyer durchquert hat, das",0.3814985752105713,WE,dewiki_20180420_300d
206,207,Paket,52,C,mit der Arbeitskleidung.,0,0.0,1,6.7,4.4,1.3,das,Paket,"Heute erntet der Bote, als er den Empfänger angetroffen hat, das",0.4121880531311035,WE,dewiki_20180420_300d
207,208,Paket,52,D,mit der Arbeitskleidung.,0,0.0,1,3.6,1.2,1.3,das,Paket,"Heute erntet der Bote, als er das Foyer durchquert hat, das",0.3674503564834595,WE,dewiki_20180420_300d
208,209,Tor,53,A,und jubelte über seinen Erfolg.,3,0.92,0,6.8,3.4,6.9,das,Tor,"Schnell schoss der Fußballspieler, der das Fußballfeld überquert hatte, das",0.519869327545166,WE,dewiki_20180420_300d
209,210,Tor,53,B,und jubelte über seinen Erfolg.,3,0.67,0,1.6,2.7,6.9,das,Tor,"Schnell schoss der Fußballspieler, der die Jacke ausgezogen hatte, das",0.44982799887657166,WE,dewiki_20180420_300d
210,211,Tor,53,C,und jubelte über seinen Erfolg.,3,0.0,0,6.8,3.4,1.5,das,Tor,"Schnell spürte der Fußballspieler, der das Fußballfeld überquert hatte, das",0.4306175410747528,WE,dewiki_20180420_300d
211,212,Tor,53,D,und jubelte über seinen Erfolg.,3,0.0,0,1.6,2.7,1.5,das,Tor,"Schnell spürte der Fußballspieler, der die Jacke ausgezogen hatte, das",0.3517613410949707,WE,dewiki_20180420_300d
212,213,Flugzeug,54,A,durch die Wolken.,0,1.0,1,7.0,1.8,5.8,das,Flugzeug,"Konzentriert steuerte der Pilot, der die Stewardess gerufen hatte, das",0.5272706747055054,WE,dewiki_20180420_300d
213,214,Flugzeug,54,B,durch die Wolken.,0,0.92,1,1.6,3.4,5.8,das,Flugzeug,"Konzentriert steuerte der Pilot, der den Krimi gelesen hatte, das",0.46952322125434875,WE,dewiki_20180420_300d
214,215,Flugzeug,54,C,durch die Wolken.,0,0.0,1,7.0,1.8,3.1,das,Flugzeug,"Konzentriert faltete der Pilot, der die Stewardess gerufen hatte, das",0.5281556844711304,WE,dewiki_20180420_300d
215,216,Flugzeug,54,D,durch die Wolken.,0,0.08,1,1.6,3.4,3.1,das,Flugzeug,"Konzentriert faltete der Pilot, der den Krimi gelesen hatte, das",0.47157660126686096,WE,dewiki_20180420_300d
216,217,Skizze,55,A,für den Bauherrn.,0,0.42,0,6.4,6.5,6.7,die,Skizze,"Rasch entwarf der Architekt, bevor er den Bauplan erstellte, die",0.40264415740966797,WE,dewiki_20180420_300d
217,218,Skizze,55,B,für den Bauherrn.,0,0.25,0,4.3,4.7,6.7,die,Skizze,"Rasch entwarf der Architekt, bevor er den Vortrag schrieb, die",0.39354467391967773,WE,dewiki_20180420_300d
218,219,Skizze,55,C,für den Bauherrn.,0,0.0,0,6.4,6.5,1.2,die,Skizze,"Rasch schüttelte der Architekt, bevor er den Bauplan erstellte, die",0.4023860991001129,WE,dewiki_20180420_300d
219,220,Skizze,55,D,für den Bauherrn.,0,0.0,0,4.3,4.7,1.2,die,Skizze,"Rasch schüttelte der Architekt, bevor er den Vortrag schrieb, die",0.38243910670280457,WE,dewiki_20180420_300d
220,221,Kamin,56,A,und verlässt das Grundstück.,1,0.42,0,6.8,3.0,6.4,den,Kamin,"Geschwind kehrt der Schornsteinfeger, der den Rauch einatmet, den",0.3840484917163849,WE,dewiki_20180420_300d
221,222,Kamin,56,B,und verlässt das Grundstück.,1,0.17,0,3.0,1.3,6.4,den,Kamin,"Geschwind kehrt der Schornsteinfeger, der die Katze verscheucht, den",0.33168187737464905,WE,dewiki_20180420_300d
222,223,Kamin,56,C,und verlässt das Grundstück.,1,0.0,0,6.8,3.0,1.1,den,Kamin,"Geschwind wirft der Schornsteinfeger, der den Rauch einatmet, den",0.40055298805236816,WE,dewiki_20180420_300d
223,224,Kamin,56,D,und verlässt das Grundstück.,1,0.08,0,3.0,1.3,1.1,den,Kamin,"Geschwind wirft der Schornsteinfeger, der die Katze verscheucht, den",0.3502795994281769,WE,dewiki_20180420_300d
224,225,Wahl,57,A,zum Minister.,0,1.0,0,6.5,5.3,6.7,die,Wahl,"Vorgestern gewann der Politiker, der die Stimmen zählte, die",0.46328428387641907,WE,dewiki_20180420_300d
225,226,Wahl,57,B,zum Minister.,0,0.58,0,2.8,1.6,6.7,die,Wahl,"Vorgestern gewann der Politiker, der die Hände schüttelte, die",0.40641549229621887,WE,dewiki_20180420_300d
226,227,Wahl,57,C,zum Minister.,0,0.08,0,6.5,5.3,1.6,die,Wahl,"Vorgestern reparierte der Politiker, der die Stimmen zählte, die",0.43445080518722534,WE,dewiki_20180420_300d
227,228,Wahl,57,D,zum Minister.,0,0.0,0,2.8,1.6,1.6,die,Wahl,"Vorgestern reparierte der Politiker, der die Hände schüttelte, die",0.3722727298736572,WE,dewiki_20180420_300d
228,229,Foto,58,A,von der Unfallstelle.,0,0.67,0,6.7,2.1,6.7,das,Foto,"Sofort schoss der Reporter, der die Kamera bediente, das",0.41239333152770996,WE,dewiki_20180420_300d
229,230,Foto,58,B,von der Unfallstelle.,0,0.5,0,1.6,1.6,6.7,das,Foto,"Sofort schoss der Reporter, der die Zigarette rauchte, das",0.41113874316215515,WE,dewiki_20180420_300d
230,231,Foto,58,C,von der Unfallstelle.,0,0.0,0,6.7,2.1,1.7,das,Foto,"Sofort verspeiste der Reporter, der die Kamera bediente, das",0.3925776779651642,WE,dewiki_20180420_300d
231,232,Foto,58,D,von der Unfallstelle.,0,0.0,0,1.6,1.6,1.7,das,Foto,"Sofort verspeiste der Reporter, der die Zigarette rauchte, das",0.38552966713905334,WE,dewiki_20180420_300d
232,233,Programm,59,A,für seinen Boss.,0,0.5,0,6.9,5.8,6.7,das,Programm,"Unverzüglich entwickelte der Informatiker, der den Computer hochfuhr, das",0.43048959970474243,WE,dewiki_20180420_300d
233,234,Programm,59,B,für seinen Boss.,0,0.75,0,1.8,2.0,6.7,das,Programm,"Unverzüglich entwickelte der Informatiker, der den Energydrink trank, das",0.42555007338523865,WE,dewiki_20180420_300d
234,235,Programm,59,C,für seinen Boss.,0,0.0,0,6.9,5.8,4.5,das,Programm,"Unverzüglich trocknete der Informatiker, der den Computer hochfuhr, das",0.41419410705566406,WE,dewiki_20180420_300d
235,236,Programm,59,D,für seinen Boss.,0,0.0,0,1.8,2.0,4.5,das,Programm,"Unverzüglich trocknete der Informatiker, der den Energydrink trank, das",0.40121394395828247,WE,dewiki_20180420_300d
236,237,Urteil,60,A,und schloss die Verhandlung.,0,1.0,1,7.0,4.5,6.7,das,Urteil,"Nun verkündete der Richter, nachdem er den Angeklagten hereingerufen hatte, das",0.5494660139083862,WE,dewiki_20180420_300d
237,238,Urteil,60,B,und schloss die Verhandlung.,0,1.0,1,1.9,2.8,6.7,das,Urteil,"Nun verkündete der Richter, nachdem er die Lesebrille aufgesetzt hatte, das",0.47497236728668213,WE,dewiki_20180420_300d
238,239,Urteil,60,C,und schloss die Verhandlung.,0,0.0,1,7.0,4.5,1.7,das,Urteil,"Nun roch der Richter, nachdem er den Angeklagten hereingerufen hatte, das",0.5010501742362976,WE,dewiki_20180420_300d
239,240,Urteil,60,D,und schloss die Verhandlung.,0,0.0,1,1.9,2.8,1.7,das,Urteil,"Nun roch der Richter, nachdem er die Lesebrille aufgesetzt hatte, das",0.42421475052833557,WE,dewiki_20180420_300d
240,241,Prüfung,61,A,in Mathematik.,0,0.58,0,6.6,5.0,5.8,die,Prüfung,"Zunächst bestand der Student, der das Studium wiederaufnahm, die",0.3917601406574249,WE,dewiki_20180420_300d
241,242,Prüfung,61,B,in Mathematik.,0,0.25,0,2.0,1.3,5.8,die,Prüfung,"Zunächst bestand der Student, der das Jackett auszog, die",0.35472172498703003,WE,dewiki_20180420_300d
242,243,Prüfung,61,C,in Mathematik.,0,0.0,0,6.6,5.0,3.4,die,Prüfung,"Zunächst kochte der Student, der das Studium wiederaufnahm, die",0.3751411736011505,WE,dewiki_20180420_300d
243,244,Prüfung,61,D,in Mathematik.,0,0.0,0,2.0,1.3,3.4,die,Prüfung,"Zunächst kochte der Student, der das Jackett auszog, die",0.33273807168006897,WE,dewiki_20180420_300d
244,245,Lied,62,A,über die Vergangenheit.,1,0.58,1,6.3,1.3,7.0,das,Lied,"Konzentriert sang der Sänger, der das Mikrofon umklammerte, das",0.5613303780555725,WE,dewiki_20180420_300d
245,246,Lied,62,B,über die Vergangenheit.,1,0.58,1,1.9,1.5,7.0,das,Lied,"Konzentriert sang der Sänger, der den Hut abnahm, das",0.5287157893180847,WE,dewiki_20180420_300d
246,247,Lied,62,C,über die Vergangenheit.,1,0.0,1,6.3,1.3,1.1,das,Lied,"Konzentriert reparierte der Sänger, der das Mikrofon umklammerte, das",0.4696495532989502,WE,dewiki_20180420_300d
247,248,Lied,62,D,über die Vergangenheit.,1,0.0,1,1.9,1.5,1.1,das,Lied,"Konzentriert reparierte der Sänger, der den Hut abnahm, das",0.4388270974159241,WE,dewiki_20180420_300d
248,249,Farbe,63,A,für den nächsten Auftrag.,0,0.92,1,6.9,3.5,6.3,die,Farbe,"Zufrieden mischte der Anstreicher, der die Pinsel gewaschen hatte, die",0.47351768612861633,WE,dewiki_20180420_300d
249,250,Farbe,63,B,für den nächsten Auftrag.,0,1.0,1,3.5,1.8,6.3,die,Farbe,"Zufrieden mischte der Anstreicher, der die Plätzchen gegessen hatte, die",0.4232688844203949,WE,dewiki_20180420_300d
250,251,Farbe,63,C,für den nächsten Auftrag.,0,0.0,1,6.9,3.5,1.4,die,Farbe,"Zufrieden würzte der Anstreicher, der die Pinsel gewaschen hatte, die",0.4716982841491699,WE,dewiki_20180420_300d
251,252,Farbe,63,D,für den nächsten Auftrag.,0,0.0,1,3.5,1.8,1.4,die,Farbe,"Zufrieden würzte der Anstreicher, der die Plätzchen gegessen hatte, die",0.4170212745666504,WE,dewiki_20180420_300d
252,253,Blumen,64,A,im Blumenkasten.,0,0.58,1,6.2,5.8,7.0,die,Blumen,"Einen Moment lang gießt der Gärtner, der den Dünger verteilt hat, die",0.3837698996067047,WE,dewiki_20180420_300d
253,254,Blumen,64,B,im Blumenkasten.,0,0.5,1,2.0,1.4,7.0,die,Blumen,"Einen Moment lang gießt der Gärtner, der die Opernmusik angestellt hat, die",0.3653656840324402,WE,dewiki_20180420_300d
254,255,Blumen,64,C,im Blumenkasten.,0,0.0,1,6.2,5.8,1.7,die,Blumen,"Einen Moment lang ölt der Gärtner, der den Dünger verteilt hat, die",0.3648076355457306,WE,dewiki_20180420_300d
255,256,Blumen,64,D,im Blumenkasten.,0,0.0,1,2.0,1.4,1.7,die,Blumen,"Einen Moment lang ölt der Gärtner, der die Opernmusik angestellt hat, die",0.34334638714790344,WE,dewiki_20180420_300d
256,257,Hecke,65,A,um das Grundstück.,2,0.5,1,6.6,1.9,6.5,die,Hecke,"Gestern Nachmittag stutzte der Landschaftsgärtner, der die Gartenschere geschärft hatte, die",0.3347173035144806,WE,dewiki_20180420_300d
257,258,Hecke,65,B,um das Grundstück.,2,0.58,1,1.4,1.8,6.5,die,Hecke,"Gestern Nachmittag stutzte der Landschaftsgärtner, der die Sonnenbrille aufgesetzt hatte, die",0.3152894377708435,WE,dewiki_20180420_300d
258,259,Hecke,65,C,um das Grundstück.,2,0.0,1,6.6,1.9,1.3,die,Hecke,"Gestern Nachmittag bezahlte der Landschaftsgärtner, der die Gartenschere geschärft hatte, die",0.3246234655380249,WE,dewiki_20180420_300d
259,260,Hecke,65,D,um das Grundstück.,2,0.0,1,1.4,1.8,1.3,die,Hecke,"Gestern Nachmittag bezahlte der Landschaftsgärtner, der die Sonnenbrille aufgesetzt hatte, die",0.3048657476902008,WE,dewiki_20180420_300d
260,261,Feld,66,A,mit einem Gaul.,2,0.92,0,6.8,2.1,6.2,das,Feld,"Früher beackerte der Landwirt, der den Traktor gestartet hatte, das",0.41093677282333374,WE,dewiki_20180420_300d
261,262,Feld,66,B,mit einem Gaul.,2,0.67,0,3.9,1.1,6.2,das,Feld,"Früher beackerte der Landwirt, der den Sonnenhut aufgesetzt hatte, das",0.4062434434890747,WE,dewiki_20180420_300d
262,263,Feld,66,C,mit einem Gaul.,2,0.0,0,6.8,2.1,2.5,das,Feld,"Früher kopierte der Landwirt, der den Traktor gestartet hatte, das",0.3733249604701996,WE,dewiki_20180420_300d
263,264,Feld,66,D,mit einem Gaul.,2,0.0,0,3.9,1.1,2.5,das,Feld,"Früher kopierte der Landwirt, der den Sonnenhut aufgesetzt hatte, das",0.3673546016216278,WE,dewiki_20180420_300d
264,265,Schuh,67,A,und polierte ihn.,1,0.5,0,6.4,4.1,4.9,den,Schuh,"Heute Morgen flickte der Schuster, der den Absatz ausgetauscht hatte, den",0.4150729477405548,WE,dewiki_20180420_300d
265,266,Schuh,67,B,und polierte ihn.,1,0.75,0,1.2,1.0,4.9,den,Schuh,"Heute Morgen flickte der Schuster, der die Sirene gehört hatte, den",0.4075900614261627,WE,dewiki_20180420_300d
266,267,Schuh,67,C,und polierte ihn.,1,0.0,0,6.4,4.1,1.0,den,Schuh,"Heute Morgen schmeckte der Schuster, der den Absatz ausgetauscht hatte, den",0.4111085534095764,WE,dewiki_20180420_300d
267,268,Schuh,67,D,und polierte ihn.,1,0.0,0,1.2,1.0,1.0,den,Schuh,"Heute Morgen schmeckte der Schuster, der die Sirene gehört hatte, den",0.4049007296562195,WE,dewiki_20180420_300d
268,269,Koffer,68,A,für die Kreuzfahrt.,1,0.83,0,6.6,3.5,6.9,den,Koffer,"Schnell packte der Urlauber, als er die Klamotten gefaltet hatte, den",0.49952250719070435,WE,dewiki_20180420_300d
269,270,Koffer,68,B,für die Kreuzfahrt.,1,0.5,0,1.2,1.9,6.9,den,Koffer,"Schnell packte der Urlauber, als er die Gardinen aufgezogen hatte, den",0.4703526198863983,WE,dewiki_20180420_300d
270,271,Koffer,68,C,für die Kreuzfahrt.,1,0.0,0,6.6,3.5,1.2,den,Koffer,"Schnell rührte der Urlauber, als er die Klamotten gefaltet hatte, den",0.4740643799304962,WE,dewiki_20180420_300d
271,272,Koffer,68,D,für die Kreuzfahrt.,1,0.0,0,1.2,1.9,1.2,den,Koffer,"Schnell rührte der Urlauber, als er die Gardinen aufgezogen hatte, den",0.4433199167251587,WE,dewiki_20180420_300d
272,273,Honig,69,A,aus den Waben.,0,1.0,1,6.9,1.0,5.5,den,Honig,"Sorgfältig erntet der Imker, nachdem er den Bienenstock erreicht hat, den",0.4404975473880768,WE,dewiki_20180420_300d
273,274,Honig,69,B,aus den Waben.,0,0.92,1,2.8,1.1,5.5,den,Honig,"Sorgfältig erntet der Imker, nachdem er das Haus verlassen hat, den",0.4015481770038605,WE,dewiki_20180420_300d
274,275,Honig,69,C,aus den Waben.,0,0.0,1,6.9,1.0,1.2,den,Honig,"Sorgfältig näht der Imker, nachdem er den Bienenstock erreicht hat, den",0.4287426173686981,WE,dewiki_20180420_300d
275,276,Honig,69,D,aus den Waben.,0,0.0,1,2.8,1.1,1.2,den,Honig,"Sorgfältig näht der Imker, nachdem er das Haus verlassen hat, den",0.3847106099128723,WE,dewiki_20180420_300d
276,277,Gewehr,70,A,und zielt erneut.,0,0.42,1,6.4,6.1,6.0,das,Gewehr,"Vorsichtig lädt der Jäger, der die Munition verschossen hat, das",0.5156487226486206,WE,dewiki_20180420_300d
277,278,Gewehr,70,B,und zielt erneut.,0,0.5,1,1.4,1.3,6.0,das,Gewehr,"Vorsichtig lädt der Jäger, der den Campingplatz verlassen hat, das",0.3779178261756897,WE,dewiki_20180420_300d
278,279,Gewehr,70,C,und zielt erneut.,0,0.0,1,6.4,6.1,1.3,das,Gewehr,"Vorsichtig schneidet der Jäger, der die Munition verschossen hat, das",0.5118328928947449,WE,dewiki_20180420_300d
279,280,Gewehr,70,D,und zielt erneut.,0,0.0,1,1.4,1.3,1.3,das,Gewehr,"Vorsichtig schneidet der Jäger, der den Campingplatz verlassen hat, das",0.37815868854522705,WE,dewiki_20180420_300d
280,281,Mörtel,71,A,für die Mauer.,0,0.42,0,6.1,4.0,6.0,den,Mörtel,"Vorsichtig mischte der Maurer, der die Backsteine aufeinanderlegte, den",0.4907352328300476,WE,dewiki_20180420_300d
281,282,Mörtel,71,B,für die Mauer.,0,0.25,0,1.4,1.0,6.0,den,Mörtel,"Vorsichtig mischte der Maurer, der die Nachbarn belauschte, den",0.37254637479782104,WE,dewiki_20180420_300d
282,283,Mörtel,71,C,für die Mauer.,0,0.0,0,6.1,4.0,1.3,den,Mörtel,"Vorsichtig schrieb der Maurer, der die Backsteine aufeinanderlegte, den",0.4724915325641632,WE,dewiki_20180420_300d
283,284,Mörtel,71,D,für die Mauer.,0,0.0,0,1.4,1.0,1.3,den,Mörtel,"Vorsichtig schrieb der Maurer, der die Nachbarn belauschte, den",0.35158997774124146,WE,dewiki_20180420_300d
284,285,Mehl,72,A,aus dem Korn.,2,0.67,0,6.9,1.4,5.9,das,Mehl,"Vorgestern mahlte der Müller, der die Mühle betrieb, das",0.45773547887802124,WE,dewiki_20180420_300d
285,286,Mehl,72,B,aus dem Korn.,2,0.5,0,1.0,1.1,5.9,das,Mehl,"Vorgestern mahlte der Müller, der das Lied pfiff, das",0.42691856622695923,WE,dewiki_20180420_300d
286,287,Mehl,72,C,aus dem Korn.,2,0.0,0,6.9,1.4,2.4,das,Mehl,"Vorgestern verzierte der Müller, der die Mühle betrieb, das",0.41004326939582825,WE,dewiki_20180420_300d
287,288,Mehl,72,D,aus dem Korn.,2,0.17,0,1.0,1.1,2.4,das,Mehl,"Vorgestern verzierte der Müller, der das Lied pfiff, das",0.3645496964454651,WE,dewiki_20180420_300d
288,289,Kuh,73,A,und brachte ihr frisches Heu.,0,1.0,0,7.0,4.5,6.8,die,Kuh,"Vorsichtig melkte der Viehzüchter, nachdem er den Stall ausgemistet hatte, die",0.40387579798698425,WE,dewiki_20180420_300d
289,290,Kuh,73,B,und brachte ihr frisches Heu.,0,0.75,0,3.1,1.0,6.8,die,Kuh,"Vorsichtig melkte der Viehzüchter, nachdem er das Gemüse sortiert hatte, die",0.39843523502349854,WE,dewiki_20180420_300d
290,291,Kuh,73,C,und brachte ihr frisches Heu.,0,0.0,0,7.0,4.5,1.4,die,Kuh,"Vorsichtig kleidete der Viehzüchter, nachdem er den Stall ausgemistet hatte, die",0.3951817750930786,WE,dewiki_20180420_300d
291,292,Kuh,73,D,und brachte ihr frisches Heu.,0,0.08,0,3.1,1.0,1.4,die,Kuh,"Vorsichtig kleidete der Viehzüchter, nachdem er das Gemüse sortiert hatte, die",0.3903197944164276,WE,dewiki_20180420_300d
292,293,Bett,74,A,und das Kissen.,0,0.92,0,6.9,4.7,6.9,das,Bett,"Zuerst bezog der Hotelangestellte, nachdem er den Bezug entfaltet hatte, das",0.3610827326774597,WE,dewiki_20180420_300d
293,294,Bett,74,B,und das Kissen.,0,0.67,0,1.1,1.8,6.9,das,Bett,"Zuerst bezog der Hotelangestellte, nachdem er den Hamburger verspeist hatte, das",0.3875197768211365,WE,dewiki_20180420_300d
294,295,Bett,74,C,und das Kissen.,0,0.08,0,6.9,4.7,1.2,das,Bett,"Zuerst fälschte der Hotelangestellte, nachdem er den Bezug entfaltet hatte, das",0.37311285734176636,WE,dewiki_20180420_300d
295,296,Bett,74,D,und das Kissen.,0,0.0,0,1.1,1.8,1.2,das,Bett,"Zuerst fälschte der Hotelangestellte, nachdem er den Hamburger verspeist hatte, das",0.3946394622325897,WE,dewiki_20180420_300d
296,297,Ziel,75,A,und durchtrennt die Ziellinie.,1,0.92,0,6.0,5.8,6.6,das,Ziel,"Augenblicklich erreicht der Sprinter, der das Rennen gewinnt, das",0.45399075746536255,WE,dewiki_20180420_300d
297,298,Ziel,75,B,und durchtrennt die Ziellinie.,1,0.75,0,1.9,2.7,6.6,das,Ziel,"Augenblicklich erreicht der Sprinter, der den Wind genießt, das",0.41405853629112244,WE,dewiki_20180420_300d
298,299,Ziel,75,C,und durchtrennt die Ziellinie.,1,0.0,0,6.0,5.8,1.9,das,Ziel,"Augenblicklich reinigt der Sprinter, der das Rennen gewinnt, das",0.4154272675514221,WE,dewiki_20180420_300d
299,300,Ziel,75,D,und durchtrennt die Ziellinie.,1,0.0,0,1.9,2.7,1.9,das,Ziel,"Augenblicklich reinigt der Sprinter, der den Wind genießt, das",0.3724014461040497,WE,dewiki_20180420_300d
300,301,Welle,76,A,bis zum Strand.,0,0.58,0,5.1,1.3,7.0,die,Welle,"Direkt surft der Surfer, der die Badehose angezogen hat, die",0.3979133367538452,WE,dewiki_20180420_300d
301,302,Welle,76,B,bis zum Strand.,0,0.42,0,3.2,1.3,7.0,die,Welle,"Direkt surft der Surfer, der den Tagesausflug unternommen hat, die",0.3620414733886719,WE,dewiki_20180420_300d
302,303,Welle,76,C,bis zum Strand.,0,0.0,0,5.1,1.3,1.5,die,Welle,"Direkt reserviert der Surfer, der die Badehose angezogen hat, die",0.3943558633327484,WE,dewiki_20180420_300d
303,304,Welle,76,D,bis zum Strand.,0,0.0,0,3.2,1.3,1.5,die,Welle,"Direkt reserviert der Surfer, der den Tagesausflug unternommen hat, die",0.3551866114139557,WE,dewiki_20180420_300d
304,305,Fahrkarten,77,A,der Pendler.,0,0.5,1,6.7,3.3,6.6,die,Fahrkarten,"Gut gelaunt kontrollierte der Schaffner, der das Zugabteil betreten hatte, die",0.42673856019973755,WE,dewiki_20180420_300d
305,306,Fahrkarten,77,B,der Pendler.,0,0.42,1,2.8,2.4,6.6,die,Fahrkarten,"Gut gelaunt kontrollierte der Schaffner, der die Mittagspause beendet hatte, die",0.3920666575431824,WE,dewiki_20180420_300d
306,307,Fahrkarten,77,C,der Pendler.,0,0.0,1,6.7,3.3,1.3,die,Fahrkarten,"Gut gelaunt zitierte der Schaffner, der das Zugabteil betreten hatte, die",0.38865604996681213,WE,dewiki_20180420_300d
307,308,Fahrkarten,77,D,der Pendler.,0,0.0,1,2.8,2.4,1.3,die,Fahrkarten,"Gut gelaunt zitierte der Schaffner, der die Mittagspause beendet hatte, die",0.353408545255661,WE,dewiki_20180420_300d
308,309,Leitung,78,A,im Gebäude.,0,0.5,1,6.8,4.5,6.2,die,Leitung,"Am Mittag verlegte der Elektriker, nachdem er den Strom abgeschaltet hatte, die",0.38096049427986145,WE,dewiki_20180420_300d
309,310,Leitung,78,B,im Gebäude.,0,0.41,1,2.2,3.4,6.2,die,Leitung,"Am Mittag verlegte der Elektriker, nachdem er den Anwohner informiert hatte, die",0.38238561153411865,WE,dewiki_20180420_300d
310,311,Leitung,78,C,im Gebäude.,0,0.0,1,6.8,4.5,1.5,die,Leitung,"Am Mittag verfasste der Elektriker, nachdem er den Strom abgeschaltet hatte, die",0.3883982002735138,WE,dewiki_20180420_300d
311,312,Leitung,78,D,im Gebäude.,0,0.0,1,2.2,3.4,1.5,die,Leitung,"Am Mittag verfasste der Elektriker, nachdem er den Anwohner informiert hatte, die",0.38727107644081116,WE,dewiki_20180420_300d
312,313,Segel,79,A,des großen Bootes.,3,0.42,1,5.5,4.4,5.8,die,Segel,"Langsam hisst der Matrose, nachdem er die Taue gekappt hat, die",0.44345858693122864,WE,dewiki_20180420_300d
313,314,Segel,79,B,des großen Bootes.,3,0.42,1,2.2,2.7,5.8,die,Segel,"Langsam hisst der Matrose, nachdem er die Handschuhe angezogen hat, die",0.4229767620563507,WE,dewiki_20180420_300d
314,315,Segel,79,C,des großen Bootes.,3,0.0,1,5.5,4.4,1.9,die,Segel,"Langsam verzehrt der Matrose, nachdem er die Taue gekappt hat, die",0.4201805591583252,WE,dewiki_20180420_300d
315,316,Segel,79,D,des großen Bootes.,3,0.0,1,2.2,2.7,1.9,die,Segel,"Langsam verzehrt der Matrose, nachdem er die Handschuhe angezogen hat, die",0.3986370861530304,WE,dewiki_20180420_300d
316,317,Gläser,80,A,und spricht mit dem Kollegen.,0,0.67,1,5.2,1.4,5.8,die,Gläser,"Direkt entspiegelt der Optiker, nachdem er den Sehtest durchgeführt hat, die",0.40117138624191284,WE,dewiki_20180420_300d
317,318,Gläser,80,B,und spricht mit dem Kollegen.,0,0.67,1,1.5,5.0,5.8,die,Gläser,"Direkt entspiegelt der Optiker, nachdem er die Jahresabrechnung aufgestellt hat, die",0.3923490047454834,WE,dewiki_20180420_300d
318,319,Gläser,80,C,und spricht mit dem Kollegen.,0,0.0,1,5.2,1.4,4.3,die,Gläser,"Direkt verschließt der Optiker, nachdem er den Sehtest durchgeführt hat, die",0.37598317861557007,WE,dewiki_20180420_300d
319,320,Gläser,80,D,und spricht mit dem Kollegen.,0,0.0,1,1.5,5.0,4.3,die,Gläser,"Direkt verschließt der Optiker, nachdem er die Jahresabrechnung aufgestellt hat, die",0.36555320024490356,WE,dewiki_20180420_300d
320,321,Korb,81,A,und holt einen Punkt.,0,0.83,0,6.0,4.8,4.8,den,Korb,"Auf der Stelle wirft der Basketballer, der den Ball gedribbelt hat, den",0.41125941276550293,WE,dewiki_20180420_300d
321,322,Korb,81,B,und holt einen Punkt.,0,0.5,0,2.9,1.8,4.8,den,Korb,"Auf der Stelle wirft der Basketballer, der die Sitzbank verlassen hat, den",0.3714736998081207,WE,dewiki_20180420_300d
322,323,Korb,81,C,und holt einen Punkt.,0,0.0,0,6.0,4.8,1.8,den,Korb,"Auf der Stelle bucht der Basketballer, der den Ball gedribbelt hat, den",0.3962661623954773,WE,dewiki_20180420_300d
323,324,Korb,81,D,und holt einen Punkt.,0,0.0,0,2.9,1.8,1.8,den,Korb,"Auf der Stelle bucht der Basketballer, der die Sitzbank verlassen hat, den",0.35493049025535583,WE,dewiki_20180420_300d
324,325,Muschel,82,A,und holt die Perle.,0,0.92,0,6.2,1.5,4.2,die,Muschel,"Ohne zu zögern knackt der Perlentaucher, der den Meeresgrund erreicht hat, die",0.32827726006507874,WE,dewiki_20180420_300d
325,326,Muschel,82,B,und holt die Perle.,0,0.75,0,1.0,1.2,4.2,die,Muschel,"Ohne zu zögern knackt der Perlentaucher, der die Taschenlampe angemacht hat, die",0.32848384976387024,WE,dewiki_20180420_300d
326,327,Muschel,82,C,und holt die Perle.,0,0.0,0,6.2,1.5,1.4,die,Muschel,"Ohne zu zögern verknotet der Perlentaucher, die den Meeresgrund erreicht hat, die",0.3528486490249634,WE,dewiki_20180420_300d
327,328,Muschel,82,D,und holt die Perle.,0,0.0,0,1.0,1.2,1.4,die,Muschel,"Ohne zu zögern verknotet der Perlentaucher, der die Taschenlampe angemacht hat, die",0.35507622361183167,WE,dewiki_20180420_300d
328,329,Bogen,83,A,und feuert den Pfeil ab.,0,1.0,0,7.0,2.1,6.7,den,Bogen,"Umsichtig spannt der Schütze, der den Pfeil gespitzt hat, den",0.5368553400039673,WE,dewiki_20180420_300d
329,330,Bogen,83,B,und feuert den Pfeil ab.,0,0.67,0,1.5,1.2,6.7,den,Bogen,"Umsichtig spannt der Schütze, der das Laub zusammengekehrt hat, den",0.4652818441390991,WE,dewiki_20180420_300d
330,331,Bogen,83,C,und feuert den Pfeil ab.,0,0.08,0,7.0,2.1,1.2,den,Bogen,"Umsichtig tippt der Schütze, der den Pfeil gespitzt hat, den",0.4980449080467224,WE,dewiki_20180420_300d
331,332,Bogen,83,D,und feuert den Pfeil ab.,0,0.0,0,1.5,1.2,1.2,den,Bogen,"Umsichtig tippt der Schütze, der das Laub zusammengekehrt hat, den",0.4280182123184204,WE,dewiki_20180420_300d
332,333,Ziegel,84,A,und beendete den Arbeitstag.,0,0.58,1,7.0,4.8,4.2,die,Ziegel,"Schnell verlegte der Dachdecker, der das Dach abdeckte, die",0.40454399585723877,WE,dewiki_20180420_300d
333,334,Ziegel,84,B,und beendete den Arbeitstag.,0,0.5,1,1.2,1.6,4.2,die,Ziegel,"Schnell verlegte der Dachdecker, der den Ehering auszog, die",0.38847121596336365,WE,dewiki_20180420_300d
334,335,Ziegel,84,C,und beendete den Arbeitstag.,0,0.0,1,7.0,4.8,1.0,die,Ziegel,"Schnell naschte der Dachdecker, der das Dach abdeckte, die",0.40305137634277344,WE,dewiki_20180420_300d
335,336,Ziegel,84,D,und beendete den Arbeitstag.,0,0.0,1,1.2,1.6,1.0,die,Ziegel,"Schnell naschte der Dachdecker, der den Ehering auszog, die",0.38384005427360535,WE,dewiki_20180420_300d
336,337,Kartons,85,A,und die Kisten.,0,0.58,1,6.5,1.9,5.5,die,Kartons,"Zuerst stapelt der Umzugshelfer, der den Umzugswagen gefahren hat, die",0.37435728311538696,WE,dewiki_20180420_300d
337,338,Kartons,85,B,und die Kisten.,0,0.67,1,4.4,1.1,5.5,die,Kartons,"Zuerst stapelt der Umzugshelfer, der die Firma gegründet hat, die",0.34722742438316345,WE,dewiki_20180420_300d
338,339,Kartons,85,C,und die Kisten.,0,0.0,1,6.5,1.9,2.0,die,Kartons,"Zuerst serviert der Umzugshelfer, der den Umzugswagen gefahren hat, die",0.35852527618408203,WE,dewiki_20180420_300d
339,340,Kartons,85,D,und die Kisten.,0,0.0,1,4.4,1.1,2.0,die,Kartons,"Zuerst serviert der Umzugshelfer, der die Firma gegründet hat, die",0.3328759968280792,WE,dewiki_20180420_300d
340,341,Unterricht,86,A,und wurde erwischt.,2,0.5,0,7.0,5.9,6.7,den,Unterricht,"Heute früh schwänzte der Schüler, der die Klasse wiederholt hatte, den",0.4874521493911743,WE,dewiki_20180420_300d
341,342,Unterricht,86,B,und wurde erwischt.,2,0.33,0,3.8,1.8,6.7,den,Unterricht,"Heute früh schwänzte der Schüler, der das Handy verloren hatte, den",0.46205151081085205,WE,dewiki_20180420_300d
342,343,Unterricht,86,C,und wurde erwischt.,2,0.0,0,7.0,5.9,1.7,den,Unterricht,"Heute früh dekorierte der Schüler, der die Klasse wiederholt hatte, den",0.443058580160141,WE,dewiki_20180420_300d
343,344,Unterricht,86,D,und wurde erwischt.,2,0.0,0,3.8,1.8,1.7,den,Unterricht,"Heute früh dekorierte der Schüler, der das Handy verloren hatte, den",0.4183449447154999,WE,dewiki_20180420_300d
344,345,Ausweis,87,A,und ließ die Frau in den Club.,0,0.33,1,6.4,3.3,6.6,den,Ausweis,"Am Abend kontrollierte der Türsteher, der den Geldbeutel durchsuchte, den",0.4197649657726288,WE,dewiki_20180420_300d
345,346,Ausweis,87,B,und ließ die Frau in den Club.,0,0.25,1,2.0,1.2,6.6,den,Ausweis,"Am Abend kontrollierte der Türsteher, der die Nachtluft genoss, den",0.3773450553417206,WE,dewiki_20180420_300d
346,347,Ausweis,87,C,und ließ die Frau in den Club.,0,0.0,1,6.4,3.3,1.5,den,Ausweis,"Am Abend probierte der Türsteher, der den Geldbeutel durchsuchte, den",0.38854992389678955,WE,dewiki_20180420_300d
347,348,Ausweis,87,D,und ließ die Frau in den Club.,0,0.0,1,2.0,1.2,1.5,den,Ausweis,"Am Abend probierte der Türsteher, der die Nachtluft genoss, den",0.34604528546333313,WE,dewiki_20180420_300d
348,349,Windel,88,A,und warf sie in den Abfall.,0,0.92,1,6.7,2.4,6.5,die,Windel,"Umsichtig wechselte der Babysitter, der das Baby geweckt hatte, die",0.37494152784347534,WE,dewiki_20180420_300d
349,350,Windel,88,B,und warf sie in den Abfall.,0,0.83,1,1.0,1.1,6.5,die,Windel,"Umsichtig wechselte der Babysitter, der den Obstsalat zubereitet hatte, die",0.3890239894390106,WE,dewiki_20180420_300d
350,351,Windel,88,C,und warf sie in den Abfall.,0,0.08,1,6.7,2.4,1.5,die,Windel,"Umsichtig bastelte der Babysitter, der das Baby geweckt hatte, die",0.3998611271381378,WE,dewiki_20180420_300d
351,352,Windel,88,D,und warf sie in den Abfall.,0,0.0,1,1.0,1.1,1.5,die,Windel,"Umsichtig bastelte der Babysitter, der den Obstsalat zubereitet hatte, die",0.4116194248199463,WE,dewiki_20180420_300d
352,353,Gewichte,89,A,in die Höhe.,0,0.5,1,6.7,1.6,6.7,die,Gewichte,"Langsam stemmte der Bodybuilder, der das Fitnessstudio betreten hatte, die",0.3512174189090729,WE,dewiki_20180420_300d
353,354,Gewichte,89,B,in die Höhe.,0,0.42,1,1.7,2.0,6.7,die,Gewichte,"Langsam stemmte der Bodybuilder, der das Licht angemacht hatte, die",0.34822311997413635,WE,dewiki_20180420_300d
354,355,Gewichte,89,C,in die Höhe.,0,0.0,1,6.7,1.6,2.0,die,Gewichte,"Langsam verdaute der Bodybuilder, der das Fitnessstudio betreten hatte, die",0.3314465880393982,WE,dewiki_20180420_300d
355,356,Gewichte,89,D,in die Höhe.,0,0.0,1,1.7,2.0,2.0,die,Gewichte,"Langsam verdaute der Bodybuilder, der das Licht angemacht hatte, die",0.3253292143344879,WE,dewiki_20180420_300d
356,357,Rohr,90,A,im Badezimmer.,0,0.17,1,6.4,1.5,5.5,das,Rohr,"Umsichtig repariert der Klempner, der das Wasser ausgestellt hat, das",0.3698689043521881,WE,dewiki_20180420_300d
357,358,Rohr,90,B,im Badezimmer.,0,0.25,1,1.3,4.6,5.5,das,Rohr,"Umsichtig repariert der Klempner, der den Kirchenchor geleitet hat, das",0.3724289834499359,WE,dewiki_20180420_300d
358,359,Rohr,90,C,im Badezimmer.,0,0.0,1,6.4,1.5,1.1,das,Rohr,"Umsichtig nascht der Klempner, der das Wasser ausgestellt hat, das",0.3722909390926361,WE,dewiki_20180420_300d
359,360,Rohr,90,D,im Badezimmer.,0,0.0,1,1.3,4.6,1.1,das,Rohr,"Umsichtig nascht der Klempner, der den Kirchenchor geleitet hat, das",0.37358009815216064,WE,dewiki_20180420_300d
360,361,Artikel,91,A,für die nächste Ausgabe.,0,0.5,0,6.4,1.5,6.1,den,Artikel,"Schnell schreibt der Journalist, der die Recherche durchgeführt hat, den",0.4054229259490967,WE,dewiki_20180420_300d
361,362,Artikel,91,B,für die nächste Ausgabe.,0,0.25,0,2.5,5.4,6.1,den,Artikel,"Schnell schreibt der Journalist, der das Portemonnaie gefunden hat, den",0.3759863078594208,WE,dewiki_20180420_300d
362,363,Artikel,91,C,für die nächste Ausgabe.,0,0.0,0,6.4,1.5,2.3,den,Artikel,"Schnell lenkt der Journalist, der die Recherche durchgeführt hat, den",0.3599800765514374,WE,dewiki_20180420_300d
363,364,Artikel,91,D,für die nächste Ausgabe.,0,0.0,0,2.5,5.4,2.3,den,Artikel,"Schnell lenkt der Journalist, der das Portemonnaie gefunden hat, den",0.32798874378204346,WE,dewiki_20180420_300d
364,365,Reifen,92,A,an seinem Rad.,0,0.67,1,6.8,4.1,6.7,den,Reifen,"Heute Morgen flickte der Radler, der die Luftpumpe benutzt hatte, den",0.3817770183086395,WE,dewiki_20180420_300d
365,366,Reifen,92,B,an seinem Rad.,0,0.67,1,1.2,1.8,6.7,den,Reifen,"Heute Morgen flickte der Radler, der den Schrank abgeschlossen hatte, den",0.35145148634910583,WE,dewiki_20180420_300d
366,367,Reifen,92,C,an seinem Rad.,0,0.0,1,6.8,4.1,1.1,den,Reifen,"Heute Morgen trank der Radler, der die Luftpumpe benutzt hatte, den",0.3751271069049835,WE,dewiki_20180420_300d
367,368,Reifen,92,D,an seinem Rad.,0,0.0,1,1.2,1.8,1.1,den,Reifen,"Heute Morgen trank der Radler, der den Schrank abgeschlossen hatte, den",0.3460623323917389,WE,dewiki_20180420_300d
368,369,Briefkasten,93,A,und fährt weiter.,2,0.58,1,6.2,1.3,6.3,den,Briefkasten,"Umgehend entleert der Postbote, der das Postauto geparkt hat, den",0.4695013761520386,WE,dewiki_20180420_300d
369,370,Briefkasten,93,B,und fährt weiter.,2,0.58,1,2.5,2.0,6.3,den,Briefkasten,"Umgehend entleert der Postbote, der den Kugelschreiber verloren hat, den",0.4384576082229614,WE,dewiki_20180420_300d
370,371,Briefkasten,93,C,und fährt weiter.,2,0.0,1,6.2,1.3,1.1,den,Briefkasten,"Umgehend verdrückt der Postbote, der das Postauto geparkt hat, den",0.477300226688385,WE,dewiki_20180420_300d
371,372,Briefkasten,93,D,und fährt weiter.,2,0.0,1,2.5,2.0,1.1,den,Briefkasten,"Umgehend verdrückt der Postbote, der den Kugelschreiber verloren hat, den",0.4391450881958008,WE,dewiki_20180420_300d
372,373,Drogen,94,A,für die nächste Woche.,0,0.5,1,6.8,2.2,4.7,die,Drogen,"Hektisch kauft der Junkie, der den Dealer angerufen hat, die",0.5126799941062927,WE,dewiki_20180420_300d
373,374,Drogen,94,B,für die nächste Woche.,0,0.5,1,2.1,2.2,4.7,die,Drogen,"Hektisch kauft der Junkie, der die Kapuze aufgezogen hat, die",0.4436068534851074,WE,dewiki_20180420_300d
374,375,Drogen,94,C,für die nächste Woche.,0,0.0,1,6.8,2.2,1.1,die,Drogen,"Hektisch näht der Junkie, der den Dealer angerufen hat, die",0.5060724020004272,WE,dewiki_20180420_300d
375,376,Drogen,94,D,für die nächste Woche.,0,0.08,1,2.1,2.2,1.1,die,Drogen,"Hektisch näht der Junkie, der die Kapuze aufgezogen hat, die",0.43188396096229553,WE,dewiki_20180420_300d
376,377,Tonne,95,A,und sprang auf den Müllwagen.,0,0.75,1,6.4,1.8,5.8,die,Tonne,"Zügig leerte der Müllmann, der den Müllwagen geparkt hatte, die",0.3336828649044037,WE,dewiki_20180420_300d
377,378,Tonne,95,B,und sprang auf den Müllwagen.,0,0.75,1,4.2,1.1,5.8,die,Tonne,"Zügig leerte der Müllmann, der den Hausbesitzer gegrüßt hatte, die",0.313839852809906,WE,dewiki_20180420_300d
378,379,Tonne,95,C,und sprang auf den Müllwagen.,0,0.0,1,6.4,1.8,1.8,die,Tonne,"Zügig bastelte der Müllmann, der den Müllwagen geparkt hatte, die",0.3146915137767792,WE,dewiki_20180420_300d
379,380,Tonne,95,D,und sprang auf den Müllwagen.,0,0.0,1,4.2,1.1,1.8,die,Tonne,"Zügig bastelte der Müllmann, der den Hausbesitzer gegrüßt hatte, die",0.29345113039016724,WE,dewiki_20180420_300d
380,381,Peitsche,96,A,und gab die Sporen.,2,0.58,1,6.0,5.6,5.8,die,Peitsche,"Hektisch knallte der Reiter, der das Pferd ritt, die",0.45650768280029297,WE,dewiki_20180420_300d
381,382,Peitsche,96,B,und gab die Sporen.,2,0.5,1,1.2,1.2,5.8,die,Peitsche,"Hektisch knallte der Reiter, der die Landschaft durchquerte, die",0.35291168093681335,WE,dewiki_20180420_300d
382,383,Peitsche,96,C,und gab die Sporen.,2,0.0,1,6.0,5.6,1.1,die,Peitsche,"Hektisch verfasste der Reiter, der das Pferd ritt, die",0.45956018567085266,WE,dewiki_20180420_300d
383,384,Peitsche,96,D,und gab die Sporen.,2,0.0,1,1.2,1.2,1.1,die,Peitsche,"Hektisch verfasste der Reiter, der die Landschaft durchquerte, die",0.35211437940597534,WE,dewiki_20180420_300d
384,385,Waffe,97,A,und verlangte das Geld.,0,0.58,1,3.9,6.5,6.1,die,Waffe,"Nach kurzem Überlegen zückte der Gangster, der die Bank überfiel, die",0.473459392786026,WE,dewiki_20180420_300d
385,386,Waffe,97,B,und verlangte das Geld.,0,0.58,1,1.3,1.1,6.1,die,Waffe,"Nach kurzem Überlegen zückte der Gangster, der den Bus betrat, die",0.4695444107055664,WE,dewiki_20180420_300d
386,387,Waffe,97,C,und verlangte das Geld.,0,0.0,1,3.9,6.5,1.4,die,Waffe,"Nach kurzem Überlegen gründete der Gangster, der die Bank überfiel, die",0.42111900448799133,WE,dewiki_20180420_300d
387,388,Waffe,97,D,und verlangte das Geld.,0,0.0,1,1.3,1.1,1.4,die,Waffe,"Nach kurzem Überlegen gründete der Gangster, der den Bus betrat, die",0.41643914580345154,WE,dewiki_20180420_300d
388,389,Schiff,98,A,und übernahm das Kommando.,0,0.92,1,6.2,5.1,6.8,das,Schiff,"Zufrieden kaperte der Pirat, der die Flagge hisste, das",0.5527373552322388,WE,dewiki_20180420_300d
389,390,Schiff,98,B,und übernahm das Kommando.,0,0.92,1,2.3,1.4,6.8,das,Schiff,"Zufrieden kaperte der Pirat, der die Fehde austrug, das",0.45165780186653137,WE,dewiki_20180420_300d
390,391,Schiff,98,C,und übernahm das Kommando.,0,0.0,1,6.2,5.1,1.1,das,Schiff,"Zufrieden verrührte der Pirat, der die Flagge hisste, das",0.4993099272251129,WE,dewiki_20180420_300d
391,392,Schiff,98,D,und übernahm das Kommando.,0,0.0,1,2.3,1.4,1.1,das,Schiff,"Zufrieden verrührte der Pirat, der die Fehde austrug, das",0.3844624161720276,WE,dewiki_20180420_300d
392,393,Aktie,99,A,und berichtet seinem Auftraggeber.,0,0.75,1,6.9,1.1,6.5,die,Aktie,"Sofort kauft der Börsenmakler, der die Börse betreten hat, die",0.46269673109054565,WE,dewiki_20180420_300d
393,394,Aktie,99,B,und berichtet seinem Auftraggeber.,0,0.83,1,1.4,1.6,6.5,die,Aktie,"Sofort kauft der Börsenmakler, der den Whiskey eingeschenkt hat, die",0.3947594463825226,WE,dewiki_20180420_300d
394,395,Aktie,99,C,und berichtet seinem Auftraggeber.,0,0.0,1,6.9,1.1,1.4,die,Aktie,"Sofort knabbert der Börsenmakler, der die Börse betreten hat, die",0.4239976704120636,WE,dewiki_20180420_300d
395,396,Aktie,99,D,und berichtet seinem Auftraggeber.,0,0.0,1,1.4,1.6,1.4,die,Aktie,"Sofort knabbert der Börsenmakler, der den Whiskey eingeschenkt hat, die",0.35542288422584534,WE,dewiki_20180420_300d
396,397,Loch,100,A,in die Decke.,0,1.0,0,6.5,2.0,6.9,das,Loch,"Gestern bohrte der Handwerker, der die Bohrmaschine hielt, das",0.3809335231781006,WE,dewiki_20180420_300d
397,398,Loch,100,B,in die Decke.,0,0.75,0,1.4,1.7,6.9,das,Loch,"Gestern bohrte der Handwerker, der das Kaugummi kaute, das",0.35620319843292236,WE,dewiki_20180420_300d
398,399,Loch,100,C,in die Decke.,0,0.0,0,6.5,2.0,3.9,das,Loch,"Gestern warf der Handwerker, der die Bohrmaschine hielt, das",0.34944918751716614,WE,dewiki_20180420_300d
399,400,Loch,100,D,in die Decke.,0,0.0,0,1.4,1.7,3.9,das,Loch,"Gestern warf der Handwerker, der das Kaugummi kaute, das",0.32634198665618896,WE,dewiki_20180420_300d
400,401,Blutdruck,101,A,und den Blutzucker.,3,0.58,1,6.8,1.6,6.7,den,Blutdruck,"Am Morgen misst der Arzthelfer, der das Messgerät hält, den",0.3895260989665985,WE,dewiki_20180420_300d
401,402,Blutdruck,101,B,und den Blutzucker.,3,0.58,1,2.3,1.6,6.7,den,Blutdruck,"Am Morgen misst der Arzthelfer, der den Bildschirm anstellt, den",0.3640565276145935,WE,dewiki_20180420_300d
402,403,Blutdruck,101,C,und den Blutzucker.,3,0.0,1,6.8,1.6,1.4,den,Blutdruck,"Am Morgen kauft der Arzthelfer, der das Messgerät hält, den",0.35520195960998535,WE,dewiki_20180420_300d
403,404,Blutdruck,101,D,und den Blutzucker.,3,0.0,1,2.3,1.6,1.4,den,Blutdruck,"Am Morgen kauft der Arzthelfer, der den Bildschirm anstellt, den",0.324725866317749,WE,dewiki_20180420_300d
404,405,Tuch,102,A,und machte sich bereit.,0,0.67,0,6.3,3.5,2.7,das,Tuch,"Konzentriert schwang der Torero, der den Stier verwundet hatte, das",0.4211466908454895,WE,dewiki_20180420_300d
405,406,Tuch,102,B,und machte sich bereit.,0,0.83,0,4.1,1.8,2.7,das,Tuch,"Konzentriert schwang der Torero, der das Gebet aufgesagt hatte, das",0.43304792046546936,WE,dewiki_20180420_300d
406,407,Tuch,102,C,und machte sich bereit.,0,0.0,0,6.3,3.5,2.6,das,Tuch,"Konzentriert befüllte der Torero, der den Stier verwundet hatte, das",0.4370197057723999,WE,dewiki_20180420_300d
407,408,Tuch,102,D,und machte sich bereit.,0,0.0,0,4.1,1.8,2.6,das,Tuch,"Konzentriert befüllte der Torero, der das Gebet aufgesagt hatte, das",0.4446132481098175,WE,dewiki_20180420_300d
408,409,Schwert,103,A,und griff den Gegner an.,0,0.92,1,6.2,1.5,5.9,das,Schwert,"Angespannt zückte der Ritter, nachdem er den Kampf begonnen hatte, das",0.43229442834854126,WE,dewiki_20180420_300d
409,410,Schwert,103,B,und griff den Gegner an.,0,0.92,1,1.1,1.0,5.9,das,Schwert,"Angespannt zückte der Ritter, nachdem er die Brücke überquert hatte, das",0.4138939678668976,WE,dewiki_20180420_300d
410,411,Schwert,103,C,und griff den Gegner an.,0,0.0,1,6.2,1.5,1.1,das,Schwert,"Angespannt kaute der Ritter, nachdem er den Kampf begonnen hatte, das",0.40096738934516907,WE,dewiki_20180420_300d
411,412,Schwert,103,D,und griff den Gegner an.,0,0.08,1,1.1,1.0,1.1,das,Schwert,"Angespannt kaute der Ritter, nachdem er die Brücke überquert hatte, das",0.3833875358104706,WE,dewiki_20180420_300d
412,413,Rettungswagen,104,A,in Richtung des Krankenhauses.,0,0.75,0,6.8,2.6,4.7,den,Rettungswagen,"Wachsam steuert der Sanitäter, der das Blaulicht eingeschaltet hat, den",0.43674030900001526,WE,dewiki_20180420_300d
413,414,Rettungswagen,104,B,in Richtung des Krankenhauses.,0,0.58,0,1.3,1.2,4.7,den,Rettungswagen,"Wachsam steuert der Sanitäter, der den Notizblock weggelegt hat, den",0.3879598081111908,WE,dewiki_20180420_300d
414,415,Rettungswagen,104,C,in Richtung des Krankenhauses.,0,0.0,0,6.8,2.6,1.0,den,Rettungswagen,"Wachsam kopiert der Sanitäter, der das Blaulicht eingeschaltet hat, den",0.4129568636417389,WE,dewiki_20180420_300d
415,416,Rettungswagen,104,D,in Richtung des Krankenhauses.,0,0.0,0,1.3,1.2,1.0,den,Rettungswagen,"Wachsam kopiert der Sanitäter, der den Notizblock weggelegt hat, den",0.3576384484767914,WE,dewiki_20180420_300d
416,417,Aussage,105,A,und wendete sich an seinen Anwalt.,0,1.0,0,6.4,3.5,6.3,die,Aussage,"Ohne zu zögern verweigerte der Zeuge, der den Angeklagten wiedererkannte, die",0.5256184339523315,WE,dewiki_20180420_300d
417,418,Aussage,105,B,und wendete sich an seinen Anwalt.,0,0.83,0,1.1,1.6,6.3,die,Aussage,"Ohne zu zögern verweigerte der Zeuge, der den Gehstock umklammerte, die",0.4753246307373047,WE,dewiki_20180420_300d
418,419,Aussage,105,C,und wendete sich an seinen Anwalt.,0,0.0,0,6.4,3.5,2.6,die,Aussage,"Ohne zu zögern bestellte der Zeuge, der den Angeklagten wiedererkannte, die",0.5175678133964539,WE,dewiki_20180420_300d
419,420,Aussage,105,D,und wendete sich an seinen Anwalt.,0,0.0,0,1.1,1.6,2.6,die,Aussage,"Ohne zu zögern bestellte der Zeuge, der den Gehstock umklammerte, die",0.46876880526542664,WE,dewiki_20180420_300d
420,421,Schlittschuhe,106,A,und begibt sich auf die Eisfläche.,2,1.0,0,6.7,2.0,6.1,die,Schlittschuhe,"Sogleich schnürt der Eiskunstläufer, der die Eishalle erreicht hat, die",0.46920618414878845,WE,dewiki_20180420_300d
421,422,Schlittschuhe,106,B,und begibt sich auf die Eisfläche.,2,0.75,0,1.5,1.1,6.1,die,Schlittschuhe,"Sogleich schnürt der Eiskunstläufer, der das Bonbon gelutscht hat, die",0.43663933873176575,WE,dewiki_20180420_300d
422,423,Schlittschuhe,106,C,und begibt sich auf die Eisfläche.,2,0.0,0,6.7,2.0,1.6,die,Schlittschuhe,"Sogleich zerbricht der Eiskunstläufer, der die Eishalle erreicht hat, die",0.44780877232551575,WE,dewiki_20180420_300d
423,424,Schlittschuhe,106,D,und begibt sich auf die Eisfläche.,2,0.08,0,1.5,1.1,1.6,die,Schlittschuhe,"Sogleich zerbricht der Eiskunstläufer, der das Bonbon gelutscht hat, die",0.40839216113090515,WE,dewiki_20180420_300d
424,425,Lasso,107,A,und fängt das Tier ein.,0,0.33,0,5.4,4.5,6.5,das,Lasso,"Gut gelaunt schwingt der Cowboy, nachdem er das Pferd gesattelt hatte, das",0.32691070437431335,WE,dewiki_20180420_300d
425,426,Lasso,107,B,und fängt das Tier ein.,0,0.75,0,1.3,1.6,6.5,das,Lasso,"Gut gelaunt schwingt der Cowboy, nachdem er den Kameraden gerufen hat, das",0.30781611800193787,WE,dewiki_20180420_300d
426,427,Lasso,107,C,und fängt das Tier ein.,0,0.0,0,5.4,4.5,1.1,das,Lasso,"Gut gelaunt zerhackt der Cowboy, nachdem er das Pferd gesattelt hatte, das",0.3292245864868164,WE,dewiki_20180420_300d
427,428,Lasso,107,D,und fängt das Tier ein.,0,0.0,0,1.3,1.6,1.1,das,Lasso,"Gut gelaunt zerhackt der Cowboy, nachdem er den Kameraden gerufen hat, das",0.3090466260910034,WE,dewiki_20180420_300d
428,429,Drehbuch,108,A,für die Serie.,2,0.33,0,6.6,4.4,6.0,das,Drehbuch,"Entspannt schrieb der Regisseur, der den Plot konstruiert hatte, das",0.5537517070770264,WE,dewiki_20180420_300d
429,430,Drehbuch,108,B,für die Serie.,2,0.75,0,1.1,1.3,6.0,das,Drehbuch,"Entspannt schrieb der Regisseur, der den Kamin angemacht hatte, das",0.5103873014450073,WE,dewiki_20180420_300d
430,431,Drehbuch,108,C,für die Serie.,2,0.0,0,6.6,4.4,1.1,das,Drehbuch,"Entspannt verzehrte der Regisseur, der den Plot konstruiert hatte, das",0.5107005834579468,WE,dewiki_20180420_300d
431,432,Drehbuch,108,D,für die Serie.,2,0.0,0,1.1,1.3,1.1,das,Drehbuch,"Entspannt verzehrte der Regisseur, der den Kamin angemacht hatte, das",0.46148669719696045,WE,dewiki_20180420_300d
432,433,Stern,109,A,am Firmament.,0,0.58,1,5.7,2.4,4.9,den,Stern,"Sofort entdeckt der Astronom, der das Teleskop aufgestellt hat, den",0.3627732992172241,WE,dewiki_20180420_300d
433,434,Stern,109,B,am Firmament.,0,0.58,1,3.0,1.9,4.9,den,Stern,"Sofort entdeckt der Astronom, der die Uhrzeit notiert hat, den",0.3615947961807251,WE,dewiki_20180420_300d
434,435,Stern,109,C,am Firmament.,0,0.0,1,5.7,2.4,1.4,den,Stern,"Sofort serviert der Astronom, der das Teleskop aufgestellt hat, den",0.37556028366088867,WE,dewiki_20180420_300d
435,436,Stern,109,D,am Firmament.,0,0.0,1,3.0,1.9,1.4,den,Stern,"Sofort serviert der Astronom, der die Uhrzeit notiert hat, den",0.3666185140609741,WE,dewiki_20180420_300d
436,437,Anker,110,A,und verließ den Hafen.,0,0.5,1,6.4,2.0,6.9,den,Anker,"Gestern lichtete der Seemann, der das Boot kommandierte, den",0.4319087862968445,WE,dewiki_20180420_300d
437,438,Anker,110,B,und verließ den Hafen.,0,0.58,1,1.0,4.1,6.9,den,Anker,"Gestern lichtete der Seemann, der den Atem anhielt, den",0.3873857855796814,WE,dewiki_20180420_300d
438,439,Anker,110,C,und verließ den Hafen.,0,0.0,1,6.4,2.0,1.0,den,Anker,"Gestern kochte der Seemann, der das Boot kommandierte, den",0.39644667506217957,WE,dewiki_20180420_300d
439,440,Anker,110,D,und verließ den Hafen.,0,0.0,1,1.0,4.1,1.0,den,Anker,"Gestern kochte der Seemann, der den Atem anhielt, den",0.34770914912223816,WE,dewiki_20180420_300d
440,441,Seil,111,A,um den Aufstieg abzusichern.,2,0.58,0,4.6,1.6,6.1,das,Seil,"Am Vormittag knotete der Bergsteiger, nachdem er den Haken festgebohrt hatte, das",0.4473501443862915,WE,dewiki_20180420_300d
441,442,Seil,111,B,um den Aufstieg abzusichern.,2,0.75,0,1.4,1.6,6.1,das,Seil,"Am Vormittag knotete der Bergsteiger, nachdem er die Krähe verscheucht hatte, das",0.43253111839294434,WE,dewiki_20180420_300d
442,443,Seil,111,C,um den Aufstieg abzusichern.,2,0.0,0,4.6,1.6,1.2,das,Seil,"Am Vormittag roch der Bergsteiger, nachdem er den Haken festgebohrt hatte, das",0.4452784061431885,WE,dewiki_20180420_300d
443,444,Seil,111,D,um den Aufstieg abzusichern.,2,0.0,0,1.4,1.6,1.2,das,Seil,"Am Vormittag roch der Bergsteiger, nachdem er die Krähe verscheucht hatte, das",0.4330656826496124,WE,dewiki_20180420_300d
444,445,Rouletterad,112,A,und verrät die nächste Zahl.,0,0.67,0,6.3,2.1,6.1,das,Rouletterad,"Entspannt dreht der Croupier, der den Spieltisch vorbereitet hat, das",,WE,dewiki_20180420_300d
445,446,Rouletterad,112,B,und verrät die nächste Zahl.,0,0.33,0,2.0,1.3,6.1,das,Rouletterad,"Entspannt dreht der Croupier, der die Frau beeindruckt hat, das",,WE,dewiki_20180420_300d
446,447,Rouletterad,112,C,und verrät die nächste Zahl.,0,0.0,0,6.3,2.1,1.1,das,Rouletterad,"Entspannt schlürft der Croupier, der den Spieltisch vorbereitet hat, das",,WE,dewiki_20180420_300d
447,448,Rouletterad,112,D,und verrät die nächste Zahl.,0,0.0,0,2.0,1.3,1.1,das,Rouletterad,"Entspannt schlürft der Croupier, der die Frau beeindruckt hat, das",,WE,dewiki_20180420_300d
448,449,Nägel,113,A,und lackierte sie.,0,0.75,0,6.9,1.7,6.8,die,Nägel,"Neulich feilte die Kosmetikerin, während sie die Maniküre durchführte, die",0.37708303332328796,WE,dewiki_20180420_300d
449,450,Nägel,113,B,und lackierte sie.,0,1.0,0,1.3,1.0,6.8,die,Nägel,"Neulich feilte die Kosmetikerin, während sie das Gespräch belauschte, die",0.34448501467704773,WE,dewiki_20180420_300d
450,451,Nägel,113,C,und lackierte sie.,0,0.08,0,6.9,1.7,5.5,die,Nägel,"Neulich baute die Kosmetikerin, während sie die Maniküre durchführte, die",0.35559237003326416,WE,dewiki_20180420_300d
451,452,Nägel,113,D,und lackierte sie.,0,0.0,0,1.3,1.0,5.5,die,Nägel,"Neulich baute die Kosmetikerin, während sie das Gespräch belauschte, die",0.3242727518081665,WE,dewiki_20180420_300d
452,453,Zukunft,114,A,der Familie.,0,0.58,1,6.7,3.9,6.8,die,Zukunft,"Sogleich prophezeite der Wahrsager, der die Kristallkugel befragt hatte, die",0.40638765692710876,WE,dewiki_20180420_300d
453,454,Zukunft,114,B,der Familie.,0,0.58,1,1.4,1.1,6.8,die,Zukunft,"Sogleich prophezeite der Wahrsager, der die Kerze angezündet hatte, die",0.39817941188812256,WE,dewiki_20180420_300d
454,455,Zukunft,114,C,der Familie.,0,0.0,1,6.7,3.9,1.5,die,Zukunft,"Sogleich würzte der Wahrsager, der die Kristallkugel befragt hatte, die",0.3703685998916626,WE,dewiki_20180420_300d
455,456,Zukunft,114,D,der Familie.,0,0.0,1,1.4,1.1,1.5,die,Zukunft,"Sogleich würzte der Wahrsager, der die Kerze angezündet hatte, die",0.35746875405311584,WE,dewiki_20180420_300d
456,457,Ausgrabung,115,A,in der Ruine.,0,0.92,0,6.6,5.3,3.0,die,Ausgrabung,"Heute beginnt der Archäologe, der die Schaufel hervorgeholt hat, die",0.46770191192626953,WE,dewiki_20180420_300d
457,458,Ausgrabung,115,B,in der Ruine.,0,0.5,0,1.3,2.5,3.0,die,Ausgrabung,"Heute beginnt der Archäologe, der das Taxi genommen hat, die",0.41247060894966125,WE,dewiki_20180420_300d
458,459,Ausgrabung,115,C,in der Ruine.,0,0.0,0,6.6,5.3,1.5,die,Ausgrabung,"Heute raspelt der Archäologe, der die Schaufel hervorgeholt hat, die",0.468365341424942,WE,dewiki_20180420_300d
459,460,Ausgrabung,115,D,in der Ruine.,0,0.0,0,1.3,2.5,1.5,die,Ausgrabung,"Heute raspelt der Archäologe, der das Taxi genommen hat, die",0.41810089349746704,WE,dewiki_20180420_300d
460,461,Strauß,116,A,für die Hochzeit.,0,0.92,1,6.8,3.9,6.5,den,Strauß,"Zügig bindet der Florist, der die Rosen gezüchtet hat, den",0.3858543932437897,WE,dewiki_20180420_300d
461,462,Strauß,116,B,für die Hochzeit.,0,0.92,1,2.6,1.6,6.5,den,Strauß,"Zügig bindet der Florist, der die Fenster geschlossen hat, den",0.31809404492378235,WE,dewiki_20180420_300d
462,463,Strauß,116,C,für die Hochzeit.,0,0.0,1,6.8,3.9,1.0,den,Strauß,"Zügig ölt der Florist, der die Rosen gezüchtet hat, den",0.4086499512195587,WE,dewiki_20180420_300d
463,464,Strauß,116,D,für die Hochzeit.,0,0.0,1,2.6,1.6,1.0,den,Strauß,"Zügig ölt der Florist, der die Fenster geschlossen hat, den",0.3396890461444855,WE,dewiki_20180420_300d
464,465,Rolle,117,A,für das Theaterstück.,0,0.75,1,6.1,3.8,5.8,die,Rolle,"Umgehend spielt der Schauspieler, der das Skript auswendig gelernt hat, die",0.5142375230789185,WE,dewiki_20180420_300d
465,466,Rolle,117,B,für das Theaterstück.,0,0.67,1,2.3,4.6,5.8,die,Rolle,"Umgehend spielt der Schauspieler, der die Torte gebacken hat, die",0.4521538019180298,WE,dewiki_20180420_300d
466,467,Rolle,117,C,für das Theaterstück.,0,0.0,1,6.1,3.8,2.5,die,Rolle,"Umgehend schnibbelt der Schauspieler, der das Skript auswendig gelernt hat, die",0.4518626034259796,WE,dewiki_20180420_300d
467,468,Rolle,117,D,für das Theaterstück.,0,0.0,1,2.3,4.6,2.5,die,Rolle,"Umgehend schnibbelt der Schauspieler, der die Torte gebacken hat, die",0.3767963647842407,WE,dewiki_20180420_300d
468,469,Sendung,118,A,für den Fernsehkanal.,0,0.42,0,6.4,6.3,6.7,die,Sendung,"Am Abend moderiert der Moderator, der die Zuschauer unterhält, die",0.612087607383728,WE,dewiki_20180420_300d
469,470,Sendung,118,B,für den Fernsehkanal.,0,0.17,0,2.0,1.5,6.7,die,Sendung,"Am Abend moderiert der Moderator, der die Weltmeere bereist, die",0.5934514403343201,WE,dewiki_20180420_300d
470,471,Sendung,118,C,für den Fernsehkanal.,0,0.0,0,6.4,6.3,3.7,die,Sendung,"Am Abend wiegt der Moderator, der die Zuschauer unterhält, die",0.5130937695503235,WE,dewiki_20180420_300d
471,472,Sendung,118,D,für den Fernsehkanal.,0,0.0,0,2.0,1.5,3.7,die,Sendung,"Am Abend wiegt der Moderator, der die Weltmeere bereist, die",0.49346408247947693,WE,dewiki_20180420_300d
472,473,Stück,119,A,für seine nächste Sonate.,0,0.25,0,4.8,4.1,6.9,das,Stück,"Ohne zu zögern komponierte der Musiker, der die Noten aufschrieb, das",0.47214433550834656,WE,dewiki_20180420_300d
473,474,Stück,119,B,für seine nächste Sonate.,0,0.42,0,1.7,2.1,6.9,das,Stück,"Ohne zu zögern komponierte der Musiker, der die Fragen beantwortete, das",0.44584304094314575,WE,dewiki_20180420_300d
474,475,Stück,119,C,für seine nächste Sonate.,0,0.0,0,4.8,4.1,4.2,das,Stück,"Ohne zu zögern grillte der Musiker, der die Noten aufschrieb, das",0.44927844405174255,WE,dewiki_20180420_300d
475,476,Stück,119,D,für seine nächste Sonate.,0,0.08,0,1.7,2.1,4.2,das,Stück,"Ohne zu zögern grillte der Musiker, der die Fragen beantwortete, das",0.4159403145313263,WE,dewiki_20180420_300d
476,477,Bild,120,A,in seinem Atelier.,2,0.58,1,6.6,2.3,7.0,das,Bild,"Fröhlich malte der Künstler, der die Leinwand aufgespannt hatte, das",0.5442065000534058,WE,dewiki_20180420_300d
477,478,Bild,120,B,in seinem Atelier.,2,0.58,1,1.5,1.7,7.0,das,Bild,"Fröhlich malte der Künstler, der den Nachtisch zubereitet hatte, das",0.46780672669410706,WE,dewiki_20180420_300d
478,479,Bild,120,C,in seinem Atelier.,2,0.0,1,6.6,2.3,2.2,das,Bild,"Fröhlich bewohnte der Künstler, der die Leinwand aufgespannt hatte, das",0.5185486674308777,WE,dewiki_20180420_300d
479,480,Bild,120,D,in seinem Atelier.,2,0.0,1,1.5,1.7,2.2,das,Bild,"Fröhlich bewohnte der Künstler, der den Nachtisch zubereitet hatte, das",0.4390169084072113,WE,dewiki_20180420_300d
0,1,Axt,1,A,und hackte die Holzscheite.,0,0.75,1,6.9,3.1,6.0,die,Axt,"Gestern schärfte der Holzfäller, bevor er das Holz stapelte, die",0.5968793034553528,CWE,dewiki_20180420_100d
1,2,Axt,1,B,und hackte die Holzscheite.,0,0.67,1,3.1,1.2,6.0,die,Axt,"Gestern schärfte der Holzfäller, bevor er den Film schaute, die",0.5397830009460449,CWE,dewiki_20180420_100d
2,3,Axt,1,C,und hackte die Holzscheite.,0,0.0,1,6.9,3.1,1.4,die,Axt,"Gestern aß der Holzfäller, bevor er das Holz stapelte, die",0.595359206199646,CWE,dewiki_20180420_100d
3,4,Axt,1,D,und hackte die Holzscheite.,0,0.0,1,3.1,1.2,1.4,die,Axt,"Gestern aß der Holzfäller, bevor er den Film schaute, die",0.5543498992919922,CWE,dewiki_20180420_100d
4,5,Messer,2,A,und rasiert den Kunden.,0,0.67,1,5.0,5.1,6.4,das,Messer,"Nachdenklich schärft der Barbier, nachdem er den Rasierschaum aufgetragen hat, das",0.6501420140266418,CWE,dewiki_20180420_100d
5,6,Messer,2,B,und rasiert den Kunden.,0,0.75,1,1.2,1.4,6.4,das,Messer,"Nachdenklich schärft der Barbier, nachdem er die Topfpflanze gegossen hat, das",0.6109352111816406,CWE,dewiki_20180420_100d
6,7,Messer,2,C,und rasiert den Kunden.,0,0.0,1,5.0,5.1,1.4,das,Messer,"Nachdenklich trinkt der Barbier, nachdem er den Rasierschaum aufgetragen hat, das",0.6312296986579895,CWE,dewiki_20180420_100d
7,8,Messer,2,D,und rasiert den Kunden.,0,0.0,1,1.2,1.4,1.4,das,Messer,"Nachdenklich trinkt der Barbier, nachdem er die Topfpflanze gegossen hat, das",0.5905410647392273,CWE,dewiki_20180420_100d
8,9,Kaffee,3,A,und gießt die Milch dazu.,0,0.58,0,5.8,2.3,5.8,den,Kaffee,"Sogleich süßt der Kellner, nachdem er die Bestellung aufgenommen hat, den",0.5222662091255188,CWE,dewiki_20180420_100d
9,10,Kaffee,3,B,und gießt die Milch dazu.,0,0.25,0,3.5,3.5,5.8,den,Kaffee,"Sogleich süßt der Kellner, nachdem er das Radio angemacht hat, den",0.6481337547302246,CWE,dewiki_20180420_100d
10,11,Kaffee,3,C,und gießt die Milch dazu.,0,0.0,0,5.8,2.3,3.0,den,Kaffee,"Sogleich putzt der Kellner, nachdem er die Bestellung aufgenommen hat, den",0.5066615343093872,CWE,dewiki_20180420_100d
11,12,Kaffee,3,D,und gießt die Milch dazu.,0,0.0,0,3.5,3.5,3.0,den,Kaffee,"Sogleich putzt der Kellner, nachdem er das Radio angemacht hat, den",0.62479567527771,CWE,dewiki_20180420_100d
12,13,Ofen,4,A,auf 180 Grad.,0,1.0,0,6.0,2.7,6.6,den,Ofen,"Vorsichtig erhitzt der Bäckerlehrling, nachdem er die Brötchen geformt hat, den",0.645706832408905,CWE,dewiki_20180420_100d
13,14,Ofen,4,B,auf 180 Grad.,0,0.75,0,2.4,1.3,6.6,den,Ofen,"Vorsichtig erhitzt der Bäckerlehrling, nachdem er die Fenster gekippt hat, den",0.6303463578224182,CWE,dewiki_20180420_100d
14,15,Ofen,4,C,auf 180 Grad.,0,0.0,0,6.0,2.7,1.3,den,Ofen,"Vorsichtig schlürft der Bäckerlehrling, nachdem er die Brötchen geformt hat, den",0.5984435677528381,CWE,dewiki_20180420_100d
15,16,Ofen,4,D,auf 180 Grad.,0,0.08,0,2.4,1.3,1.3,den,Ofen,"Vorsichtig schlürft der Bäckerlehrling, nachdem er die Fenster gekippt hat, den",0.5837548971176147,CWE,dewiki_20180420_100d
16,17,Weinflasche,5,A,für die Weinprobe.,0,1.0,1,5.9,1.7,6.8,die,Weinflasche,"Zufrieden entkorkt der Winzer, der die Reben geschnitten hat, die",0.623887836933136,CWE,dewiki_20180420_100d
17,18,Weinflasche,5,B,für die Weinprobe.,0,1.0,1,2.0,2.7,6.8,die,Weinflasche,"Zufrieden entkorkt der Winzer, der die Lohnabrechnungen beendet hat, die",0.5171012282371521,CWE,dewiki_20180420_100d
18,19,Weinflasche,5,C,für die Weinprobe.,0,0.08,1,5.9,1.7,1.0,die,Weinflasche,"Zufrieden glättet der Winzer, der die Reben geschnitten hat, die",0.6101757287979126,CWE,dewiki_20180420_100d
19,20,Weinflasche,5,D,für die Weinprobe.,0,0.0,1,2.0,2.7,1.0,die,Weinflasche,"Zufrieden glättet der Winzer, der die Lohnabrechnungen beendet hat, die",0.49537360668182373,CWE,dewiki_20180420_100d
20,21,Ticket,6,A,für die Fahrt.,0,0.33,1,6.7,2.3,6.3,das,Ticket,"Umgehend löst der Fahrgast, der den Automaten bedient, das",0.5403560400009155,CWE,dewiki_20180420_100d
21,22,Ticket,6,B,für die Fahrt.,0,0.33,1,1.3,1.3,6.3,das,Ticket,"Umgehend löst der Fahrgast, der die Einkaufstasche abstellt, das",0.5024540424346924,CWE,dewiki_20180420_100d
22,23,Ticket,6,C,für die Fahrt.,0,0.0,1,6.7,2.3,1.2,das,Ticket,"Umgehend knotet der Fahrgast, der den Automaten bedient, das",0.5683361291885376,CWE,dewiki_20180420_100d
23,24,Ticket,6,D,für die Fahrt.,0,0.0,1,1.3,1.3,1.2,das,Ticket,"Umgehend knotet der Fahrgast, der die Einkaufstasche abstellt, das",0.5281918048858643,CWE,dewiki_20180420_100d
24,25,Sieg,7,A,mit einer Party.,0,0.5,0,6.8,4.4,6.2,den,Sieg,"Am Abend feiert der Gewinner, der den Pokal erhält, den",0.6546851396560669,CWE,dewiki_20180420_100d
25,26,Sieg,7,B,mit einer Party.,0,0.75,0,1.8,2.0,6.2,den,Sieg,"Am Abend feiert der Gewinner, der das Eis isst, den",0.5126002430915833,CWE,dewiki_20180420_100d
26,27,Sieg,7,C,mit einer Party.,0,0.0,0,6.8,4.4,1.8,den,Sieg,"Am Abend knabbert der Gewinner, der den Pokal erhält, den",0.6024767160415649,CWE,dewiki_20180420_100d
27,28,Sieg,7,D,mit einer Party.,0,0.0,0,1.8,2.0,1.8,den,Sieg,"Am Abend knabbert der Gewinner, der das Eis isst, den",0.4429934322834015,CWE,dewiki_20180420_100d
28,29,Fisch,8,A,für das Abendessen.,1,0.83,1,7.0,4.9,6.9,den,Fisch,"Endlich fängt der Angler, der den Köder auswarf, den",0.7199491262435913,CWE,dewiki_20180420_100d
29,30,Fisch,8,B,für das Abendessen.,1,0.83,1,2.0,1.2,6.9,den,Fisch,"Endlich fängt der Angler, der die Zeitung las, den",0.6222168207168579,CWE,dewiki_20180420_100d
30,31,Fisch,8,C,für das Abendessen.,1,0.0,1,7.0,4.9,1.3,den,Fisch,"Endlich baut der Angler, der den Köder auswarf, den",0.7231364846229553,CWE,dewiki_20180420_100d
31,32,Fisch,8,D,für das Abendessen.,1,0.0,1,2.0,1.2,1.3,den,Fisch,"Endlich baut der Angler, der die Zeitung las, den",0.6009490489959717,CWE,dewiki_20180420_100d
32,33,Unkraut,9,A,und leerte den Kompost.,0,0.83,0,6.7,3.3,6.9,das,Unkraut,"Am Nachmittag jätete der Schrebergärtner, der das Beet pflegte, das",0.538155734539032,CWE,dewiki_20180420_100d
33,34,Unkraut,9,B,und leerte den Kompost.,0,0.67,0,3.3,1.4,6.9,das,Unkraut,"Am Nachmittag jätete der Schrebergärtner, der die Sonne genoss, das",0.4728228449821472,CWE,dewiki_20180420_100d
34,35,Unkraut,9,C,und leerte den Kompost.,0,0.0,0,6.7,3.3,1.2,das,Unkraut,"Am Nachmittag polierte der Schrebergärtner, der das Beet pflegte, das",0.5201852321624756,CWE,dewiki_20180420_100d
35,36,Unkraut,9,D,und leerte den Kompost.,0,0.0,0,3.3,1.4,1.2,das,Unkraut,"Am Nachmittag polierte der Schrebergärtner, der die Sonne genoss, das",0.46270546317100525,CWE,dewiki_20180420_100d
36,37,Klassenzimmer,10,A,und nimmt ein Stück Kreide.,1,0.75,1,6.8,3.7,5.5,das,Klassenzimmer,"Eine Weile lüftet der Lehrer, bevor er die Tafel beschreibt, das",0.4874959886074066,CWE,dewiki_20180420_100d
37,38,Klassenzimmer,10,B,und nimmt ein Stück Kreide.,1,0.75,1,1.9,2.6,5.5,das,Klassenzimmer,"Eine Weile lüftet der Lehrer, bevor er den Mantel aufhängt, das",0.47105342149734497,CWE,dewiki_20180420_100d
38,39,Klassenzimmer,10,C,und nimmt ein Stück Kreide.,1,0.0,1,6.8,3.7,4.7,das,Klassenzimmer,"Eine Weile bastelt der Lehrer, bevor er die Tafel beschreibt, das",0.5249606966972351,CWE,dewiki_20180420_100d
39,40,Klassenzimmer,10,D,und nimmt ein Stück Kreide.,1,0.0,1,1.9,2.6,4.7,das,Klassenzimmer,"Eine Weile bastelt der Lehrer, bevor er den Mantel aufhängt, das",0.5054932832717896,CWE,dewiki_20180420_100d
40,41,Käse,11,A,und gibt Öl in die Pfanne.,0,0.5,1,5.2,4.6,6.4,den,Käse,"Schnell reibt der Chefkoch, während er die Nudeln kocht, den",0.6928279995918274,CWE,dewiki_20180420_100d
41,42,Käse,11,B,und gibt Öl in die Pfanne.,0,0.58,1,1.7,1.2,6.4,den,Käse,"Schnell reibt der Chefkoch, während er die Nachrichten hört, den",0.4954451024532318,CWE,dewiki_20180420_100d
42,43,Käse,11,C,und gibt Öl in die Pfanne.,0,0.0,1,5.2,4.6,1.1,den,Käse,"Schnell flickt der Chefkoch, während er die Nudeln kocht, den",0.6836726665496826,CWE,dewiki_20180420_100d
43,44,Käse,11,D,und gibt Öl in die Pfanne.,0,0.0,1,1.7,1.2,1.1,den,Käse,"Schnell flickt der Chefkoch, während er die Nachrichten hört, den",0.47459521889686584,CWE,dewiki_20180420_100d
44,45,Bier,12,A,das zuvor gebraut wurde.,0,0.67,1,3.9,1.2,5.0,das,Bier,"Vorgestern probierte der Braumeister, nachdem er den Kessel ausgeschaltet hatte, das",0.6060101389884949,CWE,dewiki_20180420_100d
45,46,Bier,12,B,das zuvor gebraut wurde.,0,0.58,1,1.8,2.3,5.0,das,Bier,"Vorgestern probierte der Braumeister, nachdem er den Boden gewischt hatte, das",0.6728917956352234,CWE,dewiki_20180420_100d
46,47,Bier,12,C,das zuvor gebraut wurde.,0,0.0,1,3.9,1.2,1.1,das,Bier,"Vorgestern bemalte der Braumeister, nachdem er den Kessel ausgeschaltet hatte, das",0.604312002658844,CWE,dewiki_20180420_100d
47,48,Bier,12,D,das zuvor gebraut wurde.,0,0.0,1,1.8,2.3,1.1,das,Bier,"Vorgestern bemalte der Braumeister, nachdem er den Boden gewischt hatte, das",0.6505964398384094,CWE,dewiki_20180420_100d
48,49,Rasen,13,A,hinter der Villa.,0,0.92,1,7.0,5.6,6.8,den,Rasen,"Eine Zeit lang mähte der Gartenhelfer, nachdem er den Garten umgegraben hatte, den",0.6474606394767761,CWE,dewiki_20180420_100d
49,50,Rasen,13,B,hinter der Villa.,0,0.92,1,2.2,1.9,6.8,den,Rasen,"Eine Zeit lang mähte der Gartenhelfer, nachdem er die Garage aufgeräumt hatte, den",0.5315117835998535,CWE,dewiki_20180420_100d
50,51,Rasen,13,C,hinter der Villa.,0,0.0,1,7.0,5.6,1.4,den,Rasen,"Eine Zeit lang räucherte der Gartenhelfer, nachdem er den Garten umgegraben hatte, den",0.5767229795455933,CWE,dewiki_20180420_100d
51,52,Rasen,13,D,hinter der Villa.,0,0.0,1,2.2,1.9,1.4,den,Rasen,"Eine Zeit lang räucherte der Gartenhelfer, nachdem er die Garage aufgeräumt hatte, den",0.4610830545425415,CWE,dewiki_20180420_100d
52,53,Straße,14,A,und den Bürgersteig.,1,0.42,1,6.5,5.1,6.8,die,Straße,"Achtsam pflasterte der Bauarbeiter, der die Absperrungen umging, die",0.5387250185012817,CWE,dewiki_20180420_100d
53,54,Straße,14,B,und den Bürgersteig.,1,0.42,1,5.7,2.0,6.8,die,Straße,"Achtsam pflasterte der Bauarbeiter, der die Steine schleppte, die",0.5159629583358765,CWE,dewiki_20180420_100d
54,55,Straße,14,C,und den Bürgersteig.,1,0.08,1,6.5,5.1,2.0,die,Straße,"Achtsam salzte der Bauarbeiter, der die Absperrungen umging, die",0.5025511384010315,CWE,dewiki_20180420_100d
55,56,Straße,14,D,und den Bürgersteig.,1,0.0,1,5.7,2.0,2.0,die,Straße,"Achtsam salzte der Bauarbeiter, der die Steine schleppte, die",0.4779323935508728,CWE,dewiki_20180420_100d
56,57,Glocken,15,A,und freute sich.,0,1.0,1,6.7,1.1,7.0,die,Glocken,"Gestern läutete der Priester, nachdem er den Kirchturm erklommen hatte, die",0.6439806222915649,CWE,dewiki_20180420_100d
57,58,Glocken,15,B,und freute sich.,0,0.92,1,2.2,1.1,7.0,die,Glocken,"Gestern läutete der Priester, nachdem er die Armbanduhr ausgezogen hatte, die",0.5506076812744141,CWE,dewiki_20180420_100d
58,59,Glocken,15,C,und freute sich.,0,0.0,1,6.7,1.1,1.0,die,Glocken,"Gestern faltete der Priester, nachdem er den Kirchturm erklommen hatte, die",0.6218189597129822,CWE,dewiki_20180420_100d
59,60,Glocken,15,D,und freute sich.,0,0.0,1,2.2,1.1,1.0,die,Glocken,"Gestern faltete der Priester, nachdem er die Armbanduhr ausgezogen hatte, die",0.5159276127815247,CWE,dewiki_20180420_100d
60,61,Wunde,16,A,mit fünf Stichen.,0,0.92,1,6.7,3.3,5.8,die,Wunde,"Rasch näht der Notarzt, der den Verletzten betreut, die",0.6235179305076599,CWE,dewiki_20180420_100d
61,62,Wunde,16,B,mit fünf Stichen.,0,0.92,1,3.2,1.8,5.8,die,Wunde,"Rasch näht der Notarzt, der den Ohrring trägt, die",0.6082648634910583,CWE,dewiki_20180420_100d
62,63,Wunde,16,C,mit fünf Stichen.,0,0.0,1,6.7,3.3,2.0,die,Wunde,"Rasch versteckt der Notarzt, der den Verletzten betreut, die",0.5907379984855652,CWE,dewiki_20180420_100d
63,64,Wunde,16,D,mit fünf Stichen.,0,0.0,1,3.2,1.8,2.0,die,Wunde,"Rasch versteckt der Notarzt, der den Ohrring trägt, die",0.5855891704559326,CWE,dewiki_20180420_100d
64,65,Hemd,17,A,und die Hose.,0,0.75,1,6.4,1.5,6.9,das,Hemd,"Eilig bügelt der Geschäftsmann, nachdem er das Bügelbrett aufgestellt hat, das",0.5025863647460938,CWE,dewiki_20180420_100d
65,66,Hemd,17,B,und die Hose.,0,0.67,1,1.4,1.2,6.9,das,Hemd,"Eilig bügelt der Geschäftsmann, nachdem er den Eistee ausgetrunken hat, das",0.5319054126739502,CWE,dewiki_20180420_100d
66,67,Hemd,17,C,und die Hose.,0,0.0,1,6.4,1.5,1.0,das,Hemd,"Eilig salzt der Geschäftsmann, nachdem er das Bügelbrett aufgestellt hat, das",0.5164645314216614,CWE,dewiki_20180420_100d
67,68,Hemd,17,D,und die Hose.,0,0.0,1,1.4,1.2,1.0,das,Hemd,"Eilig salzt der Geschäftsmann, nachdem er den Eistee ausgetrunken hat, das",0.5299500226974487,CWE,dewiki_20180420_100d
68,69,Auto,18,A,und übergibt es an den Kunden.,1,0.58,0,7.0,3.5,6.3,das,Auto,"Schnell repariert der KFZ-Mechatroniker, der den Motor ausgetauscht hat, das",0.616323709487915,CWE,dewiki_20180420_100d
69,70,Auto,18,B,und übergibt es an den Kunden.,1,0.75,0,5.0,3.1,6.3,das,Auto,"Schnell repariert der KFZ-Mechatroniker, der den Urlaub gebucht hat, das",0.5538119077682495,CWE,dewiki_20180420_100d
70,71,Auto,18,C,und übergibt es an den Kunden.,1,0.0,0,7.0,3.5,1.1,das,Auto,"Schnell brät der KFZ-Mechatroniker, der den Motor ausgetauscht hat, das",0.641330361366272,CWE,dewiki_20180420_100d
71,72,Auto,18,D,und übergibt es an den Kunden.,1,0.0,0,5.0,3.1,1.1,das,Auto,"Schnell brät der KFZ-Mechatroniker, der den Urlaub gebucht hat, das",0.557704746723175,CWE,dewiki_20180420_100d
72,73,Teig,19,A,für das Brot.,2,1.0,1,6.9,6.9,6.6,den,Teig,"Am Morgen knetet die Bäckerin, die den Kuchen backt, den",0.7472158670425415,CWE,dewiki_20180420_100d
73,74,Teig,19,B,für das Brot.,2,1.0,1,1.5,1.0,6.6,den,Teig,"Am Morgen knetet die Bäckerin, die den Stammgast begrüßt, den",0.555173397064209,CWE,dewiki_20180420_100d
74,75,Teig,19,C,für das Brot.,2,0.0,1,6.9,6.9,1.2,den,Teig,"Am Morgen hört die Bäckerin, die den Kuchen backt, den",0.6819137930870056,CWE,dewiki_20180420_100d
75,76,Teig,19,D,für das Brot.,2,0.0,1,1.5,1.0,1.2,den,Teig,"Am Morgen hört die Bäckerin, die den Stammgast begrüßt, den",0.4592497646808624,CWE,dewiki_20180420_100d
76,77,Steak,20,A,und die Beilagen.,0,0.67,0,4.7,2.4,6.5,das,Steak,"Am Nachmittag pfeffert der Grillmeister, bevor er die Kohle anzündet, das",0.5558188557624817,CWE,dewiki_20180420_100d
77,78,Steak,20,B,und die Beilagen.,0,0.83,0,1.4,1.1,6.5,das,Steak,"Am Nachmittag pfeffert der Grillmeister, bevor er die Mücke verscheucht, das",0.5060673952102661,CWE,dewiki_20180420_100d
78,79,Steak,20,C,und die Beilagen.,0,0.0,0,4.7,2.4,1.4,das,Steak,"Am Nachmittag druckt der Grillmeister, bevor er die Kohle anzündet, das",0.5242171883583069,CWE,dewiki_20180420_100d
79,80,Steak,20,D,und die Beilagen.,0,0.0,0,1.4,1.1,1.4,das,Steak,"Am Nachmittag druckt der Grillmeister, bevor er die Mücke verscheucht, das",0.49217158555984497,CWE,dewiki_20180420_100d
80,81,Feuer,21,A,und rennt weg.,0,0.58,0,6.6,1.5,6.8,das,Feuer,"Schnell entfacht der Brandstifter, der das Streichholz fallengelassen hat, das",0.7403824925422668,CWE,dewiki_20180420_100d
81,82,Feuer,21,B,und rennt weg.,0,1.0,0,3.3,3.0,6.8,das,Feuer,"Schnell entfacht der Brandstifter, der die Treppe hochgeklettert ist, das",0.7207775115966797,CWE,dewiki_20180420_100d
82,83,Feuer,21,C,und rennt weg.,0,0.0,0,6.6,1.5,1.6,das,Feuer,"Schnell entstaubt der Brandstifter, der das Streichholz fallengelassen hat, das",0.6920593976974487,CWE,dewiki_20180420_100d
83,84,Feuer,21,D,und rennt weg.,0,0.0,0,3.3,3.0,1.6,das,Feuer,"Schnell entstaubt der Brandstifter, der die Treppe hochgeklettert ist, das",0.6446858644485474,CWE,dewiki_20180420_100d
84,85,Haare,22,A,und holt den Föhn.,0,0.92,1,6.5,3.9,6.8,die,Haare,"Nun kämmt der Friseur, nachdem er die Kopfhaut massiert hat, die",0.743465781211853,CWE,dewiki_20180420_100d
85,86,Haare,22,B,und holt den Föhn.,0,1.0,1,1.0,1.0,6.8,die,Haare,"Nun kämmt der Friseur, nachdem er den Cappuccino ausgetrunken hat, die",0.6285359263420105,CWE,dewiki_20180420_100d
86,87,Haare,22,C,und holt den Föhn.,0,0.17,1,6.5,3.9,1.2,die,Haare,"Nun speichert der Friseur, nachdem er die Kopfhaut massiert hat, die",0.6924669742584229,CWE,dewiki_20180420_100d
87,88,Haare,22,D,und holt den Föhn.,0,0.0,1,1.0,1.0,1.2,die,Haare,"Nun speichert der Friseur, nachdem er den Cappuccino ausgetrunken hat, die",0.5642428398132324,CWE,dewiki_20180420_100d
88,89,Bleistift,23,A,und machte sich wieder an die Arbeit.,0,1.0,1,6.0,3.3,6.7,den,Bleistift,"Flink spitzte der Zeichner, der die Karikatur entwarf, den",0.5864327549934387,CWE,dewiki_20180420_100d
89,90,Bleistift,23,B,und machte sich wieder an die Arbeit.,0,1.0,1,2.3,1.6,6.7,den,Bleistift,"Flink spitzte der Zeichner, der den Atlas öffnete, den",0.47729194164276123,CWE,dewiki_20180420_100d
90,91,Bleistift,23,C,und machte sich wieder an die Arbeit.,0,0.0,1,6.0,3.3,1.3,den,Bleistift,"Flink knotete der Zeichner, der die Karikatur entwarf, den",0.6455640196800232,CWE,dewiki_20180420_100d
91,92,Bleistift,23,D,und machte sich wieder an die Arbeit.,0,0.0,1,2.3,1.6,1.3,den,Bleistift,"Flink knotete der Zeichner, der den Atlas öffnete, den",0.5762485861778259,CWE,dewiki_20180420_100d
92,93,Patienten,24,A,gegen Tetanus.,0,0.25,0,6.7,2.0,6.5,den,Patienten,"Heute impft der Arzt, nachdem er die Spritze befüllt hat, den",0.6625682711601257,CWE,dewiki_20180420_100d
93,94,Patienten,24,B,gegen Tetanus.,0,0.42,0,2.1,1.3,6.5,den,Patienten,"Heute impft der Arzt, nachdem er die Schublade geschlossen hat, den",0.6013689041137695,CWE,dewiki_20180420_100d
94,95,Patienten,24,C,gegen Tetanus.,0,0.0,0,6.7,2.0,1.5,den,Patienten,"Heute feuert der Arzt, nachdem er die Spritze befüllt hat, den",0.5934734344482422,CWE,dewiki_20180420_100d
95,96,Patienten,24,D,gegen Tetanus.,0,0.0,0,2.1,1.3,1.5,den,Patienten,"Heute feuert der Arzt, nachdem er die Schublade geschlossen hat, den",0.5105332732200623,CWE,dewiki_20180420_100d
96,97,Leiche,25,A,in der Leichenhalle.,0,0.75,1,6.6,1.5,7.0,die,Leiche,"Unverzüglich obduziert der Pathologe, nachdem er die Mordakte gelesen hat, die",0.7081323266029358,CWE,dewiki_20180420_100d
97,98,Leiche,25,B,in der Leichenhalle.,0,0.75,1,2.6,1.2,7.0,die,Leiche,"Unverzüglich obduziert der Pathologe, nachdem er das Dokument unterschrieben hat, die",0.6429949998855591,CWE,dewiki_20180420_100d
98,99,Leiche,25,C,in der Leichenhalle.,0,0.0,1,6.6,1.5,1.2,die,Leiche,"Unverzüglich pfeffert der Pathologe, nachdem er die Mordakte gelesen hat, die",0.6413658261299133,CWE,dewiki_20180420_100d
99,100,Leiche,25,D,in der Leichenhalle.,0,0.0,1,2.6,1.2,1.2,die,Leiche,"Unverzüglich pfeffert der Pathologe, nachdem er das Dokument unterschrieben hat, die",0.5696203112602234,CWE,dewiki_20180420_100d
100,101,Buch,26,A,für den Fan.,1,1.0,1,6.7,3.3,6.7,das,Buch,"Am Nachmittag signiert der Autor, der die Geschichte erfunden hat, das",0.6278778314590454,CWE,dewiki_20180420_100d
101,102,Buch,26,B,für den Fan.,1,0.92,1,1.8,1.5,6.7,das,Buch,"Am Nachmittag signiert der Autor, der den Vorhang zugezogen hat, das",0.5771006345748901,CWE,dewiki_20180420_100d
102,103,Buch,26,C,für den Fan.,1,0.0,1,6.7,3.3,1.3,das,Buch,"Am Nachmittag schluckt der Autor, der die Geschichte erfunden hat, das",0.6070823669433594,CWE,dewiki_20180420_100d
103,104,Buch,26,D,für den Fan.,1,0.0,1,1.8,1.5,1.3,das,Buch,"Am Nachmittag schluckt der Autor, der den Vorhang zugezogen hat, das",0.5362515449523926,CWE,dewiki_20180420_100d
104,105,Gäste,27,A,und überreichte ihnen die Schlüssel.,2,1.0,1,4.7,1.4,6.5,die,Gäste,"Sofort begrüßte der Hotelier, der die Koffer stapelte, die",0.6696065068244934,CWE,dewiki_20180420_100d
105,106,Gäste,27,B,und überreichte ihnen die Schlüssel.,2,0.92,1,1.4,1.6,6.5,die,Gäste,"Sofort begrüßte der Hotelier, der die Fische räucherte, die",0.6349798440933228,CWE,dewiki_20180420_100d
106,107,Gäste,27,C,und überreichte ihnen die Schlüssel.,2,0.0,1,4.7,1.4,1.9,die,Gäste,"Sofort feuerte der Hotelier, der die Koffer stapelte, die",0.6261548399925232,CWE,dewiki_20180420_100d
107,108,Gäste,27,D,und überreichte ihnen die Schlüssel.,2,0.0,1,1.4,1.6,1.9,die,Gäste,"Sofort feuerte der Hotelier, der die Fische räucherte, die",0.608155369758606,CWE,dewiki_20180420_100d
108,109,Baum,28,A,neben der Schule.,0,0.92,1,5.9,1.3,7.0,den,Baum,"Vorsichtig fällt der Holzarbeiter, der die Säge gestartet hat, den",0.46998971700668335,CWE,dewiki_20180420_100d
109,110,Baum,28,B,neben der Schule.,0,0.83,1,2.8,1.9,7.0,den,Baum,"Vorsichtig fällt der Holzarbeiter, der den Transporter geparkt hat, den",0.4651429057121277,CWE,dewiki_20180420_100d
110,111,Baum,28,C,neben der Schule.,0,0.0,1,5.9,1.3,1.3,den,Baum,"Vorsichtig durchwühlt der Holzarbeiter, der die Säge gestartet hat, den",0.44674786925315857,CWE,dewiki_20180420_100d
111,112,Baum,28,D,neben der Schule.,0,0.0,1,2.8,1.9,1.3,den,Baum,"Vorsichtig durchwühlt der Holzarbeiter, der den Transporter geparkt hat, den",0.439331978559494,CWE,dewiki_20180420_100d
112,113,Zigarre,29,A,und schlenderte über den Marktplatz.,2,1.0,1,6.2,3.2,6.9,die,Zigarre,"Langsam paffte der Kubaner, der den Rauchring blies, die",0.4617990553379059,CWE,dewiki_20180420_100d
113,114,Zigarre,29,B,und schlenderte über den Marktplatz.,2,1.0,1,2.0,1.3,6.9,die,Zigarre,"Langsam paffte der Kubaner, der die Straßenbahn verpasste, die",0.48348209261894226,CWE,dewiki_20180420_100d
114,115,Zigarre,29,C,und schlenderte über den Marktplatz.,2,0.08,1,6.2,3.2,1.5,die,Zigarre,"Langsam öffnete der Kubaner, der den Rauchring blies, die",0.48215046525001526,CWE,dewiki_20180420_100d
115,116,Zigarre,29,D,und schlenderte über den Marktplatz.,2,0.08,1,2.0,1.3,1.5,die,Zigarre,"Langsam öffnete der Kubaner, der die Straßenbahn verpasste, die",0.4893285930156708,CWE,dewiki_20180420_100d
116,117,Schnitzel,30,A,für das Gericht.,0,0.58,0,6.0,1.2,6.5,das,Schnitzel,"Fröhlich paniert der Koch, nachdem er die Bratkartoffeln geschält hat, das",0.7753018140792847,CWE,dewiki_20180420_100d
117,118,Schnitzel,30,B,für das Gericht.,0,0.83,0,1.3,1.5,6.5,das,Schnitzel,"Fröhlich paniert der Koch, nachdem er die Ärmel hochgekrempelt hat, das",0.6926683187484741,CWE,dewiki_20180420_100d
118,119,Schnitzel,30,C,für das Gericht.,0,0.0,0,6.0,1.2,1.0,das,Schnitzel,"Fröhlich baut der Koch, nachdem er die Bratkartoffeln geschält hat, das",0.7084911465644836,CWE,dewiki_20180420_100d
119,120,Schnitzel,30,D,für das Gericht.,0,0.0,0,1.3,1.5,1.0,das,Schnitzel,"Fröhlich baut der Koch, nachdem er die Ärmel hochgekrempelt hat, das",0.5180779099464417,CWE,dewiki_20180420_100d
120,121,Kuchen,31,A,für die Geburtstagsfeier.,1,0.92,0,6.9,5.3,5.9,den,Kuchen,"Umsichtig glasiert der Konditor, der die Backform eingefettet hat, den",0.6767348051071167,CWE,dewiki_20180420_100d
121,122,Kuchen,31,B,für die Geburtstagsfeier.,1,0.42,0,5.4,1.6,5.9,den,Kuchen,"Umsichtig glasiert der Konditor, der den Tisch abgewischt hat, den",0.6336551308631897,CWE,dewiki_20180420_100d
122,123,Kuchen,31,C,für die Geburtstagsfeier.,1,0.0,0,6.9,5.3,1.2,den,Kuchen,"Umsichtig durchsucht der Konditor, der die Backform eingefettet hat, den",0.6765484809875488,CWE,dewiki_20180420_100d
123,124,Kuchen,31,D,für die Geburtstagsfeier.,1,0.0,0,5.4,1.6,1.2,den,Kuchen,"Umsichtig durchsucht der Konditor, der den Tisch abgewischt hat, den",0.6203988194465637,CWE,dewiki_20180420_100d
124,125,Kette,32,A,und die Bremsen.,0,0.83,0,4.9,2.0,6.8,die,Kette,"Gestern ölte der Fahrradfahrer, bevor er die Bremse einstellte, die",0.41356995701789856,CWE,dewiki_20180420_100d
125,126,Kette,32,B,und die Bremsen.,0,0.58,0,1.2,1.1,6.8,die,Kette,"Gestern ölte der Fahrradfahrer, bevor er die Limonade trank, die",0.44239646196365356,CWE,dewiki_20180420_100d
126,127,Kette,32,C,und die Bremsen.,0,0.0,0,4.9,2.0,1.4,die,Kette,"Gestern beheizte der Fahrradfahrer, bevor er die Bremse einstellte, die",0.4308093786239624,CWE,dewiki_20180420_100d
127,128,Kette,32,D,und die Bremsen.,0,0.0,0,1.2,1.1,1.4,die,Kette,"Gestern beheizte der Fahrradfahrer, bevor die Limonade trank, die",0.4593420624732971,CWE,dewiki_20180420_100d
128,129,Brief,33,A,an die Agentur.,0,0.92,1,6.8,1.3,6.6,den,Brief,"Hastig frankiert der Postbeamte, der das Postamt aufgeschlossen hat, den",0.5236861705780029,CWE,dewiki_20180420_100d
129,130,Brief,33,B,an die Agentur.,0,1.0,1,1.5,3.7,6.6,den,Brief,"Hastig frankiert der Postbeamte, der das Mittagessen bestellt hat, den",0.5723509192466736,CWE,dewiki_20180420_100d
130,131,Brief,33,C,an die Agentur.,0,0.0,1,6.8,1.3,2.2,den,Brief,"Hastig umgeht der Postbeamte, der das Postamt aufgeschlossen hat, den",0.49068742990493774,CWE,dewiki_20180420_100d
131,132,Brief,33,D,an die Agentur.,0,0.0,1,1.5,3.7,2.2,den,Brief,"Hastig umgeht der Postbeamte, der das Mittagessen bestellt hat, den",0.5722272396087646,CWE,dewiki_20180420_100d
132,133,Berg,34,A,und stellt sein Zelt auf.,1,0.75,0,6.4,3.2,6.8,den,Berg,"Fröhlich erklimmt der Wanderer, nachdem er das Tal durchquert hat, den",0.622367262840271,CWE,dewiki_20180420_100d
133,134,Berg,34,B,und stellt sein Zelt auf.,1,0.92,0,1.4,1.5,6.8,den,Berg,"Fröhlich erklimmt der Wanderer, nachdem er die Stoppuhr gestartet hat, den",0.4424426853656769,CWE,dewiki_20180420_100d
134,135,Berg,34,C,und stellt sein Zelt auf.,1,0.0,0,6.4,3.2,1.5,den,Berg,"Fröhlich kauft der Wanderer, nachdem er das Tal durchquert hat, den",0.5927018523216248,CWE,dewiki_20180420_100d
135,136,Berg,34,D,und stellt sein Zelt auf.,1,0.0,0,1.4,1.5,1.5,den,Berg,"Fröhlich kauft der Wanderer, nachdem er die Stoppuhr gestartet hat, den",0.370985209941864,CWE,dewiki_20180420_100d
136,137,Befehl,35,A,zum Abmarsch.,0,0.92,0,6.0,7.0,6.6,den,Befehl,"Bedächtig erteilt der General, der die Rekruten kommandiert, den",0.7721989154815674,CWE,dewiki_20180420_100d
137,138,Befehl,35,B,zum Abmarsch.,0,0.75,0,1.7,2.4,6.6,den,Befehl,"Bedächtig erteilt der General, der die Getränke einschenkt, den",0.5832045078277588,CWE,dewiki_20180420_100d
138,139,Befehl,35,C,zum Abmarsch.,0,0.0,0,6.0,7.0,1.4,den,Befehl,"Bedächtig biegt der General, der die Rekruten kommandiert, den",0.712206244468689,CWE,dewiki_20180420_100d
139,140,Befehl,35,D,zum Abmarsch.,0,0.0,0,1.7,2.4,1.4,den,Befehl,"Bedächtig biegt der General, der die Getränke einschenkt, den",0.5323494672775269,CWE,dewiki_20180420_100d
140,141,Wand,36,A,des Büros.,0,0.5,0,7.0,5.5,6.4,die,Wand,"Sofort streicht der Maler, nachdem er die Tapete angebracht hat, die",0.7105170488357544,CWE,dewiki_20180420_100d
141,142,Wand,36,B,des Büros.,0,0.67,0,1.5,1.3,6.4,die,Wand,"Sofort streicht der Maler, nachdem er den Hund gefüttert hat, die",0.5489367842674255,CWE,dewiki_20180420_100d
142,143,Wand,36,C,des Büros.,0,0.08,0,7.0,5.5,1.1,die,Wand,"Sofort lenkt der Maler, nachdem er die Tapete angebracht hat, die",0.6948413848876953,CWE,dewiki_20180420_100d
143,144,Wand,36,D,des Büros.,0,0.0,0,1.5,1.3,1.1,die,Wand,"Sofort lenkt der Maler, nachdem er den Hund gefüttert hat, die",0.5317697525024414,CWE,dewiki_20180420_100d
144,145,Hammer,37,A,auf das Metall.,0,1.0,0,6.5,1.9,5.6,den,Hammer,"Direkt schwingt der Schmied, der den Amboss aufgestellt hat, den",0.6314948797225952,CWE,dewiki_20180420_100d
145,146,Hammer,37,B,auf das Metall.,0,0.83,0,2.9,3.8,5.6,den,Hammer,"Direkt schwingt der Schmied, der den Stuhl weggestellt hat, den",0.4886680245399475,CWE,dewiki_20180420_100d
146,147,Hammer,37,C,auf das Metall.,0,0.0,0,6.5,1.9,1.2,den,Hammer,"Direkt speichert der Schmied, der den Amboss aufgestellt hat, den",0.5969638228416443,CWE,dewiki_20180420_100d
147,148,Hammer,37,D,auf das Metall.,0,0.0,0,2.9,3.8,1.2,den,Hammer,"Direkt speichert der Schmied, der den Stuhl weggestellt hat, den",0.43842238187789917,CWE,dewiki_20180420_100d
148,149,Land,38,A,im Norden.,1,0.33,0,6.6,2.5,7.0,das,Land,"Vor langer Zeit regierte der König, der die Reise unternahm, das",0.5055390000343323,CWE,dewiki_20180420_100d
149,150,Land,38,B,im Norden.,1,0.5,0,2.4,2.5,7.0,das,Land,"Vor langer Zeit regierte der König, der den Gesang vernahm, das",0.4978833496570587,CWE,dewiki_20180420_100d
150,151,Land,38,C,im Norden.,1,0.0,0,6.6,2.5,1.2,das,Land,"Vor langer Zeit briet der König, der die Reise unternahm, das",0.5036374926567078,CWE,dewiki_20180420_100d
151,152,Land,38,D,im Norden.,1,0.0,0,2.4,2.5,1.2,das,Land,"Vor langer Zeit briet der König, der den Gesang vernahm, das",0.48570069670677185,CWE,dewiki_20180420_100d
152,153,Stab,39,A,und gab den Takt an.,0,0.42,1,1.9,1.6,3.0,den,Stab,"Zügig hob der Dirigent, der das Tempo wechselte, den",0.4594883620738983,CWE,dewiki_20180420_100d
153,154,Stab,39,B,und gab den Takt an.,0,0.5,1,1.0,1.6,3.0,den,Stab,"Zügig hob der Dirigent, der das Gähnen unterdrückte, den",0.4196681082248688,CWE,dewiki_20180420_100d
154,155,Stab,39,C,und gab den Takt an.,0,0.0,1,1.9,1.6,1.3,den,Stab,"Zügig verdrückte der Dirigent, der das Tempo wechselte, den",0.45630818605422974,CWE,dewiki_20180420_100d
155,156,Stab,39,D,und gab den Takt an.,0,0.0,1,1.0,1.6,1.3,den,Stab,"Zügig verdrückte der Dirigent, der das Gähnen unterdrückte, den",0.39930975437164307,CWE,dewiki_20180420_100d
156,157,Bart,40,A,des Mannes.,2,0.58,0,5.4,1.3,6.8,den,Bart,"Direkt trimmt der Herrenfriseur, nachdem er die Klinge ausgepackt hat, den",0.4831560254096985,CWE,dewiki_20180420_100d
157,158,Bart,40,B,des Mannes.,2,0.25,0,1.2,1.0,6.8,den,Bart,"Direkt trimmt der Herrenfriseur, nachdem er das Wasserglas abgestellt hat, den",0.4004930257797241,CWE,dewiki_20180420_100d
158,159,Bart,40,C,des Mannes.,2,0.0,0,5.4,1.3,1.7,den,Bart,"Direkt hört der Herrenfriseur, nachdem er die Klinge ausgepackt hat, den",0.4862331748008728,CWE,dewiki_20180420_100d
159,160,Bart,40,D,des Mannes.,2,0.0,0,1.2,1.0,1.7,den,Bart,"Direkt hört der Herrenfriseur, nachdem er das Wasserglas abgestellt hat, den",0.41879916191101074,CWE,dewiki_20180420_100d
160,161,Geschirr,41,A,und die Brettchen.,0,0.5,1,6.7,4.7,6.9,das,Geschirr,"Gestern spülte der Tellerwäscher, bevor er den Tisch wischte, das",0.6358880400657654,CWE,dewiki_20180420_100d
161,162,Geschirr,41,B,und die Brettchen.,0,0.42,1,1.2,1.2,6.9,das,Geschirr,"Gestern spülte der Tellerwäscher, bevor er das Taxi rief, das",0.539895236492157,CWE,dewiki_20180420_100d
162,163,Geschirr,41,C,und die Brettchen.,0,0.0,1,6.7,4.7,1.1,das,Geschirr,"Gestern glättete der Tellerwäscher, bevor er den Tisch wischte, das",0.6415799856185913,CWE,dewiki_20180420_100d
163,164,Geschirr,41,D,und die Brettchen.,0,0.0,1,1.2,1.2,1.1,das,Geschirr,"Gestern glättete der Tellerwäscher, bevor er das Taxi rief, das",0.5507612824440002,CWE,dewiki_20180420_100d
164,165,Schloss,42,A,und stiehlt die Wertsachen.,0,0.25,0,7.0,1.8,6.4,das,Schloss,"Im Handumdrehen knackt der Einbrecher, der den Zahlencode erraten hat, das",0.2667924165725708,CWE,dewiki_20180420_100d
165,166,Schloss,42,B,und stiehlt die Wertsachen.,0,0.5,0,2.6,1.5,6.4,das,Schloss,"Im Handumdrehen knackt der Einbrecher, der die Akte durchblättert hat, das",0.3277108371257782,CWE,dewiki_20180420_100d
166,167,Schloss,42,C,und stiehlt die Wertsachen.,0,0.0,0,7.0,1.8,1.6,das,Schloss,"Im Handumdrehen kopiert der Einbrecher, der den Zahlencode erraten hat, das",0.2825445234775543,CWE,dewiki_20180420_100d
167,168,Schloss,42,D,und stiehlt die Wertsachen.,0,0.0,0,2.6,1.5,1.6,das,Schloss,"Im Handumdrehen kopiert der Einbrecher, der die Akte durchblättert hat, das",0.3503657579421997,CWE,dewiki_20180420_100d
168,169,Zwiebeln,43,A,und den Knoblauch.,0,0.25,1,5.7,2.3,6.2,die,Zwiebeln,"Routiniert hackte der Küchengehilfe, bevor er die Suppe umrührte, die",0.654118537902832,CWE,dewiki_20180420_100d
169,170,Zwiebeln,43,B,und den Knoblauch.,0,0.33,1,1.3,1.1,6.2,die,Zwiebeln,"Routiniert hackte der Küchengehilfe, bevor er das Radio einschaltete, die",0.30174195766448975,CWE,dewiki_20180420_100d
170,171,Zwiebeln,43,C,und den Knoblauch.,0,0.0,1,5.7,2.3,1.3,die,Zwiebeln,"Routiniert schraubte der Küchengehilfe, bevor er die Suppe umrührte, die",0.6230526566505432,CWE,dewiki_20180420_100d
171,172,Zwiebeln,43,D,und den Knoblauch.,0,0.0,1,1.3,1.1,1.3,die,Zwiebeln,"Routiniert schraubte der Küchengehilfe, bevor er das Radio einschaltete, die",0.2329414337873459,CWE,dewiki_20180420_100d
172,173,Wachs,44,A,und fuhr mit der Arbeit fort.,0,0.83,1,6.7,2.3,6.3,das,Wachs,"Umsichtig schmolz der Kerzenzieher, nachdem er den Docht gekürzt hatte, das",0.7024853825569153,CWE,dewiki_20180420_100d
173,174,Wachs,44,B,und fuhr mit der Arbeit fort.,0,0.83,1,1.5,1.4,6.3,das,Wachs,"Umsichtig schmolz der Kerzenzieher, nachdem er das Nähkästchen zugeklappt hatte, das",0.6760607361793518,CWE,dewiki_20180420_100d
174,175,Wachs,44,C,und fuhr mit der Arbeit fort.,0,0.0,1,6.7,2.3,1.0,das,Wachs,"Umsichtig würzte der Kerzenzieher, nachdem er den Docht gekürzt hatte, das",0.6726318597793579,CWE,dewiki_20180420_100d
175,176,Wachs,44,D,und fuhr mit der Arbeit fort.,0,0.0,1,1.5,1.4,1.0,das,Wachs,"Umsichtig würzte der Kerzenzieher, nachdem er das Nähkästchen zugeklappt hatte, das",0.6242800354957581,CWE,dewiki_20180420_100d
176,177,Cocktail,45,A,für den Touristen.,0,0.5,0,6.2,1.4,6.9,den,Cocktail,"Gestern mixte der Barkeeper, der den Wodka geöffnet hatte, den",0.751671314239502,CWE,dewiki_20180420_100d
177,178,Cocktail,45,B,für den Touristen.,0,0.83,0,1.3,1.0,6.9,den,Cocktail,"Gestern mixte der Barkeeper, der den Boden gefegt hatte, den",0.6196519732475281,CWE,dewiki_20180420_100d
178,179,Cocktail,45,C,für den Touristen.,0,0.0,0,6.2,1.4,1.6,den,Cocktail,"Gestern gründete der Barkeeper, der den Wodka geöffnet hatte, den",0.7084750533103943,CWE,dewiki_20180420_100d
179,180,Cocktail,45,D,für den Touristen.,0,0.08,0,1.3,1.0,1.6,den,Cocktail,"Gestern gründete der Barkeeper, der den Boden gefegt hatte, den",0.5717180967330933,CWE,dewiki_20180420_100d
180,181,Orchester,46,A,und das Streichquartett.,0,0.25,1,6.8,3.6,6.8,das,Orchester,"Am Abend dirigiert der Kapellmeister, der das Konzert eröffnet hat, das",0.7868573665618896,CWE,dewiki_20180420_100d
181,182,Orchester,46,B,und das Streichquartett.,0,0.25,1,1.6,1.4,6.8,das,Orchester,"Am Abend dirigiert der Kapellmeister, der die Unterschriften gesammelt hat, das",0.7087195515632629,CWE,dewiki_20180420_100d
182,183,Orchester,46,C,und das Streichquartett.,0,0.0,1,6.8,3.6,1.3,das,Orchester,"Am Abend vernichtet der Kapellmeister, der das Konzert eröffnet hat, das",0.7088521718978882,CWE,dewiki_20180420_100d
183,184,Orchester,46,D,und das Streichquartett.,0,0.0,1,1.6,1.4,1.3,das,Orchester,"Am Abend vernichtet der Kapellmeister, der die Unterschriften gesammelt hat, das",0.575507640838623,CWE,dewiki_20180420_100d
184,185,Wort,47,A,und notiert es.,3,0.83,0,6.3,3.6,6.8,das,Wort,"Direkt buchstabiert der Sprachschüler, nachdem er das Buch aufgeschlagen hat, das",0.6589422821998596,CWE,dewiki_20180420_100d
185,186,Wort,47,B,und notiert es.,3,0.67,0,3.0,2.7,6.8,das,Wort,"Direkt buchstabiert der Sprachschüler, nachdem er den Pausenhof verlassen hat, das",0.5415031909942627,CWE,dewiki_20180420_100d
186,187,Wort,47,C,und notiert es.,3,0.0,0,6.3,3.6,1.7,das,Wort,"Direkt dekoriert der Sprachschüler, nachdem er das Buch aufgeschlagen hat, das",0.555574357509613,CWE,dewiki_20180420_100d
187,188,Wort,47,D,und notiert es.,3,0.0,0,3.0,2.7,1.7,das,Wort,"Direkt dekoriert der Sprachschüler, nachdem er den Pausenhof verlassen hat, das",0.4286559820175171,CWE,dewiki_20180420_100d
188,189,Weide,48,A,mit einem Draht.,0,0.67,0,6.7,5.4,6.0,die,Weide,"Vorsichtig umzäunt der Schäfer, der die Schafe gehütet hat, die",0.5740911364555359,CWE,dewiki_20180420_100d
189,190,Weide,48,B,mit einem Draht.,0,0.42,0,1.4,1.4,6.0,die,Weide,"Vorsichtig umzäunt der Schäfer, der das Mittagessen vergessen hat, die",0.3957613706588745,CWE,dewiki_20180420_100d
190,191,Weide,48,C,mit einem Draht.,0,0.0,0,6.7,5.4,1.0,die,Weide,"Vorsichtig fälscht der Schäfer, der die Schafe gehütet hat, die",0.5449910163879395,CWE,dewiki_20180420_100d
191,192,Weide,48,D,mit einem Draht.,0,0.0,0,1.4,1.4,1.0,die,Weide,"Vorsichtig fälscht der Schäfer, der das Mittagessen vergessen hat, die",0.3606541156768799,CWE,dewiki_20180420_100d
192,193,Predigt,49,A,für die Gemeinde.,0,0.25,0,6.2,2.1,6.2,die,Predigt,"Nachdenklich hält der Pfarrer, nachdem er die Bibel aufgeschlagen hat, die",0.729351818561554,CWE,dewiki_20180420_100d
193,194,Predigt,49,B,für die Gemeinde.,0,0.5,0,1.6,2.9,6.2,die,Predigt,"Nachdenklich hält der Pfarrer, nachdem er die Brille aufgesetzt hat, die",0.6026872992515564,CWE,dewiki_20180420_100d
194,195,Predigt,49,C,für die Gemeinde.,0,0.0,0,6.2,2.1,1.3,die,Predigt,"Nachdenklich leert der Pfarrer, nachdem er die Bibel aufgeschlagen hat, die",0.7134854197502136,CWE,dewiki_20180420_100d
195,196,Predigt,49,D,für die Gemeinde.,0,0.0,0,1.6,2.9,1.3,die,Predigt,"Nachdenklich leert der Pfarrer, nachdem er die Brille aufgesetzt hat, die",0.5880894660949707,CWE,dewiki_20180420_100d
196,197,Wohnung,50,A,mit neuen Möbeln.,0,0.5,0,7.0,2.7,6.8,die,Wohnung,"Unverzüglich möblierte der Vermieter, der den Mieter aufgenommen hatte, die",0.744685173034668,CWE,dewiki_20180420_100d
197,198,Wohnung,50,B,mit neuen Möbeln.,0,0.75,0,4.7,3.6,6.8,die,Wohnung,"Unverzüglich möblierte der Vermieter, der die Überweisung erhalten hatte, die",0.7077001929283142,CWE,dewiki_20180420_100d
198,199,Wohnung,50,C,mit neuen Möbeln.,0,0.0,0,7.0,2.7,1.4,die,Wohnung,"Unverzüglich erntete der Vermieter, der den Mieter aufgenommen hatte, die",0.6643933057785034,CWE,dewiki_20180420_100d
199,200,Wohnung,50,D,mit neuen Möbeln.,0,0.0,0,4.7,3.6,1.4,die,Wohnung,"Unverzüglich erntete der Vermieter, der die Überweisung erhalten hatte, die",0.623336136341095,CWE,dewiki_20180420_100d
200,201,Abzug,51,A,und trifft das Opfer.,2,0.5,0,3.2,4.4,5.9,den,Abzug,"Sofort betätigt der Killer, der das Ziel anvisiert hat, den",0.5340871810913086,CWE,dewiki_20180420_100d
201,202,Abzug,51,B,und trifft das Opfer.,2,0.33,0,1.4,3.0,5.9,den,Abzug,"Sofort betätigt der Killer, der den Tee abgestellt hat, den",0.5192492604255676,CWE,dewiki_20180420_100d
202,203,Abzug,51,C,und trifft das Opfer.,2,0.0,0,3.2,4.4,1.6,den,Abzug,"Sofort knickt der Killer, der das Ziel anvisiert hat, den",0.5589819550514221,CWE,dewiki_20180420_100d
203,204,Abzug,51,D,und trifft das Opfer.,2,0.0,0,1.4,3.0,1.6,den,Abzug,"Sofort knickt der Killer, der den Tee abgestellt hat, den",0.5472699999809265,CWE,dewiki_20180420_100d
204,205,Paket,52,A,mit der Arbeitskleidung.,0,0.42,1,6.7,4.4,6.5,das,Paket,"Heute überbringt der Bote, als er den Empfänger angetroffen hat, das",0.5382660031318665,CWE,dewiki_20180420_100d
205,206,Paket,52,B,mit der Arbeitskleidung.,0,0.33,1,3.6,1.2,6.5,das,Paket,"Heute überbringt der Bote, als er das Foyer durchquert hat, das",0.48552337288856506,CWE,dewiki_20180420_100d
206,207,Paket,52,C,mit der Arbeitskleidung.,0,0.0,1,6.7,4.4,1.3,das,Paket,"Heute erntet der Bote, als er den Empfänger angetroffen hat, das",0.5092471837997437,CWE,dewiki_20180420_100d
207,208,Paket,52,D,mit der Arbeitskleidung.,0,0.0,1,3.6,1.2,1.3,das,Paket,"Heute erntet der Bote, als er das Foyer durchquert hat, das",0.45728540420532227,CWE,dewiki_20180420_100d
208,209,Tor,53,A,und jubelte über seinen Erfolg.,3,0.92,0,6.8,3.4,6.9,das,Tor,"Schnell schoss der Fußballspieler, der das Fußballfeld überquert hatte, das",0.6644110083580017,CWE,dewiki_20180420_100d
209,210,Tor,53,B,und jubelte über seinen Erfolg.,3,0.67,0,1.6,2.7,6.9,das,Tor,"Schnell schoss der Fußballspieler, der die Jacke ausgezogen hatte, das",0.5672876238822937,CWE,dewiki_20180420_100d
210,211,Tor,53,C,und jubelte über seinen Erfolg.,3,0.0,0,6.8,3.4,1.5,das,Tor,"Schnell spürte der Fußballspieler, der das Fußballfeld überquert hatte, das",0.5571963787078857,CWE,dewiki_20180420_100d
211,212,Tor,53,D,und jubelte über seinen Erfolg.,3,0.0,0,1.6,2.7,1.5,das,Tor,"Schnell spürte der Fußballspieler, der die Jacke ausgezogen hatte, das",0.4246290624141693,CWE,dewiki_20180420_100d
212,213,Flugzeug,54,A,durch die Wolken.,0,1.0,1,7.0,1.8,5.8,das,Flugzeug,"Konzentriert steuerte der Pilot, der die Stewardess gerufen hatte, das",0.6740376353263855,CWE,dewiki_20180420_100d
213,214,Flugzeug,54,B,durch die Wolken.,0,0.92,1,1.6,3.4,5.8,das,Flugzeug,"Konzentriert steuerte der Pilot, der den Krimi gelesen hatte, das",0.5246825218200684,CWE,dewiki_20180420_100d
214,215,Flugzeug,54,C,durch die Wolken.,0,0.0,1,7.0,1.8,3.1,das,Flugzeug,"Konzentriert faltete der Pilot, der die Stewardess gerufen hatte, das",0.7132708430290222,CWE,dewiki_20180420_100d
215,216,Flugzeug,54,D,durch die Wolken.,0,0.08,1,1.6,3.4,3.1,das,Flugzeug,"Konzentriert faltete der Pilot, der den Krimi gelesen hatte, das",0.5719174146652222,CWE,dewiki_20180420_100d
216,217,Skizze,55,A,für den Bauherrn.,0,0.42,0,6.4,6.5,6.7,die,Skizze,"Rasch entwarf der Architekt, bevor er den Bauplan erstellte, die",0.5343284010887146,CWE,dewiki_20180420_100d
217,218,Skizze,55,B,für den Bauherrn.,0,0.25,0,4.3,4.7,6.7,die,Skizze,"Rasch entwarf der Architekt, bevor er den Vortrag schrieb, die",0.5387210845947266,CWE,dewiki_20180420_100d
218,219,Skizze,55,C,für den Bauherrn.,0,0.0,0,6.4,6.5,1.2,die,Skizze,"Rasch schüttelte der Architekt, bevor er den Bauplan erstellte, die",0.5260505080223083,CWE,dewiki_20180420_100d
219,220,Skizze,55,D,für den Bauherrn.,0,0.0,0,4.3,4.7,1.2,die,Skizze,"Rasch schüttelte der Architekt, bevor er den Vortrag schrieb, die",0.4974791407585144,CWE,dewiki_20180420_100d
220,221,Kamin,56,A,und verlässt das Grundstück.,1,0.42,0,6.8,3.0,6.4,den,Kamin,"Geschwind kehrt der Schornsteinfeger, der den Rauch einatmet, den",0.4443976581096649,CWE,dewiki_20180420_100d
221,222,Kamin,56,B,und verlässt das Grundstück.,1,0.17,0,3.0,1.3,6.4,den,Kamin,"Geschwind kehrt der Schornsteinfeger, der die Katze verscheucht, den",0.3471156060695648,CWE,dewiki_20180420_100d
222,223,Kamin,56,C,und verlässt das Grundstück.,1,0.0,0,6.8,3.0,1.1,den,Kamin,"Geschwind wirft der Schornsteinfeger, der den Rauch einatmet, den",0.4626104235649109,CWE,dewiki_20180420_100d
223,224,Kamin,56,D,und verlässt das Grundstück.,1,0.08,0,3.0,1.3,1.1,den,Kamin,"Geschwind wirft der Schornsteinfeger, der die Katze verscheucht, den",0.3659733831882477,CWE,dewiki_20180420_100d
224,225,Wahl,57,A,zum Minister.,0,1.0,0,6.5,5.3,6.7,die,Wahl,"Vorgestern gewann der Politiker, der die Stimmen zählte, die",0.637936532497406,CWE,dewiki_20180420_100d
225,226,Wahl,57,B,zum Minister.,0,0.58,0,2.8,1.6,6.7,die,Wahl,"Vorgestern gewann der Politiker, der die Hände schüttelte, die",0.5431702136993408,CWE,dewiki_20180420_100d
226,227,Wahl,57,C,zum Minister.,0,0.08,0,6.5,5.3,1.6,die,Wahl,"Vorgestern reparierte der Politiker, der die Stimmen zählte, die",0.5817500352859497,CWE,dewiki_20180420_100d
227,228,Wahl,57,D,zum Minister.,0,0.0,0,2.8,1.6,1.6,die,Wahl,"Vorgestern reparierte der Politiker, der die Hände schüttelte, die",0.46076300740242004,CWE,dewiki_20180420_100d
228,229,Foto,58,A,von der Unfallstelle.,0,0.67,0,6.7,2.1,6.7,das,Foto,"Sofort schoss der Reporter, der die Kamera bediente, das",0.5367794632911682,CWE,dewiki_20180420_100d
229,230,Foto,58,B,von der Unfallstelle.,0,0.5,0,1.6,1.6,6.7,das,Foto,"Sofort schoss der Reporter, der die Zigarette rauchte, das",0.5198767185211182,CWE,dewiki_20180420_100d
230,231,Foto,58,C,von der Unfallstelle.,0,0.0,0,6.7,2.1,1.7,das,Foto,"Sofort verspeiste der Reporter, der die Kamera bediente, das",0.5331624150276184,CWE,dewiki_20180420_100d
231,232,Foto,58,D,von der Unfallstelle.,0,0.0,0,1.6,1.6,1.7,das,Foto,"Sofort verspeiste der Reporter, der die Zigarette rauchte, das",0.49737298488616943,CWE,dewiki_20180420_100d
232,233,Programm,59,A,für seinen Boss.,0,0.5,0,6.9,5.8,6.7,das,Programm,"Unverzüglich entwickelte der Informatiker, der den Computer hochfuhr, das",0.5518762469291687,CWE,dewiki_20180420_100d
233,234,Programm,59,B,für seinen Boss.,0,0.75,0,1.8,2.0,6.7,das,Programm,"Unverzüglich entwickelte der Informatiker, der den Energydrink trank, das",0.4554152190685272,CWE,dewiki_20180420_100d
234,235,Programm,59,C,für seinen Boss.,0,0.0,0,6.9,5.8,4.5,das,Programm,"Unverzüglich trocknete der Informatiker, der den Computer hochfuhr, das",0.4978507459163666,CWE,dewiki_20180420_100d
235,236,Programm,59,D,für seinen Boss.,0,0.0,0,1.8,2.0,4.5,das,Programm,"Unverzüglich trocknete der Informatiker, der den Energydrink trank, das",0.3896329402923584,CWE,dewiki_20180420_100d
236,237,Urteil,60,A,und schloss die Verhandlung.,0,1.0,1,7.0,4.5,6.7,das,Urteil,"Nun verkündete der Richter, nachdem er den Angeklagten hereingerufen hatte, das",0.7416467666625977,CWE,dewiki_20180420_100d
237,238,Urteil,60,B,und schloss die Verhandlung.,0,1.0,1,1.9,2.8,6.7,das,Urteil,"Nun verkündete der Richter, nachdem er die Lesebrille aufgesetzt hatte, das",0.6207619309425354,CWE,dewiki_20180420_100d
238,239,Urteil,60,C,und schloss die Verhandlung.,0,0.0,1,7.0,4.5,1.7,das,Urteil,"Nun roch der Richter, nachdem er den Angeklagten hereingerufen hatte, das",0.662050724029541,CWE,dewiki_20180420_100d
239,240,Urteil,60,D,und schloss die Verhandlung.,0,0.0,1,1.9,2.8,1.7,das,Urteil,"Nun roch der Richter, nachdem er die Lesebrille aufgesetzt hatte, das",0.5169089436531067,CWE,dewiki_20180420_100d
240,241,Prüfung,61,A,in Mathematik.,0,0.58,0,6.6,5.0,5.8,die,Prüfung,"Zunächst bestand der Student, der das Studium wiederaufnahm, die",0.490386426448822,CWE,dewiki_20180420_100d
241,242,Prüfung,61,B,in Mathematik.,0,0.25,0,2.0,1.3,5.8,die,Prüfung,"Zunächst bestand der Student, der das Jackett auszog, die",0.369900643825531,CWE,dewiki_20180420_100d
242,243,Prüfung,61,C,in Mathematik.,0,0.0,0,6.6,5.0,3.4,die,Prüfung,"Zunächst kochte der Student, der das Studium wiederaufnahm, die",0.45696136355400085,CWE,dewiki_20180420_100d
243,244,Prüfung,61,D,in Mathematik.,0,0.0,0,2.0,1.3,3.4,die,Prüfung,"Zunächst kochte der Student, der das Jackett auszog, die",0.3305022716522217,CWE,dewiki_20180420_100d
244,245,Lied,62,A,über die Vergangenheit.,1,0.58,1,6.3,1.3,7.0,das,Lied,"Konzentriert sang der Sänger, der das Mikrofon umklammerte, das",0.6917911767959595,CWE,dewiki_20180420_100d
245,246,Lied,62,B,über die Vergangenheit.,1,0.58,1,1.9,1.5,7.0,das,Lied,"Konzentriert sang der Sänger, der den Hut abnahm, das",0.6316097974777222,CWE,dewiki_20180420_100d
246,247,Lied,62,C,über die Vergangenheit.,1,0.0,1,6.3,1.3,1.1,das,Lied,"Konzentriert reparierte der Sänger, der das Mikrofon umklammerte, das",0.5917094945907593,CWE,dewiki_20180420_100d
247,248,Lied,62,D,über die Vergangenheit.,1,0.0,1,1.9,1.5,1.1,das,Lied,"Konzentriert reparierte der Sänger, der den Hut abnahm, das",0.5246931910514832,CWE,dewiki_20180420_100d
248,249,Farbe,63,A,für den nächsten Auftrag.,0,0.92,1,6.9,3.5,6.3,die,Farbe,"Zufrieden mischte der Anstreicher, der die Pinsel gewaschen hatte, die",0.5900317430496216,CWE,dewiki_20180420_100d
249,250,Farbe,63,B,für den nächsten Auftrag.,0,1.0,1,3.5,1.8,6.3,die,Farbe,"Zufrieden mischte der Anstreicher, der die Plätzchen gegessen hatte, die",0.5167863965034485,CWE,dewiki_20180420_100d
250,251,Farbe,63,C,für den nächsten Auftrag.,0,0.0,1,6.9,3.5,1.4,die,Farbe,"Zufrieden würzte der Anstreicher, der die Pinsel gewaschen hatte, die",0.585911214351654,CWE,dewiki_20180420_100d
251,252,Farbe,63,D,für den nächsten Auftrag.,0,0.0,1,3.5,1.8,1.4,die,Farbe,"Zufrieden würzte der Anstreicher, der die Plätzchen gegessen hatte, die",0.5028724670410156,CWE,dewiki_20180420_100d
252,253,Blumen,64,A,im Blumenkasten.,0,0.58,1,6.2,5.8,7.0,die,Blumen,"Einen Moment lang gießt der Gärtner, der den Dünger verteilt hat, die",0.569681704044342,CWE,dewiki_20180420_100d
253,254,Blumen,64,B,im Blumenkasten.,0,0.5,1,2.0,1.4,7.0,die,Blumen,"Einen Moment lang gießt der Gärtner, der die Opernmusik angestellt hat, die",0.51630699634552,CWE,dewiki_20180420_100d
254,255,Blumen,64,C,im Blumenkasten.,0,0.0,1,6.2,5.8,1.7,die,Blumen,"Einen Moment lang ölt der Gärtner, der den Dünger verteilt hat, die",0.5484402179718018,CWE,dewiki_20180420_100d
255,256,Blumen,64,D,im Blumenkasten.,0,0.0,1,2.0,1.4,1.7,die,Blumen,"Einen Moment lang ölt der Gärtner, der die Opernmusik angestellt hat, die",0.48334890604019165,CWE,dewiki_20180420_100d
256,257,Hecke,65,A,um das Grundstück.,2,0.5,1,6.6,1.9,6.5,die,Hecke,"Gestern Nachmittag stutzte der Landschaftsgärtner, der die Gartenschere geschärft hatte, die",0.46625107526779175,CWE,dewiki_20180420_100d
257,258,Hecke,65,B,um das Grundstück.,2,0.58,1,1.4,1.8,6.5,die,Hecke,"Gestern Nachmittag stutzte der Landschaftsgärtner, der die Sonnenbrille aufgesetzt hatte, die",0.4239393174648285,CWE,dewiki_20180420_100d
258,259,Hecke,65,C,um das Grundstück.,2,0.0,1,6.6,1.9,1.3,die,Hecke,"Gestern Nachmittag bezahlte der Landschaftsgärtner, der die Gartenschere geschärft hatte, die",0.4523550868034363,CWE,dewiki_20180420_100d
259,260,Hecke,65,D,um das Grundstück.,2,0.0,1,1.4,1.8,1.3,die,Hecke,"Gestern Nachmittag bezahlte der Landschaftsgärtner, der die Sonnenbrille aufgesetzt hatte, die",0.41221344470977783,CWE,dewiki_20180420_100d
260,261,Feld,66,A,mit einem Gaul.,2,0.92,0,6.8,2.1,6.2,das,Feld,"Früher beackerte der Landwirt, der den Traktor gestartet hatte, das",0.5056123733520508,CWE,dewiki_20180420_100d
261,262,Feld,66,B,mit einem Gaul.,2,0.67,0,3.9,1.1,6.2,das,Feld,"Früher beackerte der Landwirt, der den Sonnenhut aufgesetzt hatte, das",0.4855301082134247,CWE,dewiki_20180420_100d
262,263,Feld,66,C,mit einem Gaul.,2,0.0,0,6.8,2.1,2.5,das,Feld,"Früher kopierte der Landwirt, der den Traktor gestartet hatte, das",0.4555709660053253,CWE,dewiki_20180420_100d
263,264,Feld,66,D,mit einem Gaul.,2,0.0,0,3.9,1.1,2.5,das,Feld,"Früher kopierte der Landwirt, der den Sonnenhut aufgesetzt hatte, das",0.4160563051700592,CWE,dewiki_20180420_100d
264,265,Schuh,67,A,und polierte ihn.,1,0.5,0,6.4,4.1,4.9,den,Schuh,"Heute Morgen flickte der Schuster, der den Absatz ausgetauscht hatte, den",0.5331915020942688,CWE,dewiki_20180420_100d
265,266,Schuh,67,B,und polierte ihn.,1,0.75,0,1.2,1.0,4.9,den,Schuh,"Heute Morgen flickte der Schuster, der die Sirene gehört hatte, den",0.5411505699157715,CWE,dewiki_20180420_100d
266,267,Schuh,67,C,und polierte ihn.,1,0.0,0,6.4,4.1,1.0,den,Schuh,"Heute Morgen schmeckte der Schuster, der den Absatz ausgetauscht hatte, den",0.5264641642570496,CWE,dewiki_20180420_100d
267,268,Schuh,67,D,und polierte ihn.,1,0.0,0,1.2,1.0,1.0,den,Schuh,"Heute Morgen schmeckte der Schuster, der die Sirene gehört hatte, den",0.5320684909820557,CWE,dewiki_20180420_100d
268,269,Koffer,68,A,für die Kreuzfahrt.,1,0.83,0,6.6,3.5,6.9,den,Koffer,"Schnell packte der Urlauber, als er die Klamotten gefaltet hatte, den",0.6696171760559082,CWE,dewiki_20180420_100d
269,270,Koffer,68,B,für die Kreuzfahrt.,1,0.5,0,1.2,1.9,6.9,den,Koffer,"Schnell packte der Urlauber, als er die Gardinen aufgezogen hatte, den",0.6684879660606384,CWE,dewiki_20180420_100d
270,271,Koffer,68,C,für die Kreuzfahrt.,1,0.0,0,6.6,3.5,1.2,den,Koffer,"Schnell rührte der Urlauber, als er die Klamotten gefaltet hatte, den",0.6290905475616455,CWE,dewiki_20180420_100d
271,272,Koffer,68,D,für die Kreuzfahrt.,1,0.0,0,1.2,1.9,1.2,den,Koffer,"Schnell rührte der Urlauber, als er die Gardinen aufgezogen hatte, den",0.6145362257957458,CWE,dewiki_20180420_100d
272,273,Honig,69,A,aus den Waben.,0,1.0,1,6.9,1.0,5.5,den,Honig,"Sorgfältig erntet der Imker, nachdem er den Bienenstock erreicht hat, den",0.6514697074890137,CWE,dewiki_20180420_100d
273,274,Honig,69,B,aus den Waben.,0,0.92,1,2.8,1.1,5.5,den,Honig,"Sorgfältig erntet der Imker, nachdem er das Haus verlassen hat, den",0.601259171962738,CWE,dewiki_20180420_100d
274,275,Honig,69,C,aus den Waben.,0,0.0,1,6.9,1.0,1.2,den,Honig,"Sorgfältig näht der Imker, nachdem er den Bienenstock erreicht hat, den",0.6365413069725037,CWE,dewiki_20180420_100d
275,276,Honig,69,D,aus den Waben.,0,0.0,1,2.8,1.1,1.2,den,Honig,"Sorgfältig näht der Imker, nachdem er das Haus verlassen hat, den",0.5686249732971191,CWE,dewiki_20180420_100d
276,277,Gewehr,70,A,und zielt erneut.,0,0.42,1,6.4,6.1,6.0,das,Gewehr,"Vorsichtig lädt der Jäger, der die Munition verschossen hat, das",0.6787740588188171,CWE,dewiki_20180420_100d
277,278,Gewehr,70,B,und zielt erneut.,0,0.5,1,1.4,1.3,6.0,das,Gewehr,"Vorsichtig lädt der Jäger, der den Campingplatz verlassen hat, das",0.4885726869106293,CWE,dewiki_20180420_100d
278,279,Gewehr,70,C,und zielt erneut.,0,0.0,1,6.4,6.1,1.3,das,Gewehr,"Vorsichtig schneidet der Jäger, der die Munition verschossen hat, das",0.6536985635757446,CWE,dewiki_20180420_100d
279,280,Gewehr,70,D,und zielt erneut.,0,0.0,1,1.4,1.3,1.3,das,Gewehr,"Vorsichtig schneidet der Jäger, der den Campingplatz verlassen hat, das",0.48542705178260803,CWE,dewiki_20180420_100d
280,281,Mörtel,71,A,für die Mauer.,0,0.42,0,6.1,4.0,6.0,den,Mörtel,"Vorsichtig mischte der Maurer, der die Backsteine aufeinanderlegte, den",0.6930332779884338,CWE,dewiki_20180420_100d
281,282,Mörtel,71,B,für die Mauer.,0,0.25,0,1.4,1.0,6.0,den,Mörtel,"Vorsichtig mischte der Maurer, der die Nachbarn belauschte, den",0.45228853821754456,CWE,dewiki_20180420_100d
282,283,Mörtel,71,C,für die Mauer.,0,0.0,0,6.1,4.0,1.3,den,Mörtel,"Vorsichtig schrieb der Maurer, der die Backsteine aufeinanderlegte, den",0.6522613763809204,CWE,dewiki_20180420_100d
283,284,Mörtel,71,D,für die Mauer.,0,0.0,0,1.4,1.0,1.3,den,Mörtel,"Vorsichtig schrieb der Maurer, der die Nachbarn belauschte, den",0.3979876935482025,CWE,dewiki_20180420_100d
284,285,Mehl,72,A,aus dem Korn.,2,0.67,0,6.9,1.4,5.9,das,Mehl,"Vorgestern mahlte der Müller, der die Mühle betrieb, das",0.5669841170310974,CWE,dewiki_20180420_100d
285,286,Mehl,72,B,aus dem Korn.,2,0.5,0,1.0,1.1,5.9,das,Mehl,"Vorgestern mahlte der Müller, der das Lied pfiff, das",0.5844213366508484,CWE,dewiki_20180420_100d
286,287,Mehl,72,C,aus dem Korn.,2,0.0,0,6.9,1.4,2.4,das,Mehl,"Vorgestern verzierte der Müller, der die Mühle betrieb, das",0.5288465023040771,CWE,dewiki_20180420_100d
287,288,Mehl,72,D,aus dem Korn.,2,0.17,0,1.0,1.1,2.4,das,Mehl,"Vorgestern verzierte der Müller, der das Lied pfiff, das",0.5000415444374084,CWE,dewiki_20180420_100d
288,289,Kuh,73,A,und brachte ihr frisches Heu.,0,1.0,0,7.0,4.5,6.8,die,Kuh,"Vorsichtig melkte der Viehzüchter, nachdem er den Stall ausgemistet hatte, die",0.6710150837898254,CWE,dewiki_20180420_100d
289,290,Kuh,73,B,und brachte ihr frisches Heu.,0,0.75,0,3.1,1.0,6.8,die,Kuh,"Vorsichtig melkte der Viehzüchter, nachdem er das Gemüse sortiert hatte, die",0.5748891234397888,CWE,dewiki_20180420_100d
290,291,Kuh,73,C,und brachte ihr frisches Heu.,0,0.0,0,7.0,4.5,1.4,die,Kuh,"Vorsichtig kleidete der Viehzüchter, nachdem er den Stall ausgemistet hatte, die",0.6493944525718689,CWE,dewiki_20180420_100d
291,292,Kuh,73,D,und brachte ihr frisches Heu.,0,0.08,0,3.1,1.0,1.4,die,Kuh,"Vorsichtig kleidete der Viehzüchter, nachdem er das Gemüse sortiert hatte, die",0.5814892649650574,CWE,dewiki_20180420_100d
292,293,Bett,74,A,und das Kissen.,0,0.92,0,6.9,4.7,6.9,das,Bett,"Zuerst bezog der Hotelangestellte, nachdem er den Bezug entfaltet hatte, das",0.5208240747451782,CWE,dewiki_20180420_100d
293,294,Bett,74,B,und das Kissen.,0,0.67,0,1.1,1.8,6.9,das,Bett,"Zuerst bezog der Hotelangestellte, nachdem er den Hamburger verspeist hatte, das",0.5681991577148438,CWE,dewiki_20180420_100d
294,295,Bett,74,C,und das Kissen.,0,0.08,0,6.9,4.7,1.2,das,Bett,"Zuerst fälschte der Hotelangestellte, nachdem er den Bezug entfaltet hatte, das",0.5074024200439453,CWE,dewiki_20180420_100d
295,296,Bett,74,D,und das Kissen.,0,0.0,0,1.1,1.8,1.2,das,Bett,"Zuerst fälschte der Hotelangestellte, nachdem er den Hamburger verspeist hatte, das",0.5474330186843872,CWE,dewiki_20180420_100d
296,297,Ziel,75,A,und durchtrennt die Ziellinie.,1,0.92,0,6.0,5.8,6.6,das,Ziel,"Augenblicklich erreicht der Sprinter, der das Rennen gewinnt, das",0.578060507774353,CWE,dewiki_20180420_100d
297,298,Ziel,75,B,und durchtrennt die Ziellinie.,1,0.75,0,1.9,2.7,6.6,das,Ziel,"Augenblicklich erreicht der Sprinter, der den Wind genießt, das",0.5339171886444092,CWE,dewiki_20180420_100d
298,299,Ziel,75,C,und durchtrennt die Ziellinie.,1,0.0,0,6.0,5.8,1.9,das,Ziel,"Augenblicklich reinigt der Sprinter, der das Rennen gewinnt, das",0.5298444032669067,CWE,dewiki_20180420_100d
299,300,Ziel,75,D,und durchtrennt die Ziellinie.,1,0.0,0,1.9,2.7,1.9,das,Ziel,"Augenblicklich reinigt der Sprinter, der den Wind genießt, das",0.4786246120929718,CWE,dewiki_20180420_100d
300,301,Welle,76,A,bis zum Strand.,0,0.58,0,5.1,1.3,7.0,die,Welle,"Direkt surft der Surfer, der die Badehose angezogen hat, die",0.5119099020957947,CWE,dewiki_20180420_100d
301,302,Welle,76,B,bis zum Strand.,0,0.42,0,3.2,1.3,7.0,die,Welle,"Direkt surft der Surfer, der den Tagesausflug unternommen hat, die",0.44893261790275574,CWE,dewiki_20180420_100d
302,303,Welle,76,C,bis zum Strand.,0,0.0,0,5.1,1.3,1.5,die,Welle,"Direkt reserviert der Surfer, der die Badehose angezogen hat, die",0.544171154499054,CWE,dewiki_20180420_100d
303,304,Welle,76,D,bis zum Strand.,0,0.0,0,3.2,1.3,1.5,die,Welle,"Direkt reserviert der Surfer, der den Tagesausflug unternommen hat, die",0.46665892004966736,CWE,dewiki_20180420_100d
304,305,Fahrkarten,77,A,der Pendler.,0,0.5,1,6.7,3.3,6.6,die,Fahrkarten,"Gut gelaunt kontrollierte der Schaffner, der das Zugabteil betreten hatte, die",0.5177922248840332,CWE,dewiki_20180420_100d
305,306,Fahrkarten,77,B,der Pendler.,0,0.42,1,2.8,2.4,6.6,die,Fahrkarten,"Gut gelaunt kontrollierte der Schaffner, der die Mittagspause beendet hatte, die",0.479146271944046,CWE,dewiki_20180420_100d
306,307,Fahrkarten,77,C,der Pendler.,0,0.0,1,6.7,3.3,1.3,die,Fahrkarten,"Gut gelaunt zitierte der Schaffner, der das Zugabteil betreten hatte, die",0.4860081970691681,CWE,dewiki_20180420_100d
307,308,Fahrkarten,77,D,der Pendler.,0,0.0,1,2.8,2.4,1.3,die,Fahrkarten,"Gut gelaunt zitierte der Schaffner, der die Mittagspause beendet hatte, die",0.449040025472641,CWE,dewiki_20180420_100d
308,309,Leitung,78,A,im Gebäude.,0,0.5,1,6.8,4.5,6.2,die,Leitung,"Am Mittag verlegte der Elektriker, nachdem er den Strom abgeschaltet hatte, die",0.471230149269104,CWE,dewiki_20180420_100d
309,310,Leitung,78,B,im Gebäude.,0,0.41,1,2.2,3.4,6.2,die,Leitung,"Am Mittag verlegte der Elektriker, nachdem er den Anwohner informiert hatte, die",0.4787207245826721,CWE,dewiki_20180420_100d
310,311,Leitung,78,C,im Gebäude.,0,0.0,1,6.8,4.5,1.5,die,Leitung,"Am Mittag verfasste der Elektriker, nachdem er den Strom abgeschaltet hatte, die",0.48886263370513916,CWE,dewiki_20180420_100d
311,312,Leitung,78,D,im Gebäude.,0,0.0,1,2.2,3.4,1.5,die,Leitung,"Am Mittag verfasste der Elektriker, nachdem er den Anwohner informiert hatte, die",0.48586103320121765,CWE,dewiki_20180420_100d
312,313,Segel,79,A,des großen Bootes.,3,0.42,1,5.5,4.4,5.8,die,Segel,"Langsam hisst der Matrose, nachdem er die Taue gekappt hat, die",0.6441307067871094,CWE,dewiki_20180420_100d
313,314,Segel,79,B,des großen Bootes.,3,0.42,1,2.2,2.7,5.8,die,Segel,"Langsam hisst der Matrose, nachdem er die Handschuhe angezogen hat, die",0.6387099027633667,CWE,dewiki_20180420_100d
314,315,Segel,79,C,des großen Bootes.,3,0.0,1,5.5,4.4,1.9,die,Segel,"Langsam verzehrt der Matrose, nachdem er die Taue gekappt hat, die",0.5814312696456909,CWE,dewiki_20180420_100d
315,316,Segel,79,D,des großen Bootes.,3,0.0,1,2.2,2.7,1.9,die,Segel,"Langsam verzehrt der Matrose, nachdem er die Handschuhe angezogen hat, die",0.5626653432846069,CWE,dewiki_20180420_100d
316,317,Gläser,80,A,und spricht mit dem Kollegen.,0,0.67,1,5.2,1.4,5.8,die,Gläser,"Direkt entspiegelt der Optiker, nachdem er den Sehtest durchgeführt hat, die",0.5581780076026917,CWE,dewiki_20180420_100d
317,318,Gläser,80,B,und spricht mit dem Kollegen.,0,0.67,1,1.5,5.0,5.8,die,Gläser,"Direkt entspiegelt der Optiker, nachdem er die Jahresabrechnung aufgestellt hat, die",0.5425847768783569,CWE,dewiki_20180420_100d
318,319,Gläser,80,C,und spricht mit dem Kollegen.,0,0.0,1,5.2,1.4,4.3,die,Gläser,"Direkt verschließt der Optiker, nachdem er den Sehtest durchgeführt hat, die",0.5056427717208862,CWE,dewiki_20180420_100d
319,320,Gläser,80,D,und spricht mit dem Kollegen.,0,0.0,1,1.5,5.0,4.3,die,Gläser,"Direkt verschließt der Optiker, nachdem er die Jahresabrechnung aufgestellt hat, die",0.482972115278244,CWE,dewiki_20180420_100d
320,321,Korb,81,A,und holt einen Punkt.,0,0.83,0,6.0,4.8,4.8,den,Korb,"Auf der Stelle wirft der Basketballer, der den Ball gedribbelt hat, den",0.5808991193771362,CWE,dewiki_20180420_100d
321,322,Korb,81,B,und holt einen Punkt.,0,0.5,0,2.9,1.8,4.8,den,Korb,"Auf der Stelle wirft der Basketballer, der die Sitzbank verlassen hat, den",0.5465250015258789,CWE,dewiki_20180420_100d
322,323,Korb,81,C,und holt einen Punkt.,0,0.0,0,6.0,4.8,1.8,den,Korb,"Auf der Stelle bucht der Basketballer, der den Ball gedribbelt hat, den",0.5219801068305969,CWE,dewiki_20180420_100d
323,324,Korb,81,D,und holt einen Punkt.,0,0.0,0,2.9,1.8,1.8,den,Korb,"Auf der Stelle bucht der Basketballer, der die Sitzbank verlassen hat, den",0.48631221055984497,CWE,dewiki_20180420_100d
324,325,Muschel,82,A,und holt die Perle.,0,0.92,0,6.2,1.5,4.2,die,Muschel,"Ohne zu zögern knackt der Perlentaucher, der den Meeresgrund erreicht hat, die",0.42016470432281494,CWE,dewiki_20180420_100d
325,326,Muschel,82,B,und holt die Perle.,0,0.75,0,1.0,1.2,4.2,die,Muschel,"Ohne zu zögern knackt der Perlentaucher, der die Taschenlampe angemacht hat, die",0.3881332278251648,CWE,dewiki_20180420_100d
326,327,Muschel,82,C,und holt die Perle.,0,0.0,0,6.2,1.5,1.4,die,Muschel,"Ohne zu zögern verknotet der Perlentaucher, die den Meeresgrund erreicht hat, die",0.4807773232460022,CWE,dewiki_20180420_100d
327,328,Muschel,82,D,und holt die Perle.,0,0.0,0,1.0,1.2,1.4,die,Muschel,"Ohne zu zögern verknotet der Perlentaucher, der die Taschenlampe angemacht hat, die",0.447257936000824,CWE,dewiki_20180420_100d
328,329,Bogen,83,A,und feuert den Pfeil ab.,0,1.0,0,7.0,2.1,6.7,den,Bogen,"Umsichtig spannt der Schütze, der den Pfeil gespitzt hat, den",0.6796815395355225,CWE,dewiki_20180420_100d
329,330,Bogen,83,B,und feuert den Pfeil ab.,0,0.67,0,1.5,1.2,6.7,den,Bogen,"Umsichtig spannt der Schütze, der das Laub zusammengekehrt hat, den",0.5890008807182312,CWE,dewiki_20180420_100d
330,331,Bogen,83,C,und feuert den Pfeil ab.,0,0.08,0,7.0,2.1,1.2,den,Bogen,"Umsichtig tippt der Schütze, der den Pfeil gespitzt hat, den",0.6135592460632324,CWE,dewiki_20180420_100d
331,332,Bogen,83,D,und feuert den Pfeil ab.,0,0.0,0,1.5,1.2,1.2,den,Bogen,"Umsichtig tippt der Schütze, der das Laub zusammengekehrt hat, den",0.5310412645339966,CWE,dewiki_20180420_100d
332,333,Ziegel,84,A,und beendete den Arbeitstag.,0,0.58,1,7.0,4.8,4.2,die,Ziegel,"Schnell verlegte der Dachdecker, der das Dach abdeckte, die",0.5831596851348877,CWE,dewiki_20180420_100d
333,334,Ziegel,84,B,und beendete den Arbeitstag.,0,0.5,1,1.2,1.6,4.2,die,Ziegel,"Schnell verlegte der Dachdecker, der den Ehering auszog, die",0.4911104142665863,CWE,dewiki_20180420_100d
334,335,Ziegel,84,C,und beendete den Arbeitstag.,0,0.0,1,7.0,4.8,1.0,die,Ziegel,"Schnell naschte der Dachdecker, der das Dach abdeckte, die",0.6012030839920044,CWE,dewiki_20180420_100d
335,336,Ziegel,84,D,und beendete den Arbeitstag.,0,0.0,1,1.2,1.6,1.0,die,Ziegel,"Schnell naschte der Dachdecker, der den Ehering auszog, die",0.48176121711730957,CWE,dewiki_20180420_100d
336,337,Kartons,85,A,und die Kisten.,0,0.58,1,6.5,1.9,5.5,die,Kartons,"Zuerst stapelt der Umzugshelfer, der den Umzugswagen gefahren hat, die",0.58450847864151,CWE,dewiki_20180420_100d
337,338,Kartons,85,B,und die Kisten.,0,0.67,1,4.4,1.1,5.5,die,Kartons,"Zuerst stapelt der Umzugshelfer, der die Firma gegründet hat, die",0.5316628813743591,CWE,dewiki_20180420_100d
338,339,Kartons,85,C,und die Kisten.,0,0.0,1,6.5,1.9,2.0,die,Kartons,"Zuerst serviert der Umzugshelfer, der den Umzugswagen gefahren hat, die",0.5310763120651245,CWE,dewiki_20180420_100d
339,340,Kartons,85,D,und die Kisten.,0,0.0,1,4.4,1.1,2.0,die,Kartons,"Zuerst serviert der Umzugshelfer, der die Firma gegründet hat, die",0.48449331521987915,CWE,dewiki_20180420_100d
340,341,Unterricht,86,A,und wurde erwischt.,2,0.5,0,7.0,5.9,6.7,den,Unterricht,"Heute früh schwänzte der Schüler, der die Klasse wiederholt hatte, den",0.6933979392051697,CWE,dewiki_20180420_100d
341,342,Unterricht,86,B,und wurde erwischt.,2,0.33,0,3.8,1.8,6.7,den,Unterricht,"Heute früh schwänzte der Schüler, der das Handy verloren hatte, den",0.643648087978363,CWE,dewiki_20180420_100d
342,343,Unterricht,86,C,und wurde erwischt.,2,0.0,0,7.0,5.9,1.7,den,Unterricht,"Heute früh dekorierte der Schüler, der die Klasse wiederholt hatte, den",0.6237321496009827,CWE,dewiki_20180420_100d
343,344,Unterricht,86,D,und wurde erwischt.,2,0.0,0,3.8,1.8,1.7,den,Unterricht,"Heute früh dekorierte der Schüler, der das Handy verloren hatte, den",0.5828653573989868,CWE,dewiki_20180420_100d
344,345,Ausweis,87,A,und ließ die Frau in den Club.,0,0.33,1,6.4,3.3,6.6,den,Ausweis,"Am Abend kontrollierte der Türsteher, der den Geldbeutel durchsuchte, den",0.5823954343795776,CWE,dewiki_20180420_100d
345,346,Ausweis,87,B,und ließ die Frau in den Club.,0,0.25,1,2.0,1.2,6.6,den,Ausweis,"Am Abend kontrollierte der Türsteher, der die Nachtluft genoss, den",0.4580163359642029,CWE,dewiki_20180420_100d
346,347,Ausweis,87,C,und ließ die Frau in den Club.,0,0.0,1,6.4,3.3,1.5,den,Ausweis,"Am Abend probierte der Türsteher, der den Geldbeutel durchsuchte, den",0.5124130845069885,CWE,dewiki_20180420_100d
347,348,Ausweis,87,D,und ließ die Frau in den Club.,0,0.0,1,2.0,1.2,1.5,den,Ausweis,"Am Abend probierte der Türsteher, der die Nachtluft genoss, den",0.38434192538261414,CWE,dewiki_20180420_100d
348,349,Windel,88,A,und warf sie in den Abfall.,0,0.92,1,6.7,2.4,6.5,die,Windel,"Umsichtig wechselte der Babysitter, der das Baby geweckt hatte, die",0.46547192335128784,CWE,dewiki_20180420_100d
349,350,Windel,88,B,und warf sie in den Abfall.,0,0.83,1,1.0,1.1,6.5,die,Windel,"Umsichtig wechselte der Babysitter, der den Obstsalat zubereitet hatte, die",0.4681747257709503,CWE,dewiki_20180420_100d
350,351,Windel,88,C,und warf sie in den Abfall.,0,0.08,1,6.7,2.4,1.5,die,Windel,"Umsichtig bastelte der Babysitter, der das Baby geweckt hatte, die",0.5215490460395813,CWE,dewiki_20180420_100d
351,352,Windel,88,D,und warf sie in den Abfall.,0,0.0,1,1.0,1.1,1.5,die,Windel,"Umsichtig bastelte der Babysitter, der den Obstsalat zubereitet hatte, die",0.5209910273551941,CWE,dewiki_20180420_100d
352,353,Gewichte,89,A,in die Höhe.,0,0.5,1,6.7,1.6,6.7,die,Gewichte,"Langsam stemmte der Bodybuilder, der das Fitnessstudio betreten hatte, die",0.4452289342880249,CWE,dewiki_20180420_100d
353,354,Gewichte,89,B,in die Höhe.,0,0.42,1,1.7,2.0,6.7,die,Gewichte,"Langsam stemmte der Bodybuilder, der das Licht angemacht hatte, die",0.4776075482368469,CWE,dewiki_20180420_100d
354,355,Gewichte,89,C,in die Höhe.,0,0.0,1,6.7,1.6,2.0,die,Gewichte,"Langsam verdaute der Bodybuilder, der das Fitnessstudio betreten hatte, die",0.4294634163379669,CWE,dewiki_20180420_100d
355,356,Gewichte,89,D,in die Höhe.,0,0.0,1,1.7,2.0,2.0,die,Gewichte,"Langsam verdaute der Bodybuilder, der das Licht angemacht hatte, die",0.4523058831691742,CWE,dewiki_20180420_100d
356,357,Rohr,90,A,im Badezimmer.,0,0.17,1,6.4,1.5,5.5,das,Rohr,"Umsichtig repariert der Klempner, der das Wasser ausgestellt hat, das",0.4939485490322113,CWE,dewiki_20180420_100d
357,358,Rohr,90,B,im Badezimmer.,0,0.25,1,1.3,4.6,5.5,das,Rohr,"Umsichtig repariert der Klempner, der den Kirchenchor geleitet hat, das",0.5001639127731323,CWE,dewiki_20180420_100d
358,359,Rohr,90,C,im Badezimmer.,0,0.0,1,6.4,1.5,1.1,das,Rohr,"Umsichtig nascht der Klempner, der das Wasser ausgestellt hat, das",0.4915323555469513,CWE,dewiki_20180420_100d
359,360,Rohr,90,D,im Badezimmer.,0,0.0,1,1.3,4.6,1.1,das,Rohr,"Umsichtig nascht der Klempner, der den Kirchenchor geleitet hat, das",0.4955691695213318,CWE,dewiki_20180420_100d
360,361,Artikel,91,A,für die nächste Ausgabe.,0,0.5,0,6.4,1.5,6.1,den,Artikel,"Schnell schreibt der Journalist, der die Recherche durchgeführt hat, den",0.5139336585998535,CWE,dewiki_20180420_100d
361,362,Artikel,91,B,für die nächste Ausgabe.,0,0.25,0,2.5,5.4,6.1,den,Artikel,"Schnell schreibt der Journalist, der das Portemonnaie gefunden hat, den",0.4987020790576935,CWE,dewiki_20180420_100d
362,363,Artikel,91,C,für die nächste Ausgabe.,0,0.0,0,6.4,1.5,2.3,den,Artikel,"Schnell lenkt der Journalist, der die Recherche durchgeführt hat, den",0.4336940050125122,CWE,dewiki_20180420_100d
363,364,Artikel,91,D,für die nächste Ausgabe.,0,0.0,0,2.5,5.4,2.3,den,Artikel,"Schnell lenkt der Journalist, der das Portemonnaie gefunden hat, den",0.4099300503730774,CWE,dewiki_20180420_100d
364,365,Reifen,92,A,an seinem Rad.,0,0.67,1,6.8,4.1,6.7,den,Reifen,"Heute Morgen flickte der Radler, der die Luftpumpe benutzt hatte, den",0.5543784499168396,CWE,dewiki_20180420_100d
365,366,Reifen,92,B,an seinem Rad.,0,0.67,1,1.2,1.8,6.7,den,Reifen,"Heute Morgen flickte der Radler, der den Schrank abgeschlossen hatte, den",0.5195319056510925,CWE,dewiki_20180420_100d
366,367,Reifen,92,C,an seinem Rad.,0,0.0,1,6.8,4.1,1.1,den,Reifen,"Heute Morgen trank der Radler, der die Luftpumpe benutzt hatte, den",0.534822940826416,CWE,dewiki_20180420_100d
367,368,Reifen,92,D,an seinem Rad.,0,0.0,1,1.2,1.8,1.1,den,Reifen,"Heute Morgen trank der Radler, der den Schrank abgeschlossen hatte, den",0.5084632039070129,CWE,dewiki_20180420_100d
368,369,Briefkasten,93,A,und fährt weiter.,2,0.58,1,6.2,1.3,6.3,den,Briefkasten,"Umgehend entleert der Postbote, der das Postauto geparkt hat, den",0.6301621198654175,CWE,dewiki_20180420_100d
369,370,Briefkasten,93,B,und fährt weiter.,2,0.58,1,2.5,2.0,6.3,den,Briefkasten,"Umgehend entleert der Postbote, der den Kugelschreiber verloren hat, den",0.6486712098121643,CWE,dewiki_20180420_100d
370,371,Briefkasten,93,C,und fährt weiter.,2,0.0,1,6.2,1.3,1.1,den,Briefkasten,"Umgehend verdrückt der Postbote, der das Postauto geparkt hat, den",0.6262266635894775,CWE,dewiki_20180420_100d
371,372,Briefkasten,93,D,und fährt weiter.,2,0.0,1,2.5,2.0,1.1,den,Briefkasten,"Umgehend verdrückt der Postbote, der den Kugelschreiber verloren hat, den",0.6266731023788452,CWE,dewiki_20180420_100d
372,373,Drogen,94,A,für die nächste Woche.,0,0.5,1,6.8,2.2,4.7,die,Drogen,"Hektisch kauft der Junkie, der den Dealer angerufen hat, die",0.5937625765800476,CWE,dewiki_20180420_100d
373,374,Drogen,94,B,für die nächste Woche.,0,0.5,1,2.1,2.2,4.7,die,Drogen,"Hektisch kauft der Junkie, der die Kapuze aufgezogen hat, die",0.45784255862236023,CWE,dewiki_20180420_100d
374,375,Drogen,94,C,für die nächste Woche.,0,0.0,1,6.8,2.2,1.1,die,Drogen,"Hektisch näht der Junkie, der den Dealer angerufen hat, die",0.5673911571502686,CWE,dewiki_20180420_100d
375,376,Drogen,94,D,für die nächste Woche.,0,0.08,1,2.1,2.2,1.1,die,Drogen,"Hektisch näht der Junkie, der die Kapuze aufgezogen hat, die",0.4181801676750183,CWE,dewiki_20180420_100d
376,377,Tonne,95,A,und sprang auf den Müllwagen.,0,0.75,1,6.4,1.8,5.8,die,Tonne,"Zügig leerte der Müllmann, der den Müllwagen geparkt hatte, die",0.4818534851074219,CWE,dewiki_20180420_100d
377,378,Tonne,95,B,und sprang auf den Müllwagen.,0,0.75,1,4.2,1.1,5.8,die,Tonne,"Zügig leerte der Müllmann, der den Hausbesitzer gegrüßt hatte, die",0.4671382009983063,CWE,dewiki_20180420_100d
378,379,Tonne,95,C,und sprang auf den Müllwagen.,0,0.0,1,6.4,1.8,1.8,die,Tonne,"Zügig bastelte der Müllmann, der den Müllwagen geparkt hatte, die",0.4333588182926178,CWE,dewiki_20180420_100d
379,380,Tonne,95,D,und sprang auf den Müllwagen.,0,0.0,1,4.2,1.1,1.8,die,Tonne,"Zügig bastelte der Müllmann, der den Hausbesitzer gegrüßt hatte, die",0.4123532474040985,CWE,dewiki_20180420_100d
380,381,Peitsche,96,A,und gab die Sporen.,2,0.58,1,6.0,5.6,5.8,die,Peitsche,"Hektisch knallte der Reiter, der das Pferd ritt, die",0.5911429524421692,CWE,dewiki_20180420_100d
381,382,Peitsche,96,B,und gab die Sporen.,2,0.5,1,1.2,1.2,5.8,die,Peitsche,"Hektisch knallte der Reiter, der die Landschaft durchquerte, die",0.48782283067703247,CWE,dewiki_20180420_100d
382,383,Peitsche,96,C,und gab die Sporen.,2,0.0,1,6.0,5.6,1.1,die,Peitsche,"Hektisch verfasste der Reiter, der das Pferd ritt, die",0.5745677947998047,CWE,dewiki_20180420_100d
383,384,Peitsche,96,D,und gab die Sporen.,2,0.0,1,1.2,1.2,1.1,die,Peitsche,"Hektisch verfasste der Reiter, der die Landschaft durchquerte, die",0.44491395354270935,CWE,dewiki_20180420_100d
384,385,Waffe,97,A,und verlangte das Geld.,0,0.58,1,3.9,6.5,6.1,die,Waffe,"Nach kurzem Überlegen zückte der Gangster, der die Bank überfiel, die",0.644461989402771,CWE,dewiki_20180420_100d
385,386,Waffe,97,B,und verlangte das Geld.,0,0.58,1,1.3,1.1,6.1,die,Waffe,"Nach kurzem Überlegen zückte der Gangster, der den Bus betrat, die",0.6415395736694336,CWE,dewiki_20180420_100d
386,387,Waffe,97,C,und verlangte das Geld.,0,0.0,1,3.9,6.5,1.4,die,Waffe,"Nach kurzem Überlegen gründete der Gangster, der die Bank überfiel, die",0.569202184677124,CWE,dewiki_20180420_100d
387,388,Waffe,97,D,und verlangte das Geld.,0,0.0,1,1.3,1.1,1.4,die,Waffe,"Nach kurzem Überlegen gründete der Gangster, der den Bus betrat, die",0.5650066137313843,CWE,dewiki_20180420_100d
388,389,Schiff,98,A,und übernahm das Kommando.,0,0.92,1,6.2,5.1,6.8,das,Schiff,"Zufrieden kaperte der Pirat, der die Flagge hisste, das",0.6634619235992432,CWE,dewiki_20180420_100d
389,390,Schiff,98,B,und übernahm das Kommando.,0,0.92,1,2.3,1.4,6.8,das,Schiff,"Zufrieden kaperte der Pirat, der die Fehde austrug, das",0.5614416003227234,CWE,dewiki_20180420_100d
390,391,Schiff,98,C,und übernahm das Kommando.,0,0.0,1,6.2,5.1,1.1,das,Schiff,"Zufrieden verrührte der Pirat, der die Flagge hisste, das",0.5946582555770874,CWE,dewiki_20180420_100d
391,392,Schiff,98,D,und übernahm das Kommando.,0,0.0,1,2.3,1.4,1.1,das,Schiff,"Zufrieden verrührte der Pirat, der die Fehde austrug, das",0.46072879433631897,CWE,dewiki_20180420_100d
392,393,Aktie,99,A,und berichtet seinem Auftraggeber.,0,0.75,1,6.9,1.1,6.5,die,Aktie,"Sofort kauft der Börsenmakler, der die Börse betreten hat, die",0.5970114469528198,CWE,dewiki_20180420_100d
393,394,Aktie,99,B,und berichtet seinem Auftraggeber.,0,0.83,1,1.4,1.6,6.5,die,Aktie,"Sofort kauft der Börsenmakler, der den Whiskey eingeschenkt hat, die",0.5260010957717896,CWE,dewiki_20180420_100d
394,395,Aktie,99,C,und berichtet seinem Auftraggeber.,0,0.0,1,6.9,1.1,1.4,die,Aktie,"Sofort knabbert der Börsenmakler, der die Börse betreten hat, die",0.5225146412849426,CWE,dewiki_20180420_100d
395,396,Aktie,99,D,und berichtet seinem Auftraggeber.,0,0.0,1,1.4,1.6,1.4,die,Aktie,"Sofort knabbert der Börsenmakler, der den Whiskey eingeschenkt hat, die",0.44716814160346985,CWE,dewiki_20180420_100d
396,397,Loch,100,A,in die Decke.,0,1.0,0,6.5,2.0,6.9,das,Loch,"Gestern bohrte der Handwerker, der die Bohrmaschine hielt, das",0.5001415014266968,CWE,dewiki_20180420_100d
397,398,Loch,100,B,in die Decke.,0,0.75,0,1.4,1.7,6.9,das,Loch,"Gestern bohrte der Handwerker, der das Kaugummi kaute, das",0.5148651003837585,CWE,dewiki_20180420_100d
398,399,Loch,100,C,in die Decke.,0,0.0,0,6.5,2.0,3.9,das,Loch,"Gestern warf der Handwerker, der die Bohrmaschine hielt, das",0.43195202946662903,CWE,dewiki_20180420_100d
399,400,Loch,100,D,in die Decke.,0,0.0,0,1.4,1.7,3.9,das,Loch,"Gestern warf der Handwerker, der das Kaugummi kaute, das",0.45267415046691895,CWE,dewiki_20180420_100d
400,401,Blutdruck,101,A,und den Blutzucker.,3,0.58,1,6.8,1.6,6.7,den,Blutdruck,"Am Morgen misst der Arzthelfer, der das Messgerät hält, den",0.5869147181510925,CWE,dewiki_20180420_100d
401,402,Blutdruck,101,B,und den Blutzucker.,3,0.58,1,2.3,1.6,6.7,den,Blutdruck,"Am Morgen misst der Arzthelfer, der den Bildschirm anstellt, den",0.5499902963638306,CWE,dewiki_20180420_100d
402,403,Blutdruck,101,C,und den Blutzucker.,3,0.0,1,6.8,1.6,1.4,den,Blutdruck,"Am Morgen kauft der Arzthelfer, der das Messgerät hält, den",0.5379818677902222,CWE,dewiki_20180420_100d
403,404,Blutdruck,101,D,und den Blutzucker.,3,0.0,1,2.3,1.6,1.4,den,Blutdruck,"Am Morgen kauft der Arzthelfer, der den Bildschirm anstellt, den",0.48698335886001587,CWE,dewiki_20180420_100d
404,405,Tuch,102,A,und machte sich bereit.,0,0.67,0,6.3,3.5,2.7,das,Tuch,"Konzentriert schwang der Torero, der den Stier verwundet hatte, das",0.5484429597854614,CWE,dewiki_20180420_100d
405,406,Tuch,102,B,und machte sich bereit.,0,0.83,0,4.1,1.8,2.7,das,Tuch,"Konzentriert schwang der Torero, der das Gebet aufgesagt hatte, das",0.5242429375648499,CWE,dewiki_20180420_100d
406,407,Tuch,102,C,und machte sich bereit.,0,0.0,0,6.3,3.5,2.6,das,Tuch,"Konzentriert befüllte der Torero, der den Stier verwundet hatte, das",0.590672492980957,CWE,dewiki_20180420_100d
407,408,Tuch,102,D,und machte sich bereit.,0,0.0,0,4.1,1.8,2.6,das,Tuch,"Konzentriert befüllte der Torero, der das Gebet aufgesagt hatte, das",0.5537689924240112,CWE,dewiki_20180420_100d
408,409,Schwert,103,A,und griff den Gegner an.,0,0.92,1,6.2,1.5,5.9,das,Schwert,"Angespannt zückte der Ritter, nachdem er den Kampf begonnen hatte, das",0.6407474279403687,CWE,dewiki_20180420_100d
409,410,Schwert,103,B,und griff den Gegner an.,0,0.92,1,1.1,1.0,5.9,das,Schwert,"Angespannt zückte der Ritter, nachdem er die Brücke überquert hatte, das",0.5820437669754028,CWE,dewiki_20180420_100d
410,411,Schwert,103,C,und griff den Gegner an.,0,0.0,1,6.2,1.5,1.1,das,Schwert,"Angespannt kaute der Ritter, nachdem er den Kampf begonnen hatte, das",0.5783339142799377,CWE,dewiki_20180420_100d
411,412,Schwert,103,D,und griff den Gegner an.,0,0.08,1,1.1,1.0,1.1,das,Schwert,"Angespannt kaute der Ritter, nachdem er die Brücke überquert hatte, das",0.5132812857627869,CWE,dewiki_20180420_100d
412,413,Rettungswagen,104,A,in Richtung des Krankenhauses.,0,0.75,0,6.8,2.6,4.7,den,Rettungswagen,"Wachsam steuert der Sanitäter, der das Blaulicht eingeschaltet hat, den",0.7165159583091736,CWE,dewiki_20180420_100d
413,414,Rettungswagen,104,B,in Richtung des Krankenhauses.,0,0.58,0,1.3,1.2,4.7,den,Rettungswagen,"Wachsam steuert der Sanitäter, der den Notizblock weggelegt hat, den",0.6330285668373108,CWE,dewiki_20180420_100d
414,415,Rettungswagen,104,C,in Richtung des Krankenhauses.,0,0.0,0,6.8,2.6,1.0,den,Rettungswagen,"Wachsam kopiert der Sanitäter, der das Blaulicht eingeschaltet hat, den",0.6814115643501282,CWE,dewiki_20180420_100d
415,416,Rettungswagen,104,D,in Richtung des Krankenhauses.,0,0.0,0,1.3,1.2,1.0,den,Rettungswagen,"Wachsam kopiert der Sanitäter, der den Notizblock weggelegt hat, den",0.5805805325508118,CWE,dewiki_20180420_100d
416,417,Aussage,105,A,und wendete sich an seinen Anwalt.,0,1.0,0,6.4,3.5,6.3,die,Aussage,"Ohne zu zögern verweigerte der Zeuge, der den Angeklagten wiedererkannte, die",0.711761474609375,CWE,dewiki_20180420_100d
417,418,Aussage,105,B,und wendete sich an seinen Anwalt.,0,0.83,0,1.1,1.6,6.3,die,Aussage,"Ohne zu zögern verweigerte der Zeuge, der den Gehstock umklammerte, die",0.6107980608940125,CWE,dewiki_20180420_100d
418,419,Aussage,105,C,und wendete sich an seinen Anwalt.,0,0.0,0,6.4,3.5,2.6,die,Aussage,"Ohne zu zögern bestellte der Zeuge, der den Angeklagten wiedererkannte, die",0.6954046487808228,CWE,dewiki_20180420_100d
419,420,Aussage,105,D,und wendete sich an seinen Anwalt.,0,0.0,0,1.1,1.6,2.6,die,Aussage,"Ohne zu zögern bestellte der Zeuge, der den Gehstock umklammerte, die",0.5992312431335449,CWE,dewiki_20180420_100d
420,421,Schlittschuhe,106,A,und begibt sich auf die Eisfläche.,2,1.0,0,6.7,2.0,6.1,die,Schlittschuhe,"Sogleich schnürt der Eiskunstläufer, der die Eishalle erreicht hat, die",0.6548048257827759,CWE,dewiki_20180420_100d
421,422,Schlittschuhe,106,B,und begibt sich auf die Eisfläche.,2,0.75,0,1.5,1.1,6.1,die,Schlittschuhe,"Sogleich schnürt der Eiskunstläufer, der das Bonbon gelutscht hat, die",0.6041240096092224,CWE,dewiki_20180420_100d
422,423,Schlittschuhe,106,C,und begibt sich auf die Eisfläche.,2,0.0,0,6.7,2.0,1.6,die,Schlittschuhe,"Sogleich zerbricht der Eiskunstläufer, der die Eishalle erreicht hat, die",0.6374741792678833,CWE,dewiki_20180420_100d
423,424,Schlittschuhe,106,D,und begibt sich auf die Eisfläche.,2,0.08,0,1.5,1.1,1.6,die,Schlittschuhe,"Sogleich zerbricht der Eiskunstläufer, der das Bonbon gelutscht hat, die",0.555786669254303,CWE,dewiki_20180420_100d
424,425,Lasso,107,A,und fängt das Tier ein.,0,0.33,0,5.4,4.5,6.5,das,Lasso,"Gut gelaunt schwingt der Cowboy, nachdem er das Pferd gesattelt hatte, das",0.42979326844215393,CWE,dewiki_20180420_100d
425,426,Lasso,107,B,und fängt das Tier ein.,0,0.75,0,1.3,1.6,6.5,das,Lasso,"Gut gelaunt schwingt der Cowboy, nachdem er den Kameraden gerufen hat, das",0.41191256046295166,CWE,dewiki_20180420_100d
426,427,Lasso,107,C,und fängt das Tier ein.,0,0.0,0,5.4,4.5,1.1,das,Lasso,"Gut gelaunt zerhackt der Cowboy, nachdem er das Pferd gesattelt hatte, das",0.4253419041633606,CWE,dewiki_20180420_100d
427,428,Lasso,107,D,und fängt das Tier ein.,0,0.0,0,1.3,1.6,1.1,das,Lasso,"Gut gelaunt zerhackt der Cowboy, nachdem er den Kameraden gerufen hat, das",0.4044855535030365,CWE,dewiki_20180420_100d
428,429,Drehbuch,108,A,für die Serie.,2,0.33,0,6.6,4.4,6.0,das,Drehbuch,"Entspannt schrieb der Regisseur, der den Plot konstruiert hatte, das",0.7641748785972595,CWE,dewiki_20180420_100d
429,430,Drehbuch,108,B,für die Serie.,2,0.75,0,1.1,1.3,6.0,das,Drehbuch,"Entspannt schrieb der Regisseur, der den Kamin angemacht hatte, das",0.7102925181388855,CWE,dewiki_20180420_100d
430,431,Drehbuch,108,C,für die Serie.,2,0.0,0,6.6,4.4,1.1,das,Drehbuch,"Entspannt verzehrte der Regisseur, der den Plot konstruiert hatte, das",0.7114413976669312,CWE,dewiki_20180420_100d
431,432,Drehbuch,108,D,für die Serie.,2,0.0,0,1.1,1.3,1.1,das,Drehbuch,"Entspannt verzehrte der Regisseur, der den Kamin angemacht hatte, das",0.6277951002120972,CWE,dewiki_20180420_100d
432,433,Stern,109,A,am Firmament.,0,0.58,1,5.7,2.4,4.9,den,Stern,"Sofort entdeckt der Astronom, der das Teleskop aufgestellt hat, den",0.5283327698707581,CWE,dewiki_20180420_100d
433,434,Stern,109,B,am Firmament.,0,0.58,1,3.0,1.9,4.9,den,Stern,"Sofort entdeckt der Astronom, der die Uhrzeit notiert hat, den",0.509033203125,CWE,dewiki_20180420_100d
434,435,Stern,109,C,am Firmament.,0,0.0,1,5.7,2.4,1.4,den,Stern,"Sofort serviert der Astronom, der das Teleskop aufgestellt hat, den",0.5385913252830505,CWE,dewiki_20180420_100d
435,436,Stern,109,D,am Firmament.,0,0.0,1,3.0,1.9,1.4,den,Stern,"Sofort serviert der Astronom, der die Uhrzeit notiert hat, den",0.48487845063209534,CWE,dewiki_20180420_100d
436,437,Anker,110,A,und verließ den Hafen.,0,0.5,1,6.4,2.0,6.9,den,Anker,"Gestern lichtete der Seemann, der das Boot kommandierte, den",0.6026632189750671,CWE,dewiki_20180420_100d
437,438,Anker,110,B,und verließ den Hafen.,0,0.58,1,1.0,4.1,6.9,den,Anker,"Gestern lichtete der Seemann, der den Atem anhielt, den",0.5475065112113953,CWE,dewiki_20180420_100d
438,439,Anker,110,C,und verließ den Hafen.,0,0.0,1,6.4,2.0,1.0,den,Anker,"Gestern kochte der Seemann, der das Boot kommandierte, den",0.5686892867088318,CWE,dewiki_20180420_100d
439,440,Anker,110,D,und verließ den Hafen.,0,0.0,1,1.0,4.1,1.0,den,Anker,"Gestern kochte der Seemann, der den Atem anhielt, den",0.49259042739868164,CWE,dewiki_20180420_100d
440,441,Seil,111,A,um den Aufstieg abzusichern.,2,0.58,0,4.6,1.6,6.1,das,Seil,"Am Vormittag knotete der Bergsteiger, nachdem er den Haken festgebohrt hatte, das",0.6547409892082214,CWE,dewiki_20180420_100d
441,442,Seil,111,B,um den Aufstieg abzusichern.,2,0.75,0,1.4,1.6,6.1,das,Seil,"Am Vormittag knotete der Bergsteiger, nachdem er die Krähe verscheucht hatte, das",0.5559408664703369,CWE,dewiki_20180420_100d
442,443,Seil,111,C,um den Aufstieg abzusichern.,2,0.0,0,4.6,1.6,1.2,das,Seil,"Am Vormittag roch der Bergsteiger, nachdem er den Haken festgebohrt hatte, das",0.6070510745048523,CWE,dewiki_20180420_100d
443,444,Seil,111,D,um den Aufstieg abzusichern.,2,0.0,0,1.4,1.6,1.2,das,Seil,"Am Vormittag roch der Bergsteiger, nachdem er die Krähe verscheucht hatte, das",0.5358666777610779,CWE,dewiki_20180420_100d
444,445,Rouletterad,112,A,und verrät die nächste Zahl.,0,0.67,0,6.3,2.1,6.1,das,Rouletterad,"Entspannt dreht der Croupier, der den Spieltisch vorbereitet hat, das",,CWE,dewiki_20180420_100d
445,446,Rouletterad,112,B,und verrät die nächste Zahl.,0,0.33,0,2.0,1.3,6.1,das,Rouletterad,"Entspannt dreht der Croupier, der die Frau beeindruckt hat, das",,CWE,dewiki_20180420_100d
446,447,Rouletterad,112,C,und verrät die nächste Zahl.,0,0.0,0,6.3,2.1,1.1,das,Rouletterad,"Entspannt schlürft der Croupier, der den Spieltisch vorbereitet hat, das",,CWE,dewiki_20180420_100d
447,448,Rouletterad,112,D,und verrät die nächste Zahl.,0,0.0,0,2.0,1.3,1.1,das,Rouletterad,"Entspannt schlürft der Croupier, der die Frau beeindruckt hat, das",,CWE,dewiki_20180420_100d
448,449,Nägel,113,A,und lackierte sie.,0,0.75,0,6.9,1.7,6.8,die,Nägel,"Neulich feilte die Kosmetikerin, während sie die Maniküre durchführte, die",0.475497841835022,CWE,dewiki_20180420_100d
449,450,Nägel,113,B,und lackierte sie.,0,1.0,0,1.3,1.0,6.8,die,Nägel,"Neulich feilte die Kosmetikerin, während sie das Gespräch belauschte, die",0.36855196952819824,CWE,dewiki_20180420_100d
450,451,Nägel,113,C,und lackierte sie.,0,0.08,0,6.9,1.7,5.5,die,Nägel,"Neulich baute die Kosmetikerin, während sie die Maniküre durchführte, die",0.44929030537605286,CWE,dewiki_20180420_100d
451,452,Nägel,113,D,und lackierte sie.,0,0.0,0,1.3,1.0,5.5,die,Nägel,"Neulich baute die Kosmetikerin, während sie das Gespräch belauschte, die",0.3469931185245514,CWE,dewiki_20180420_100d
452,453,Zukunft,114,A,der Familie.,0,0.58,1,6.7,3.9,6.8,die,Zukunft,"Sogleich prophezeite der Wahrsager, der die Kristallkugel befragt hatte, die",0.5244325399398804,CWE,dewiki_20180420_100d
453,454,Zukunft,114,B,der Familie.,0,0.58,1,1.4,1.1,6.8,die,Zukunft,"Sogleich prophezeite der Wahrsager, der die Kerze angezündet hatte, die",0.4769594073295593,CWE,dewiki_20180420_100d
454,455,Zukunft,114,C,der Familie.,0,0.0,1,6.7,3.9,1.5,die,Zukunft,"Sogleich würzte der Wahrsager, der die Kristallkugel befragt hatte, die",0.4522850215435028,CWE,dewiki_20180420_100d
455,456,Zukunft,114,D,der Familie.,0,0.0,1,1.4,1.1,1.5,die,Zukunft,"Sogleich würzte der Wahrsager, der die Kerze angezündet hatte, die",0.39900609850883484,CWE,dewiki_20180420_100d
456,457,Ausgrabung,115,A,in der Ruine.,0,0.92,0,6.6,5.3,3.0,die,Ausgrabung,"Heute beginnt der Archäologe, der die Schaufel hervorgeholt hat, die",0.6416324377059937,CWE,dewiki_20180420_100d
457,458,Ausgrabung,115,B,in der Ruine.,0,0.5,0,1.3,2.5,3.0,die,Ausgrabung,"Heute beginnt der Archäologe, der das Taxi genommen hat, die",0.5065636038780212,CWE,dewiki_20180420_100d
458,459,Ausgrabung,115,C,in der Ruine.,0,0.0,0,6.6,5.3,1.5,die,Ausgrabung,"Heute raspelt der Archäologe, der die Schaufel hervorgeholt hat, die",0.6137803196907043,CWE,dewiki_20180420_100d
459,460,Ausgrabung,115,D,in der Ruine.,0,0.0,0,1.3,2.5,1.5,die,Ausgrabung,"Heute raspelt der Archäologe, der das Taxi genommen hat, die",0.5093931555747986,CWE,dewiki_20180420_100d
460,461,Strauß,116,A,für die Hochzeit.,0,0.92,1,6.8,3.9,6.5,den,Strauß,"Zügig bindet der Florist, der die Rosen gezüchtet hat, den",0.5040242671966553,CWE,dewiki_20180420_100d
461,462,Strauß,116,B,für die Hochzeit.,0,0.92,1,2.6,1.6,6.5,den,Strauß,"Zügig bindet der Florist, der die Fenster geschlossen hat, den",0.4442666471004486,CWE,dewiki_20180420_100d
462,463,Strauß,116,C,für die Hochzeit.,0,0.0,1,6.8,3.9,1.0,den,Strauß,"Zügig ölt der Florist, der die Rosen gezüchtet hat, den",0.5421743392944336,CWE,dewiki_20180420_100d
463,464,Strauß,116,D,für die Hochzeit.,0,0.0,1,2.6,1.6,1.0,den,Strauß,"Zügig ölt der Florist, der die Fenster geschlossen hat, den",0.4875744879245758,CWE,dewiki_20180420_100d
464,465,Rolle,117,A,für das Theaterstück.,0,0.75,1,6.1,3.8,5.8,die,Rolle,"Umgehend spielt der Schauspieler, der das Skript auswendig gelernt hat, die",0.6178292632102966,CWE,dewiki_20180420_100d
465,466,Rolle,117,B,für das Theaterstück.,0,0.67,1,2.3,4.6,5.8,die,Rolle,"Umgehend spielt der Schauspieler, der die Torte gebacken hat, die",0.544596791267395,CWE,dewiki_20180420_100d
466,467,Rolle,117,C,für das Theaterstück.,0,0.0,1,6.1,3.8,2.5,die,Rolle,"Umgehend schnibbelt der Schauspieler, der das Skript auswendig gelernt hat, die",0.5419101715087891,CWE,dewiki_20180420_100d
467,468,Rolle,117,D,für das Theaterstück.,0,0.0,1,2.3,4.6,2.5,die,Rolle,"Umgehend schnibbelt der Schauspieler, der die Torte gebacken hat, die",0.43898698687553406,CWE,dewiki_20180420_100d
468,469,Sendung,118,A,für den Fernsehkanal.,0,0.42,0,6.4,6.3,6.7,die,Sendung,"Am Abend moderiert der Moderator, der die Zuschauer unterhält, die",0.8014346957206726,CWE,dewiki_20180420_100d
469,470,Sendung,118,B,für den Fernsehkanal.,0,0.17,0,2.0,1.5,6.7,die,Sendung,"Am Abend moderiert der Moderator, der die Weltmeere bereist, die",0.7742023468017578,CWE,dewiki_20180420_100d
470,471,Sendung,118,C,für den Fernsehkanal.,0,0.0,0,6.4,6.3,3.7,die,Sendung,"Am Abend wiegt der Moderator, der die Zuschauer unterhält, die",0.6901840567588806,CWE,dewiki_20180420_100d
471,472,Sendung,118,D,für den Fernsehkanal.,0,0.0,0,2.0,1.5,3.7,die,Sendung,"Am Abend wiegt der Moderator, der die Weltmeere bereist, die",0.6589707136154175,CWE,dewiki_20180420_100d
472,473,Stück,119,A,für seine nächste Sonate.,0,0.25,0,4.8,4.1,6.9,das,Stück,"Ohne zu zögern komponierte der Musiker, der die Noten aufschrieb, das",0.5836349725723267,CWE,dewiki_20180420_100d
473,474,Stück,119,B,für seine nächste Sonate.,0,0.42,0,1.7,2.1,6.9,das,Stück,"Ohne zu zögern komponierte der Musiker, der die Fragen beantwortete, das",0.5092803835868835,CWE,dewiki_20180420_100d
474,475,Stück,119,C,für seine nächste Sonate.,0,0.0,0,4.8,4.1,4.2,das,Stück,"Ohne zu zögern grillte der Musiker, der die Noten aufschrieb, das",0.5426490902900696,CWE,dewiki_20180420_100d
475,476,Stück,119,D,für seine nächste Sonate.,0,0.08,0,1.7,2.1,4.2,das,Stück,"Ohne zu zögern grillte der Musiker, der die Fragen beantwortete, das",0.44032925367355347,CWE,dewiki_20180420_100d
476,477,Bild,120,A,in seinem Atelier.,2,0.58,1,6.6,2.3,7.0,das,Bild,"Fröhlich malte der Künstler, der die Leinwand aufgespannt hatte, das",0.6765497922897339,CWE,dewiki_20180420_100d
477,478,Bild,120,B,in seinem Atelier.,2,0.58,1,1.5,1.7,7.0,das,Bild,"Fröhlich malte der Künstler, der den Nachtisch zubereitet hatte, das",0.5084250569343567,CWE,dewiki_20180420_100d
478,479,Bild,120,C,in seinem Atelier.,2,0.0,1,6.6,2.3,2.2,das,Bild,"Fröhlich bewohnte der Künstler, der die Leinwand aufgespannt hatte, das",0.6424256563186646,CWE,dewiki_20180420_100d
479,480,Bild,120,D,in seinem Atelier.,2,0.0,1,1.5,1.7,2.2,das,Bild,"Fröhlich bewohnte der Künstler, der den Nachtisch zubereitet hatte, das",0.4568624496459961,CWE,dewiki_20180420_100d
0,1,Axt,1,A,und hackte die Holzscheite.,0,0.75,1,6.9,3.1,6.0,die,Axt,"Gestern schärfte der Holzfäller, bevor er das Holz stapelte, die",0.4671400785446167,CWE,dewiki_20180420_300d
1,2,Axt,1,B,und hackte die Holzscheite.,0,0.67,1,3.1,1.2,6.0,die,Axt,"Gestern schärfte der Holzfäller, bevor er den Film schaute, die",0.4182802140712738,CWE,dewiki_20180420_300d
2,3,Axt,1,C,und hackte die Holzscheite.,0,0.0,1,6.9,3.1,1.4,die,Axt,"Gestern aß der Holzfäller, bevor er das Holz stapelte, die",0.4718277156352997,CWE,dewiki_20180420_300d
3,4,Axt,1,D,und hackte die Holzscheite.,0,0.0,1,3.1,1.2,1.4,die,Axt,"Gestern aß der Holzfäller, bevor er den Film schaute, die",0.42636075615882874,CWE,dewiki_20180420_300d
4,5,Messer,2,A,und rasiert den Kunden.,0,0.67,1,5.0,5.1,6.4,das,Messer,"Nachdenklich schärft der Barbier, nachdem er den Rasierschaum aufgetragen hat, das",0.532321572303772,CWE,dewiki_20180420_300d
5,6,Messer,2,B,und rasiert den Kunden.,0,0.75,1,1.2,1.4,6.4,das,Messer,"Nachdenklich schärft der Barbier, nachdem er die Topfpflanze gegossen hat, das",0.4749305546283722,CWE,dewiki_20180420_300d
6,7,Messer,2,C,und rasiert den Kunden.,0,0.0,1,5.0,5.1,1.4,das,Messer,"Nachdenklich trinkt der Barbier, nachdem er den Rasierschaum aufgetragen hat, das",0.4857652485370636,CWE,dewiki_20180420_300d
7,8,Messer,2,D,und rasiert den Kunden.,0,0.0,1,1.2,1.4,1.4,das,Messer,"Nachdenklich trinkt der Barbier, nachdem er die Topfpflanze gegossen hat, das",0.4416692554950714,CWE,dewiki_20180420_300d
8,9,Kaffee,3,A,und gießt die Milch dazu.,0,0.58,0,5.8,2.3,5.8,den,Kaffee,"Sogleich süßt der Kellner, nachdem er die Bestellung aufgenommen hat, den",0.43111276626586914,CWE,dewiki_20180420_300d
9,10,Kaffee,3,B,und gießt die Milch dazu.,0,0.25,0,3.5,3.5,5.8,den,Kaffee,"Sogleich süßt der Kellner, nachdem er das Radio angemacht hat, den",0.5664286613464355,CWE,dewiki_20180420_300d
10,11,Kaffee,3,C,und gießt die Milch dazu.,0,0.0,0,5.8,2.3,3.0,den,Kaffee,"Sogleich putzt der Kellner, nachdem er die Bestellung aufgenommen hat, den",0.41275128722190857,CWE,dewiki_20180420_300d
11,12,Kaffee,3,D,und gießt die Milch dazu.,0,0.0,0,3.5,3.5,3.0,den,Kaffee,"Sogleich putzt der Kellner, nachdem er das Radio angemacht hat, den",0.5359059572219849,CWE,dewiki_20180420_300d
12,13,Ofen,4,A,auf 180 Grad.,0,1.0,0,6.0,2.7,6.6,den,Ofen,"Vorsichtig erhitzt der Bäckerlehrling, nachdem er die Brötchen geformt hat, den",0.5239356160163879,CWE,dewiki_20180420_300d
13,14,Ofen,4,B,auf 180 Grad.,0,0.75,0,2.4,1.3,6.6,den,Ofen,"Vorsichtig erhitzt der Bäckerlehrling, nachdem er die Fenster gekippt hat, den",0.5113779306411743,CWE,dewiki_20180420_300d
14,15,Ofen,4,C,auf 180 Grad.,0,0.0,0,6.0,2.7,1.3,den,Ofen,"Vorsichtig schlürft der Bäckerlehrling, nachdem er die Brötchen geformt hat, den",0.46612682938575745,CWE,dewiki_20180420_300d
15,16,Ofen,4,D,auf 180 Grad.,0,0.08,0,2.4,1.3,1.3,den,Ofen,"Vorsichtig schlürft der Bäckerlehrling, nachdem er die Fenster gekippt hat, den",0.4519742429256439,CWE,dewiki_20180420_300d
16,17,Weinflasche,5,A,für die Weinprobe.,0,1.0,1,5.9,1.7,6.8,die,Weinflasche,"Zufrieden entkorkt der Winzer, der die Reben geschnitten hat, die",0.45257219672203064,CWE,dewiki_20180420_300d
17,18,Weinflasche,5,B,für die Weinprobe.,0,1.0,1,2.0,2.7,6.8,die,Weinflasche,"Zufrieden entkorkt der Winzer, der die Lohnabrechnungen beendet hat, die",0.40634992718696594,CWE,dewiki_20180420_300d
18,19,Weinflasche,5,C,für die Weinprobe.,0,0.08,1,5.9,1.7,1.0,die,Weinflasche,"Zufrieden glättet der Winzer, der die Reben geschnitten hat, die",0.4355230927467346,CWE,dewiki_20180420_300d
19,20,Weinflasche,5,D,für die Weinprobe.,0,0.0,1,2.0,2.7,1.0,die,Weinflasche,"Zufrieden glättet der Winzer, der die Lohnabrechnungen beendet hat, die",0.38749709725379944,CWE,dewiki_20180420_300d
20,21,Ticket,6,A,für die Fahrt.,0,0.33,1,6.7,2.3,6.3,das,Ticket,"Umgehend löst der Fahrgast, der den Automaten bedient, das",0.4494580030441284,CWE,dewiki_20180420_300d
21,22,Ticket,6,B,für die Fahrt.,0,0.33,1,1.3,1.3,6.3,das,Ticket,"Umgehend löst der Fahrgast, der die Einkaufstasche abstellt, das",0.39380401372909546,CWE,dewiki_20180420_300d
22,23,Ticket,6,C,für die Fahrt.,0,0.0,1,6.7,2.3,1.2,das,Ticket,"Umgehend knotet der Fahrgast, der den Automaten bedient, das",0.46679478883743286,CWE,dewiki_20180420_300d
23,24,Ticket,6,D,für die Fahrt.,0,0.0,1,1.3,1.3,1.2,das,Ticket,"Umgehend knotet der Fahrgast, der die Einkaufstasche abstellt, das",0.41015222668647766,CWE,dewiki_20180420_300d
24,25,Sieg,7,A,mit einer Party.,0,0.5,0,6.8,4.4,6.2,den,Sieg,"Am Abend feiert der Gewinner, der den Pokal erhält, den",0.480645090341568,CWE,dewiki_20180420_300d
25,26,Sieg,7,B,mit einer Party.,0,0.75,0,1.8,2.0,6.2,den,Sieg,"Am Abend feiert der Gewinner, der das Eis isst, den",0.35180163383483887,CWE,dewiki_20180420_300d
26,27,Sieg,7,C,mit einer Party.,0,0.0,0,6.8,4.4,1.8,den,Sieg,"Am Abend knabbert der Gewinner, der den Pokal erhält, den",0.45247673988342285,CWE,dewiki_20180420_300d
27,28,Sieg,7,D,mit einer Party.,0,0.0,0,1.8,2.0,1.8,den,Sieg,"Am Abend knabbert der Gewinner, der das Eis isst, den",0.3035374879837036,CWE,dewiki_20180420_300d
28,29,Fisch,8,A,für das Abendessen.,1,0.83,1,7.0,4.9,6.9,den,Fisch,"Endlich fängt der Angler, der den Köder auswarf, den",0.5357038974761963,CWE,dewiki_20180420_300d
29,30,Fisch,8,B,für das Abendessen.,1,0.83,1,2.0,1.2,6.9,den,Fisch,"Endlich fängt der Angler, der die Zeitung las, den",0.4576544761657715,CWE,dewiki_20180420_300d
30,31,Fisch,8,C,für das Abendessen.,1,0.0,1,7.0,4.9,1.3,den,Fisch,"Endlich baut der Angler, der den Köder auswarf, den",0.504146933555603,CWE,dewiki_20180420_300d
31,32,Fisch,8,D,für das Abendessen.,1,0.0,1,2.0,1.2,1.3,den,Fisch,"Endlich baut der Angler, der die Zeitung las, den",0.4065376818180084,CWE,dewiki_20180420_300d
32,33,Unkraut,9,A,und leerte den Kompost.,0,0.83,0,6.7,3.3,6.9,das,Unkraut,"Am Nachmittag jätete der Schrebergärtner, der das Beet pflegte, das",0.4191625714302063,CWE,dewiki_20180420_300d
33,34,Unkraut,9,B,und leerte den Kompost.,0,0.67,0,3.3,1.4,6.9,das,Unkraut,"Am Nachmittag jätete der Schrebergärtner, der die Sonne genoss, das",0.3490791618824005,CWE,dewiki_20180420_300d
34,35,Unkraut,9,C,und leerte den Kompost.,0,0.0,0,6.7,3.3,1.2,das,Unkraut,"Am Nachmittag polierte der Schrebergärtner, der das Beet pflegte, das",0.40603765845298767,CWE,dewiki_20180420_300d
35,36,Unkraut,9,D,und leerte den Kompost.,0,0.0,0,3.3,1.4,1.2,das,Unkraut,"Am Nachmittag polierte der Schrebergärtner, der die Sonne genoss, das",0.3427162170410156,CWE,dewiki_20180420_300d
36,37,Klassenzimmer,10,A,und nimmt ein Stück Kreide.,1,0.75,1,6.8,3.7,5.5,das,Klassenzimmer,"Eine Weile lüftet der Lehrer, bevor er die Tafel beschreibt, das",0.39915430545806885,CWE,dewiki_20180420_300d
37,38,Klassenzimmer,10,B,und nimmt ein Stück Kreide.,1,0.75,1,1.9,2.6,5.5,das,Klassenzimmer,"Eine Weile lüftet der Lehrer, bevor er den Mantel aufhängt, das",0.38048744201660156,CWE,dewiki_20180420_300d
38,39,Klassenzimmer,10,C,und nimmt ein Stück Kreide.,1,0.0,1,6.8,3.7,4.7,das,Klassenzimmer,"Eine Weile bastelt der Lehrer, bevor er die Tafel beschreibt, das",0.403201162815094,CWE,dewiki_20180420_300d
39,40,Klassenzimmer,10,D,und nimmt ein Stück Kreide.,1,0.0,1,1.9,2.6,4.7,das,Klassenzimmer,"Eine Weile bastelt der Lehrer, bevor er den Mantel aufhängt, das",0.3846585750579834,CWE,dewiki_20180420_300d
40,41,Käse,11,A,und gibt Öl in die Pfanne.,0,0.5,1,5.2,4.6,6.4,den,Käse,"Schnell reibt der Chefkoch, während er die Nudeln kocht, den",0.540956437587738,CWE,dewiki_20180420_300d
41,42,Käse,11,B,und gibt Öl in die Pfanne.,0,0.58,1,1.7,1.2,6.4,den,Käse,"Schnell reibt der Chefkoch, während er die Nachrichten hört, den",0.37914443016052246,CWE,dewiki_20180420_300d
42,43,Käse,11,C,und gibt Öl in die Pfanne.,0,0.0,1,5.2,4.6,1.1,den,Käse,"Schnell flickt der Chefkoch, während er die Nudeln kocht, den",0.5415980815887451,CWE,dewiki_20180420_300d
43,44,Käse,11,D,und gibt Öl in die Pfanne.,0,0.0,1,1.7,1.2,1.1,den,Käse,"Schnell flickt der Chefkoch, während er die Nachrichten hört, den",0.37047678232192993,CWE,dewiki_20180420_300d
44,45,Bier,12,A,das zuvor gebraut wurde.,0,0.67,1,3.9,1.2,5.0,das,Bier,"Vorgestern probierte der Braumeister, nachdem er den Kessel ausgeschaltet hatte, das",0.4779885709285736,CWE,dewiki_20180420_300d
45,46,Bier,12,B,das zuvor gebraut wurde.,0,0.58,1,1.8,2.3,5.0,das,Bier,"Vorgestern probierte der Braumeister, nachdem er den Boden gewischt hatte, das",0.45684143900871277,CWE,dewiki_20180420_300d
46,47,Bier,12,C,das zuvor gebraut wurde.,0,0.0,1,3.9,1.2,1.1,das,Bier,"Vorgestern bemalte der Braumeister, nachdem er den Kessel ausgeschaltet hatte, das",0.502041220664978,CWE,dewiki_20180420_300d
47,48,Bier,12,D,das zuvor gebraut wurde.,0,0.0,1,1.8,2.3,1.1,das,Bier,"Vorgestern bemalte der Braumeister, nachdem er den Boden gewischt hatte, das",0.47117117047309875,CWE,dewiki_20180420_300d
48,49,Rasen,13,A,hinter der Villa.,0,0.92,1,7.0,5.6,6.8,den,Rasen,"Eine Zeit lang mähte der Gartenhelfer, nachdem er den Garten umgegraben hatte, den",0.47521892189979553,CWE,dewiki_20180420_300d
49,50,Rasen,13,B,hinter der Villa.,0,0.92,1,2.2,1.9,6.8,den,Rasen,"Eine Zeit lang mähte der Gartenhelfer, nachdem er die Garage aufgeräumt hatte, den",0.3706521987915039,CWE,dewiki_20180420_300d
50,51,Rasen,13,C,hinter der Villa.,0,0.0,1,7.0,5.6,1.4,den,Rasen,"Eine Zeit lang räucherte der Gartenhelfer, nachdem er den Garten umgegraben hatte, den",0.41776353120803833,CWE,dewiki_20180420_300d
51,52,Rasen,13,D,hinter der Villa.,0,0.0,1,2.2,1.9,1.4,den,Rasen,"Eine Zeit lang räucherte der Gartenhelfer, nachdem er die Garage aufgeräumt hatte, den",0.3095148503780365,CWE,dewiki_20180420_300d
52,53,Straße,14,A,und den Bürgersteig.,1,0.42,1,6.5,5.1,6.8,die,Straße,"Achtsam pflasterte der Bauarbeiter, der die Absperrungen umging, die",0.4353349208831787,CWE,dewiki_20180420_300d
53,54,Straße,14,B,und den Bürgersteig.,1,0.42,1,5.7,2.0,6.8,die,Straße,"Achtsam pflasterte der Bauarbeiter, der die Steine schleppte, die",0.39969563484191895,CWE,dewiki_20180420_300d
54,55,Straße,14,C,und den Bürgersteig.,1,0.08,1,6.5,5.1,2.0,die,Straße,"Achtsam salzte der Bauarbeiter, der die Absperrungen umging, die",0.40026694536209106,CWE,dewiki_20180420_300d
55,56,Straße,14,D,und den Bürgersteig.,1,0.0,1,5.7,2.0,2.0,die,Straße,"Achtsam salzte der Bauarbeiter, der die Steine schleppte, die",0.36283695697784424,CWE,dewiki_20180420_300d
56,57,Glocken,15,A,und freute sich.,0,1.0,1,6.7,1.1,7.0,die,Glocken,"Gestern läutete der Priester, nachdem er den Kirchturm erklommen hatte, die",0.5222818851470947,CWE,dewiki_20180420_300d
57,58,Glocken,15,B,und freute sich.,0,0.92,1,2.2,1.1,7.0,die,Glocken,"Gestern läutete der Priester, nachdem er die Armbanduhr ausgezogen hatte, die",0.4302312135696411,CWE,dewiki_20180420_300d
58,59,Glocken,15,C,und freute sich.,0,0.0,1,6.7,1.1,1.0,die,Glocken,"Gestern faltete der Priester, nachdem er den Kirchturm erklommen hatte, die",0.479838103055954,CWE,dewiki_20180420_300d
59,60,Glocken,15,D,und freute sich.,0,0.0,1,2.2,1.1,1.0,die,Glocken,"Gestern faltete der Priester, nachdem er die Armbanduhr ausgezogen hatte, die",0.38332679867744446,CWE,dewiki_20180420_300d
60,61,Wunde,16,A,mit fünf Stichen.,0,0.92,1,6.7,3.3,5.8,die,Wunde,"Rasch näht der Notarzt, der den Verletzten betreut, die",0.48963621258735657,CWE,dewiki_20180420_300d
61,62,Wunde,16,B,mit fünf Stichen.,0,0.92,1,3.2,1.8,5.8,die,Wunde,"Rasch näht der Notarzt, der den Ohrring trägt, die",0.4811408817768097,CWE,dewiki_20180420_300d
62,63,Wunde,16,C,mit fünf Stichen.,0,0.0,1,6.7,3.3,2.0,die,Wunde,"Rasch versteckt der Notarzt, der den Verletzten betreut, die",0.45343562960624695,CWE,dewiki_20180420_300d
63,64,Wunde,16,D,mit fünf Stichen.,0,0.0,1,3.2,1.8,2.0,die,Wunde,"Rasch versteckt der Notarzt, der den Ohrring trägt, die",0.4412733316421509,CWE,dewiki_20180420_300d
64,65,Hemd,17,A,und die Hose.,0,0.75,1,6.4,1.5,6.9,das,Hemd,"Eilig bügelt der Geschäftsmann, nachdem er das Bügelbrett aufgestellt hat, das",0.42992454767227173,CWE,dewiki_20180420_300d
65,66,Hemd,17,B,und die Hose.,0,0.67,1,1.4,1.2,6.9,das,Hemd,"Eilig bügelt der Geschäftsmann, nachdem er den Eistee ausgetrunken hat, das",0.47141095995903015,CWE,dewiki_20180420_300d
66,67,Hemd,17,C,und die Hose.,0,0.0,1,6.4,1.5,1.0,das,Hemd,"Eilig salzt der Geschäftsmann, nachdem er das Bügelbrett aufgestellt hat, das",0.4352300465106964,CWE,dewiki_20180420_300d
67,68,Hemd,17,D,und die Hose.,0,0.0,1,1.4,1.2,1.0,das,Hemd,"Eilig salzt der Geschäftsmann, nachdem er den Eistee ausgetrunken hat, das",0.46542540192604065,CWE,dewiki_20180420_300d
68,69,Auto,18,A,und übergibt es an den Kunden.,1,0.58,0,7.0,3.5,6.3,das,Auto,"Schnell repariert der KFZ-Mechatroniker, der den Motor ausgetauscht hat, das",0.4830225706100464,CWE,dewiki_20180420_300d
69,70,Auto,18,B,und übergibt es an den Kunden.,1,0.75,0,5.0,3.1,6.3,das,Auto,"Schnell repariert der KFZ-Mechatroniker, der den Urlaub gebucht hat, das",0.3888373374938965,CWE,dewiki_20180420_300d
70,71,Auto,18,C,und übergibt es an den Kunden.,1,0.0,0,7.0,3.5,1.1,das,Auto,"Schnell brät der KFZ-Mechatroniker, der den Motor ausgetauscht hat, das",0.4755377471446991,CWE,dewiki_20180420_300d
71,72,Auto,18,D,und übergibt es an den Kunden.,1,0.0,0,5.0,3.1,1.1,das,Auto,"Schnell brät der KFZ-Mechatroniker, der den Urlaub gebucht hat, das",0.3665449917316437,CWE,dewiki_20180420_300d
72,73,Teig,19,A,für das Brot.,2,1.0,1,6.9,6.9,6.6,den,Teig,"Am Morgen knetet die Bäckerin, die den Kuchen backt, den",0.6524778008460999,CWE,dewiki_20180420_300d
73,74,Teig,19,B,für das Brot.,2,1.0,1,1.5,1.0,6.6,den,Teig,"Am Morgen knetet die Bäckerin, die den Stammgast begrüßt, den",0.45049041509628296,CWE,dewiki_20180420_300d
74,75,Teig,19,C,für das Brot.,2,0.0,1,6.9,6.9,1.2,den,Teig,"Am Morgen hört die Bäckerin, die den Kuchen backt, den",0.5912892818450928,CWE,dewiki_20180420_300d
75,76,Teig,19,D,für das Brot.,2,0.0,1,1.5,1.0,1.2,den,Teig,"Am Morgen hört die Bäckerin, die den Stammgast begrüßt, den",0.36971014738082886,CWE,dewiki_20180420_300d
76,77,Steak,20,A,und die Beilagen.,0,0.67,0,4.7,2.4,6.5,das,Steak,"Am Nachmittag pfeffert der Grillmeister, bevor er die Kohle anzündet, das",0.4308863878250122,CWE,dewiki_20180420_300d
77,78,Steak,20,B,und die Beilagen.,0,0.83,0,1.4,1.1,6.5,das,Steak,"Am Nachmittag pfeffert der Grillmeister, bevor er die Mücke verscheucht, das",0.34469977021217346,CWE,dewiki_20180420_300d
78,79,Steak,20,C,und die Beilagen.,0,0.0,0,4.7,2.4,1.4,das,Steak,"Am Nachmittag druckt der Grillmeister, bevor er die Kohle anzündet, das",0.38059571385383606,CWE,dewiki_20180420_300d
79,80,Steak,20,D,und die Beilagen.,0,0.0,0,1.4,1.1,1.4,das,Steak,"Am Nachmittag druckt der Grillmeister, bevor er die Mücke verscheucht, das",0.31319883465766907,CWE,dewiki_20180420_300d
80,81,Feuer,21,A,und rennt weg.,0,0.58,0,6.6,1.5,6.8,das,Feuer,"Schnell entfacht der Brandstifter, der das Streichholz fallengelassen hat, das",0.6114624738693237,CWE,dewiki_20180420_300d
81,82,Feuer,21,B,und rennt weg.,0,1.0,0,3.3,3.0,6.8,das,Feuer,"Schnell entfacht der Brandstifter, der die Treppe hochgeklettert ist, das",0.5935653448104858,CWE,dewiki_20180420_300d
82,83,Feuer,21,C,und rennt weg.,0,0.0,0,6.6,1.5,1.6,das,Feuer,"Schnell entstaubt der Brandstifter, der das Streichholz fallengelassen hat, das",0.5547195076942444,CWE,dewiki_20180420_300d
83,84,Feuer,21,D,und rennt weg.,0,0.0,0,3.3,3.0,1.6,das,Feuer,"Schnell entstaubt der Brandstifter, der die Treppe hochgeklettert ist, das",0.5137061476707458,CWE,dewiki_20180420_300d
84,85,Haare,22,A,und holt den Föhn.,0,0.92,1,6.5,3.9,6.8,die,Haare,"Nun kämmt der Friseur, nachdem er die Kopfhaut massiert hat, die",0.6246641278266907,CWE,dewiki_20180420_300d
85,86,Haare,22,B,und holt den Föhn.,0,1.0,1,1.0,1.0,6.8,die,Haare,"Nun kämmt der Friseur, nachdem er den Cappuccino ausgetrunken hat, die",0.5151012539863586,CWE,dewiki_20180420_300d
86,87,Haare,22,C,und holt den Föhn.,0,0.17,1,6.5,3.9,1.2,die,Haare,"Nun speichert der Friseur, nachdem er die Kopfhaut massiert hat, die",0.5738765597343445,CWE,dewiki_20180420_300d
87,88,Haare,22,D,und holt den Föhn.,0,0.0,1,1.0,1.0,1.2,die,Haare,"Nun speichert der Friseur, nachdem er den Cappuccino ausgetrunken hat, die",0.45963773131370544,CWE,dewiki_20180420_300d
88,89,Bleistift,23,A,und machte sich wieder an die Arbeit.,0,1.0,1,6.0,3.3,6.7,den,Bleistift,"Flink spitzte der Zeichner, der die Karikatur entwarf, den",0.44364577531814575,CWE,dewiki_20180420_300d
89,90,Bleistift,23,B,und machte sich wieder an die Arbeit.,0,1.0,1,2.3,1.6,6.7,den,Bleistift,"Flink spitzte der Zeichner, der den Atlas öffnete, den",0.32243600487709045,CWE,dewiki_20180420_300d
90,91,Bleistift,23,C,und machte sich wieder an die Arbeit.,0,0.0,1,6.0,3.3,1.3,den,Bleistift,"Flink knotete der Zeichner, der die Karikatur entwarf, den",0.4961942732334137,CWE,dewiki_20180420_300d
91,92,Bleistift,23,D,und machte sich wieder an die Arbeit.,0,0.0,1,2.3,1.6,1.3,den,Bleistift,"Flink knotete der Zeichner, der den Atlas öffnete, den",0.3960210680961609,CWE,dewiki_20180420_300d
92,93,Patienten,24,A,gegen Tetanus.,0,0.25,0,6.7,2.0,6.5,den,Patienten,"Heute impft der Arzt, nachdem er die Spritze befüllt hat, den",0.551703691482544,CWE,dewiki_20180420_300d
93,94,Patienten,24,B,gegen Tetanus.,0,0.42,0,2.1,1.3,6.5,den,Patienten,"Heute impft der Arzt, nachdem er die Schublade geschlossen hat, den",0.48281216621398926,CWE,dewiki_20180420_300d
94,95,Patienten,24,C,gegen Tetanus.,0,0.0,0,6.7,2.0,1.5,den,Patienten,"Heute feuert der Arzt, nachdem er die Spritze befüllt hat, den",0.4962790012359619,CWE,dewiki_20180420_300d
95,96,Patienten,24,D,gegen Tetanus.,0,0.0,0,2.1,1.3,1.5,den,Patienten,"Heute feuert der Arzt, nachdem er die Schublade geschlossen hat, den",0.4110274314880371,CWE,dewiki_20180420_300d
96,97,Leiche,25,A,in der Leichenhalle.,0,0.75,1,6.6,1.5,7.0,die,Leiche,"Unverzüglich obduziert der Pathologe, nachdem er die Mordakte gelesen hat, die",0.5457808971405029,CWE,dewiki_20180420_300d
97,98,Leiche,25,B,in der Leichenhalle.,0,0.75,1,2.6,1.2,7.0,die,Leiche,"Unverzüglich obduziert der Pathologe, nachdem er das Dokument unterschrieben hat, die",0.4840570092201233,CWE,dewiki_20180420_300d
98,99,Leiche,25,C,in der Leichenhalle.,0,0.0,1,6.6,1.5,1.2,die,Leiche,"Unverzüglich pfeffert der Pathologe, nachdem er die Mordakte gelesen hat, die",0.4819590151309967,CWE,dewiki_20180420_300d
99,100,Leiche,25,D,in der Leichenhalle.,0,0.0,1,2.6,1.2,1.2,die,Leiche,"Unverzüglich pfeffert der Pathologe, nachdem er das Dokument unterschrieben hat, die",0.4094995856285095,CWE,dewiki_20180420_300d
100,101,Buch,26,A,für den Fan.,1,1.0,1,6.7,3.3,6.7,das,Buch,"Am Nachmittag signiert der Autor, der die Geschichte erfunden hat, das",0.48632755875587463,CWE,dewiki_20180420_300d
101,102,Buch,26,B,für den Fan.,1,0.92,1,1.8,1.5,6.7,das,Buch,"Am Nachmittag signiert der Autor, der den Vorhang zugezogen hat, das",0.4105212390422821,CWE,dewiki_20180420_300d
102,103,Buch,26,C,für den Fan.,1,0.0,1,6.7,3.3,1.3,das,Buch,"Am Nachmittag schluckt der Autor, der die Geschichte erfunden hat, das",0.47716373205184937,CWE,dewiki_20180420_300d
103,104,Buch,26,D,für den Fan.,1,0.0,1,1.8,1.5,1.3,das,Buch,"Am Nachmittag schluckt der Autor, der den Vorhang zugezogen hat, das",0.38992545008659363,CWE,dewiki_20180420_300d
104,105,Gäste,27,A,und überreichte ihnen die Schlüssel.,2,1.0,1,4.7,1.4,6.5,die,Gäste,"Sofort begrüßte der Hotelier, der die Koffer stapelte, die",0.5548483729362488,CWE,dewiki_20180420_300d
105,106,Gäste,27,B,und überreichte ihnen die Schlüssel.,2,0.92,1,1.4,1.6,6.5,die,Gäste,"Sofort begrüßte der Hotelier, der die Fische räucherte, die",0.5371361374855042,CWE,dewiki_20180420_300d
106,107,Gäste,27,C,und überreichte ihnen die Schlüssel.,2,0.0,1,4.7,1.4,1.9,die,Gäste,"Sofort feuerte der Hotelier, der die Koffer stapelte, die",0.5202369093894958,CWE,dewiki_20180420_300d
107,108,Gäste,27,D,und überreichte ihnen die Schlüssel.,2,0.0,1,1.4,1.6,1.9,die,Gäste,"Sofort feuerte der Hotelier, der die Fische räucherte, die",0.5123624801635742,CWE,dewiki_20180420_300d
108,109,Baum,28,A,neben der Schule.,0,0.92,1,5.9,1.3,7.0,den,Baum,"Vorsichtig fällt der Holzarbeiter, der die Säge gestartet hat, den",0.34491562843322754,CWE,dewiki_20180420_300d
109,110,Baum,28,B,neben der Schule.,0,0.83,1,2.8,1.9,7.0,den,Baum,"Vorsichtig fällt der Holzarbeiter, der den Transporter geparkt hat, den",0.3227648138999939,CWE,dewiki_20180420_300d
110,111,Baum,28,C,neben der Schule.,0,0.0,1,5.9,1.3,1.3,den,Baum,"Vorsichtig durchwühlt der Holzarbeiter, der die Säge gestartet hat, den",0.3279668986797333,CWE,dewiki_20180420_300d
111,112,Baum,28,D,neben der Schule.,0,0.0,1,2.8,1.9,1.3,den,Baum,"Vorsichtig durchwühlt der Holzarbeiter, der den Transporter geparkt hat, den",0.30287694931030273,CWE,dewiki_20180420_300d
112,113,Zigarre,29,A,und schlenderte über den Marktplatz.,2,1.0,1,6.2,3.2,6.9,die,Zigarre,"Langsam paffte der Kubaner, der den Rauchring blies, die",0.3402644395828247,CWE,dewiki_20180420_300d
113,114,Zigarre,29,B,und schlenderte über den Marktplatz.,2,1.0,1,2.0,1.3,6.9,die,Zigarre,"Langsam paffte der Kubaner, der die Straßenbahn verpasste, die",0.37864723801612854,CWE,dewiki_20180420_300d
114,115,Zigarre,29,C,und schlenderte über den Marktplatz.,2,0.08,1,6.2,3.2,1.5,die,Zigarre,"Langsam öffnete der Kubaner, der den Rauchring blies, die",0.3650533854961395,CWE,dewiki_20180420_300d
115,116,Zigarre,29,D,und schlenderte über den Marktplatz.,2,0.08,1,2.0,1.3,1.5,die,Zigarre,"Langsam öffnete der Kubaner, der die Straßenbahn verpasste, die",0.39242738485336304,CWE,dewiki_20180420_300d
116,117,Schnitzel,30,A,für das Gericht.,0,0.58,0,6.0,1.2,6.5,das,Schnitzel,"Fröhlich paniert der Koch, nachdem er die Bratkartoffeln geschält hat, das",0.6532812118530273,CWE,dewiki_20180420_300d
117,118,Schnitzel,30,B,für das Gericht.,0,0.83,0,1.3,1.5,6.5,das,Schnitzel,"Fröhlich paniert der Koch, nachdem er die Ärmel hochgekrempelt hat, das",0.5732247233390808,CWE,dewiki_20180420_300d
118,119,Schnitzel,30,C,für das Gericht.,0,0.0,0,6.0,1.2,1.0,das,Schnitzel,"Fröhlich baut der Koch, nachdem er die Bratkartoffeln geschält hat, das",0.5754628777503967,CWE,dewiki_20180420_300d
119,120,Schnitzel,30,D,für das Gericht.,0,0.0,0,1.3,1.5,1.0,das,Schnitzel,"Fröhlich baut der Koch, nachdem er die Ärmel hochgekrempelt hat, das",0.3782750964164734,CWE,dewiki_20180420_300d
120,121,Kuchen,31,A,für die Geburtstagsfeier.,1,0.92,0,6.9,5.3,5.9,den,Kuchen,"Umsichtig glasiert der Konditor, der die Backform eingefettet hat, den",0.5537556409835815,CWE,dewiki_20180420_300d
121,122,Kuchen,31,B,für die Geburtstagsfeier.,1,0.42,0,5.4,1.6,5.9,den,Kuchen,"Umsichtig glasiert der Konditor, der den Tisch abgewischt hat, den",0.5111364722251892,CWE,dewiki_20180420_300d
122,123,Kuchen,31,C,für die Geburtstagsfeier.,1,0.0,0,6.9,5.3,1.2,den,Kuchen,"Umsichtig durchsucht der Konditor, der die Backform eingefettet hat, den",0.5407199263572693,CWE,dewiki_20180420_300d
123,124,Kuchen,31,D,für die Geburtstagsfeier.,1,0.0,0,5.4,1.6,1.2,den,Kuchen,"Umsichtig durchsucht der Konditor, der den Tisch abgewischt hat, den",0.49650993943214417,CWE,dewiki_20180420_300d
124,125,Kette,32,A,und die Bremsen.,0,0.83,0,4.9,2.0,6.8,die,Kette,"Gestern ölte der Fahrradfahrer, bevor er die Bremse einstellte, die",0.2854419946670532,CWE,dewiki_20180420_300d
125,126,Kette,32,B,und die Bremsen.,0,0.58,0,1.2,1.1,6.8,die,Kette,"Gestern ölte der Fahrradfahrer, bevor er die Limonade trank, die",0.264780730009079,CWE,dewiki_20180420_300d
126,127,Kette,32,C,und die Bremsen.,0,0.0,0,4.9,2.0,1.4,die,Kette,"Gestern beheizte der Fahrradfahrer, bevor er die Bremse einstellte, die",0.2762000560760498,CWE,dewiki_20180420_300d
127,128,Kette,32,D,und die Bremsen.,0,0.0,0,1.2,1.1,1.4,die,Kette,"Gestern beheizte der Fahrradfahrer, bevor die Limonade trank, die",0.26259204745292664,CWE,dewiki_20180420_300d
128,129,Brief,33,A,an die Agentur.,0,0.92,1,6.8,1.3,6.6,den,Brief,"Hastig frankiert der Postbeamte, der das Postamt aufgeschlossen hat, den",0.38754719495773315,CWE,dewiki_20180420_300d
129,130,Brief,33,B,an die Agentur.,0,1.0,1,1.5,3.7,6.6,den,Brief,"Hastig frankiert der Postbeamte, der das Mittagessen bestellt hat, den",0.4280998110771179,CWE,dewiki_20180420_300d
130,131,Brief,33,C,an die Agentur.,0,0.0,1,6.8,1.3,2.2,den,Brief,"Hastig umgeht der Postbeamte, der das Postamt aufgeschlossen hat, den",0.3471555709838867,CWE,dewiki_20180420_300d
131,132,Brief,33,D,an die Agentur.,0,0.0,1,1.5,3.7,2.2,den,Brief,"Hastig umgeht der Postbeamte, der das Mittagessen bestellt hat, den",0.39860236644744873,CWE,dewiki_20180420_300d
132,133,Berg,34,A,und stellt sein Zelt auf.,1,0.75,0,6.4,3.2,6.8,den,Berg,"Fröhlich erklimmt der Wanderer, nachdem er das Tal durchquert hat, den",0.431742399930954,CWE,dewiki_20180420_300d
133,134,Berg,34,B,und stellt sein Zelt auf.,1,0.92,0,1.4,1.5,6.8,den,Berg,"Fröhlich erklimmt der Wanderer, nachdem er die Stoppuhr gestartet hat, den",0.34237027168273926,CWE,dewiki_20180420_300d
134,135,Berg,34,C,und stellt sein Zelt auf.,1,0.0,0,6.4,3.2,1.5,den,Berg,"Fröhlich kauft der Wanderer, nachdem er das Tal durchquert hat, den",0.40782251954078674,CWE,dewiki_20180420_300d
135,136,Berg,34,D,und stellt sein Zelt auf.,1,0.0,0,1.4,1.5,1.5,den,Berg,"Fröhlich kauft der Wanderer, nachdem er die Stoppuhr gestartet hat, den",0.28929221630096436,CWE,dewiki_20180420_300d
136,137,Befehl,35,A,zum Abmarsch.,0,0.92,0,6.0,7.0,6.6,den,Befehl,"Bedächtig erteilt der General, der die Rekruten kommandiert, den",0.5836988091468811,CWE,dewiki_20180420_300d
137,138,Befehl,35,B,zum Abmarsch.,0,0.75,0,1.7,2.4,6.6,den,Befehl,"Bedächtig erteilt der General, der die Getränke einschenkt, den",0.4484826922416687,CWE,dewiki_20180420_300d
138,139,Befehl,35,C,zum Abmarsch.,0,0.0,0,6.0,7.0,1.4,den,Befehl,"Bedächtig biegt der General, der die Rekruten kommandiert, den",0.5328786969184875,CWE,dewiki_20180420_300d
139,140,Befehl,35,D,zum Abmarsch.,0,0.0,0,1.7,2.4,1.4,den,Befehl,"Bedächtig biegt der General, der die Getränke einschenkt, den",0.39893922209739685,CWE,dewiki_20180420_300d
140,141,Wand,36,A,des Büros.,0,0.5,0,7.0,5.5,6.4,die,Wand,"Sofort streicht der Maler, nachdem er die Tapete angebracht hat, die",0.5840257406234741,CWE,dewiki_20180420_300d
141,142,Wand,36,B,des Büros.,0,0.67,0,1.5,1.3,6.4,die,Wand,"Sofort streicht der Maler, nachdem er den Hund gefüttert hat, die",0.4287092685699463,CWE,dewiki_20180420_300d
142,143,Wand,36,C,des Büros.,0,0.08,0,7.0,5.5,1.1,die,Wand,"Sofort lenkt der Maler, nachdem er die Tapete angebracht hat, die",0.5368772745132446,CWE,dewiki_20180420_300d
143,144,Wand,36,D,des Büros.,0,0.0,0,1.5,1.3,1.1,die,Wand,"Sofort lenkt der Maler, nachdem er den Hund gefüttert hat, die",0.3804943859577179,CWE,dewiki_20180420_300d
144,145,Hammer,37,A,auf das Metall.,0,1.0,0,6.5,1.9,5.6,den,Hammer,"Direkt schwingt der Schmied, der den Amboss aufgestellt hat, den",0.4709620177745819,CWE,dewiki_20180420_300d
145,146,Hammer,37,B,auf das Metall.,0,0.83,0,2.9,3.8,5.6,den,Hammer,"Direkt schwingt der Schmied, der den Stuhl weggestellt hat, den",0.3647323548793793,CWE,dewiki_20180420_300d
146,147,Hammer,37,C,auf das Metall.,0,0.0,0,6.5,1.9,1.2,den,Hammer,"Direkt speichert der Schmied, der den Amboss aufgestellt hat, den",0.42698904871940613,CWE,dewiki_20180420_300d
147,148,Hammer,37,D,auf das Metall.,0,0.0,0,2.9,3.8,1.2,den,Hammer,"Direkt speichert der Schmied, der den Stuhl weggestellt hat, den",0.30851641297340393,CWE,dewiki_20180420_300d
148,149,Land,38,A,im Norden.,1,0.33,0,6.6,2.5,7.0,das,Land,"Vor langer Zeit regierte der König, der die Reise unternahm, das",0.3736826777458191,CWE,dewiki_20180420_300d
149,150,Land,38,B,im Norden.,1,0.5,0,2.4,2.5,7.0,das,Land,"Vor langer Zeit regierte der König, der den Gesang vernahm, das",0.37778693437576294,CWE,dewiki_20180420_300d
150,151,Land,38,C,im Norden.,1,0.0,0,6.6,2.5,1.2,das,Land,"Vor langer Zeit briet der König, der die Reise unternahm, das",0.3823150396347046,CWE,dewiki_20180420_300d
151,152,Land,38,D,im Norden.,1,0.0,0,2.4,2.5,1.2,das,Land,"Vor langer Zeit briet der König, der den Gesang vernahm, das",0.3770551085472107,CWE,dewiki_20180420_300d
152,153,Stab,39,A,und gab den Takt an.,0,0.42,1,1.9,1.6,3.0,den,Stab,"Zügig hob der Dirigent, der das Tempo wechselte, den",0.3311448395252228,CWE,dewiki_20180420_300d
153,154,Stab,39,B,und gab den Takt an.,0,0.5,1,1.0,1.6,3.0,den,Stab,"Zügig hob der Dirigent, der das Gähnen unterdrückte, den",0.32233813405036926,CWE,dewiki_20180420_300d
154,155,Stab,39,C,und gab den Takt an.,0,0.0,1,1.9,1.6,1.3,den,Stab,"Zügig verdrückte der Dirigent, der das Tempo wechselte, den",0.334991991519928,CWE,dewiki_20180420_300d
155,156,Stab,39,D,und gab den Takt an.,0,0.0,1,1.0,1.6,1.3,den,Stab,"Zügig verdrückte der Dirigent, der das Gähnen unterdrückte, den",0.3138124346733093,CWE,dewiki_20180420_300d
156,157,Bart,40,A,des Mannes.,2,0.58,0,5.4,1.3,6.8,den,Bart,"Direkt trimmt der Herrenfriseur, nachdem er die Klinge ausgepackt hat, den",0.3946269154548645,CWE,dewiki_20180420_300d
157,158,Bart,40,B,des Mannes.,2,0.25,0,1.2,1.0,6.8,den,Bart,"Direkt trimmt der Herrenfriseur, nachdem er das Wasserglas abgestellt hat, den",0.28927114605903625,CWE,dewiki_20180420_300d
158,159,Bart,40,C,des Mannes.,2,0.0,0,5.4,1.3,1.7,den,Bart,"Direkt hört der Herrenfriseur, nachdem er die Klinge ausgepackt hat, den",0.3816662132740021,CWE,dewiki_20180420_300d
159,160,Bart,40,D,des Mannes.,2,0.0,0,1.2,1.0,1.7,den,Bart,"Direkt hört der Herrenfriseur, nachdem er das Wasserglas abgestellt hat, den",0.28316381573677063,CWE,dewiki_20180420_300d
160,161,Geschirr,41,A,und die Brettchen.,0,0.5,1,6.7,4.7,6.9,das,Geschirr,"Gestern spülte der Tellerwäscher, bevor er den Tisch wischte, das",0.5147119164466858,CWE,dewiki_20180420_300d
161,162,Geschirr,41,B,und die Brettchen.,0,0.42,1,1.2,1.2,6.9,das,Geschirr,"Gestern spülte der Tellerwäscher, bevor er das Taxi rief, das",0.42132237553596497,CWE,dewiki_20180420_300d
162,163,Geschirr,41,C,und die Brettchen.,0,0.0,1,6.7,4.7,1.1,das,Geschirr,"Gestern glättete der Tellerwäscher, bevor er den Tisch wischte, das",0.48437198996543884,CWE,dewiki_20180420_300d
163,164,Geschirr,41,D,und die Brettchen.,0,0.0,1,1.2,1.2,1.1,das,Geschirr,"Gestern glättete der Tellerwäscher, bevor er das Taxi rief, das",0.3927488327026367,CWE,dewiki_20180420_300d
164,165,Schloss,42,A,und stiehlt die Wertsachen.,0,0.25,0,7.0,1.8,6.4,das,Schloss,"Im Handumdrehen knackt der Einbrecher, der den Zahlencode erraten hat, das",0.1887926608324051,CWE,dewiki_20180420_300d
165,166,Schloss,42,B,und stiehlt die Wertsachen.,0,0.5,0,2.6,1.5,6.4,das,Schloss,"Im Handumdrehen knackt der Einbrecher, der die Akte durchblättert hat, das",0.23485803604125977,CWE,dewiki_20180420_300d
166,167,Schloss,42,C,und stiehlt die Wertsachen.,0,0.0,0,7.0,1.8,1.6,das,Schloss,"Im Handumdrehen kopiert der Einbrecher, der den Zahlencode erraten hat, das",0.1902785748243332,CWE,dewiki_20180420_300d
167,168,Schloss,42,D,und stiehlt die Wertsachen.,0,0.0,0,2.6,1.5,1.6,das,Schloss,"Im Handumdrehen kopiert der Einbrecher, der die Akte durchblättert hat, das",0.23831462860107422,CWE,dewiki_20180420_300d
168,169,Zwiebeln,43,A,und den Knoblauch.,0,0.25,1,5.7,2.3,6.2,die,Zwiebeln,"Routiniert hackte der Küchengehilfe, bevor er die Suppe umrührte, die",0.5071365237236023,CWE,dewiki_20180420_300d
169,170,Zwiebeln,43,B,und den Knoblauch.,0,0.33,1,1.3,1.1,6.2,die,Zwiebeln,"Routiniert hackte der Küchengehilfe, bevor er das Radio einschaltete, die",0.28204113245010376,CWE,dewiki_20180420_300d
170,171,Zwiebeln,43,C,und den Knoblauch.,0,0.0,1,5.7,2.3,1.3,die,Zwiebeln,"Routiniert schraubte der Küchengehilfe, bevor er die Suppe umrührte, die",0.5050349831581116,CWE,dewiki_20180420_300d
171,172,Zwiebeln,43,D,und den Knoblauch.,0,0.0,1,1.3,1.1,1.3,die,Zwiebeln,"Routiniert schraubte der Küchengehilfe, bevor er das Radio einschaltete, die",0.2614620625972748,CWE,dewiki_20180420_300d
172,173,Wachs,44,A,und fuhr mit der Arbeit fort.,0,0.83,1,6.7,2.3,6.3,das,Wachs,"Umsichtig schmolz der Kerzenzieher, nachdem er den Docht gekürzt hatte, das",0.5296320915222168,CWE,dewiki_20180420_300d
173,174,Wachs,44,B,und fuhr mit der Arbeit fort.,0,0.83,1,1.5,1.4,6.3,das,Wachs,"Umsichtig schmolz der Kerzenzieher, nachdem er das Nähkästchen zugeklappt hatte, das",0.5098578333854675,CWE,dewiki_20180420_300d
174,175,Wachs,44,C,und fuhr mit der Arbeit fort.,0,0.0,1,6.7,2.3,1.0,das,Wachs,"Umsichtig würzte der Kerzenzieher, nachdem er den Docht gekürzt hatte, das",0.4983205497264862,CWE,dewiki_20180420_300d
175,176,Wachs,44,D,und fuhr mit der Arbeit fort.,0,0.0,1,1.5,1.4,1.0,das,Wachs,"Umsichtig würzte der Kerzenzieher, nachdem er das Nähkästchen zugeklappt hatte, das",0.46845972537994385,CWE,dewiki_20180420_300d
176,177,Cocktail,45,A,für den Touristen.,0,0.5,0,6.2,1.4,6.9,den,Cocktail,"Gestern mixte der Barkeeper, der den Wodka geöffnet hatte, den",0.6336904168128967,CWE,dewiki_20180420_300d
177,178,Cocktail,45,B,für den Touristen.,0,0.83,0,1.3,1.0,6.9,den,Cocktail,"Gestern mixte der Barkeeper, der den Boden gefegt hatte, den",0.4646606147289276,CWE,dewiki_20180420_300d
178,179,Cocktail,45,C,für den Touristen.,0,0.0,0,6.2,1.4,1.6,den,Cocktail,"Gestern gründete der Barkeeper, der den Wodka geöffnet hatte, den",0.6077150702476501,CWE,dewiki_20180420_300d
179,180,Cocktail,45,D,für den Touristen.,0,0.08,0,1.3,1.0,1.6,den,Cocktail,"Gestern gründete der Barkeeper, der den Boden gefegt hatte, den",0.43061530590057373,CWE,dewiki_20180420_300d
180,181,Orchester,46,A,und das Streichquartett.,0,0.25,1,6.8,3.6,6.8,das,Orchester,"Am Abend dirigiert der Kapellmeister, der das Konzert eröffnet hat, das",0.6725766062736511,CWE,dewiki_20180420_300d
181,182,Orchester,46,B,und das Streichquartett.,0,0.25,1,1.6,1.4,6.8,das,Orchester,"Am Abend dirigiert der Kapellmeister, der die Unterschriften gesammelt hat, das",0.5759424567222595,CWE,dewiki_20180420_300d
182,183,Orchester,46,C,und das Streichquartett.,0,0.0,1,6.8,3.6,1.3,das,Orchester,"Am Abend vernichtet der Kapellmeister, der das Konzert eröffnet hat, das",0.5928564667701721,CWE,dewiki_20180420_300d
183,184,Orchester,46,D,und das Streichquartett.,0,0.0,1,1.6,1.4,1.3,das,Orchester,"Am Abend vernichtet der Kapellmeister, der die Unterschriften gesammelt hat, das",0.46255937218666077,CWE,dewiki_20180420_300d
184,185,Wort,47,A,und notiert es.,3,0.83,0,6.3,3.6,6.8,das,Wort,"Direkt buchstabiert der Sprachschüler, nachdem er das Buch aufgeschlagen hat, das",0.4412749409675598,CWE,dewiki_20180420_300d
185,186,Wort,47,B,und notiert es.,3,0.67,0,3.0,2.7,6.8,das,Wort,"Direkt buchstabiert der Sprachschüler, nachdem er den Pausenhof verlassen hat, das",0.389443039894104,CWE,dewiki_20180420_300d
186,187,Wort,47,C,und notiert es.,3,0.0,0,6.3,3.6,1.7,das,Wort,"Direkt dekoriert der Sprachschüler, nachdem er das Buch aufgeschlagen hat, das",0.35342270135879517,CWE,dewiki_20180420_300d
187,188,Wort,47,D,und notiert es.,3,0.0,0,3.0,2.7,1.7,das,Wort,"Direkt dekoriert der Sprachschüler, nachdem er den Pausenhof verlassen hat, das",0.2977994680404663,CWE,dewiki_20180420_300d
188,189,Weide,48,A,mit einem Draht.,0,0.67,0,6.7,5.4,6.0,die,Weide,"Vorsichtig umzäunt der Schäfer, der die Schafe gehütet hat, die",0.47381269931793213,CWE,dewiki_20180420_300d
189,190,Weide,48,B,mit einem Draht.,0,0.42,0,1.4,1.4,6.0,die,Weide,"Vorsichtig umzäunt der Schäfer, der das Mittagessen vergessen hat, die",0.31402456760406494,CWE,dewiki_20180420_300d
190,191,Weide,48,C,mit einem Draht.,0,0.0,0,6.7,5.4,1.0,die,Weide,"Vorsichtig fälscht der Schäfer, der die Schafe gehütet hat, die",0.40793484449386597,CWE,dewiki_20180420_300d
191,192,Weide,48,D,mit einem Draht.,0,0.0,0,1.4,1.4,1.0,die,Weide,"Vorsichtig fälscht der Schäfer, der das Mittagessen vergessen hat, die",0.24212247133255005,CWE,dewiki_20180420_300d
192,193,Predigt,49,A,für die Gemeinde.,0,0.25,0,6.2,2.1,6.2,die,Predigt,"Nachdenklich hält der Pfarrer, nachdem er die Bibel aufgeschlagen hat, die",0.6052665710449219,CWE,dewiki_20180420_300d
193,194,Predigt,49,B,für die Gemeinde.,0,0.5,0,1.6,2.9,6.2,die,Predigt,"Nachdenklich hält der Pfarrer, nachdem er die Brille aufgesetzt hat, die",0.4530975818634033,CWE,dewiki_20180420_300d
194,195,Predigt,49,C,für die Gemeinde.,0,0.0,0,6.2,2.1,1.3,die,Predigt,"Nachdenklich leert der Pfarrer, nachdem er die Bibel aufgeschlagen hat, die",0.5654596090316772,CWE,dewiki_20180420_300d
195,196,Predigt,49,D,für die Gemeinde.,0,0.0,0,1.6,2.9,1.3,die,Predigt,"Nachdenklich leert der Pfarrer, nachdem er die Brille aufgesetzt hat, die",0.3954828381538391,CWE,dewiki_20180420_300d
196,197,Wohnung,50,A,mit neuen Möbeln.,0,0.5,0,7.0,2.7,6.8,die,Wohnung,"Unverzüglich möblierte der Vermieter, der den Mieter aufgenommen hatte, die",0.590755820274353,CWE,dewiki_20180420_300d
197,198,Wohnung,50,B,mit neuen Möbeln.,0,0.75,0,4.7,3.6,6.8,die,Wohnung,"Unverzüglich möblierte der Vermieter, der die Überweisung erhalten hatte, die",0.5398147702217102,CWE,dewiki_20180420_300d
198,199,Wohnung,50,C,mit neuen Möbeln.,0,0.0,0,7.0,2.7,1.4,die,Wohnung,"Unverzüglich erntete der Vermieter, der den Mieter aufgenommen hatte, die",0.49737194180488586,CWE,dewiki_20180420_300d
199,200,Wohnung,50,D,mit neuen Möbeln.,0,0.0,0,4.7,3.6,1.4,die,Wohnung,"Unverzüglich erntete der Vermieter, der die Überweisung erhalten hatte, die",0.4359121322631836,CWE,dewiki_20180420_300d
200,201,Abzug,51,A,und trifft das Opfer.,2,0.5,0,3.2,4.4,5.9,den,Abzug,"Sofort betätigt der Killer, der das Ziel anvisiert hat, den",0.39500388503074646,CWE,dewiki_20180420_300d
201,202,Abzug,51,B,und trifft das Opfer.,2,0.33,0,1.4,3.0,5.9,den,Abzug,"Sofort betätigt der Killer, der den Tee abgestellt hat, den",0.39899176359176636,CWE,dewiki_20180420_300d
202,203,Abzug,51,C,und trifft das Opfer.,2,0.0,0,3.2,4.4,1.6,den,Abzug,"Sofort knickt der Killer, der das Ziel anvisiert hat, den",0.36832374334335327,CWE,dewiki_20180420_300d
203,204,Abzug,51,D,und trifft das Opfer.,2,0.0,0,1.4,3.0,1.6,den,Abzug,"Sofort knickt der Killer, der den Tee abgestellt hat, den",0.37137100100517273,CWE,dewiki_20180420_300d
204,205,Paket,52,A,mit der Arbeitskleidung.,0,0.42,1,6.7,4.4,6.5,das,Paket,"Heute überbringt der Bote, als er den Empfänger angetroffen hat, das",0.40196722745895386,CWE,dewiki_20180420_300d
205,206,Paket,52,B,mit der Arbeitskleidung.,0,0.33,1,3.6,1.2,6.5,das,Paket,"Heute überbringt der Bote, als er das Foyer durchquert hat, das",0.33469387888908386,CWE,dewiki_20180420_300d
206,207,Paket,52,C,mit der Arbeitskleidung.,0,0.0,1,6.7,4.4,1.3,das,Paket,"Heute erntet der Bote, als er den Empfänger angetroffen hat, das",0.388714075088501,CWE,dewiki_20180420_300d
207,208,Paket,52,D,mit der Arbeitskleidung.,0,0.0,1,3.6,1.2,1.3,das,Paket,"Heute erntet der Bote, als er das Foyer durchquert hat, das",0.3172798752784729,CWE,dewiki_20180420_300d
208,209,Tor,53,A,und jubelte über seinen Erfolg.,3,0.92,0,6.8,3.4,6.9,das,Tor,"Schnell schoss der Fußballspieler, der das Fußballfeld überquert hatte, das",0.5292111039161682,CWE,dewiki_20180420_300d
209,210,Tor,53,B,und jubelte über seinen Erfolg.,3,0.67,0,1.6,2.7,6.9,das,Tor,"Schnell schoss der Fußballspieler, der die Jacke ausgezogen hatte, das",0.4367600679397583,CWE,dewiki_20180420_300d
210,211,Tor,53,C,und jubelte über seinen Erfolg.,3,0.0,0,6.8,3.4,1.5,das,Tor,"Schnell spürte der Fußballspieler, der das Fußballfeld überquert hatte, das",0.40837395191192627,CWE,dewiki_20180420_300d
211,212,Tor,53,D,und jubelte über seinen Erfolg.,3,0.0,0,1.6,2.7,1.5,das,Tor,"Schnell spürte der Fußballspieler, der die Jacke ausgezogen hatte, das",0.29617685079574585,CWE,dewiki_20180420_300d
212,213,Flugzeug,54,A,durch die Wolken.,0,1.0,1,7.0,1.8,5.8,das,Flugzeug,"Konzentriert steuerte der Pilot, der die Stewardess gerufen hatte, das",0.5690689086914062,CWE,dewiki_20180420_300d
213,214,Flugzeug,54,B,durch die Wolken.,0,0.92,1,1.6,3.4,5.8,das,Flugzeug,"Konzentriert steuerte der Pilot, der den Krimi gelesen hatte, das",0.472638338804245,CWE,dewiki_20180420_300d
214,215,Flugzeug,54,C,durch die Wolken.,0,0.0,1,7.0,1.8,3.1,das,Flugzeug,"Konzentriert faltete der Pilot, der die Stewardess gerufen hatte, das",0.5666425228118896,CWE,dewiki_20180420_300d
215,216,Flugzeug,54,D,durch die Wolken.,0,0.08,1,1.6,3.4,3.1,das,Flugzeug,"Konzentriert faltete der Pilot, der den Krimi gelesen hatte, das",0.4715571701526642,CWE,dewiki_20180420_300d
216,217,Skizze,55,A,für den Bauherrn.,0,0.42,0,6.4,6.5,6.7,die,Skizze,"Rasch entwarf der Architekt, bevor er den Bauplan erstellte, die",0.4189634621143341,CWE,dewiki_20180420_300d
217,218,Skizze,55,B,für den Bauherrn.,0,0.25,0,4.3,4.7,6.7,die,Skizze,"Rasch entwarf der Architekt, bevor er den Vortrag schrieb, die",0.42081373929977417,CWE,dewiki_20180420_300d
218,219,Skizze,55,C,für den Bauherrn.,0,0.0,0,6.4,6.5,1.2,die,Skizze,"Rasch schüttelte der Architekt, bevor er den Bauplan erstellte, die",0.4342004656791687,CWE,dewiki_20180420_300d
219,220,Skizze,55,D,für den Bauherrn.,0,0.0,0,4.3,4.7,1.2,die,Skizze,"Rasch schüttelte der Architekt, bevor er den Vortrag schrieb, die",0.4104084074497223,CWE,dewiki_20180420_300d
220,221,Kamin,56,A,und verlässt das Grundstück.,1,0.42,0,6.8,3.0,6.4,den,Kamin,"Geschwind kehrt der Schornsteinfeger, der den Rauch einatmet, den",0.3884286880493164,CWE,dewiki_20180420_300d
221,222,Kamin,56,B,und verlässt das Grundstück.,1,0.17,0,3.0,1.3,6.4,den,Kamin,"Geschwind kehrt der Schornsteinfeger, der die Katze verscheucht, den",0.3093016445636749,CWE,dewiki_20180420_300d
222,223,Kamin,56,C,und verlässt das Grundstück.,1,0.0,0,6.8,3.0,1.1,den,Kamin,"Geschwind wirft der Schornsteinfeger, der den Rauch einatmet, den",0.4111240804195404,CWE,dewiki_20180420_300d
223,224,Kamin,56,D,und verlässt das Grundstück.,1,0.08,0,3.0,1.3,1.1,den,Kamin,"Geschwind wirft der Schornsteinfeger, der die Katze verscheucht, den",0.3344690203666687,CWE,dewiki_20180420_300d
224,225,Wahl,57,A,zum Minister.,0,1.0,0,6.5,5.3,6.7,die,Wahl,"Vorgestern gewann der Politiker, der die Stimmen zählte, die",0.4542388916015625,CWE,dewiki_20180420_300d
225,226,Wahl,57,B,zum Minister.,0,0.58,0,2.8,1.6,6.7,die,Wahl,"Vorgestern gewann der Politiker, der die Hände schüttelte, die",0.3744645118713379,CWE,dewiki_20180420_300d
226,227,Wahl,57,C,zum Minister.,0,0.08,0,6.5,5.3,1.6,die,Wahl,"Vorgestern reparierte der Politiker, der die Stimmen zählte, die",0.41467002034187317,CWE,dewiki_20180420_300d
227,228,Wahl,57,D,zum Minister.,0,0.0,0,2.8,1.6,1.6,die,Wahl,"Vorgestern reparierte der Politiker, der die Hände schüttelte, die",0.32673391699790955,CWE,dewiki_20180420_300d
228,229,Foto,58,A,von der Unfallstelle.,0,0.67,0,6.7,2.1,6.7,das,Foto,"Sofort schoss der Reporter, der die Kamera bediente, das",0.41542479395866394,CWE,dewiki_20180420_300d
229,230,Foto,58,B,von der Unfallstelle.,0,0.5,0,1.6,1.6,6.7,das,Foto,"Sofort schoss der Reporter, der die Zigarette rauchte, das",0.39726579189300537,CWE,dewiki_20180420_300d
230,231,Foto,58,C,von der Unfallstelle.,0,0.0,0,6.7,2.1,1.7,das,Foto,"Sofort verspeiste der Reporter, der die Kamera bediente, das",0.38780272006988525,CWE,dewiki_20180420_300d
231,232,Foto,58,D,von der Unfallstelle.,0,0.0,0,1.6,1.6,1.7,das,Foto,"Sofort verspeiste der Reporter, der die Zigarette rauchte, das",0.36036473512649536,CWE,dewiki_20180420_300d
232,233,Programm,59,A,für seinen Boss.,0,0.5,0,6.9,5.8,6.7,das,Programm,"Unverzüglich entwickelte der Informatiker, der den Computer hochfuhr, das",0.37967997789382935,CWE,dewiki_20180420_300d
233,234,Programm,59,B,für seinen Boss.,0,0.75,0,1.8,2.0,6.7,das,Programm,"Unverzüglich entwickelte der Informatiker, der den Energydrink trank, das",0.36954841017723083,CWE,dewiki_20180420_300d
234,235,Programm,59,C,für seinen Boss.,0,0.0,0,6.9,5.8,4.5,das,Programm,"Unverzüglich trocknete der Informatiker, der den Computer hochfuhr, das",0.3536931574344635,CWE,dewiki_20180420_300d
235,236,Programm,59,D,für seinen Boss.,0,0.0,0,1.8,2.0,4.5,das,Programm,"Unverzüglich trocknete der Informatiker, der den Energydrink trank, das",0.33241620659828186,CWE,dewiki_20180420_300d
236,237,Urteil,60,A,und schloss die Verhandlung.,0,1.0,1,7.0,4.5,6.7,das,Urteil,"Nun verkündete der Richter, nachdem er den Angeklagten hereingerufen hatte, das",0.6331973671913147,CWE,dewiki_20180420_300d
237,238,Urteil,60,B,und schloss die Verhandlung.,0,1.0,1,1.9,2.8,6.7,das,Urteil,"Nun verkündete der Richter, nachdem er die Lesebrille aufgesetzt hatte, das",0.5181848406791687,CWE,dewiki_20180420_300d
238,239,Urteil,60,C,und schloss die Verhandlung.,0,0.0,1,7.0,4.5,1.7,das,Urteil,"Nun roch der Richter, nachdem er den Angeklagten hereingerufen hatte, das",0.5383821129798889,CWE,dewiki_20180420_300d
239,240,Urteil,60,D,und schloss die Verhandlung.,0,0.0,1,1.9,2.8,1.7,das,Urteil,"Nun roch der Richter, nachdem er die Lesebrille aufgesetzt hatte, das",0.41347557306289673,CWE,dewiki_20180420_300d
240,241,Prüfung,61,A,in Mathematik.,0,0.58,0,6.6,5.0,5.8,die,Prüfung,"Zunächst bestand der Student, der das Studium wiederaufnahm, die",0.38973450660705566,CWE,dewiki_20180420_300d
241,242,Prüfung,61,B,in Mathematik.,0,0.25,0,2.0,1.3,5.8,die,Prüfung,"Zunächst bestand der Student, der das Jackett auszog, die",0.3360856771469116,CWE,dewiki_20180420_300d
242,243,Prüfung,61,C,in Mathematik.,0,0.0,0,6.6,5.0,3.4,die,Prüfung,"Zunächst kochte der Student, der das Studium wiederaufnahm, die",0.3552544116973877,CWE,dewiki_20180420_300d
243,244,Prüfung,61,D,in Mathematik.,0,0.0,0,2.0,1.3,3.4,die,Prüfung,"Zunächst kochte der Student, der das Jackett auszog, die",0.2935500741004944,CWE,dewiki_20180420_300d
244,245,Lied,62,A,über die Vergangenheit.,1,0.58,1,6.3,1.3,7.0,das,Lied,"Konzentriert sang der Sänger, der das Mikrofon umklammerte, das",0.5828284621238708,CWE,dewiki_20180420_300d
245,246,Lied,62,B,über die Vergangenheit.,1,0.58,1,1.9,1.5,7.0,das,Lied,"Konzentriert sang der Sänger, der den Hut abnahm, das",0.5365326404571533,CWE,dewiki_20180420_300d
246,247,Lied,62,C,über die Vergangenheit.,1,0.0,1,6.3,1.3,1.1,das,Lied,"Konzentriert reparierte der Sänger, der das Mikrofon umklammerte, das",0.4596906006336212,CWE,dewiki_20180420_300d
247,248,Lied,62,D,über die Vergangenheit.,1,0.0,1,1.9,1.5,1.1,das,Lied,"Konzentriert reparierte der Sänger, der den Hut abnahm, das",0.41277891397476196,CWE,dewiki_20180420_300d
248,249,Farbe,63,A,für den nächsten Auftrag.,0,0.92,1,6.9,3.5,6.3,die,Farbe,"Zufrieden mischte der Anstreicher, der die Pinsel gewaschen hatte, die",0.46165886521339417,CWE,dewiki_20180420_300d
249,250,Farbe,63,B,für den nächsten Auftrag.,0,1.0,1,3.5,1.8,6.3,die,Farbe,"Zufrieden mischte der Anstreicher, der die Plätzchen gegessen hatte, die",0.38774529099464417,CWE,dewiki_20180420_300d
250,251,Farbe,63,C,für den nächsten Auftrag.,0,0.0,1,6.9,3.5,1.4,die,Farbe,"Zufrieden würzte der Anstreicher, der die Pinsel gewaschen hatte, die",0.4529307782649994,CWE,dewiki_20180420_300d
251,252,Farbe,63,D,für den nächsten Auftrag.,0,0.0,1,3.5,1.8,1.4,die,Farbe,"Zufrieden würzte der Anstreicher, der die Plätzchen gegessen hatte, die",0.37224042415618896,CWE,dewiki_20180420_300d
252,253,Blumen,64,A,im Blumenkasten.,0,0.58,1,6.2,5.8,7.0,die,Blumen,"Einen Moment lang gießt der Gärtner, der den Dünger verteilt hat, die",0.4156864881515503,CWE,dewiki_20180420_300d
253,254,Blumen,64,B,im Blumenkasten.,0,0.5,1,2.0,1.4,7.0,die,Blumen,"Einen Moment lang gießt der Gärtner, der die Opernmusik angestellt hat, die",0.3988095223903656,CWE,dewiki_20180420_300d
254,255,Blumen,64,C,im Blumenkasten.,0,0.0,1,6.2,5.8,1.7,die,Blumen,"Einen Moment lang ölt der Gärtner, der den Dünger verteilt hat, die",0.3949112594127655,CWE,dewiki_20180420_300d
255,256,Blumen,64,D,im Blumenkasten.,0,0.0,1,2.0,1.4,1.7,die,Blumen,"Einen Moment lang ölt der Gärtner, der die Opernmusik angestellt hat, die",0.3691931962966919,CWE,dewiki_20180420_300d
256,257,Hecke,65,A,um das Grundstück.,2,0.5,1,6.6,1.9,6.5,die,Hecke,"Gestern Nachmittag stutzte der Landschaftsgärtner, der die Gartenschere geschärft hatte, die",0.3627258837223053,CWE,dewiki_20180420_300d
257,258,Hecke,65,B,um das Grundstück.,2,0.58,1,1.4,1.8,6.5,die,Hecke,"Gestern Nachmittag stutzte der Landschaftsgärtner, der die Sonnenbrille aufgesetzt hatte, die",0.33375346660614014,CWE,dewiki_20180420_300d
258,259,Hecke,65,C,um das Grundstück.,2,0.0,1,6.6,1.9,1.3,die,Hecke,"Gestern Nachmittag bezahlte der Landschaftsgärtner, der die Gartenschere geschärft hatte, die",0.34755539894104004,CWE,dewiki_20180420_300d
259,260,Hecke,65,D,um das Grundstück.,2,0.0,1,1.4,1.8,1.3,die,Hecke,"Gestern Nachmittag bezahlte der Landschaftsgärtner, der die Sonnenbrille aufgesetzt hatte, die",0.31784382462501526,CWE,dewiki_20180420_300d
260,261,Feld,66,A,mit einem Gaul.,2,0.92,0,6.8,2.1,6.2,das,Feld,"Früher beackerte der Landwirt, der den Traktor gestartet hatte, das",0.3650456368923187,CWE,dewiki_20180420_300d
261,262,Feld,66,B,mit einem Gaul.,2,0.67,0,3.9,1.1,6.2,das,Feld,"Früher beackerte der Landwirt, der den Sonnenhut aufgesetzt hatte, das",0.3501431345939636,CWE,dewiki_20180420_300d
262,263,Feld,66,C,mit einem Gaul.,2,0.0,0,6.8,2.1,2.5,das,Feld,"Früher kopierte der Landwirt, der den Traktor gestartet hatte, das",0.31003469228744507,CWE,dewiki_20180420_300d
263,264,Feld,66,D,mit einem Gaul.,2,0.0,0,3.9,1.1,2.5,das,Feld,"Früher kopierte der Landwirt, der den Sonnenhut aufgesetzt hatte, das",0.27966564893722534,CWE,dewiki_20180420_300d
264,265,Schuh,67,A,und polierte ihn.,1,0.5,0,6.4,4.1,4.9,den,Schuh,"Heute Morgen flickte der Schuster, der den Absatz ausgetauscht hatte, den",0.43749135732650757,CWE,dewiki_20180420_300d
265,266,Schuh,67,B,und polierte ihn.,1,0.75,0,1.2,1.0,4.9,den,Schuh,"Heute Morgen flickte der Schuster, der die Sirene gehört hatte, den",0.40280643105506897,CWE,dewiki_20180420_300d
266,267,Schuh,67,C,und polierte ihn.,1,0.0,0,6.4,4.1,1.0,den,Schuh,"Heute Morgen schmeckte der Schuster, der den Absatz ausgetauscht hatte, den",0.4258454442024231,CWE,dewiki_20180420_300d
267,268,Schuh,67,D,und polierte ihn.,1,0.0,0,1.2,1.0,1.0,den,Schuh,"Heute Morgen schmeckte der Schuster, der die Sirene gehört hatte, den",0.39489611983299255,CWE,dewiki_20180420_300d
268,269,Koffer,68,A,für die Kreuzfahrt.,1,0.83,0,6.6,3.5,6.9,den,Koffer,"Schnell packte der Urlauber, als er die Klamotten gefaltet hatte, den",0.5502740144729614,CWE,dewiki_20180420_300d
269,270,Koffer,68,B,für die Kreuzfahrt.,1,0.5,0,1.2,1.9,6.9,den,Koffer,"Schnell packte der Urlauber, als er die Gardinen aufgezogen hatte, den",0.5168027281761169,CWE,dewiki_20180420_300d
270,271,Koffer,68,C,für die Kreuzfahrt.,1,0.0,0,6.6,3.5,1.2,den,Koffer,"Schnell rührte der Urlauber, als er die Klamotten gefaltet hatte, den",0.5158344507217407,CWE,dewiki_20180420_300d
271,272,Koffer,68,D,für die Kreuzfahrt.,1,0.0,0,1.2,1.9,1.2,den,Koffer,"Schnell rührte der Urlauber, als er die Gardinen aufgezogen hatte, den",0.4773799777030945,CWE,dewiki_20180420_300d
272,273,Honig,69,A,aus den Waben.,0,1.0,1,6.9,1.0,5.5,den,Honig,"Sorgfältig erntet der Imker, nachdem er den Bienenstock erreicht hat, den",0.5003921985626221,CWE,dewiki_20180420_300d
273,274,Honig,69,B,aus den Waben.,0,0.92,1,2.8,1.1,5.5,den,Honig,"Sorgfältig erntet der Imker, nachdem er das Haus verlassen hat, den",0.4448254704475403,CWE,dewiki_20180420_300d
274,275,Honig,69,C,aus den Waben.,0,0.0,1,6.9,1.0,1.2,den,Honig,"Sorgfältig näht der Imker, nachdem er den Bienenstock erreicht hat, den",0.4833568036556244,CWE,dewiki_20180420_300d
275,276,Honig,69,D,aus den Waben.,0,0.0,1,2.8,1.1,1.2,den,Honig,"Sorgfältig näht der Imker, nachdem er das Haus verlassen hat, den",0.41475456953048706,CWE,dewiki_20180420_300d
276,277,Gewehr,70,A,und zielt erneut.,0,0.42,1,6.4,6.1,6.0,das,Gewehr,"Vorsichtig lädt der Jäger, der die Munition verschossen hat, das",0.5822405219078064,CWE,dewiki_20180420_300d
277,278,Gewehr,70,B,und zielt erneut.,0,0.5,1,1.4,1.3,6.0,das,Gewehr,"Vorsichtig lädt der Jäger, der den Campingplatz verlassen hat, das",0.3838641345500946,CWE,dewiki_20180420_300d
278,279,Gewehr,70,C,und zielt erneut.,0,0.0,1,6.4,6.1,1.3,das,Gewehr,"Vorsichtig schneidet der Jäger, der die Munition verschossen hat, das",0.5783895254135132,CWE,dewiki_20180420_300d
279,280,Gewehr,70,D,und zielt erneut.,0,0.0,1,1.4,1.3,1.3,das,Gewehr,"Vorsichtig schneidet der Jäger, der den Campingplatz verlassen hat, das",0.38971880078315735,CWE,dewiki_20180420_300d
280,281,Mörtel,71,A,für die Mauer.,0,0.42,0,6.1,4.0,6.0,den,Mörtel,"Vorsichtig mischte der Maurer, der die Backsteine aufeinanderlegte, den",0.5813102722167969,CWE,dewiki_20180420_300d
281,282,Mörtel,71,B,für die Mauer.,0,0.25,0,1.4,1.0,6.0,den,Mörtel,"Vorsichtig mischte der Maurer, der die Nachbarn belauschte, den",0.4022551476955414,CWE,dewiki_20180420_300d
282,283,Mörtel,71,C,für die Mauer.,0,0.0,0,6.1,4.0,1.3,den,Mörtel,"Vorsichtig schrieb der Maurer, der die Backsteine aufeinanderlegte, den",0.5621708631515503,CWE,dewiki_20180420_300d
283,284,Mörtel,71,D,für die Mauer.,0,0.0,0,1.4,1.0,1.3,den,Mörtel,"Vorsichtig schrieb der Maurer, der die Nachbarn belauschte, den",0.373767226934433,CWE,dewiki_20180420_300d
284,285,Mehl,72,A,aus dem Korn.,2,0.67,0,6.9,1.4,5.9,das,Mehl,"Vorgestern mahlte der Müller, der die Mühle betrieb, das",0.44814375042915344,CWE,dewiki_20180420_300d
285,286,Mehl,72,B,aus dem Korn.,2,0.5,0,1.0,1.1,5.9,das,Mehl,"Vorgestern mahlte der Müller, der das Lied pfiff, das",0.40098071098327637,CWE,dewiki_20180420_300d
286,287,Mehl,72,C,aus dem Korn.,2,0.0,0,6.9,1.4,2.4,das,Mehl,"Vorgestern verzierte der Müller, der die Mühle betrieb, das",0.37919411063194275,CWE,dewiki_20180420_300d
287,288,Mehl,72,D,aus dem Korn.,2,0.17,0,1.0,1.1,2.4,das,Mehl,"Vorgestern verzierte der Müller, der das Lied pfiff, das",0.2968454360961914,CWE,dewiki_20180420_300d
288,289,Kuh,73,A,und brachte ihr frisches Heu.,0,1.0,0,7.0,4.5,6.8,die,Kuh,"Vorsichtig melkte der Viehzüchter, nachdem er den Stall ausgemistet hatte, die",0.46358466148376465,CWE,dewiki_20180420_300d
289,290,Kuh,73,B,und brachte ihr frisches Heu.,0,0.75,0,3.1,1.0,6.8,die,Kuh,"Vorsichtig melkte der Viehzüchter, nachdem er das Gemüse sortiert hatte, die",0.404588907957077,CWE,dewiki_20180420_300d
290,291,Kuh,73,C,und brachte ihr frisches Heu.,0,0.0,0,7.0,4.5,1.4,die,Kuh,"Vorsichtig kleidete der Viehzüchter, nachdem er den Stall ausgemistet hatte, die",0.4403165280818939,CWE,dewiki_20180420_300d
291,292,Kuh,73,D,und brachte ihr frisches Heu.,0,0.08,0,3.1,1.0,1.4,die,Kuh,"Vorsichtig kleidete der Viehzüchter, nachdem er das Gemüse sortiert hatte, die",0.3943957984447479,CWE,dewiki_20180420_300d
292,293,Bett,74,A,und das Kissen.,0,0.92,0,6.9,4.7,6.9,das,Bett,"Zuerst bezog der Hotelangestellte, nachdem er den Bezug entfaltet hatte, das",0.3677690625190735,CWE,dewiki_20180420_300d
293,294,Bett,74,B,und das Kissen.,0,0.67,0,1.1,1.8,6.9,das,Bett,"Zuerst bezog der Hotelangestellte, nachdem er den Hamburger verspeist hatte, das",0.4110506772994995,CWE,dewiki_20180420_300d
294,295,Bett,74,C,und das Kissen.,0,0.08,0,6.9,4.7,1.2,das,Bett,"Zuerst fälschte der Hotelangestellte, nachdem er den Bezug entfaltet hatte, das",0.37912291288375854,CWE,dewiki_20180420_300d
295,296,Bett,74,D,und das Kissen.,0,0.0,0,1.1,1.8,1.2,das,Bett,"Zuerst fälschte der Hotelangestellte, nachdem er den Hamburger verspeist hatte, das",0.4059503972530365,CWE,dewiki_20180420_300d
296,297,Ziel,75,A,und durchtrennt die Ziellinie.,1,0.92,0,6.0,5.8,6.6,das,Ziel,"Augenblicklich erreicht der Sprinter, der das Rennen gewinnt, das",0.4282836318016052,CWE,dewiki_20180420_300d
297,298,Ziel,75,B,und durchtrennt die Ziellinie.,1,0.75,0,1.9,2.7,6.6,das,Ziel,"Augenblicklich erreicht der Sprinter, der den Wind genießt, das",0.37331193685531616,CWE,dewiki_20180420_300d
298,299,Ziel,75,C,und durchtrennt die Ziellinie.,1,0.0,0,6.0,5.8,1.9,das,Ziel,"Augenblicklich reinigt der Sprinter, der das Rennen gewinnt, das",0.3698067367076874,CWE,dewiki_20180420_300d
299,300,Ziel,75,D,und durchtrennt die Ziellinie.,1,0.0,0,1.9,2.7,1.9,das,Ziel,"Augenblicklich reinigt der Sprinter, der den Wind genießt, das",0.30960962176322937,CWE,dewiki_20180420_300d
300,301,Welle,76,A,bis zum Strand.,0,0.58,0,5.1,1.3,7.0,die,Welle,"Direkt surft der Surfer, der die Badehose angezogen hat, die",0.3569924235343933,CWE,dewiki_20180420_300d
301,302,Welle,76,B,bis zum Strand.,0,0.42,0,3.2,1.3,7.0,die,Welle,"Direkt surft der Surfer, der den Tagesausflug unternommen hat, die",0.31270384788513184,CWE,dewiki_20180420_300d
302,303,Welle,76,C,bis zum Strand.,0,0.0,0,5.1,1.3,1.5,die,Welle,"Direkt reserviert der Surfer, der die Badehose angezogen hat, die",0.36236757040023804,CWE,dewiki_20180420_300d
303,304,Welle,76,D,bis zum Strand.,0,0.0,0,3.2,1.3,1.5,die,Welle,"Direkt reserviert der Surfer, der den Tagesausflug unternommen hat, die",0.310106486082077,CWE,dewiki_20180420_300d
304,305,Fahrkarten,77,A,der Pendler.,0,0.5,1,6.7,3.3,6.6,die,Fahrkarten,"Gut gelaunt kontrollierte der Schaffner, der das Zugabteil betreten hatte, die",0.44853124022483826,CWE,dewiki_20180420_300d
305,306,Fahrkarten,77,B,der Pendler.,0,0.42,1,2.8,2.4,6.6,die,Fahrkarten,"Gut gelaunt kontrollierte der Schaffner, der die Mittagspause beendet hatte, die",0.4082415997982025,CWE,dewiki_20180420_300d
306,307,Fahrkarten,77,C,der Pendler.,0,0.0,1,6.7,3.3,1.3,die,Fahrkarten,"Gut gelaunt zitierte der Schaffner, der das Zugabteil betreten hatte, die",0.39260709285736084,CWE,dewiki_20180420_300d
307,308,Fahrkarten,77,D,der Pendler.,0,0.0,1,2.8,2.4,1.3,die,Fahrkarten,"Gut gelaunt zitierte der Schaffner, der die Mittagspause beendet hatte, die",0.3498246371746063,CWE,dewiki_20180420_300d
308,309,Leitung,78,A,im Gebäude.,0,0.5,1,6.8,4.5,6.2,die,Leitung,"Am Mittag verlegte der Elektriker, nachdem er den Strom abgeschaltet hatte, die",0.3210611045360565,CWE,dewiki_20180420_300d
309,310,Leitung,78,B,im Gebäude.,0,0.41,1,2.2,3.4,6.2,die,Leitung,"Am Mittag verlegte der Elektriker, nachdem er den Anwohner informiert hatte, die",0.3379051983356476,CWE,dewiki_20180420_300d
310,311,Leitung,78,C,im Gebäude.,0,0.0,1,6.8,4.5,1.5,die,Leitung,"Am Mittag verfasste der Elektriker, nachdem er den Strom abgeschaltet hatte, die",0.33037033677101135,CWE,dewiki_20180420_300d
311,312,Leitung,78,D,im Gebäude.,0,0.0,1,2.2,3.4,1.5,die,Leitung,"Am Mittag verfasste der Elektriker, nachdem er den Anwohner informiert hatte, die",0.3408200442790985,CWE,dewiki_20180420_300d
312,313,Segel,79,A,des großen Bootes.,3,0.42,1,5.5,4.4,5.8,die,Segel,"Langsam hisst der Matrose, nachdem er die Taue gekappt hat, die",0.4763943552970886,CWE,dewiki_20180420_300d
313,314,Segel,79,B,des großen Bootes.,3,0.42,1,2.2,2.7,5.8,die,Segel,"Langsam hisst der Matrose, nachdem er die Handschuhe angezogen hat, die",0.4554678499698639,CWE,dewiki_20180420_300d
314,315,Segel,79,C,des großen Bootes.,3,0.0,1,5.5,4.4,1.9,die,Segel,"Langsam verzehrt der Matrose, nachdem er die Taue gekappt hat, die",0.43308180570602417,CWE,dewiki_20180420_300d
315,316,Segel,79,D,des großen Bootes.,3,0.0,1,2.2,2.7,1.9,die,Segel,"Langsam verzehrt der Matrose, nachdem er die Handschuhe angezogen hat, die",0.40872645378112793,CWE,dewiki_20180420_300d
316,317,Gläser,80,A,und spricht mit dem Kollegen.,0,0.67,1,5.2,1.4,5.8,die,Gläser,"Direkt entspiegelt der Optiker, nachdem er den Sehtest durchgeführt hat, die",0.415268212556839,CWE,dewiki_20180420_300d
317,318,Gläser,80,B,und spricht mit dem Kollegen.,0,0.67,1,1.5,5.0,5.8,die,Gläser,"Direkt entspiegelt der Optiker, nachdem er die Jahresabrechnung aufgestellt hat, die",0.3991556763648987,CWE,dewiki_20180420_300d
318,319,Gläser,80,C,und spricht mit dem Kollegen.,0,0.0,1,5.2,1.4,4.3,die,Gläser,"Direkt verschließt der Optiker, nachdem er den Sehtest durchgeführt hat, die",0.3802279531955719,CWE,dewiki_20180420_300d
319,320,Gläser,80,D,und spricht mit dem Kollegen.,0,0.0,1,1.5,5.0,4.3,die,Gläser,"Direkt verschließt der Optiker, nachdem er die Jahresabrechnung aufgestellt hat, die",0.35676294565200806,CWE,dewiki_20180420_300d
320,321,Korb,81,A,und holt einen Punkt.,0,0.83,0,6.0,4.8,4.8,den,Korb,"Auf der Stelle wirft der Basketballer, der den Ball gedribbelt hat, den",0.4463668465614319,CWE,dewiki_20180420_300d
321,322,Korb,81,B,und holt einen Punkt.,0,0.5,0,2.9,1.8,4.8,den,Korb,"Auf der Stelle wirft der Basketballer, der die Sitzbank verlassen hat, den",0.3827270567417145,CWE,dewiki_20180420_300d
322,323,Korb,81,C,und holt einen Punkt.,0,0.0,0,6.0,4.8,1.8,den,Korb,"Auf der Stelle bucht der Basketballer, der den Ball gedribbelt hat, den",0.41312211751937866,CWE,dewiki_20180420_300d
323,324,Korb,81,D,und holt einen Punkt.,0,0.0,0,2.9,1.8,1.8,den,Korb,"Auf der Stelle bucht der Basketballer, der die Sitzbank verlassen hat, den",0.34511616826057434,CWE,dewiki_20180420_300d
324,325,Muschel,82,A,und holt die Perle.,0,0.92,0,6.2,1.5,4.2,die,Muschel,"Ohne zu zögern knackt der Perlentaucher, der den Meeresgrund erreicht hat, die",0.3174949884414673,CWE,dewiki_20180420_300d
325,326,Muschel,82,B,und holt die Perle.,0,0.75,0,1.0,1.2,4.2,die,Muschel,"Ohne zu zögern knackt der Perlentaucher, der die Taschenlampe angemacht hat, die",0.30323874950408936,CWE,dewiki_20180420_300d
326,327,Muschel,82,C,und holt die Perle.,0,0.0,0,6.2,1.5,1.4,die,Muschel,"Ohne zu zögern verknotet der Perlentaucher, die den Meeresgrund erreicht hat, die",0.3691391944885254,CWE,dewiki_20180420_300d
327,328,Muschel,82,D,und holt die Perle.,0,0.0,0,1.0,1.2,1.4,die,Muschel,"Ohne zu zögern verknotet der Perlentaucher, der die Taschenlampe angemacht hat, die",0.34970539808273315,CWE,dewiki_20180420_300d
328,329,Bogen,83,A,und feuert den Pfeil ab.,0,1.0,0,7.0,2.1,6.7,den,Bogen,"Umsichtig spannt der Schütze, der den Pfeil gespitzt hat, den",0.5592843294143677,CWE,dewiki_20180420_300d
329,330,Bogen,83,B,und feuert den Pfeil ab.,0,0.67,0,1.5,1.2,6.7,den,Bogen,"Umsichtig spannt der Schütze, der das Laub zusammengekehrt hat, den",0.4590100347995758,CWE,dewiki_20180420_300d
330,331,Bogen,83,C,und feuert den Pfeil ab.,0,0.08,0,7.0,2.1,1.2,den,Bogen,"Umsichtig tippt der Schütze, der den Pfeil gespitzt hat, den",0.49583902955055237,CWE,dewiki_20180420_300d
331,332,Bogen,83,D,und feuert den Pfeil ab.,0,0.0,0,1.5,1.2,1.2,den,Bogen,"Umsichtig tippt der Schütze, der das Laub zusammengekehrt hat, den",0.39620527625083923,CWE,dewiki_20180420_300d
332,333,Ziegel,84,A,und beendete den Arbeitstag.,0,0.58,1,7.0,4.8,4.2,die,Ziegel,"Schnell verlegte der Dachdecker, der das Dach abdeckte, die",0.4038103222846985,CWE,dewiki_20180420_300d
333,334,Ziegel,84,B,und beendete den Arbeitstag.,0,0.5,1,1.2,1.6,4.2,die,Ziegel,"Schnell verlegte der Dachdecker, der den Ehering auszog, die",0.3741823732852936,CWE,dewiki_20180420_300d
334,335,Ziegel,84,C,und beendete den Arbeitstag.,0,0.0,1,7.0,4.8,1.0,die,Ziegel,"Schnell naschte der Dachdecker, der das Dach abdeckte, die",0.4009043276309967,CWE,dewiki_20180420_300d
335,336,Ziegel,84,D,und beendete den Arbeitstag.,0,0.0,1,1.2,1.6,1.0,die,Ziegel,"Schnell naschte der Dachdecker, der den Ehering auszog, die",0.36326631903648376,CWE,dewiki_20180420_300d
336,337,Kartons,85,A,und die Kisten.,0,0.58,1,6.5,1.9,5.5,die,Kartons,"Zuerst stapelt der Umzugshelfer, der den Umzugswagen gefahren hat, die",0.41344907879829407,CWE,dewiki_20180420_300d
337,338,Kartons,85,B,und die Kisten.,0,0.67,1,4.4,1.1,5.5,die,Kartons,"Zuerst stapelt der Umzugshelfer, der die Firma gegründet hat, die",0.3872240483760834,CWE,dewiki_20180420_300d
338,339,Kartons,85,C,und die Kisten.,0,0.0,1,6.5,1.9,2.0,die,Kartons,"Zuerst serviert der Umzugshelfer, der den Umzugswagen gefahren hat, die",0.37383657693862915,CWE,dewiki_20180420_300d
339,340,Kartons,85,D,und die Kisten.,0,0.0,1,4.4,1.1,2.0,die,Kartons,"Zuerst serviert der Umzugshelfer, der die Firma gegründet hat, die",0.35025304555892944,CWE,dewiki_20180420_300d
340,341,Unterricht,86,A,und wurde erwischt.,2,0.5,0,7.0,5.9,6.7,den,Unterricht,"Heute früh schwänzte der Schüler, der die Klasse wiederholt hatte, den",0.5640344619750977,CWE,dewiki_20180420_300d
341,342,Unterricht,86,B,und wurde erwischt.,2,0.33,0,3.8,1.8,6.7,den,Unterricht,"Heute früh schwänzte der Schüler, der das Handy verloren hatte, den",0.5076627731323242,CWE,dewiki_20180420_300d
342,343,Unterricht,86,C,und wurde erwischt.,2,0.0,0,7.0,5.9,1.7,den,Unterricht,"Heute früh dekorierte der Schüler, der die Klasse wiederholt hatte, den",0.49773716926574707,CWE,dewiki_20180420_300d
343,344,Unterricht,86,D,und wurde erwischt.,2,0.0,0,3.8,1.8,1.7,den,Unterricht,"Heute früh dekorierte der Schüler, der das Handy verloren hatte, den",0.44536566734313965,CWE,dewiki_20180420_300d
344,345,Ausweis,87,A,und ließ die Frau in den Club.,0,0.33,1,6.4,3.3,6.6,den,Ausweis,"Am Abend kontrollierte der Türsteher, der den Geldbeutel durchsuchte, den",0.4628855586051941,CWE,dewiki_20180420_300d
345,346,Ausweis,87,B,und ließ die Frau in den Club.,0,0.25,1,2.0,1.2,6.6,den,Ausweis,"Am Abend kontrollierte der Türsteher, der die Nachtluft genoss, den",0.40004095435142517,CWE,dewiki_20180420_300d
346,347,Ausweis,87,C,und ließ die Frau in den Club.,0,0.0,1,6.4,3.3,1.5,den,Ausweis,"Am Abend probierte der Türsteher, der den Geldbeutel durchsuchte, den",0.40591445565223694,CWE,dewiki_20180420_300d
347,348,Ausweis,87,D,und ließ die Frau in den Club.,0,0.0,1,2.0,1.2,1.5,den,Ausweis,"Am Abend probierte der Türsteher, der die Nachtluft genoss, den",0.3387422263622284,CWE,dewiki_20180420_300d
348,349,Windel,88,A,und warf sie in den Abfall.,0,0.92,1,6.7,2.4,6.5,die,Windel,"Umsichtig wechselte der Babysitter, der das Baby geweckt hatte, die",0.34987521171569824,CWE,dewiki_20180420_300d
349,350,Windel,88,B,und warf sie in den Abfall.,0,0.83,1,1.0,1.1,6.5,die,Windel,"Umsichtig wechselte der Babysitter, der den Obstsalat zubereitet hatte, die",0.3655453026294708,CWE,dewiki_20180420_300d
350,351,Windel,88,C,und warf sie in den Abfall.,0,0.08,1,6.7,2.4,1.5,die,Windel,"Umsichtig bastelte der Babysitter, der das Baby geweckt hatte, die",0.37513551115989685,CWE,dewiki_20180420_300d
351,352,Windel,88,D,und warf sie in den Abfall.,0,0.0,1,1.0,1.1,1.5,die,Windel,"Umsichtig bastelte der Babysitter, der den Obstsalat zubereitet hatte, die",0.386275053024292,CWE,dewiki_20180420_300d
352,353,Gewichte,89,A,in die Höhe.,0,0.5,1,6.7,1.6,6.7,die,Gewichte,"Langsam stemmte der Bodybuilder, der das Fitnessstudio betreten hatte, die",0.3377133905887604,CWE,dewiki_20180420_300d
353,354,Gewichte,89,B,in die Höhe.,0,0.42,1,1.7,2.0,6.7,die,Gewichte,"Langsam stemmte der Bodybuilder, der das Licht angemacht hatte, die",0.33457016944885254,CWE,dewiki_20180420_300d
354,355,Gewichte,89,C,in die Höhe.,0,0.0,1,6.7,1.6,2.0,die,Gewichte,"Langsam verdaute der Bodybuilder, der das Fitnessstudio betreten hatte, die",0.30818647146224976,CWE,dewiki_20180420_300d
355,356,Gewichte,89,D,in die Höhe.,0,0.0,1,1.7,2.0,2.0,die,Gewichte,"Langsam verdaute der Bodybuilder, der das Licht angemacht hatte, die",0.29869624972343445,CWE,dewiki_20180420_300d
356,357,Rohr,90,A,im Badezimmer.,0,0.17,1,6.4,1.5,5.5,das,Rohr,"Umsichtig repariert der Klempner, der das Wasser ausgestellt hat, das",0.3178957402706146,CWE,dewiki_20180420_300d
357,358,Rohr,90,B,im Badezimmer.,0,0.25,1,1.3,4.6,5.5,das,Rohr,"Umsichtig repariert der Klempner, der den Kirchenchor geleitet hat, das",0.33197760581970215,CWE,dewiki_20180420_300d
358,359,Rohr,90,C,im Badezimmer.,0,0.0,1,6.4,1.5,1.1,das,Rohr,"Umsichtig nascht der Klempner, der das Wasser ausgestellt hat, das",0.32453349232673645,CWE,dewiki_20180420_300d
359,360,Rohr,90,D,im Badezimmer.,0,0.0,1,1.3,4.6,1.1,das,Rohr,"Umsichtig nascht der Klempner, der den Kirchenchor geleitet hat, das",0.3345365524291992,CWE,dewiki_20180420_300d
360,361,Artikel,91,A,für die nächste Ausgabe.,0,0.5,0,6.4,1.5,6.1,den,Artikel,"Schnell schreibt der Journalist, der die Recherche durchgeführt hat, den",0.4032995402812958,CWE,dewiki_20180420_300d
361,362,Artikel,91,B,für die nächste Ausgabe.,0,0.25,0,2.5,5.4,6.1,den,Artikel,"Schnell schreibt der Journalist, der das Portemonnaie gefunden hat, den",0.3540145456790924,CWE,dewiki_20180420_300d
362,363,Artikel,91,C,für die nächste Ausgabe.,0,0.0,0,6.4,1.5,2.3,den,Artikel,"Schnell lenkt der Journalist, der die Recherche durchgeführt hat, den",0.33496224880218506,CWE,dewiki_20180420_300d
363,364,Artikel,91,D,für die nächste Ausgabe.,0,0.0,0,2.5,5.4,2.3,den,Artikel,"Schnell lenkt der Journalist, der das Portemonnaie gefunden hat, den",0.281078040599823,CWE,dewiki_20180420_300d
364,365,Reifen,92,A,an seinem Rad.,0,0.67,1,6.8,4.1,6.7,den,Reifen,"Heute Morgen flickte der Radler, der die Luftpumpe benutzt hatte, den",0.39599040150642395,CWE,dewiki_20180420_300d
365,366,Reifen,92,B,an seinem Rad.,0,0.67,1,1.2,1.8,6.7,den,Reifen,"Heute Morgen flickte der Radler, der den Schrank abgeschlossen hatte, den",0.36948832869529724,CWE,dewiki_20180420_300d
366,367,Reifen,92,C,an seinem Rad.,0,0.0,1,6.8,4.1,1.1,den,Reifen,"Heute Morgen trank der Radler, der die Luftpumpe benutzt hatte, den",0.37966635823249817,CWE,dewiki_20180420_300d
367,368,Reifen,92,D,an seinem Rad.,0,0.0,1,1.2,1.8,1.1,den,Reifen,"Heute Morgen trank der Radler, der den Schrank abgeschlossen hatte, den",0.3555915653705597,CWE,dewiki_20180420_300d
368,369,Briefkasten,93,A,und fährt weiter.,2,0.58,1,6.2,1.3,6.3,den,Briefkasten,"Umgehend entleert der Postbote, der das Postauto geparkt hat, den",0.4951772689819336,CWE,dewiki_20180420_300d
369,370,Briefkasten,93,B,und fährt weiter.,2,0.58,1,2.5,2.0,6.3,den,Briefkasten,"Umgehend entleert der Postbote, der den Kugelschreiber verloren hat, den",0.4699537456035614,CWE,dewiki_20180420_300d
370,371,Briefkasten,93,C,und fährt weiter.,2,0.0,1,6.2,1.3,1.1,den,Briefkasten,"Umgehend verdrückt der Postbote, der das Postauto geparkt hat, den",0.5138559341430664,CWE,dewiki_20180420_300d
371,372,Briefkasten,93,D,und fährt weiter.,2,0.0,1,2.5,2.0,1.1,den,Briefkasten,"Umgehend verdrückt der Postbote, der den Kugelschreiber verloren hat, den",0.4749700725078583,CWE,dewiki_20180420_300d
372,373,Drogen,94,A,für die nächste Woche.,0,0.5,1,6.8,2.2,4.7,die,Drogen,"Hektisch kauft der Junkie, der den Dealer angerufen hat, die",0.47269871830940247,CWE,dewiki_20180420_300d
373,374,Drogen,94,B,für die nächste Woche.,0,0.5,1,2.1,2.2,4.7,die,Drogen,"Hektisch kauft der Junkie, der die Kapuze aufgezogen hat, die",0.3076203465461731,CWE,dewiki_20180420_300d
374,375,Drogen,94,C,für die nächste Woche.,0,0.0,1,6.8,2.2,1.1,die,Drogen,"Hektisch näht der Junkie, der den Dealer angerufen hat, die",0.4546758234500885,CWE,dewiki_20180420_300d
375,376,Drogen,94,D,für die nächste Woche.,0,0.08,1,2.1,2.2,1.1,die,Drogen,"Hektisch näht der Junkie, der die Kapuze aufgezogen hat, die",0.28110212087631226,CWE,dewiki_20180420_300d
376,377,Tonne,95,A,und sprang auf den Müllwagen.,0,0.75,1,6.4,1.8,5.8,die,Tonne,"Zügig leerte der Müllmann, der den Müllwagen geparkt hatte, die",0.3205890357494354,CWE,dewiki_20180420_300d
377,378,Tonne,95,B,und sprang auf den Müllwagen.,0,0.75,1,4.2,1.1,5.8,die,Tonne,"Zügig leerte der Müllmann, der den Hausbesitzer gegrüßt hatte, die",0.2980097234249115,CWE,dewiki_20180420_300d
378,379,Tonne,95,C,und sprang auf den Müllwagen.,0,0.0,1,6.4,1.8,1.8,die,Tonne,"Zügig bastelte der Müllmann, der den Müllwagen geparkt hatte, die",0.29346558451652527,CWE,dewiki_20180420_300d
379,380,Tonne,95,D,und sprang auf den Müllwagen.,0,0.0,1,4.2,1.1,1.8,die,Tonne,"Zügig bastelte der Müllmann, der den Hausbesitzer gegrüßt hatte, die",0.2673645317554474,CWE,dewiki_20180420_300d
380,381,Peitsche,96,A,und gab die Sporen.,2,0.58,1,6.0,5.6,5.8,die,Peitsche,"Hektisch knallte der Reiter, der das Pferd ritt, die",0.4681137800216675,CWE,dewiki_20180420_300d
381,382,Peitsche,96,B,und gab die Sporen.,2,0.5,1,1.2,1.2,5.8,die,Peitsche,"Hektisch knallte der Reiter, der die Landschaft durchquerte, die",0.34784451127052307,CWE,dewiki_20180420_300d
382,383,Peitsche,96,C,und gab die Sporen.,2,0.0,1,6.0,5.6,1.1,die,Peitsche,"Hektisch verfasste der Reiter, der das Pferd ritt, die",0.4632496237754822,CWE,dewiki_20180420_300d
383,384,Peitsche,96,D,und gab die Sporen.,2,0.0,1,1.2,1.2,1.1,die,Peitsche,"Hektisch verfasste der Reiter, der die Landschaft durchquerte, die",0.336222380399704,CWE,dewiki_20180420_300d
384,385,Waffe,97,A,und verlangte das Geld.,0,0.58,1,3.9,6.5,6.1,die,Waffe,"Nach kurzem Überlegen zückte der Gangster, der die Bank überfiel, die",0.5055897235870361,CWE,dewiki_20180420_300d
385,386,Waffe,97,B,und verlangte das Geld.,0,0.58,1,1.3,1.1,6.1,die,Waffe,"Nach kurzem Überlegen zückte der Gangster, der den Bus betrat, die",0.5022591948509216,CWE,dewiki_20180420_300d
386,387,Waffe,97,C,und verlangte das Geld.,0,0.0,1,3.9,6.5,1.4,die,Waffe,"Nach kurzem Überlegen gründete der Gangster, der die Bank überfiel, die",0.430242121219635,CWE,dewiki_20180420_300d
387,388,Waffe,97,D,und verlangte das Geld.,0,0.0,1,1.3,1.1,1.4,die,Waffe,"Nach kurzem Überlegen gründete der Gangster, der den Bus betrat, die",0.42733609676361084,CWE,dewiki_20180420_300d
388,389,Schiff,98,A,und übernahm das Kommando.,0,0.92,1,6.2,5.1,6.8,das,Schiff,"Zufrieden kaperte der Pirat, der die Flagge hisste, das",0.5400887727737427,CWE,dewiki_20180420_300d
389,390,Schiff,98,B,und übernahm das Kommando.,0,0.92,1,2.3,1.4,6.8,das,Schiff,"Zufrieden kaperte der Pirat, der die Fehde austrug, das",0.4086673855781555,CWE,dewiki_20180420_300d
390,391,Schiff,98,C,und übernahm das Kommando.,0,0.0,1,6.2,5.1,1.1,das,Schiff,"Zufrieden verrührte der Pirat, der die Flagge hisste, das",0.479947030544281,CWE,dewiki_20180420_300d
391,392,Schiff,98,D,und übernahm das Kommando.,0,0.0,1,2.3,1.4,1.1,das,Schiff,"Zufrieden verrührte der Pirat, der die Fehde austrug, das",0.32187798619270325,CWE,dewiki_20180420_300d
392,393,Aktie,99,A,und berichtet seinem Auftraggeber.,0,0.75,1,6.9,1.1,6.5,die,Aktie,"Sofort kauft der Börsenmakler, der die Börse betreten hat, die",0.5092007517814636,CWE,dewiki_20180420_300d
393,394,Aktie,99,B,und berichtet seinem Auftraggeber.,0,0.83,1,1.4,1.6,6.5,die,Aktie,"Sofort kauft der Börsenmakler, der den Whiskey eingeschenkt hat, die",0.3938390016555786,CWE,dewiki_20180420_300d
394,395,Aktie,99,C,und berichtet seinem Auftraggeber.,0,0.0,1,6.9,1.1,1.4,die,Aktie,"Sofort knabbert der Börsenmakler, der die Börse betreten hat, die",0.45720961689949036,CWE,dewiki_20180420_300d
395,396,Aktie,99,D,und berichtet seinem Auftraggeber.,0,0.0,1,1.4,1.6,1.4,die,Aktie,"Sofort knabbert der Börsenmakler, der den Whiskey eingeschenkt hat, die",0.33937573432922363,CWE,dewiki_20180420_300d
396,397,Loch,100,A,in die Decke.,0,1.0,0,6.5,2.0,6.9,das,Loch,"Gestern bohrte der Handwerker, der die Bohrmaschine hielt, das",0.3382453918457031,CWE,dewiki_20180420_300d
397,398,Loch,100,B,in die Decke.,0,0.75,0,1.4,1.7,6.9,das,Loch,"Gestern bohrte der Handwerker, der das Kaugummi kaute, das",0.29694271087646484,CWE,dewiki_20180420_300d
398,399,Loch,100,C,in die Decke.,0,0.0,0,6.5,2.0,3.9,das,Loch,"Gestern warf der Handwerker, der die Bohrmaschine hielt, das",0.2992017865180969,CWE,dewiki_20180420_300d
399,400,Loch,100,D,in die Decke.,0,0.0,0,1.4,1.7,3.9,das,Loch,"Gestern warf der Handwerker, der das Kaugummi kaute, das",0.25712156295776367,CWE,dewiki_20180420_300d
400,401,Blutdruck,101,A,und den Blutzucker.,3,0.58,1,6.8,1.6,6.7,den,Blutdruck,"Am Morgen misst der Arzthelfer, der das Messgerät hält, den",0.477590948343277,CWE,dewiki_20180420_300d
401,402,Blutdruck,101,B,und den Blutzucker.,3,0.58,1,2.3,1.6,6.7,den,Blutdruck,"Am Morgen misst der Arzthelfer, der den Bildschirm anstellt, den",0.4465583562850952,CWE,dewiki_20180420_300d
402,403,Blutdruck,101,C,und den Blutzucker.,3,0.0,1,6.8,1.6,1.4,den,Blutdruck,"Am Morgen kauft der Arzthelfer, der das Messgerät hält, den",0.4254918694496155,CWE,dewiki_20180420_300d
403,404,Blutdruck,101,D,und den Blutzucker.,3,0.0,1,2.3,1.6,1.4,den,Blutdruck,"Am Morgen kauft der Arzthelfer, der den Bildschirm anstellt, den",0.3817274272441864,CWE,dewiki_20180420_300d
404,405,Tuch,102,A,und machte sich bereit.,0,0.67,0,6.3,3.5,2.7,das,Tuch,"Konzentriert schwang der Torero, der den Stier verwundet hatte, das",0.39520442485809326,CWE,dewiki_20180420_300d
405,406,Tuch,102,B,und machte sich bereit.,0,0.83,0,4.1,1.8,2.7,das,Tuch,"Konzentriert schwang der Torero, der das Gebet aufgesagt hatte, das",0.41045746207237244,CWE,dewiki_20180420_300d
406,407,Tuch,102,C,und machte sich bereit.,0,0.0,0,6.3,3.5,2.6,das,Tuch,"Konzentriert befüllte der Torero, der den Stier verwundet hatte, das",0.4270116984844208,CWE,dewiki_20180420_300d
407,408,Tuch,102,D,und machte sich bereit.,0,0.0,0,4.1,1.8,2.6,das,Tuch,"Konzentriert befüllte der Torero, der das Gebet aufgesagt hatte, das",0.427848219871521,CWE,dewiki_20180420_300d
408,409,Schwert,103,A,und griff den Gegner an.,0,0.92,1,6.2,1.5,5.9,das,Schwert,"Angespannt zückte der Ritter, nachdem er den Kampf begonnen hatte, das",0.48937609791755676,CWE,dewiki_20180420_300d
409,410,Schwert,103,B,und griff den Gegner an.,0,0.92,1,1.1,1.0,5.9,das,Schwert,"Angespannt zückte der Ritter, nachdem er die Brücke überquert hatte, das",0.44231361150741577,CWE,dewiki_20180420_300d
410,411,Schwert,103,C,und griff den Gegner an.,0,0.0,1,6.2,1.5,1.1,das,Schwert,"Angespannt kaute der Ritter, nachdem er den Kampf begonnen hatte, das",0.4319893419742584,CWE,dewiki_20180420_300d
411,412,Schwert,103,D,und griff den Gegner an.,0,0.08,1,1.1,1.0,1.1,das,Schwert,"Angespannt kaute der Ritter, nachdem er die Brücke überquert hatte, das",0.386613130569458,CWE,dewiki_20180420_300d
412,413,Rettungswagen,104,A,in Richtung des Krankenhauses.,0,0.75,0,6.8,2.6,4.7,den,Rettungswagen,"Wachsam steuert der Sanitäter, der das Blaulicht eingeschaltet hat, den",0.4805646538734436,CWE,dewiki_20180420_300d
413,414,Rettungswagen,104,B,in Richtung des Krankenhauses.,0,0.58,0,1.3,1.2,4.7,den,Rettungswagen,"Wachsam steuert der Sanitäter, der den Notizblock weggelegt hat, den",0.42212584614753723,CWE,dewiki_20180420_300d
414,415,Rettungswagen,104,C,in Richtung des Krankenhauses.,0,0.0,0,6.8,2.6,1.0,den,Rettungswagen,"Wachsam kopiert der Sanitäter, der das Blaulicht eingeschaltet hat, den",0.44874218106269836,CWE,dewiki_20180420_300d
415,416,Rettungswagen,104,D,in Richtung des Krankenhauses.,0,0.0,0,1.3,1.2,1.0,den,Rettungswagen,"Wachsam kopiert der Sanitäter, der den Notizblock weggelegt hat, den",0.3747154772281647,CWE,dewiki_20180420_300d
416,417,Aussage,105,A,und wendete sich an seinen Anwalt.,0,1.0,0,6.4,3.5,6.3,die,Aussage,"Ohne zu zögern verweigerte der Zeuge, der den Angeklagten wiedererkannte, die",0.5536754131317139,CWE,dewiki_20180420_300d
417,418,Aussage,105,B,und wendete sich an seinen Anwalt.,0,0.83,0,1.1,1.6,6.3,die,Aussage,"Ohne zu zögern verweigerte der Zeuge, der den Gehstock umklammerte, die",0.48106440901756287,CWE,dewiki_20180420_300d
418,419,Aussage,105,C,und wendete sich an seinen Anwalt.,0,0.0,0,6.4,3.5,2.6,die,Aussage,"Ohne zu zögern bestellte der Zeuge, der den Angeklagten wiedererkannte, die",0.5337000489234924,CWE,dewiki_20180420_300d
419,420,Aussage,105,D,und wendete sich an seinen Anwalt.,0,0.0,0,1.1,1.6,2.6,die,Aussage,"Ohne zu zögern bestellte der Zeuge, der den Gehstock umklammerte, die",0.46603652834892273,CWE,dewiki_20180420_300d
420,421,Schlittschuhe,106,A,und begibt sich auf die Eisfläche.,2,1.0,0,6.7,2.0,6.1,die,Schlittschuhe,"Sogleich schnürt der Eiskunstläufer, der die Eishalle erreicht hat, die",0.5321442484855652,CWE,dewiki_20180420_300d
421,422,Schlittschuhe,106,B,und begibt sich auf die Eisfläche.,2,0.75,0,1.5,1.1,6.1,die,Schlittschuhe,"Sogleich schnürt der Eiskunstläufer, der das Bonbon gelutscht hat, die",0.4768837094306946,CWE,dewiki_20180420_300d
422,423,Schlittschuhe,106,C,und begibt sich auf die Eisfläche.,2,0.0,0,6.7,2.0,1.6,die,Schlittschuhe,"Sogleich zerbricht der Eiskunstläufer, der die Eishalle erreicht hat, die",0.5036051869392395,CWE,dewiki_20180420_300d
423,424,Schlittschuhe,106,D,und begibt sich auf die Eisfläche.,2,0.08,0,1.5,1.1,1.6,die,Schlittschuhe,"Sogleich zerbricht der Eiskunstläufer, der das Bonbon gelutscht hat, die",0.4315713047981262,CWE,dewiki_20180420_300d
424,425,Lasso,107,A,und fängt das Tier ein.,0,0.33,0,5.4,4.5,6.5,das,Lasso,"Gut gelaunt schwingt der Cowboy, nachdem er das Pferd gesattelt hatte, das",0.33505693078041077,CWE,dewiki_20180420_300d
425,426,Lasso,107,B,und fängt das Tier ein.,0,0.75,0,1.3,1.6,6.5,das,Lasso,"Gut gelaunt schwingt der Cowboy, nachdem er den Kameraden gerufen hat, das",0.301317423582077,CWE,dewiki_20180420_300d
426,427,Lasso,107,C,und fängt das Tier ein.,0,0.0,0,5.4,4.5,1.1,das,Lasso,"Gut gelaunt zerhackt der Cowboy, nachdem er das Pferd gesattelt hatte, das",0.33921507000923157,CWE,dewiki_20180420_300d
427,428,Lasso,107,D,und fängt das Tier ein.,0,0.0,0,1.3,1.6,1.1,das,Lasso,"Gut gelaunt zerhackt der Cowboy, nachdem er den Kameraden gerufen hat, das",0.30081576108932495,CWE,dewiki_20180420_300d
428,429,Drehbuch,108,A,für die Serie.,2,0.33,0,6.6,4.4,6.0,das,Drehbuch,"Entspannt schrieb der Regisseur, der den Plot konstruiert hatte, das",0.6694526672363281,CWE,dewiki_20180420_300d
429,430,Drehbuch,108,B,für die Serie.,2,0.75,0,1.1,1.3,6.0,das,Drehbuch,"Entspannt schrieb der Regisseur, der den Kamin angemacht hatte, das",0.599925696849823,CWE,dewiki_20180420_300d
430,431,Drehbuch,108,C,für die Serie.,2,0.0,0,6.6,4.4,1.1,das,Drehbuch,"Entspannt verzehrte der Regisseur, der den Plot konstruiert hatte, das",0.5923500061035156,CWE,dewiki_20180420_300d
431,432,Drehbuch,108,D,für die Serie.,2,0.0,0,1.1,1.3,1.1,das,Drehbuch,"Entspannt verzehrte der Regisseur, der den Kamin angemacht hatte, das",0.5011413097381592,CWE,dewiki_20180420_300d
432,433,Stern,109,A,am Firmament.,0,0.58,1,5.7,2.4,4.9,den,Stern,"Sofort entdeckt der Astronom, der das Teleskop aufgestellt hat, den",0.31567272543907166,CWE,dewiki_20180420_300d
433,434,Stern,109,B,am Firmament.,0,0.58,1,3.0,1.9,4.9,den,Stern,"Sofort entdeckt der Astronom, der die Uhrzeit notiert hat, den",0.33085861802101135,CWE,dewiki_20180420_300d
434,435,Stern,109,C,am Firmament.,0,0.0,1,5.7,2.4,1.4,den,Stern,"Sofort serviert der Astronom, der das Teleskop aufgestellt hat, den",0.3351585268974304,CWE,dewiki_20180420_300d
435,436,Stern,109,D,am Firmament.,0,0.0,1,3.0,1.9,1.4,den,Stern,"Sofort serviert der Astronom, der die Uhrzeit notiert hat, den",0.33573949337005615,CWE,dewiki_20180420_300d
436,437,Anker,110,A,und verließ den Hafen.,0,0.5,1,6.4,2.0,6.9,den,Anker,"Gestern lichtete der Seemann, der das Boot kommandierte, den",0.4261254072189331,CWE,dewiki_20180420_300d
437,438,Anker,110,B,und verließ den Hafen.,0,0.58,1,1.0,4.1,6.9,den,Anker,"Gestern lichtete der Seemann, der den Atem anhielt, den",0.39444994926452637,CWE,dewiki_20180420_300d
438,439,Anker,110,C,und verließ den Hafen.,0,0.0,1,6.4,2.0,1.0,den,Anker,"Gestern kochte der Seemann, der das Boot kommandierte, den",0.37923046946525574,CWE,dewiki_20180420_300d
439,440,Anker,110,D,und verließ den Hafen.,0,0.0,1,1.0,4.1,1.0,den,Anker,"Gestern kochte der Seemann, der den Atem anhielt, den",0.3386521339416504,CWE,dewiki_20180420_300d
440,441,Seil,111,A,um den Aufstieg abzusichern.,2,0.58,0,4.6,1.6,6.1,das,Seil,"Am Vormittag knotete der Bergsteiger, nachdem er den Haken festgebohrt hatte, das",0.5367430448532104,CWE,dewiki_20180420_300d
441,442,Seil,111,B,um den Aufstieg abzusichern.,2,0.75,0,1.4,1.6,6.1,das,Seil,"Am Vormittag knotete der Bergsteiger, nachdem er die Krähe verscheucht hatte, das",0.46479204297065735,CWE,dewiki_20180420_300d
442,443,Seil,111,C,um den Aufstieg abzusichern.,2,0.0,0,4.6,1.6,1.2,das,Seil,"Am Vormittag roch der Bergsteiger, nachdem er den Haken festgebohrt hatte, das",0.5067218542098999,CWE,dewiki_20180420_300d
443,444,Seil,111,D,um den Aufstieg abzusichern.,2,0.0,0,1.4,1.6,1.2,das,Seil,"Am Vormittag roch der Bergsteiger, nachdem er die Krähe verscheucht hatte, das",0.45935899019241333,CWE,dewiki_20180420_300d
444,445,Rouletterad,112,A,und verrät die nächste Zahl.,0,0.67,0,6.3,2.1,6.1,das,Rouletterad,"Entspannt dreht der Croupier, der den Spieltisch vorbereitet hat, das",,CWE,dewiki_20180420_300d
445,446,Rouletterad,112,B,und verrät die nächste Zahl.,0,0.33,0,2.0,1.3,6.1,das,Rouletterad,"Entspannt dreht der Croupier, der die Frau beeindruckt hat, das",,CWE,dewiki_20180420_300d
446,447,Rouletterad,112,C,und verrät die nächste Zahl.,0,0.0,0,6.3,2.1,1.1,das,Rouletterad,"Entspannt schlürft der Croupier, der den Spieltisch vorbereitet hat, das",,CWE,dewiki_20180420_300d
447,448,Rouletterad,112,D,und verrät die nächste Zahl.,0,0.0,0,2.0,1.3,1.1,das,Rouletterad,"Entspannt schlürft der Croupier, der die Frau beeindruckt hat, das",,CWE,dewiki_20180420_300d
448,449,Nägel,113,A,und lackierte sie.,0,0.75,0,6.9,1.7,6.8,die,Nägel,"Neulich feilte die Kosmetikerin, während sie die Maniküre durchführte, die",0.3569919168949127,CWE,dewiki_20180420_300d
449,450,Nägel,113,B,und lackierte sie.,0,1.0,0,1.3,1.0,6.8,die,Nägel,"Neulich feilte die Kosmetikerin, während sie das Gespräch belauschte, die",0.30100128054618835,CWE,dewiki_20180420_300d
450,451,Nägel,113,C,und lackierte sie.,0,0.08,0,6.9,1.7,5.5,die,Nägel,"Neulich baute die Kosmetikerin, während sie die Maniküre durchführte, die",0.3245912790298462,CWE,dewiki_20180420_300d
451,452,Nägel,113,D,und lackierte sie.,0,0.0,0,1.3,1.0,5.5,die,Nägel,"Neulich baute die Kosmetikerin, während sie das Gespräch belauschte, die",0.27228984236717224,CWE,dewiki_20180420_300d
452,453,Zukunft,114,A,der Familie.,0,0.58,1,6.7,3.9,6.8,die,Zukunft,"Sogleich prophezeite der Wahrsager, der die Kristallkugel befragt hatte, die",0.36882495880126953,CWE,dewiki_20180420_300d
453,454,Zukunft,114,B,der Familie.,0,0.58,1,1.4,1.1,6.8,die,Zukunft,"Sogleich prophezeite der Wahrsager, der die Kerze angezündet hatte, die",0.35755616426467896,CWE,dewiki_20180420_300d
454,455,Zukunft,114,C,der Familie.,0,0.0,1,6.7,3.9,1.5,die,Zukunft,"Sogleich würzte der Wahrsager, der die Kristallkugel befragt hatte, die",0.31385987997055054,CWE,dewiki_20180420_300d
455,456,Zukunft,114,D,der Familie.,0,0.0,1,1.4,1.1,1.5,die,Zukunft,"Sogleich würzte der Wahrsager, der die Kerze angezündet hatte, die",0.29359170794487,CWE,dewiki_20180420_300d
456,457,Ausgrabung,115,A,in der Ruine.,0,0.92,0,6.6,5.3,3.0,die,Ausgrabung,"Heute beginnt der Archäologe, der die Schaufel hervorgeholt hat, die",0.5290606021881104,CWE,dewiki_20180420_300d
457,458,Ausgrabung,115,B,in der Ruine.,0,0.5,0,1.3,2.5,3.0,die,Ausgrabung,"Heute beginnt der Archäologe, der das Taxi genommen hat, die",0.4440242350101471,CWE,dewiki_20180420_300d
458,459,Ausgrabung,115,C,in der Ruine.,0,0.0,0,6.6,5.3,1.5,die,Ausgrabung,"Heute raspelt der Archäologe, der die Schaufel hervorgeholt hat, die",0.5159741640090942,CWE,dewiki_20180420_300d
459,460,Ausgrabung,115,D,in der Ruine.,0,0.0,0,1.3,2.5,1.5,die,Ausgrabung,"Heute raspelt der Archäologe, der das Taxi genommen hat, die",0.4463440477848053,CWE,dewiki_20180420_300d
460,461,Strauß,116,A,für die Hochzeit.,0,0.92,1,6.8,3.9,6.5,den,Strauß,"Zügig bindet der Florist, der die Rosen gezüchtet hat, den",0.3682273030281067,CWE,dewiki_20180420_300d
461,462,Strauß,116,B,für die Hochzeit.,0,0.92,1,2.6,1.6,6.5,den,Strauß,"Zügig bindet der Florist, der die Fenster geschlossen hat, den",0.27288612723350525,CWE,dewiki_20180420_300d
462,463,Strauß,116,C,für die Hochzeit.,0,0.0,1,6.8,3.9,1.0,den,Strauß,"Zügig ölt der Florist, der die Rosen gezüchtet hat, den",0.39567863941192627,CWE,dewiki_20180420_300d
463,464,Strauß,116,D,für die Hochzeit.,0,0.0,1,2.6,1.6,1.0,den,Strauß,"Zügig ölt der Florist, der die Fenster geschlossen hat, den",0.3009389042854309,CWE,dewiki_20180420_300d
464,465,Rolle,117,A,für das Theaterstück.,0,0.75,1,6.1,3.8,5.8,die,Rolle,"Umgehend spielt der Schauspieler, der das Skript auswendig gelernt hat, die",0.513945460319519,CWE,dewiki_20180420_300d
465,466,Rolle,117,B,für das Theaterstück.,0,0.67,1,2.3,4.6,5.8,die,Rolle,"Umgehend spielt der Schauspieler, der die Torte gebacken hat, die",0.431771844625473,CWE,dewiki_20180420_300d
466,467,Rolle,117,C,für das Theaterstück.,0,0.0,1,6.1,3.8,2.5,die,Rolle,"Umgehend schnibbelt der Schauspieler, der das Skript auswendig gelernt hat, die",0.41411271691322327,CWE,dewiki_20180420_300d
467,468,Rolle,117,D,für das Theaterstück.,0,0.0,1,2.3,4.6,2.5,die,Rolle,"Umgehend schnibbelt der Schauspieler, der die Torte gebacken hat, die",0.3010599911212921,CWE,dewiki_20180420_300d
468,469,Sendung,118,A,für den Fernsehkanal.,0,0.42,0,6.4,6.3,6.7,die,Sendung,"Am Abend moderiert der Moderator, der die Zuschauer unterhält, die",0.6855466365814209,CWE,dewiki_20180420_300d
469,470,Sendung,118,B,für den Fernsehkanal.,0,0.17,0,2.0,1.5,6.7,die,Sendung,"Am Abend moderiert der Moderator, der die Weltmeere bereist, die",0.6572694182395935,CWE,dewiki_20180420_300d
470,471,Sendung,118,C,für den Fernsehkanal.,0,0.0,0,6.4,6.3,3.7,die,Sendung,"Am Abend wiegt der Moderator, der die Zuschauer unterhält, die",0.5511135458946228,CWE,dewiki_20180420_300d
471,472,Sendung,118,D,für den Fernsehkanal.,0,0.0,0,2.0,1.5,3.7,die,Sendung,"Am Abend wiegt der Moderator, der die Weltmeere bereist, die",0.5206229090690613,CWE,dewiki_20180420_300d
472,473,Stück,119,A,für seine nächste Sonate.,0,0.25,0,4.8,4.1,6.9,das,Stück,"Ohne zu zögern komponierte der Musiker, der die Noten aufschrieb, das",0.4213760793209076,CWE,dewiki_20180420_300d
473,474,Stück,119,B,für seine nächste Sonate.,0,0.42,0,1.7,2.1,6.9,das,Stück,"Ohne zu zögern komponierte der Musiker, der die Fragen beantwortete, das",0.3857928514480591,CWE,dewiki_20180420_300d
474,475,Stück,119,C,für seine nächste Sonate.,0,0.0,0,4.8,4.1,4.2,das,Stück,"Ohne zu zögern grillte der Musiker, der die Noten aufschrieb, das",0.3864724934101105,CWE,dewiki_20180420_300d
475,476,Stück,119,D,für seine nächste Sonate.,0,0.08,0,1.7,2.1,4.2,das,Stück,"Ohne zu zögern grillte der Musiker, der die Fragen beantwortete, das",0.3328632116317749,CWE,dewiki_20180420_300d
476,477,Bild,120,A,in seinem Atelier.,2,0.58,1,6.6,2.3,7.0,das,Bild,"Fröhlich malte der Künstler, der die Leinwand aufgespannt hatte, das",0.5196744799613953,CWE,dewiki_20180420_300d
477,478,Bild,120,B,in seinem Atelier.,2,0.58,1,1.5,1.7,7.0,das,Bild,"Fröhlich malte der Künstler, der den Nachtisch zubereitet hatte, das",0.3974490761756897,CWE,dewiki_20180420_300d
478,479,Bild,120,C,in seinem Atelier.,2,0.0,1,6.6,2.3,2.2,das,Bild,"Fröhlich bewohnte der Künstler, der die Leinwand aufgespannt hatte, das",0.49158820509910583,CWE,dewiki_20180420_300d
479,480,Bild,120,D,in seinem Atelier.,2,0.0,1,1.5,1.7,2.2,das,Bild,"Fröhlich bewohnte der Künstler, der den Nachtisch zubereitet hatte, das",0.36168915033340454,CWE,dewiki_20180420_300d
0,1,Axt,1,A,und hackte die Holzscheite.,0,0.75,1,6.9,3.1,6.0,die,Axt,"Gestern schärfte der Holzfäller, bevor er das Holz stapelte, die",0.2783925,SE,Qwen/Qwen3-Embedding-8B
1,2,Axt,1,B,und hackte die Holzscheite.,0,0.67,1,3.1,1.2,6.0,die,Axt,"Gestern schärfte der Holzfäller, bevor er den Film schaute, die",0.27304882,SE,Qwen/Qwen3-Embedding-8B
2,3,Axt,1,C,und hackte die Holzscheite.,0,0.0,1,6.9,3.1,1.4,die,Axt,"Gestern aß der Holzfäller, bevor er das Holz stapelte, die",0.34973684,SE,Qwen/Qwen3-Embedding-8B
3,4,Axt,1,D,und hackte die Holzscheite.,0,0.0,1,3.1,1.2,1.4,die,Axt,"Gestern aß der Holzfäller, bevor er den Film schaute, die",0.29355192,SE,Qwen/Qwen3-Embedding-8B
4,5,Messer,2,A,und rasiert den Kunden.,0,0.67,1,5.0,5.1,6.4,das,Messer,"Nachdenklich schärft der Barbier, nachdem er den Rasierschaum aufgetragen hat, das",0.309129,SE,Qwen/Qwen3-Embedding-8B
5,6,Messer,2,B,und rasiert den Kunden.,0,0.75,1,1.2,1.4,6.4,das,Messer,"Nachdenklich schärft der Barbier, nachdem er die Topfpflanze gegossen hat, das",0.2925238,SE,Qwen/Qwen3-Embedding-8B
6,7,Messer,2,C,und rasiert den Kunden.,0,0.0,1,5.0,5.1,1.4,das,Messer,"Nachdenklich trinkt der Barbier, nachdem er den Rasierschaum aufgetragen hat, das",0.31116042,SE,Qwen/Qwen3-Embedding-8B
7,8,Messer,2,D,und rasiert den Kunden.,0,0.0,1,1.2,1.4,1.4,das,Messer,"Nachdenklich trinkt der Barbier, nachdem er die Topfpflanze gegossen hat, das",0.27711317,SE,Qwen/Qwen3-Embedding-8B
8,9,Kaffee,3,A,und gießt die Milch dazu.,0,0.58,0,5.8,2.3,5.8,den,Kaffee,"Sogleich süßt der Kellner, nachdem er die Bestellung aufgenommen hat, den",0.30531862,SE,Qwen/Qwen3-Embedding-8B
9,10,Kaffee,3,B,und gießt die Milch dazu.,0,0.25,0,3.5,3.5,5.8,den,Kaffee,"Sogleich süßt der Kellner, nachdem er das Radio angemacht hat, den",0.30084464,SE,Qwen/Qwen3-Embedding-8B
10,11,Kaffee,3,C,und gießt die Milch dazu.,0,0.0,0,5.8,2.3,3.0,den,Kaffee,"Sogleich putzt der Kellner, nachdem er die Bestellung aufgenommen hat, den",0.263911,SE,Qwen/Qwen3-Embedding-8B
11,12,Kaffee,3,D,und gießt die Milch dazu.,0,0.0,0,3.5,3.5,3.0,den,Kaffee,"Sogleich putzt der Kellner, nachdem er das Radio angemacht hat, den",0.25105247,SE,Qwen/Qwen3-Embedding-8B
12,13,Ofen,4,A,auf 180 Grad.,0,1.0,0,6.0,2.7,6.6,den,Ofen,"Vorsichtig erhitzt der Bäckerlehrling, nachdem er die Brötchen geformt hat, den",0.38390848,SE,Qwen/Qwen3-Embedding-8B
13,14,Ofen,4,B,auf 180 Grad.,0,0.75,0,2.4,1.3,6.6,den,Ofen,"Vorsichtig erhitzt der Bäckerlehrling, nachdem er die Fenster gekippt hat, den",0.42226607,SE,Qwen/Qwen3-Embedding-8B
14,15,Ofen,4,C,auf 180 Grad.,0,0.0,0,6.0,2.7,1.3,den,Ofen,"Vorsichtig schlürft der Bäckerlehrling, nachdem er die Brötchen geformt hat, den",0.3332417,SE,Qwen/Qwen3-Embedding-8B
15,16,Ofen,4,D,auf 180 Grad.,0,0.08,0,2.4,1.3,1.3,den,Ofen,"Vorsichtig schlürft der Bäckerlehrling, nachdem er die Fenster gekippt hat, den",0.34193707,SE,Qwen/Qwen3-Embedding-8B
16,17,Weinflasche,5,A,für die Weinprobe.,0,1.0,1,5.9,1.7,6.8,die,Weinflasche,"Zufrieden entkorkt der Winzer, der die Reben geschnitten hat, die",0.4340168,SE,Qwen/Qwen3-Embedding-8B
17,18,Weinflasche,5,B,für die Weinprobe.,0,1.0,1,2.0,2.7,6.8,die,Weinflasche,"Zufrieden entkorkt der Winzer, der die Lohnabrechnungen beendet hat, die",0.41021904,SE,Qwen/Qwen3-Embedding-8B
18,19,Weinflasche,5,C,für die Weinprobe.,0,0.08,1,5.9,1.7,1.0,die,Weinflasche,"Zufrieden glättet der Winzer, der die Reben geschnitten hat, die",0.3984541,SE,Qwen/Qwen3-Embedding-8B
19,20,Weinflasche,5,D,für die Weinprobe.,0,0.0,1,2.0,2.7,1.0,die,Weinflasche,"Zufrieden glättet der Winzer, der die Lohnabrechnungen beendet hat, die",0.37354,SE,Qwen/Qwen3-Embedding-8B
20,21,Ticket,6,A,für die Fahrt.,0,0.33,1,6.7,2.3,6.3,das,Ticket,"Umgehend löst der Fahrgast, der den Automaten bedient, das",0.25308412,SE,Qwen/Qwen3-Embedding-8B
21,22,Ticket,6,B,für die Fahrt.,0,0.33,1,1.3,1.3,6.3,das,Ticket,"Umgehend löst der Fahrgast, der die Einkaufstasche abstellt, das",0.27844387,SE,Qwen/Qwen3-Embedding-8B
22,23,Ticket,6,C,für die Fahrt.,0,0.0,1,6.7,2.3,1.2,das,Ticket,"Umgehend knotet der Fahrgast, der den Automaten bedient, das",0.27000877,SE,Qwen/Qwen3-Embedding-8B
23,24,Ticket,6,D,für die Fahrt.,0,0.0,1,1.3,1.3,1.2,das,Ticket,"Umgehend knotet der Fahrgast, der die Einkaufstasche abstellt, das",0.26456034,SE,Qwen/Qwen3-Embedding-8B
24,25,Sieg,7,A,mit einer Party.,0,0.5,0,6.8,4.4,6.2,den,Sieg,"Am Abend feiert der Gewinner, der den Pokal erhält, den",0.2321881,SE,Qwen/Qwen3-Embedding-8B
25,26,Sieg,7,B,mit einer Party.,0,0.75,0,1.8,2.0,6.2,den,Sieg,"Am Abend feiert der Gewinner, der das Eis isst, den",0.261689,SE,Qwen/Qwen3-Embedding-8B
26,27,Sieg,7,C,mit einer Party.,0,0.0,0,6.8,4.4,1.8,den,Sieg,"Am Abend knabbert der Gewinner, der den Pokal erhält, den",0.25766787,SE,Qwen/Qwen3-Embedding-8B
27,28,Sieg,7,D,mit einer Party.,0,0.0,0,1.8,2.0,1.8,den,Sieg,"Am Abend knabbert der Gewinner, der das Eis isst, den",0.2903895,SE,Qwen/Qwen3-Embedding-8B
28,29,Fisch,8,A,für das Abendessen.,1,0.83,1,7.0,4.9,6.9,den,Fisch,"Endlich fängt der Angler, der den Köder auswarf, den",0.36890996,SE,Qwen/Qwen3-Embedding-8B
29,30,Fisch,8,B,für das Abendessen.,1,0.83,1,2.0,1.2,6.9,den,Fisch,"Endlich fängt der Angler, der die Zeitung las, den",0.35427767,SE,Qwen/Qwen3-Embedding-8B
30,31,Fisch,8,C,für das Abendessen.,1,0.0,1,7.0,4.9,1.3,den,Fisch,"Endlich baut der Angler, der den Köder auswarf, den",0.33777913,SE,Qwen/Qwen3-Embedding-8B
31,32,Fisch,8,D,für das Abendessen.,1,0.0,1,2.0,1.2,1.3,den,Fisch,"Endlich baut der Angler, der die Zeitung las, den",0.31548855,SE,Qwen/Qwen3-Embedding-8B
32,33,Unkraut,9,A,und leerte den Kompost.,0,0.83,0,6.7,3.3,6.9,das,Unkraut,"Am Nachmittag jätete der Schrebergärtner, der das Beet pflegte, das",0.31412044,SE,Qwen/Qwen3-Embedding-8B
33,34,Unkraut,9,B,und leerte den Kompost.,0,0.67,0,3.3,1.4,6.9,das,Unkraut,"Am Nachmittag jätete der Schrebergärtner, der die Sonne genoss, das",0.34241697,SE,Qwen/Qwen3-Embedding-8B
34,35,Unkraut,9,C,und leerte den Kompost.,0,0.0,0,6.7,3.3,1.2,das,Unkraut,"Am Nachmittag polierte der Schrebergärtner, der das Beet pflegte, das",0.29842693,SE,Qwen/Qwen3-Embedding-8B
35,36,Unkraut,9,D,und leerte den Kompost.,0,0.0,0,3.3,1.4,1.2,das,Unkraut,"Am Nachmittag polierte der Schrebergärtner, der die Sonne genoss, das",0.29685354,SE,Qwen/Qwen3-Embedding-8B
36,37,Klassenzimmer,10,A,und nimmt ein Stück Kreide.,1,0.75,1,6.8,3.7,5.5,das,Klassenzimmer,"Eine Weile lüftet der Lehrer, bevor er die Tafel beschreibt, das",0.34719607,SE,Qwen/Qwen3-Embedding-8B
37,38,Klassenzimmer,10,B,und nimmt ein Stück Kreide.,1,0.75,1,1.9,2.6,5.5,das,Klassenzimmer,"Eine Weile lüftet der Lehrer, bevor er den Mantel aufhängt, das",0.34936318,SE,Qwen/Qwen3-Embedding-8B
38,39,Klassenzimmer,10,C,und nimmt ein Stück Kreide.,1,0.0,1,6.8,3.7,4.7,das,Klassenzimmer,"Eine Weile bastelt der Lehrer, bevor er die Tafel beschreibt, das",0.32801044,SE,Qwen/Qwen3-Embedding-8B
39,40,Klassenzimmer,10,D,und nimmt ein Stück Kreide.,1,0.0,1,1.9,2.6,4.7,das,Klassenzimmer,"Eine Weile bastelt der Lehrer, bevor er den Mantel aufhängt, das",0.34139886,SE,Qwen/Qwen3-Embedding-8B
40,41,Käse,11,A,und gibt Öl in die Pfanne.,0,0.5,1,5.2,4.6,6.4,den,Käse,"Schnell reibt der Chefkoch, während er die Nudeln kocht, den",0.31923258,SE,Qwen/Qwen3-Embedding-8B
41,42,Käse,11,B,und gibt Öl in die Pfanne.,0,0.58,1,1.7,1.2,6.4,den,Käse,"Schnell reibt der Chefkoch, während er die Nachrichten hört, den",0.279735,SE,Qwen/Qwen3-Embedding-8B
42,43,Käse,11,C,und gibt Öl in die Pfanne.,0,0.0,1,5.2,4.6,1.1,den,Käse,"Schnell flickt der Chefkoch, während er die Nudeln kocht, den",0.31799603,SE,Qwen/Qwen3-Embedding-8B
43,44,Käse,11,D,und gibt Öl in die Pfanne.,0,0.0,1,1.7,1.2,1.1,den,Käse,"Schnell flickt der Chefkoch, während er die Nachrichten hört, den",0.2628017,SE,Qwen/Qwen3-Embedding-8B
44,45,Bier,12,A,das zuvor gebraut wurde.,0,0.67,1,3.9,1.2,5.0,das,Bier,"Vorgestern probierte der Braumeister, nachdem er den Kessel ausgeschaltet hatte, das",0.35047492,SE,Qwen/Qwen3-Embedding-8B
45,46,Bier,12,B,das zuvor gebraut wurde.,0,0.58,1,1.8,2.3,5.0,das,Bier,"Vorgestern probierte der Braumeister, nachdem er den Boden gewischt hatte, das",0.3638146,SE,Qwen/Qwen3-Embedding-8B
46,47,Bier,12,C,das zuvor gebraut wurde.,0,0.0,1,3.9,1.2,1.1,das,Bier,"Vorgestern bemalte der Braumeister, nachdem er den Kessel ausgeschaltet hatte, das",0.3296593,SE,Qwen/Qwen3-Embedding-8B
47,48,Bier,12,D,das zuvor gebraut wurde.,0,0.0,1,1.8,2.3,1.1,das,Bier,"Vorgestern bemalte der Braumeister, nachdem er den Boden gewischt hatte, das",0.33301637,SE,Qwen/Qwen3-Embedding-8B
48,49,Rasen,13,A,hinter der Villa.,0,0.92,1,7.0,5.6,6.8,den,Rasen,"Eine Zeit lang mähte der Gartenhelfer, nachdem er den Garten umgegraben hatte, den",0.35821098,SE,Qwen/Qwen3-Embedding-8B
49,50,Rasen,13,B,hinter der Villa.,0,0.92,1,2.2,1.9,6.8,den,Rasen,"Eine Zeit lang mähte der Gartenhelfer, nachdem er die Garage aufgeräumt hatte, den",0.3436814,SE,Qwen/Qwen3-Embedding-8B
50,51,Rasen,13,C,hinter der Villa.,0,0.0,1,7.0,5.6,1.4,den,Rasen,"Eine Zeit lang räucherte der Gartenhelfer, nachdem er den Garten umgegraben hatte, den",0.3477781,SE,Qwen/Qwen3-Embedding-8B
51,52,Rasen,13,D,hinter der Villa.,0,0.0,1,2.2,1.9,1.4,den,Rasen,"Eine Zeit lang räucherte der Gartenhelfer, nachdem er die Garage aufgeräumt hatte, den",0.29875788,SE,Qwen/Qwen3-Embedding-8B
52,53,Straße,14,A,und den Bürgersteig.,1,0.42,1,6.5,5.1,6.8,die,Straße,"Achtsam pflasterte der Bauarbeiter, der die Absperrungen umging, die",0.28528884,SE,Qwen/Qwen3-Embedding-8B
53,54,Straße,14,B,und den Bürgersteig.,1,0.42,1,5.7,2.0,6.8,die,Straße,"Achtsam pflasterte der Bauarbeiter, der die Steine schleppte, die",0.28757012,SE,Qwen/Qwen3-Embedding-8B
54,55,Straße,14,C,und den Bürgersteig.,1,0.08,1,6.5,5.1,2.0,die,Straße,"Achtsam salzte der Bauarbeiter, der die Absperrungen umging, die",0.26125357,SE,Qwen/Qwen3-Embedding-8B
55,56,Straße,14,D,und den Bürgersteig.,1,0.0,1,5.7,2.0,2.0,die,Straße,"Achtsam salzte der Bauarbeiter, der die Steine schleppte, die",0.25736308,SE,Qwen/Qwen3-Embedding-8B
56,57,Glocken,15,A,und freute sich.,0,1.0,1,6.7,1.1,7.0,die,Glocken,"Gestern läutete der Priester, nachdem er den Kirchturm erklommen hatte, die",0.3727207,SE,Qwen/Qwen3-Embedding-8B
57,58,Glocken,15,B,und freute sich.,0,0.92,1,2.2,1.1,7.0,die,Glocken,"Gestern läutete der Priester, nachdem er die Armbanduhr ausgezogen hatte, die",0.38734388,SE,Qwen/Qwen3-Embedding-8B
58,59,Glocken,15,C,und freute sich.,0,0.0,1,6.7,1.1,1.0,die,Glocken,"Gestern faltete der Priester, nachdem er den Kirchturm erklommen hatte, die",0.31518173,SE,Qwen/Qwen3-Embedding-8B
59,60,Glocken,15,D,und freute sich.,0,0.0,1,2.2,1.1,1.0,die,Glocken,"Gestern faltete der Priester, nachdem er die Armbanduhr ausgezogen hatte, die",0.33209944,SE,Qwen/Qwen3-Embedding-8B
60,61,Wunde,16,A,mit fünf Stichen.,0,0.92,1,6.7,3.3,5.8,die,Wunde,"Rasch näht der Notarzt, der den Verletzten betreut, die",0.31042323,SE,Qwen/Qwen3-Embedding-8B
61,62,Wunde,16,B,mit fünf Stichen.,0,0.92,1,3.2,1.8,5.8,die,Wunde,"Rasch näht der Notarzt, der den Ohrring trägt, die",0.26423416,SE,Qwen/Qwen3-Embedding-8B
62,63,Wunde,16,C,mit fünf Stichen.,0,0.0,1,6.7,3.3,2.0,die,Wunde,"Rasch versteckt der Notarzt, der den Verletzten betreut, die",0.28218916,SE,Qwen/Qwen3-Embedding-8B
63,64,Wunde,16,D,mit fünf Stichen.,0,0.0,1,3.2,1.8,2.0,die,Wunde,"Rasch versteckt der Notarzt, der den Ohrring trägt, die",0.24621765,SE,Qwen/Qwen3-Embedding-8B
64,65,Hemd,17,A,und die Hose.,0,0.75,1,6.4,1.5,6.9,das,Hemd,"Eilig bügelt der Geschäftsmann, nachdem er das Bügelbrett aufgestellt hat, das",0.28631383,SE,Qwen/Qwen3-Embedding-8B
65,66,Hemd,17,B,und die Hose.,0,0.67,1,1.4,1.2,6.9,das,Hemd,"Eilig bügelt der Geschäftsmann, nachdem er den Eistee ausgetrunken hat, das",0.30785388,SE,Qwen/Qwen3-Embedding-8B
66,67,Hemd,17,C,und die Hose.,0,0.0,1,6.4,1.5,1.0,das,Hemd,"Eilig salzt der Geschäftsmann, nachdem er das Bügelbrett aufgestellt hat, das",0.29480553,SE,Qwen/Qwen3-Embedding-8B
67,68,Hemd,17,D,und die Hose.,0,0.0,1,1.4,1.2,1.0,das,Hemd,"Eilig salzt der Geschäftsmann, nachdem er den Eistee ausgetrunken hat, das",0.22109213,SE,Qwen/Qwen3-Embedding-8B
68,69,Auto,18,A,und übergibt es an den Kunden.,1,0.58,0,7.0,3.5,6.3,das,Auto,"Schnell repariert der KFZ-Mechatroniker, der den Motor ausgetauscht hat, das",0.3307592,SE,Qwen/Qwen3-Embedding-8B
69,70,Auto,18,B,und übergibt es an den Kunden.,1,0.75,0,5.0,3.1,6.3,das,Auto,"Schnell repariert der KFZ-Mechatroniker, der den Urlaub gebucht hat, das",0.29800394,SE,Qwen/Qwen3-Embedding-8B
70,71,Auto,18,C,und übergibt es an den Kunden.,1,0.0,0,7.0,3.5,1.1,das,Auto,"Schnell brät der KFZ-Mechatroniker, der den Motor ausgetauscht hat, das",0.38833472,SE,Qwen/Qwen3-Embedding-8B
71,72,Auto,18,D,und übergibt es an den Kunden.,1,0.0,0,5.0,3.1,1.1,das,Auto,"Schnell brät der KFZ-Mechatroniker, der den Urlaub gebucht hat, das",0.35741952,SE,Qwen/Qwen3-Embedding-8B
72,73,Teig,19,A,für das Brot.,2,1.0,1,6.9,6.9,6.6,den,Teig,"Am Morgen knetet die Bäckerin, die den Kuchen backt, den",0.46798488,SE,Qwen/Qwen3-Embedding-8B
73,74,Teig,19,B,für das Brot.,2,1.0,1,1.5,1.0,6.6,den,Teig,"Am Morgen knetet die Bäckerin, die den Stammgast begrüßt, den",0.39890897,SE,Qwen/Qwen3-Embedding-8B
74,75,Teig,19,C,für das Brot.,2,0.0,1,6.9,6.9,1.2,den,Teig,"Am Morgen hört die Bäckerin, die den Kuchen backt, den",0.4391637,SE,Qwen/Qwen3-Embedding-8B
75,76,Teig,19,D,für das Brot.,2,0.0,1,1.5,1.0,1.2,den,Teig,"Am Morgen hört die Bäckerin, die den Stammgast begrüßt, den",0.35178,SE,Qwen/Qwen3-Embedding-8B
76,77,Steak,20,A,und die Beilagen.,0,0.67,0,4.7,2.4,6.5,das,Steak,"Am Nachmittag pfeffert der Grillmeister, bevor er die Kohle anzündet, das",0.28164014,SE,Qwen/Qwen3-Embedding-8B
77,78,Steak,20,B,und die Beilagen.,0,0.83,0,1.4,1.1,6.5,das,Steak,"Am Nachmittag pfeffert der Grillmeister, bevor er die Mücke verscheucht, das",0.29038906,SE,Qwen/Qwen3-Embedding-8B
78,79,Steak,20,C,und die Beilagen.,0,0.0,0,4.7,2.4,1.4,das,Steak,"Am Nachmittag druckt der Grillmeister, bevor er die Kohle anzündet, das",0.28545627,SE,Qwen/Qwen3-Embedding-8B
79,80,Steak,20,D,und die Beilagen.,0,0.0,0,1.4,1.1,1.4,das,Steak,"Am Nachmittag druckt der Grillmeister, bevor er die Mücke verscheucht, das",0.2916473,SE,Qwen/Qwen3-Embedding-8B
80,81,Feuer,21,A,und rennt weg.,0,0.58,0,6.6,1.5,6.8,das,Feuer,"Schnell entfacht der Brandstifter, der das Streichholz fallengelassen hat, das",0.27911568,SE,Qwen/Qwen3-Embedding-8B
81,82,Feuer,21,B,und rennt weg.,0,1.0,0,3.3,3.0,6.8,das,Feuer,"Schnell entfacht der Brandstifter, der die Treppe hochgeklettert ist, das",0.31977093,SE,Qwen/Qwen3-Embedding-8B
82,83,Feuer,21,C,und rennt weg.,0,0.0,0,6.6,1.5,1.6,das,Feuer,"Schnell entstaubt der Brandstifter, der das Streichholz fallengelassen hat, das",0.28177115,SE,Qwen/Qwen3-Embedding-8B
83,84,Feuer,21,D,und rennt weg.,0,0.0,0,3.3,3.0,1.6,das,Feuer,"Schnell entstaubt der Brandstifter, der die Treppe hochgeklettert ist, das",0.29686788,SE,Qwen/Qwen3-Embedding-8B
84,85,Haare,22,A,und holt den Föhn.,0,0.92,1,6.5,3.9,6.8,die,Haare,"Nun kämmt der Friseur, nachdem er die Kopfhaut massiert hat, die",0.3561851,SE,Qwen/Qwen3-Embedding-8B
85,86,Haare,22,B,und holt den Föhn.,0,1.0,1,1.0,1.0,6.8,die,Haare,"Nun kämmt der Friseur, nachdem er den Cappuccino ausgetrunken hat, die",0.32371926,SE,Qwen/Qwen3-Embedding-8B
86,87,Haare,22,C,und holt den Föhn.,0,0.17,1,6.5,3.9,1.2,die,Haare,"Nun speichert der Friseur, nachdem er die Kopfhaut massiert hat, die",0.3611502,SE,Qwen/Qwen3-Embedding-8B
87,88,Haare,22,D,und holt den Föhn.,0,0.0,1,1.0,1.0,1.2,die,Haare,"Nun speichert der Friseur, nachdem er den Cappuccino ausgetrunken hat, die",0.3371531,SE,Qwen/Qwen3-Embedding-8B
88,89,Bleistift,23,A,und machte sich wieder an die Arbeit.,0,1.0,1,6.0,3.3,6.7,den,Bleistift,"Flink spitzte der Zeichner, der die Karikatur entwarf, den",0.4102499,SE,Qwen/Qwen3-Embedding-8B
89,90,Bleistift,23,B,und machte sich wieder an die Arbeit.,0,1.0,1,2.3,1.6,6.7,den,Bleistift,"Flink spitzte der Zeichner, der den Atlas öffnete, den",0.39815295,SE,Qwen/Qwen3-Embedding-8B
90,91,Bleistift,23,C,und machte sich wieder an die Arbeit.,0,0.0,1,6.0,3.3,1.3,den,Bleistift,"Flink knotete der Zeichner, der die Karikatur entwarf, den",0.3706427,SE,Qwen/Qwen3-Embedding-8B
91,92,Bleistift,23,D,und machte sich wieder an die Arbeit.,0,0.0,1,2.3,1.6,1.3,den,Bleistift,"Flink knotete der Zeichner, der den Atlas öffnete, den",0.36713806,SE,Qwen/Qwen3-Embedding-8B
92,93,Patienten,24,A,gegen Tetanus.,0,0.25,0,6.7,2.0,6.5,den,Patienten,"Heute impft der Arzt, nachdem er die Spritze befüllt hat, den",0.36506775,SE,Qwen/Qwen3-Embedding-8B
93,94,Patienten,24,B,gegen Tetanus.,0,0.42,0,2.1,1.3,6.5,den,Patienten,"Heute impft der Arzt, nachdem er die Schublade geschlossen hat, den",0.38791543,SE,Qwen/Qwen3-Embedding-8B
94,95,Patienten,24,C,gegen Tetanus.,0,0.0,0,6.7,2.0,1.5,den,Patienten,"Heute feuert der Arzt, nachdem er die Spritze befüllt hat, den",0.34864447,SE,Qwen/Qwen3-Embedding-8B
95,96,Patienten,24,D,gegen Tetanus.,0,0.0,0,2.1,1.3,1.5,den,Patienten,"Heute feuert der Arzt, nachdem er die Schublade geschlossen hat, den",0.3554949,SE,Qwen/Qwen3-Embedding-8B
96,97,Leiche,25,A,in der Leichenhalle.,0,0.75,1,6.6,1.5,7.0,die,Leiche,"Unverzüglich obduziert der Pathologe, nachdem er die Mordakte gelesen hat, die",0.33041686,SE,Qwen/Qwen3-Embedding-8B
97,98,Leiche,25,B,in der Leichenhalle.,0,0.75,1,2.6,1.2,7.0,die,Leiche,"Unverzüglich obduziert der Pathologe, nachdem er das Dokument unterschrieben hat, die",0.3267501,SE,Qwen/Qwen3-Embedding-8B
98,99,Leiche,25,C,in der Leichenhalle.,0,0.0,1,6.6,1.5,1.2,die,Leiche,"Unverzüglich pfeffert der Pathologe, nachdem er die Mordakte gelesen hat, die",0.3155329,SE,Qwen/Qwen3-Embedding-8B
99,100,Leiche,25,D,in der Leichenhalle.,0,0.0,1,2.6,1.2,1.2,die,Leiche,"Unverzüglich pfeffert der Pathologe, nachdem er das Dokument unterschrieben hat, die",0.30168304,SE,Qwen/Qwen3-Embedding-8B
100,101,Buch,26,A,für den Fan.,1,1.0,1,6.7,3.3,6.7,das,Buch,"Am Nachmittag signiert der Autor, der die Geschichte erfunden hat, das",0.37919563,SE,Qwen/Qwen3-Embedding-8B
101,102,Buch,26,B,für den Fan.,1,0.92,1,1.8,1.5,6.7,das,Buch,"Am Nachmittag signiert der Autor, der den Vorhang zugezogen hat, das",0.3651639,SE,Qwen/Qwen3-Embedding-8B
102,103,Buch,26,C,für den Fan.,1,0.0,1,6.7,3.3,1.3,das,Buch,"Am Nachmittag schluckt der Autor, der die Geschichte erfunden hat, das",0.31266227,SE,Qwen/Qwen3-Embedding-8B
103,104,Buch,26,D,für den Fan.,1,0.0,1,1.8,1.5,1.3,das,Buch,"Am Nachmittag schluckt der Autor, der den Vorhang zugezogen hat, das",0.3243031,SE,Qwen/Qwen3-Embedding-8B
104,105,Gäste,27,A,und überreichte ihnen die Schlüssel.,2,1.0,1,4.7,1.4,6.5,die,Gäste,"Sofort begrüßte der Hotelier, der die Koffer stapelte, die",0.32320404,SE,Qwen/Qwen3-Embedding-8B
105,106,Gäste,27,B,und überreichte ihnen die Schlüssel.,2,0.92,1,1.4,1.6,6.5,die,Gäste,"Sofort begrüßte der Hotelier, der die Fische räucherte, die",0.30531755,SE,Qwen/Qwen3-Embedding-8B
106,107,Gäste,27,C,und überreichte ihnen die Schlüssel.,2,0.0,1,4.7,1.4,1.9,die,Gäste,"Sofort feuerte der Hotelier, der die Koffer stapelte, die",0.3270651,SE,Qwen/Qwen3-Embedding-8B
107,108,Gäste,27,D,und überreichte ihnen die Schlüssel.,2,0.0,1,1.4,1.6,1.9,die,Gäste,"Sofort feuerte der Hotelier, der die Fische räucherte, die",0.30225325,SE,Qwen/Qwen3-Embedding-8B
108,109,Baum,28,A,neben der Schule.,0,0.92,1,5.9,1.3,7.0,den,Baum,"Vorsichtig fällt der Holzarbeiter, der die Säge gestartet hat, den",0.30695707,SE,Qwen/Qwen3-Embedding-8B
109,110,Baum,28,B,neben der Schule.,0,0.83,1,2.8,1.9,7.0,den,Baum,"Vorsichtig fällt der Holzarbeiter, der den Transporter geparkt hat, den",0.30135766,SE,Qwen/Qwen3-Embedding-8B
110,111,Baum,28,C,neben der Schule.,0,0.0,1,5.9,1.3,1.3,den,Baum,"Vorsichtig durchwühlt der Holzarbeiter, der die Säge gestartet hat, den",0.3087484,SE,Qwen/Qwen3-Embedding-8B
111,112,Baum,28,D,neben der Schule.,0,0.0,1,2.8,1.9,1.3,den,Baum,"Vorsichtig durchwühlt der Holzarbeiter, der den Transporter geparkt hat, den",0.29412475,SE,Qwen/Qwen3-Embedding-8B
112,113,Zigarre,29,A,und schlenderte über den Marktplatz.,2,1.0,1,6.2,3.2,6.9,die,Zigarre,"Langsam paffte der Kubaner, der den Rauchring blies, die",0.3931922,SE,Qwen/Qwen3-Embedding-8B
113,114,Zigarre,29,B,und schlenderte über den Marktplatz.,2,1.0,1,2.0,1.3,6.9,die,Zigarre,"Langsam paffte der Kubaner, der die Straßenbahn verpasste, die",0.24495292,SE,Qwen/Qwen3-Embedding-8B
114,115,Zigarre,29,C,und schlenderte über den Marktplatz.,2,0.08,1,6.2,3.2,1.5,die,Zigarre,"Langsam öffnete der Kubaner, der den Rauchring blies, die",0.37924576,SE,Qwen/Qwen3-Embedding-8B
115,116,Zigarre,29,D,und schlenderte über den Marktplatz.,2,0.08,1,2.0,1.3,1.5,die,Zigarre,"Langsam öffnete der Kubaner, der die Straßenbahn verpasste, die",0.22977042,SE,Qwen/Qwen3-Embedding-8B
116,117,Schnitzel,30,A,für das Gericht.,0,0.58,0,6.0,1.2,6.5,das,Schnitzel,"Fröhlich paniert der Koch, nachdem er die Bratkartoffeln geschält hat, das",0.37542486,SE,Qwen/Qwen3-Embedding-8B
117,118,Schnitzel,30,B,für das Gericht.,0,0.83,0,1.3,1.5,6.5,das,Schnitzel,"Fröhlich paniert der Koch, nachdem er die Ärmel hochgekrempelt hat, das",0.35522518,SE,Qwen/Qwen3-Embedding-8B
118,119,Schnitzel,30,C,für das Gericht.,0,0.0,0,6.0,1.2,1.0,das,Schnitzel,"Fröhlich baut der Koch, nachdem er die Bratkartoffeln geschält hat, das",0.35464582,SE,Qwen/Qwen3-Embedding-8B
119,120,Schnitzel,30,D,für das Gericht.,0,0.0,0,1.3,1.5,1.0,das,Schnitzel,"Fröhlich baut der Koch, nachdem er die Ärmel hochgekrempelt hat, das",0.3117803,SE,Qwen/Qwen3-Embedding-8B
120,121,Kuchen,31,A,für die Geburtstagsfeier.,1,0.92,0,6.9,5.3,5.9,den,Kuchen,"Umsichtig glasiert der Konditor, der die Backform eingefettet hat, den",0.41389418,SE,Qwen/Qwen3-Embedding-8B
121,122,Kuchen,31,B,für die Geburtstagsfeier.,1,0.42,0,5.4,1.6,5.9,den,Kuchen,"Umsichtig glasiert der Konditor, der den Tisch abgewischt hat, den",0.40665707,SE,Qwen/Qwen3-Embedding-8B
122,123,Kuchen,31,C,für die Geburtstagsfeier.,1,0.0,0,6.9,5.3,1.2,den,Kuchen,"Umsichtig durchsucht der Konditor, der die Backform eingefettet hat, den",0.42691407,SE,Qwen/Qwen3-Embedding-8B
123,124,Kuchen,31,D,für die Geburtstagsfeier.,1,0.0,0,5.4,1.6,1.2,den,Kuchen,"Umsichtig durchsucht der Konditor, der den Tisch abgewischt hat, den",0.40718037,SE,Qwen/Qwen3-Embedding-8B
124,125,Kette,32,A,und die Bremsen.,0,0.83,0,4.9,2.0,6.8,die,Kette,"Gestern ölte der Fahrradfahrer, bevor er die Bremse einstellte, die",0.253633,SE,Qwen/Qwen3-Embedding-8B
125,126,Kette,32,B,und die Bremsen.,0,0.58,0,1.2,1.1,6.8,die,Kette,"Gestern ölte der Fahrradfahrer, bevor er die Limonade trank, die",0.30659363,SE,Qwen/Qwen3-Embedding-8B
126,127,Kette,32,C,und die Bremsen.,0,0.0,0,4.9,2.0,1.4,die,Kette,"Gestern beheizte der Fahrradfahrer, bevor er die Bremse einstellte, die",0.24548906,SE,Qwen/Qwen3-Embedding-8B
127,128,Kette,32,D,und die Bremsen.,0,0.0,0,1.2,1.1,1.4,die,Kette,"Gestern beheizte der Fahrradfahrer, bevor die Limonade trank, die",0.2574265,SE,Qwen/Qwen3-Embedding-8B
128,129,Brief,33,A,an die Agentur.,0,0.92,1,6.8,1.3,6.6,den,Brief,"Hastig frankiert der Postbeamte, der das Postamt aufgeschlossen hat, den",0.274276,SE,Qwen/Qwen3-Embedding-8B
129,130,Brief,33,B,an die Agentur.,0,1.0,1,1.5,3.7,6.6,den,Brief,"Hastig frankiert der Postbeamte, der das Mittagessen bestellt hat, den",0.27778852,SE,Qwen/Qwen3-Embedding-8B
130,131,Brief,33,C,an die Agentur.,0,0.0,1,6.8,1.3,2.2,den,Brief,"Hastig umgeht der Postbeamte, der das Postamt aufgeschlossen hat, den",0.2820951,SE,Qwen/Qwen3-Embedding-8B
131,132,Brief,33,D,an die Agentur.,0,0.0,1,1.5,3.7,2.2,den,Brief,"Hastig umgeht der Postbeamte, der das Mittagessen bestellt hat, den",0.27967992,SE,Qwen/Qwen3-Embedding-8B
132,133,Berg,34,A,und stellt sein Zelt auf.,1,0.75,0,6.4,3.2,6.8,den,Berg,"Fröhlich erklimmt der Wanderer, nachdem er das Tal durchquert hat, den",0.32284987,SE,Qwen/Qwen3-Embedding-8B
133,134,Berg,34,B,und stellt sein Zelt auf.,1,0.92,0,1.4,1.5,6.8,den,Berg,"Fröhlich erklimmt der Wanderer, nachdem er die Stoppuhr gestartet hat, den",0.30452877,SE,Qwen/Qwen3-Embedding-8B
134,135,Berg,34,C,und stellt sein Zelt auf.,1,0.0,0,6.4,3.2,1.5,den,Berg,"Fröhlich kauft der Wanderer, nachdem er das Tal durchquert hat, den",0.29306722,SE,Qwen/Qwen3-Embedding-8B
135,136,Berg,34,D,und stellt sein Zelt auf.,1,0.0,0,1.4,1.5,1.5,den,Berg,"Fröhlich kauft der Wanderer, nachdem er die Stoppuhr gestartet hat, den",0.253467,SE,Qwen/Qwen3-Embedding-8B
136,137,Befehl,35,A,zum Abmarsch.,0,0.92,0,6.0,7.0,6.6,den,Befehl,"Bedächtig erteilt der General, der die Rekruten kommandiert, den",0.42951214,SE,Qwen/Qwen3-Embedding-8B
137,138,Befehl,35,B,zum Abmarsch.,0,0.75,0,1.7,2.4,6.6,den,Befehl,"Bedächtig erteilt der General, der die Getränke einschenkt, den",0.3322841,SE,Qwen/Qwen3-Embedding-8B
138,139,Befehl,35,C,zum Abmarsch.,0,0.0,0,6.0,7.0,1.4,den,Befehl,"Bedächtig biegt der General, der die Rekruten kommandiert, den",0.41920063,SE,Qwen/Qwen3-Embedding-8B
139,140,Befehl,35,D,zum Abmarsch.,0,0.0,0,1.7,2.4,1.4,den,Befehl,"Bedächtig biegt der General, der die Getränke einschenkt, den",0.31886548,SE,Qwen/Qwen3-Embedding-8B
140,141,Wand,36,A,des Büros.,0,0.5,0,7.0,5.5,6.4,die,Wand,"Sofort streicht der Maler, nachdem er die Tapete angebracht hat, die",0.28149447,SE,Qwen/Qwen3-Embedding-8B
141,142,Wand,36,B,des Büros.,0,0.67,0,1.5,1.3,6.4,die,Wand,"Sofort streicht der Maler, nachdem er den Hund gefüttert hat, die",0.21850033,SE,Qwen/Qwen3-Embedding-8B
142,143,Wand,36,C,des Büros.,0,0.08,0,7.0,5.5,1.1,die,Wand,"Sofort lenkt der Maler, nachdem er die Tapete angebracht hat, die",0.30008948,SE,Qwen/Qwen3-Embedding-8B
143,144,Wand,36,D,des Büros.,0,0.0,0,1.5,1.3,1.1,die,Wand,"Sofort lenkt der Maler, nachdem er den Hund gefüttert hat, die",0.21503071,SE,Qwen/Qwen3-Embedding-8B
144,145,Hammer,37,A,auf das Metall.,0,1.0,0,6.5,1.9,5.6,den,Hammer,"Direkt schwingt der Schmied, der den Amboss aufgestellt hat, den",0.34538582,SE,Qwen/Qwen3-Embedding-8B
145,146,Hammer,37,B,auf das Metall.,0,0.83,0,2.9,3.8,5.6,den,Hammer,"Direkt schwingt der Schmied, der den Stuhl weggestellt hat, den",0.33234614,SE,Qwen/Qwen3-Embedding-8B
146,147,Hammer,37,C,auf das Metall.,0,0.0,0,6.5,1.9,1.2,den,Hammer,"Direkt speichert der Schmied, der den Amboss aufgestellt hat, den",0.2986878,SE,Qwen/Qwen3-Embedding-8B
147,148,Hammer,37,D,auf das Metall.,0,0.0,0,2.9,3.8,1.2,den,Hammer,"Direkt speichert der Schmied, der den Stuhl weggestellt hat, den",0.28047636,SE,Qwen/Qwen3-Embedding-8B
148,149,Land,38,A,im Norden.,1,0.33,0,6.6,2.5,7.0,das,Land,"Vor langer Zeit regierte der König, der die Reise unternahm, das",0.23244914,SE,Qwen/Qwen3-Embedding-8B
149,150,Land,38,B,im Norden.,1,0.5,0,2.4,2.5,7.0,das,Land,"Vor langer Zeit regierte der König, der den Gesang vernahm, das",0.21804072,SE,Qwen/Qwen3-Embedding-8B
150,151,Land,38,C,im Norden.,1,0.0,0,6.6,2.5,1.2,das,Land,"Vor langer Zeit briet der König, der die Reise unternahm, das",0.22314663,SE,Qwen/Qwen3-Embedding-8B
151,152,Land,38,D,im Norden.,1,0.0,0,2.4,2.5,1.2,das,Land,"Vor langer Zeit briet der König, der den Gesang vernahm, das",0.20241193,SE,Qwen/Qwen3-Embedding-8B
152,153,Stab,39,A,und gab den Takt an.,0,0.42,1,1.9,1.6,3.0,den,Stab,"Zügig hob der Dirigent, der das Tempo wechselte, den",0.22911714,SE,Qwen/Qwen3-Embedding-8B
153,154,Stab,39,B,und gab den Takt an.,0,0.5,1,1.0,1.6,3.0,den,Stab,"Zügig hob der Dirigent, der das Gähnen unterdrückte, den",0.23365097,SE,Qwen/Qwen3-Embedding-8B
154,155,Stab,39,C,und gab den Takt an.,0,0.0,1,1.9,1.6,1.3,den,Stab,"Zügig verdrückte der Dirigent, der das Tempo wechselte, den",0.22995734,SE,Qwen/Qwen3-Embedding-8B
155,156,Stab,39,D,und gab den Takt an.,0,0.0,1,1.0,1.6,1.3,den,Stab,"Zügig verdrückte der Dirigent, der das Gähnen unterdrückte, den",0.24248675,SE,Qwen/Qwen3-Embedding-8B
156,157,Bart,40,A,des Mannes.,2,0.58,0,5.4,1.3,6.8,den,Bart,"Direkt trimmt der Herrenfriseur, nachdem er die Klinge ausgepackt hat, den",0.24150948,SE,Qwen/Qwen3-Embedding-8B
157,158,Bart,40,B,des Mannes.,2,0.25,0,1.2,1.0,6.8,den,Bart,"Direkt trimmt der Herrenfriseur, nachdem er das Wasserglas abgestellt hat, den",0.25019017,SE,Qwen/Qwen3-Embedding-8B
158,159,Bart,40,C,des Mannes.,2,0.0,0,5.4,1.3,1.7,den,Bart,"Direkt hört der Herrenfriseur, nachdem er die Klinge ausgepackt hat, den",0.24255344,SE,Qwen/Qwen3-Embedding-8B
159,160,Bart,40,D,des Mannes.,2,0.0,0,1.2,1.0,1.7,den,Bart,"Direkt hört der Herrenfriseur, nachdem er das Wasserglas abgestellt hat, den",0.23629916,SE,Qwen/Qwen3-Embedding-8B
160,161,Geschirr,41,A,und die Brettchen.,0,0.5,1,6.7,4.7,6.9,das,Geschirr,"Gestern spülte der Tellerwäscher, bevor er den Tisch wischte, das",0.46866354,SE,Qwen/Qwen3-Embedding-8B
161,162,Geschirr,41,B,und die Brettchen.,0,0.42,1,1.2,1.2,6.9,das,Geschirr,"Gestern spülte der Tellerwäscher, bevor er das Taxi rief, das",0.38533843,SE,Qwen/Qwen3-Embedding-8B
162,163,Geschirr,41,C,und die Brettchen.,0,0.0,1,6.7,4.7,1.1,das,Geschirr,"Gestern glättete der Tellerwäscher, bevor er den Tisch wischte, das",0.44719362,SE,Qwen/Qwen3-Embedding-8B
163,164,Geschirr,41,D,und die Brettchen.,0,0.0,1,1.2,1.2,1.1,das,Geschirr,"Gestern glättete der Tellerwäscher, bevor er das Taxi rief, das",0.38076928,SE,Qwen/Qwen3-Embedding-8B
164,165,Schloss,42,A,und stiehlt die Wertsachen.,0,0.25,0,7.0,1.8,6.4,das,Schloss,"Im Handumdrehen knackt der Einbrecher, der den Zahlencode erraten hat, das",0.20211598,SE,Qwen/Qwen3-Embedding-8B
165,166,Schloss,42,B,und stiehlt die Wertsachen.,0,0.5,0,2.6,1.5,6.4,das,Schloss,"Im Handumdrehen knackt der Einbrecher, der die Akte durchblättert hat, das",0.20347765,SE,Qwen/Qwen3-Embedding-8B
166,167,Schloss,42,C,und stiehlt die Wertsachen.,0,0.0,0,7.0,1.8,1.6,das,Schloss,"Im Handumdrehen kopiert der Einbrecher, der den Zahlencode erraten hat, das",0.18695533,SE,Qwen/Qwen3-Embedding-8B
167,168,Schloss,42,D,und stiehlt die Wertsachen.,0,0.0,0,2.6,1.5,1.6,das,Schloss,"Im Handumdrehen kopiert der Einbrecher, der die Akte durchblättert hat, das",0.18119423,SE,Qwen/Qwen3-Embedding-8B
168,169,Zwiebeln,43,A,und den Knoblauch.,0,0.25,1,5.7,2.3,6.2,die,Zwiebeln,"Routiniert hackte der Küchengehilfe, bevor er die Suppe umrührte, die",0.23776098,SE,Qwen/Qwen3-Embedding-8B
169,170,Zwiebeln,43,B,und den Knoblauch.,0,0.33,1,1.3,1.1,6.2,die,Zwiebeln,"Routiniert hackte der Küchengehilfe, bevor er das Radio einschaltete, die",0.23075123,SE,Qwen/Qwen3-Embedding-8B
170,171,Zwiebeln,43,C,und den Knoblauch.,0,0.0,1,5.7,2.3,1.3,die,Zwiebeln,"Routiniert schraubte der Küchengehilfe, bevor er die Suppe umrührte, die",0.22990893,SE,Qwen/Qwen3-Embedding-8B
171,172,Zwiebeln,43,D,und den Knoblauch.,0,0.0,1,1.3,1.1,1.3,die,Zwiebeln,"Routiniert schraubte der Küchengehilfe, bevor er das Radio einschaltete, die",0.22386716,SE,Qwen/Qwen3-Embedding-8B
172,173,Wachs,44,A,und fuhr mit der Arbeit fort.,0,0.83,1,6.7,2.3,6.3,das,Wachs,"Umsichtig schmolz der Kerzenzieher, nachdem er den Docht gekürzt hatte, das",0.33650312,SE,Qwen/Qwen3-Embedding-8B
173,174,Wachs,44,B,und fuhr mit der Arbeit fort.,0,0.83,1,1.5,1.4,6.3,das,Wachs,"Umsichtig schmolz der Kerzenzieher, nachdem er das Nähkästchen zugeklappt hatte, das",0.29653957,SE,Qwen/Qwen3-Embedding-8B
174,175,Wachs,44,C,und fuhr mit der Arbeit fort.,0,0.0,1,6.7,2.3,1.0,das,Wachs,"Umsichtig würzte der Kerzenzieher, nachdem er den Docht gekürzt hatte, das",0.3511263,SE,Qwen/Qwen3-Embedding-8B
175,176,Wachs,44,D,und fuhr mit der Arbeit fort.,0,0.0,1,1.5,1.4,1.0,das,Wachs,"Umsichtig würzte der Kerzenzieher, nachdem er das Nähkästchen zugeklappt hatte, das",0.29756075,SE,Qwen/Qwen3-Embedding-8B
176,177,Cocktail,45,A,für den Touristen.,0,0.5,0,6.2,1.4,6.9,den,Cocktail,"Gestern mixte der Barkeeper, der den Wodka geöffnet hatte, den",0.39654332,SE,Qwen/Qwen3-Embedding-8B
177,178,Cocktail,45,B,für den Touristen.,0,0.83,0,1.3,1.0,6.9,den,Cocktail,"Gestern mixte der Barkeeper, der den Boden gefegt hatte, den",0.36230627,SE,Qwen/Qwen3-Embedding-8B
178,179,Cocktail,45,C,für den Touristen.,0,0.0,0,6.2,1.4,1.6,den,Cocktail,"Gestern gründete der Barkeeper, der den Wodka geöffnet hatte, den",0.35402405,SE,Qwen/Qwen3-Embedding-8B
179,180,Cocktail,45,D,für den Touristen.,0,0.08,0,1.3,1.0,1.6,den,Cocktail,"Gestern gründete der Barkeeper, der den Boden gefegt hatte, den",0.3141829,SE,Qwen/Qwen3-Embedding-8B
180,181,Orchester,46,A,und das Streichquartett.,0,0.25,1,6.8,3.6,6.8,das,Orchester,"Am Abend dirigiert der Kapellmeister, der das Konzert eröffnet hat, das",0.32848787,SE,Qwen/Qwen3-Embedding-8B
181,182,Orchester,46,B,und das Streichquartett.,0,0.25,1,1.6,1.4,6.8,das,Orchester,"Am Abend dirigiert der Kapellmeister, der die Unterschriften gesammelt hat, das",0.35763878,SE,Qwen/Qwen3-Embedding-8B
182,183,Orchester,46,C,und das Streichquartett.,0,0.0,1,6.8,3.6,1.3,das,Orchester,"Am Abend vernichtet der Kapellmeister, der das Konzert eröffnet hat, das",0.30375722,SE,Qwen/Qwen3-Embedding-8B
183,184,Orchester,46,D,und das Streichquartett.,0,0.0,1,1.6,1.4,1.3,das,Orchester,"Am Abend vernichtet der Kapellmeister, der die Unterschriften gesammelt hat, das",0.2629856,SE,Qwen/Qwen3-Embedding-8B
184,185,Wort,47,A,und notiert es.,3,0.83,0,6.3,3.6,6.8,das,Wort,"Direkt buchstabiert der Sprachschüler, nachdem er das Buch aufgeschlagen hat, das",0.2680498,SE,Qwen/Qwen3-Embedding-8B
185,186,Wort,47,B,und notiert es.,3,0.67,0,3.0,2.7,6.8,das,Wort,"Direkt buchstabiert der Sprachschüler, nachdem er den Pausenhof verlassen hat, das",0.24880776,SE,Qwen/Qwen3-Embedding-8B
186,187,Wort,47,C,und notiert es.,3,0.0,0,6.3,3.6,1.7,das,Wort,"Direkt dekoriert der Sprachschüler, nachdem er das Buch aufgeschlagen hat, das",0.27209222,SE,Qwen/Qwen3-Embedding-8B
187,188,Wort,47,D,und notiert es.,3,0.0,0,3.0,2.7,1.7,das,Wort,"Direkt dekoriert der Sprachschüler, nachdem er den Pausenhof verlassen hat, das",0.24492031,SE,Qwen/Qwen3-Embedding-8B
188,189,Weide,48,A,mit einem Draht.,0,0.67,0,6.7,5.4,6.0,die,Weide,"Vorsichtig umzäunt der Schäfer, der die Schafe gehütet hat, die",0.35661137,SE,Qwen/Qwen3-Embedding-8B
189,190,Weide,48,B,mit einem Draht.,0,0.42,0,1.4,1.4,6.0,die,Weide,"Vorsichtig umzäunt der Schäfer, der das Mittagessen vergessen hat, die",0.32217488,SE,Qwen/Qwen3-Embedding-8B
190,191,Weide,48,C,mit einem Draht.,0,0.0,0,6.7,5.4,1.0,die,Weide,"Vorsichtig fälscht der Schäfer, der die Schafe gehütet hat, die",0.34678698,SE,Qwen/Qwen3-Embedding-8B
191,192,Weide,48,D,mit einem Draht.,0,0.0,0,1.4,1.4,1.0,die,Weide,"Vorsichtig fälscht der Schäfer, der das Mittagessen vergessen hat, die",0.31219965,SE,Qwen/Qwen3-Embedding-8B
192,193,Predigt,49,A,für die Gemeinde.,0,0.25,0,6.2,2.1,6.2,die,Predigt,"Nachdenklich hält der Pfarrer, nachdem er die Bibel aufgeschlagen hat, die",0.37753472,SE,Qwen/Qwen3-Embedding-8B
193,194,Predigt,49,B,für die Gemeinde.,0,0.5,0,1.6,2.9,6.2,die,Predigt,"Nachdenklich hält der Pfarrer, nachdem er die Brille aufgesetzt hat, die",0.36201924,SE,Qwen/Qwen3-Embedding-8B
194,195,Predigt,49,C,für die Gemeinde.,0,0.0,0,6.2,2.1,1.3,die,Predigt,"Nachdenklich leert der Pfarrer, nachdem er die Bibel aufgeschlagen hat, die",0.38868272,SE,Qwen/Qwen3-Embedding-8B
195,196,Predigt,49,D,für die Gemeinde.,0,0.0,0,1.6,2.9,1.3,die,Predigt,"Nachdenklich leert der Pfarrer, nachdem er die Brille aufgesetzt hat, die",0.37319717,SE,Qwen/Qwen3-Embedding-8B
196,197,Wohnung,50,A,mit neuen Möbeln.,0,0.5,0,7.0,2.7,6.8,die,Wohnung,"Unverzüglich möblierte der Vermieter, der den Mieter aufgenommen hatte, die",0.3780306,SE,Qwen/Qwen3-Embedding-8B
197,198,Wohnung,50,B,mit neuen Möbeln.,0,0.75,0,4.7,3.6,6.8,die,Wohnung,"Unverzüglich möblierte der Vermieter, der die Überweisung erhalten hatte, die",0.37192842,SE,Qwen/Qwen3-Embedding-8B
198,199,Wohnung,50,C,mit neuen Möbeln.,0,0.0,0,7.0,2.7,1.4,die,Wohnung,"Unverzüglich erntete der Vermieter, der den Mieter aufgenommen hatte, die",0.37213525,SE,Qwen/Qwen3-Embedding-8B
199,200,Wohnung,50,D,mit neuen Möbeln.,0,0.0,0,4.7,3.6,1.4,die,Wohnung,"Unverzüglich erntete der Vermieter, der die Überweisung erhalten hatte, die",0.33846253,SE,Qwen/Qwen3-Embedding-8B
200,201,Abzug,51,A,und trifft das Opfer.,2,0.5,0,3.2,4.4,5.9,den,Abzug,"Sofort betätigt der Killer, der das Ziel anvisiert hat, den",0.28718403,SE,Qwen/Qwen3-Embedding-8B
201,202,Abzug,51,B,und trifft das Opfer.,2,0.33,0,1.4,3.0,5.9,den,Abzug,"Sofort betätigt der Killer, der den Tee abgestellt hat, den",0.25904986,SE,Qwen/Qwen3-Embedding-8B
202,203,Abzug,51,C,und trifft das Opfer.,2,0.0,0,3.2,4.4,1.6,den,Abzug,"Sofort knickt der Killer, der das Ziel anvisiert hat, den",0.30159026,SE,Qwen/Qwen3-Embedding-8B
203,204,Abzug,51,D,und trifft das Opfer.,2,0.0,0,1.4,3.0,1.6,den,Abzug,"Sofort knickt der Killer, der den Tee abgestellt hat, den",0.26196215,SE,Qwen/Qwen3-Embedding-8B
204,205,Paket,52,A,mit der Arbeitskleidung.,0,0.42,1,6.7,4.4,6.5,das,Paket,"Heute überbringt der Bote, als er den Empfänger angetroffen hat, das",0.3016464,SE,Qwen/Qwen3-Embedding-8B
205,206,Paket,52,B,mit der Arbeitskleidung.,0,0.33,1,3.6,1.2,6.5,das,Paket,"Heute überbringt der Bote, als er das Foyer durchquert hat, das",0.30673283,SE,Qwen/Qwen3-Embedding-8B
206,207,Paket,52,C,mit der Arbeitskleidung.,0,0.0,1,6.7,4.4,1.3,das,Paket,"Heute erntet der Bote, als er den Empfänger angetroffen hat, das",0.348917,SE,Qwen/Qwen3-Embedding-8B
207,208,Paket,52,D,mit der Arbeitskleidung.,0,0.0,1,3.6,1.2,1.3,das,Paket,"Heute erntet der Bote, als er das Foyer durchquert hat, das",0.33981466,SE,Qwen/Qwen3-Embedding-8B
208,209,Tor,53,A,und jubelte über seinen Erfolg.,3,0.92,0,6.8,3.4,6.9,das,Tor,"Schnell schoss der Fußballspieler, der das Fußballfeld überquert hatte, das",0.1851606,SE,Qwen/Qwen3-Embedding-8B
209,210,Tor,53,B,und jubelte über seinen Erfolg.,3,0.67,0,1.6,2.7,6.9,das,Tor,"Schnell schoss der Fußballspieler, der die Jacke ausgezogen hatte, das",0.19650848,SE,Qwen/Qwen3-Embedding-8B
210,211,Tor,53,C,und jubelte über seinen Erfolg.,3,0.0,0,6.8,3.4,1.5,das,Tor,"Schnell spürte der Fußballspieler, der das Fußballfeld überquert hatte, das",0.15719278,SE,Qwen/Qwen3-Embedding-8B
211,212,Tor,53,D,und jubelte über seinen Erfolg.,3,0.0,0,1.6,2.7,1.5,das,Tor,"Schnell spürte der Fußballspieler, der die Jacke ausgezogen hatte, das",0.16559243,SE,Qwen/Qwen3-Embedding-8B
212,213,Flugzeug,54,A,durch die Wolken.,0,1.0,1,7.0,1.8,5.8,das,Flugzeug,"Konzentriert steuerte der Pilot, der die Stewardess gerufen hatte, das",0.34474397,SE,Qwen/Qwen3-Embedding-8B
213,214,Flugzeug,54,B,durch die Wolken.,0,0.92,1,1.6,3.4,5.8,das,Flugzeug,"Konzentriert steuerte der Pilot, der den Krimi gelesen hatte, das",0.36560157,SE,Qwen/Qwen3-Embedding-8B
214,215,Flugzeug,54,C,durch die Wolken.,0,0.0,1,7.0,1.8,3.1,das,Flugzeug,"Konzentriert faltete der Pilot, der die Stewardess gerufen hatte, das",0.35464332,SE,Qwen/Qwen3-Embedding-8B
215,216,Flugzeug,54,D,durch die Wolken.,0,0.08,1,1.6,3.4,3.1,das,Flugzeug,"Konzentriert faltete der Pilot, der den Krimi gelesen hatte, das",0.3492727,SE,Qwen/Qwen3-Embedding-8B
216,217,Skizze,55,A,für den Bauherrn.,0,0.42,0,6.4,6.5,6.7,die,Skizze,"Rasch entwarf der Architekt, bevor er den Bauplan erstellte, die",0.24165513,SE,Qwen/Qwen3-Embedding-8B
217,218,Skizze,55,B,für den Bauherrn.,0,0.25,0,4.3,4.7,6.7,die,Skizze,"Rasch entwarf der Architekt, bevor er den Vortrag schrieb, die",0.26952866,SE,Qwen/Qwen3-Embedding-8B
218,219,Skizze,55,C,für den Bauherrn.,0,0.0,0,6.4,6.5,1.2,die,Skizze,"Rasch schüttelte der Architekt, bevor er den Bauplan erstellte, die",0.27634573,SE,Qwen/Qwen3-Embedding-8B
219,220,Skizze,55,D,für den Bauherrn.,0,0.0,0,4.3,4.7,1.2,die,Skizze,"Rasch schüttelte der Architekt, bevor er den Vortrag schrieb, die",0.2901561,SE,Qwen/Qwen3-Embedding-8B
220,221,Kamin,56,A,und verlässt das Grundstück.,1,0.42,0,6.8,3.0,6.4,den,Kamin,"Geschwind kehrt der Schornsteinfeger, der den Rauch einatmet, den",0.3489924,SE,Qwen/Qwen3-Embedding-8B
221,222,Kamin,56,B,und verlässt das Grundstück.,1,0.17,0,3.0,1.3,6.4,den,Kamin,"Geschwind kehrt der Schornsteinfeger, der die Katze verscheucht, den",0.36137614,SE,Qwen/Qwen3-Embedding-8B
222,223,Kamin,56,C,und verlässt das Grundstück.,1,0.0,0,6.8,3.0,1.1,den,Kamin,"Geschwind wirft der Schornsteinfeger, der den Rauch einatmet, den",0.35085687,SE,Qwen/Qwen3-Embedding-8B
223,224,Kamin,56,D,und verlässt das Grundstück.,1,0.08,0,3.0,1.3,1.1,den,Kamin,"Geschwind wirft der Schornsteinfeger, der die Katze verscheucht, den",0.3733625,SE,Qwen/Qwen3-Embedding-8B
224,225,Wahl,57,A,zum Minister.,0,1.0,0,6.5,5.3,6.7,die,Wahl,"Vorgestern gewann der Politiker, der die Stimmen zählte, die",0.42948964,SE,Qwen/Qwen3-Embedding-8B
225,226,Wahl,57,B,zum Minister.,0,0.58,0,2.8,1.6,6.7,die,Wahl,"Vorgestern gewann der Politiker, der die Hände schüttelte, die",0.39881787,SE,Qwen/Qwen3-Embedding-8B
226,227,Wahl,57,C,zum Minister.,0,0.08,0,6.5,5.3,1.6,die,Wahl,"Vorgestern reparierte der Politiker, der die Stimmen zählte, die",0.40093523,SE,Qwen/Qwen3-Embedding-8B
227,228,Wahl,57,D,zum Minister.,0,0.0,0,2.8,1.6,1.6,die,Wahl,"Vorgestern reparierte der Politiker, der die Hände schüttelte, die",0.34082624,SE,Qwen/Qwen3-Embedding-8B
228,229,Foto,58,A,von der Unfallstelle.,0,0.67,0,6.7,2.1,6.7,das,Foto,"Sofort schoss der Reporter, der die Kamera bediente, das",0.3367558,SE,Qwen/Qwen3-Embedding-8B
229,230,Foto,58,B,von der Unfallstelle.,0,0.5,0,1.6,1.6,6.7,das,Foto,"Sofort schoss der Reporter, der die Zigarette rauchte, das",0.26166916,SE,Qwen/Qwen3-Embedding-8B
230,231,Foto,58,C,von der Unfallstelle.,0,0.0,0,6.7,2.1,1.7,das,Foto,"Sofort verspeiste der Reporter, der die Kamera bediente, das",0.29161748,SE,Qwen/Qwen3-Embedding-8B
231,232,Foto,58,D,von der Unfallstelle.,0,0.0,0,1.6,1.6,1.7,das,Foto,"Sofort verspeiste der Reporter, der die Zigarette rauchte, das",0.20613831,SE,Qwen/Qwen3-Embedding-8B
232,233,Programm,59,A,für seinen Boss.,0,0.5,0,6.9,5.8,6.7,das,Programm,"Unverzüglich entwickelte der Informatiker, der den Computer hochfuhr, das",0.30708283,SE,Qwen/Qwen3-Embedding-8B
233,234,Programm,59,B,für seinen Boss.,0,0.75,0,1.8,2.0,6.7,das,Programm,"Unverzüglich entwickelte der Informatiker, der den Energydrink trank, das",0.28986725,SE,Qwen/Qwen3-Embedding-8B
234,235,Programm,59,C,für seinen Boss.,0,0.0,0,6.9,5.8,4.5,das,Programm,"Unverzüglich trocknete der Informatiker, der den Computer hochfuhr, das",0.31903407,SE,Qwen/Qwen3-Embedding-8B
235,236,Programm,59,D,für seinen Boss.,0,0.0,0,1.8,2.0,4.5,das,Programm,"Unverzüglich trocknete der Informatiker, der den Energydrink trank, das",0.26772386,SE,Qwen/Qwen3-Embedding-8B
236,237,Urteil,60,A,und schloss die Verhandlung.,0,1.0,1,7.0,4.5,6.7,das,Urteil,"Nun verkündete der Richter, nachdem er den Angeklagten hereingerufen hatte, das",0.40617654,SE,Qwen/Qwen3-Embedding-8B
237,238,Urteil,60,B,und schloss die Verhandlung.,0,1.0,1,1.9,2.8,6.7,das,Urteil,"Nun verkündete der Richter, nachdem er die Lesebrille aufgesetzt hatte, das",0.40701404,SE,Qwen/Qwen3-Embedding-8B
238,239,Urteil,60,C,und schloss die Verhandlung.,0,0.0,1,7.0,4.5,1.7,das,Urteil,"Nun roch der Richter, nachdem er den Angeklagten hereingerufen hatte, das",0.3923356,SE,Qwen/Qwen3-Embedding-8B
239,240,Urteil,60,D,und schloss die Verhandlung.,0,0.0,1,1.9,2.8,1.7,das,Urteil,"Nun roch der Richter, nachdem er die Lesebrille aufgesetzt hatte, das",0.39188677,SE,Qwen/Qwen3-Embedding-8B
240,241,Prüfung,61,A,in Mathematik.,0,0.58,0,6.6,5.0,5.8,die,Prüfung,"Zunächst bestand der Student, der das Studium wiederaufnahm, die",0.31587616,SE,Qwen/Qwen3-Embedding-8B
241,242,Prüfung,61,B,in Mathematik.,0,0.25,0,2.0,1.3,5.8,die,Prüfung,"Zunächst bestand der Student, der das Jackett auszog, die",0.28685263,SE,Qwen/Qwen3-Embedding-8B
242,243,Prüfung,61,C,in Mathematik.,0,0.0,0,6.6,5.0,3.4,die,Prüfung,"Zunächst kochte der Student, der das Studium wiederaufnahm, die",0.26070046,SE,Qwen/Qwen3-Embedding-8B
243,244,Prüfung,61,D,in Mathematik.,0,0.0,0,2.0,1.3,3.4,die,Prüfung,"Zunächst kochte der Student, der das Jackett auszog, die",0.24660209,SE,Qwen/Qwen3-Embedding-8B
244,245,Lied,62,A,über die Vergangenheit.,1,0.58,1,6.3,1.3,7.0,das,Lied,"Konzentriert sang der Sänger, der das Mikrofon umklammerte, das",0.2859805,SE,Qwen/Qwen3-Embedding-8B
245,246,Lied,62,B,über die Vergangenheit.,1,0.58,1,1.9,1.5,7.0,das,Lied,"Konzentriert sang der Sänger, der den Hut abnahm, das",0.30523032,SE,Qwen/Qwen3-Embedding-8B
246,247,Lied,62,C,über die Vergangenheit.,1,0.0,1,6.3,1.3,1.1,das,Lied,"Konzentriert reparierte der Sänger, der das Mikrofon umklammerte, das",0.2777879,SE,Qwen/Qwen3-Embedding-8B
247,248,Lied,62,D,über die Vergangenheit.,1,0.0,1,1.9,1.5,1.1,das,Lied,"Konzentriert reparierte der Sänger, der den Hut abnahm, das",0.29578415,SE,Qwen/Qwen3-Embedding-8B
248,249,Farbe,63,A,für den nächsten Auftrag.,0,0.92,1,6.9,3.5,6.3,die,Farbe,"Zufrieden mischte der Anstreicher, der die Pinsel gewaschen hatte, die",0.30253872,SE,Qwen/Qwen3-Embedding-8B
249,250,Farbe,63,B,für den nächsten Auftrag.,0,1.0,1,3.5,1.8,6.3,die,Farbe,"Zufrieden mischte der Anstreicher, der die Plätzchen gegessen hatte, die",0.28087226,SE,Qwen/Qwen3-Embedding-8B
250,251,Farbe,63,C,für den nächsten Auftrag.,0,0.0,1,6.9,3.5,1.4,die,Farbe,"Zufrieden würzte der Anstreicher, der die Pinsel gewaschen hatte, die",0.27365807,SE,Qwen/Qwen3-Embedding-8B
251,252,Farbe,63,D,für den nächsten Auftrag.,0,0.0,1,3.5,1.8,1.4,die,Farbe,"Zufrieden würzte der Anstreicher, der die Plätzchen gegessen hatte, die",0.2420269,SE,Qwen/Qwen3-Embedding-8B
252,253,Blumen,64,A,im Blumenkasten.,0,0.58,1,6.2,5.8,7.0,die,Blumen,"Einen Moment lang gießt der Gärtner, der den Dünger verteilt hat, die",0.32028088,SE,Qwen/Qwen3-Embedding-8B
253,254,Blumen,64,B,im Blumenkasten.,0,0.5,1,2.0,1.4,7.0,die,Blumen,"Einen Moment lang gießt der Gärtner, der die Opernmusik angestellt hat, die",0.32214507,SE,Qwen/Qwen3-Embedding-8B
254,255,Blumen,64,C,im Blumenkasten.,0,0.0,1,6.2,5.8,1.7,die,Blumen,"Einen Moment lang ölt der Gärtner, der den Dünger verteilt hat, die",0.30264625,SE,Qwen/Qwen3-Embedding-8B
255,256,Blumen,64,D,im Blumenkasten.,0,0.0,1,2.0,1.4,1.7,die,Blumen,"Einen Moment lang ölt der Gärtner, der die Opernmusik angestellt hat, die",0.2947056,SE,Qwen/Qwen3-Embedding-8B
256,257,Hecke,65,A,um das Grundstück.,2,0.5,1,6.6,1.9,6.5,die,Hecke,"Gestern Nachmittag stutzte der Landschaftsgärtner, der die Gartenschere geschärft hatte, die",0.20851877,SE,Qwen/Qwen3-Embedding-8B
257,258,Hecke,65,B,um das Grundstück.,2,0.58,1,1.4,1.8,6.5,die,Hecke,"Gestern Nachmittag stutzte der Landschaftsgärtner, der die Sonnenbrille aufgesetzt hatte, die",0.22016947,SE,Qwen/Qwen3-Embedding-8B
258,259,Hecke,65,C,um das Grundstück.,2,0.0,1,6.6,1.9,1.3,die,Hecke,"Gestern Nachmittag bezahlte der Landschaftsgärtner, der die Gartenschere geschärft hatte, die",0.22532058,SE,Qwen/Qwen3-Embedding-8B
259,260,Hecke,65,D,um das Grundstück.,2,0.0,1,1.4,1.8,1.3,die,Hecke,"Gestern Nachmittag bezahlte der Landschaftsgärtner, der die Sonnenbrille aufgesetzt hatte, die",0.23850398,SE,Qwen/Qwen3-Embedding-8B
260,261,Feld,66,A,mit einem Gaul.,2,0.92,0,6.8,2.1,6.2,das,Feld,"Früher beackerte der Landwirt, der den Traktor gestartet hatte, das",0.29366827,SE,Qwen/Qwen3-Embedding-8B
261,262,Feld,66,B,mit einem Gaul.,2,0.67,0,3.9,1.1,6.2,das,Feld,"Früher beackerte der Landwirt, der den Sonnenhut aufgesetzt hatte, das",0.2955286,SE,Qwen/Qwen3-Embedding-8B
262,263,Feld,66,C,mit einem Gaul.,2,0.0,0,6.8,2.1,2.5,das,Feld,"Früher kopierte der Landwirt, der den Traktor gestartet hatte, das",0.2599714,SE,Qwen/Qwen3-Embedding-8B
263,264,Feld,66,D,mit einem Gaul.,2,0.0,0,3.9,1.1,2.5,das,Feld,"Früher kopierte der Landwirt, der den Sonnenhut aufgesetzt hatte, das",0.26530525,SE,Qwen/Qwen3-Embedding-8B
264,265,Schuh,67,A,und polierte ihn.,1,0.5,0,6.4,4.1,4.9,den,Schuh,"Heute Morgen flickte der Schuster, der den Absatz ausgetauscht hatte, den",0.3986676,SE,Qwen/Qwen3-Embedding-8B
265,266,Schuh,67,B,und polierte ihn.,1,0.75,0,1.2,1.0,4.9,den,Schuh,"Heute Morgen flickte der Schuster, der die Sirene gehört hatte, den",0.35304675,SE,Qwen/Qwen3-Embedding-8B
266,267,Schuh,67,C,und polierte ihn.,1,0.0,0,6.4,4.1,1.0,den,Schuh,"Heute Morgen schmeckte der Schuster, der den Absatz ausgetauscht hatte, den",0.40109417,SE,Qwen/Qwen3-Embedding-8B
267,268,Schuh,67,D,und polierte ihn.,1,0.0,0,1.2,1.0,1.0,den,Schuh,"Heute Morgen schmeckte der Schuster, der die Sirene gehört hatte, den",0.33310762,SE,Qwen/Qwen3-Embedding-8B
268,269,Koffer,68,A,für die Kreuzfahrt.,1,0.83,0,6.6,3.5,6.9,den,Koffer,"Schnell packte der Urlauber, als er die Klamotten gefaltet hatte, den",0.397938,SE,Qwen/Qwen3-Embedding-8B
269,270,Koffer,68,B,für die Kreuzfahrt.,1,0.5,0,1.2,1.9,6.9,den,Koffer,"Schnell packte der Urlauber, als er die Gardinen aufgezogen hatte, den",0.32523733,SE,Qwen/Qwen3-Embedding-8B
270,271,Koffer,68,C,für die Kreuzfahrt.,1,0.0,0,6.6,3.5,1.2,den,Koffer,"Schnell rührte der Urlauber, als er die Klamotten gefaltet hatte, den",0.39384902,SE,Qwen/Qwen3-Embedding-8B
271,272,Koffer,68,D,für die Kreuzfahrt.,1,0.0,0,1.2,1.9,1.2,den,Koffer,"Schnell rührte der Urlauber, als er die Gardinen aufgezogen hatte, den",0.30647278,SE,Qwen/Qwen3-Embedding-8B
272,273,Honig,69,A,aus den Waben.,0,1.0,1,6.9,1.0,5.5,den,Honig,"Sorgfältig erntet der Imker, nachdem er den Bienenstock erreicht hat, den",0.40974328,SE,Qwen/Qwen3-Embedding-8B
273,274,Honig,69,B,aus den Waben.,0,0.92,1,2.8,1.1,5.5,den,Honig,"Sorgfältig erntet der Imker, nachdem er das Haus verlassen hat, den",0.4278977,SE,Qwen/Qwen3-Embedding-8B
274,275,Honig,69,C,aus den Waben.,0,0.0,1,6.9,1.0,1.2,den,Honig,"Sorgfältig näht der Imker, nachdem er den Bienenstock erreicht hat, den",0.37432206,SE,Qwen/Qwen3-Embedding-8B
275,276,Honig,69,D,aus den Waben.,0,0.0,1,2.8,1.1,1.2,den,Honig,"Sorgfältig näht der Imker, nachdem er das Haus verlassen hat, den",0.3859319,SE,Qwen/Qwen3-Embedding-8B
276,277,Gewehr,70,A,und zielt erneut.,0,0.42,1,6.4,6.1,6.0,das,Gewehr,"Vorsichtig lädt der Jäger, der die Munition verschossen hat, das",0.42042276,SE,Qwen/Qwen3-Embedding-8B
277,278,Gewehr,70,B,und zielt erneut.,0,0.5,1,1.4,1.3,6.0,das,Gewehr,"Vorsichtig lädt der Jäger, der den Campingplatz verlassen hat, das",0.33264473,SE,Qwen/Qwen3-Embedding-8B
278,279,Gewehr,70,C,und zielt erneut.,0,0.0,1,6.4,6.1,1.3,das,Gewehr,"Vorsichtig schneidet der Jäger, der die Munition verschossen hat, das",0.4188331,SE,Qwen/Qwen3-Embedding-8B
279,280,Gewehr,70,D,und zielt erneut.,0,0.0,1,1.4,1.3,1.3,das,Gewehr,"Vorsichtig schneidet der Jäger, der den Campingplatz verlassen hat, das",0.3117058,SE,Qwen/Qwen3-Embedding-8B
280,281,Mörtel,71,A,für die Mauer.,0,0.42,0,6.1,4.0,6.0,den,Mörtel,"Vorsichtig mischte der Maurer, der die Backsteine aufeinanderlegte, den",0.43621817,SE,Qwen/Qwen3-Embedding-8B
281,282,Mörtel,71,B,für die Mauer.,0,0.25,0,1.4,1.0,6.0,den,Mörtel,"Vorsichtig mischte der Maurer, der die Nachbarn belauschte, den",0.35563543,SE,Qwen/Qwen3-Embedding-8B
282,283,Mörtel,71,C,für die Mauer.,0,0.0,0,6.1,4.0,1.3,den,Mörtel,"Vorsichtig schrieb der Maurer, der die Backsteine aufeinanderlegte, den",0.4066272,SE,Qwen/Qwen3-Embedding-8B
283,284,Mörtel,71,D,für die Mauer.,0,0.0,0,1.4,1.0,1.3,den,Mörtel,"Vorsichtig schrieb der Maurer, der die Nachbarn belauschte, den",0.30476975,SE,Qwen/Qwen3-Embedding-8B
284,285,Mehl,72,A,aus dem Korn.,2,0.67,0,6.9,1.4,5.9,das,Mehl,"Vorgestern mahlte der Müller, der die Mühle betrieb, das",0.32745528,SE,Qwen/Qwen3-Embedding-8B
285,286,Mehl,72,B,aus dem Korn.,2,0.5,0,1.0,1.1,5.9,das,Mehl,"Vorgestern mahlte der Müller, der das Lied pfiff, das",0.270142,SE,Qwen/Qwen3-Embedding-8B
286,287,Mehl,72,C,aus dem Korn.,2,0.0,0,6.9,1.4,2.4,das,Mehl,"Vorgestern verzierte der Müller, der die Mühle betrieb, das",0.2840133,SE,Qwen/Qwen3-Embedding-8B
287,288,Mehl,72,D,aus dem Korn.,2,0.17,0,1.0,1.1,2.4,das,Mehl,"Vorgestern verzierte der Müller, der das Lied pfiff, das",0.21327008,SE,Qwen/Qwen3-Embedding-8B
288,289,Kuh,73,A,und brachte ihr frisches Heu.,0,1.0,0,7.0,4.5,6.8,die,Kuh,"Vorsichtig melkte der Viehzüchter, nachdem er den Stall ausgemistet hatte, die",0.18891363,SE,Qwen/Qwen3-Embedding-8B
289,290,Kuh,73,B,und brachte ihr frisches Heu.,0,0.75,0,3.1,1.0,6.8,die,Kuh,"Vorsichtig melkte der Viehzüchter, nachdem er das Gemüse sortiert hatte, die",0.20095345,SE,Qwen/Qwen3-Embedding-8B
290,291,Kuh,73,C,und brachte ihr frisches Heu.,0,0.0,0,7.0,4.5,1.4,die,Kuh,"Vorsichtig kleidete der Viehzüchter, nachdem er den Stall ausgemistet hatte, die",0.1594436,SE,Qwen/Qwen3-Embedding-8B
291,292,Kuh,73,D,und brachte ihr frisches Heu.,0,0.08,0,3.1,1.0,1.4,die,Kuh,"Vorsichtig kleidete der Viehzüchter, nachdem er das Gemüse sortiert hatte, die",0.17495742,SE,Qwen/Qwen3-Embedding-8B
292,293,Bett,74,A,und das Kissen.,0,0.92,0,6.9,4.7,6.9,das,Bett,"Zuerst bezog der Hotelangestellte, nachdem er den Bezug entfaltet hatte, das",0.20942794,SE,Qwen/Qwen3-Embedding-8B
293,294,Bett,74,B,und das Kissen.,0,0.67,0,1.1,1.8,6.9,das,Bett,"Zuerst bezog der Hotelangestellte, nachdem er den Hamburger verspeist hatte, das",0.17582613,SE,Qwen/Qwen3-Embedding-8B
294,295,Bett,74,C,und das Kissen.,0,0.08,0,6.9,4.7,1.2,das,Bett,"Zuerst fälschte der Hotelangestellte, nachdem er den Bezug entfaltet hatte, das",0.19420294,SE,Qwen/Qwen3-Embedding-8B
295,296,Bett,74,D,und das Kissen.,0,0.0,0,1.1,1.8,1.2,das,Bett,"Zuerst fälschte der Hotelangestellte, nachdem er den Hamburger verspeist hatte, das",0.17927657,SE,Qwen/Qwen3-Embedding-8B
296,297,Ziel,75,A,und durchtrennt die Ziellinie.,1,0.92,0,6.0,5.8,6.6,das,Ziel,"Augenblicklich erreicht der Sprinter, der das Rennen gewinnt, das",0.27698067,SE,Qwen/Qwen3-Embedding-8B
297,298,Ziel,75,B,und durchtrennt die Ziellinie.,1,0.75,0,1.9,2.7,6.6,das,Ziel,"Augenblicklich erreicht der Sprinter, der den Wind genießt, das",0.29761702,SE,Qwen/Qwen3-Embedding-8B
298,299,Ziel,75,C,und durchtrennt die Ziellinie.,1,0.0,0,6.0,5.8,1.9,das,Ziel,"Augenblicklich reinigt der Sprinter, der das Rennen gewinnt, das",0.2564449,SE,Qwen/Qwen3-Embedding-8B
299,300,Ziel,75,D,und durchtrennt die Ziellinie.,1,0.0,0,1.9,2.7,1.9,das,Ziel,"Augenblicklich reinigt der Sprinter, der den Wind genießt, das",0.29920223,SE,Qwen/Qwen3-Embedding-8B
300,301,Welle,76,A,bis zum Strand.,0,0.58,0,5.1,1.3,7.0,die,Welle,"Direkt surft der Surfer, der die Badehose angezogen hat, die",0.33423233,SE,Qwen/Qwen3-Embedding-8B
301,302,Welle,76,B,bis zum Strand.,0,0.42,0,3.2,1.3,7.0,die,Welle,"Direkt surft der Surfer, der den Tagesausflug unternommen hat, die",0.32845423,SE,Qwen/Qwen3-Embedding-8B
302,303,Welle,76,C,bis zum Strand.,0,0.0,0,5.1,1.3,1.5,die,Welle,"Direkt reserviert der Surfer, der die Badehose angezogen hat, die",0.29561123,SE,Qwen/Qwen3-Embedding-8B
303,304,Welle,76,D,bis zum Strand.,0,0.0,0,3.2,1.3,1.5,die,Welle,"Direkt reserviert der Surfer, der den Tagesausflug unternommen hat, die",0.27498478,SE,Qwen/Qwen3-Embedding-8B
304,305,Fahrkarten,77,A,der Pendler.,0,0.5,1,6.7,3.3,6.6,die,Fahrkarten,"Gut gelaunt kontrollierte der Schaffner, der das Zugabteil betreten hatte, die",0.32991725,SE,Qwen/Qwen3-Embedding-8B
305,306,Fahrkarten,77,B,der Pendler.,0,0.42,1,2.8,2.4,6.6,die,Fahrkarten,"Gut gelaunt kontrollierte der Schaffner, der die Mittagspause beendet hatte, die",0.31976748,SE,Qwen/Qwen3-Embedding-8B
306,307,Fahrkarten,77,C,der Pendler.,0,0.0,1,6.7,3.3,1.3,die,Fahrkarten,"Gut gelaunt zitierte der Schaffner, der das Zugabteil betreten hatte, die",0.32911137,SE,Qwen/Qwen3-Embedding-8B
307,308,Fahrkarten,77,D,der Pendler.,0,0.0,1,2.8,2.4,1.3,die,Fahrkarten,"Gut gelaunt zitierte der Schaffner, der die Mittagspause beendet hatte, die",0.29031923,SE,Qwen/Qwen3-Embedding-8B
308,309,Leitung,78,A,im Gebäude.,0,0.5,1,6.8,4.5,6.2,die,Leitung,"Am Mittag verlegte der Elektriker, nachdem er den Strom abgeschaltet hatte, die",0.23544955,SE,Qwen/Qwen3-Embedding-8B
309,310,Leitung,78,B,im Gebäude.,0,0.41,1,2.2,3.4,6.2,die,Leitung,"Am Mittag verlegte der Elektriker, nachdem er den Anwohner informiert hatte, die",0.21797694,SE,Qwen/Qwen3-Embedding-8B
310,311,Leitung,78,C,im Gebäude.,0,0.0,1,6.8,4.5,1.5,die,Leitung,"Am Mittag verfasste der Elektriker, nachdem er den Strom abgeschaltet hatte, die",0.27932224,SE,Qwen/Qwen3-Embedding-8B
311,312,Leitung,78,D,im Gebäude.,0,0.0,1,2.2,3.4,1.5,die,Leitung,"Am Mittag verfasste der Elektriker, nachdem er den Anwohner informiert hatte, die",0.23957327,SE,Qwen/Qwen3-Embedding-8B
312,313,Segel,79,A,des großen Bootes.,3,0.42,1,5.5,4.4,5.8,die,Segel,"Langsam hisst der Matrose, nachdem er die Taue gekappt hat, die",0.2887488,SE,Qwen/Qwen3-Embedding-8B
313,314,Segel,79,B,des großen Bootes.,3,0.42,1,2.2,2.7,5.8,die,Segel,"Langsam hisst der Matrose, nachdem er die Handschuhe angezogen hat, die",0.26964206,SE,Qwen/Qwen3-Embedding-8B
314,315,Segel,79,C,des großen Bootes.,3,0.0,1,5.5,4.4,1.9,die,Segel,"Langsam verzehrt der Matrose, nachdem er die Taue gekappt hat, die",0.26672825,SE,Qwen/Qwen3-Embedding-8B
315,316,Segel,79,D,des großen Bootes.,3,0.0,1,2.2,2.7,1.9,die,Segel,"Langsam verzehrt der Matrose, nachdem er die Handschuhe angezogen hat, die",0.2439147,SE,Qwen/Qwen3-Embedding-8B
316,317,Gläser,80,A,und spricht mit dem Kollegen.,0,0.67,1,5.2,1.4,5.8,die,Gläser,"Direkt entspiegelt der Optiker, nachdem er den Sehtest durchgeführt hat, die",0.20995682,SE,Qwen/Qwen3-Embedding-8B
317,318,Gläser,80,B,und spricht mit dem Kollegen.,0,0.67,1,1.5,5.0,5.8,die,Gläser,"Direkt entspiegelt der Optiker, nachdem er die Jahresabrechnung aufgestellt hat, die",0.24525674,SE,Qwen/Qwen3-Embedding-8B
318,319,Gläser,80,C,und spricht mit dem Kollegen.,0,0.0,1,5.2,1.4,4.3,die,Gläser,"Direkt verschließt der Optiker, nachdem er den Sehtest durchgeführt hat, die",0.24706142,SE,Qwen/Qwen3-Embedding-8B
319,320,Gläser,80,D,und spricht mit dem Kollegen.,0,0.0,1,1.5,5.0,4.3,die,Gläser,"Direkt verschließt der Optiker, nachdem er die Jahresabrechnung aufgestellt hat, die",0.2580046,SE,Qwen/Qwen3-Embedding-8B
320,321,Korb,81,A,und holt einen Punkt.,0,0.83,0,6.0,4.8,4.8,den,Korb,"Auf der Stelle wirft der Basketballer, der den Ball gedribbelt hat, den",0.38761085,SE,Qwen/Qwen3-Embedding-8B
321,322,Korb,81,B,und holt einen Punkt.,0,0.5,0,2.9,1.8,4.8,den,Korb,"Auf der Stelle wirft der Basketballer, der die Sitzbank verlassen hat, den",0.3557068,SE,Qwen/Qwen3-Embedding-8B
322,323,Korb,81,C,und holt einen Punkt.,0,0.0,0,6.0,4.8,1.8,den,Korb,"Auf der Stelle bucht der Basketballer, der den Ball gedribbelt hat, den",0.3729058,SE,Qwen/Qwen3-Embedding-8B
323,324,Korb,81,D,und holt einen Punkt.,0,0.0,0,2.9,1.8,1.8,den,Korb,"Auf der Stelle bucht der Basketballer, der die Sitzbank verlassen hat, den",0.34141544,SE,Qwen/Qwen3-Embedding-8B
324,325,Muschel,82,A,und holt die Perle.,0,0.92,0,6.2,1.5,4.2,die,Muschel,"Ohne zu zögern knackt der Perlentaucher, der den Meeresgrund erreicht hat, die",0.34392574,SE,Qwen/Qwen3-Embedding-8B
325,326,Muschel,82,B,und holt die Perle.,0,0.75,0,1.0,1.2,4.2,die,Muschel,"Ohne zu zögern knackt der Perlentaucher, der die Taschenlampe angemacht hat, die",0.28124166,SE,Qwen/Qwen3-Embedding-8B
326,327,Muschel,82,C,und holt die Perle.,0,0.0,0,6.2,1.5,1.4,die,Muschel,"Ohne zu zögern verknotet der Perlentaucher, die den Meeresgrund erreicht hat, die",0.336854,SE,Qwen/Qwen3-Embedding-8B
327,328,Muschel,82,D,und holt die Perle.,0,0.0,0,1.0,1.2,1.4,die,Muschel,"Ohne zu zögern verknotet der Perlentaucher, der die Taschenlampe angemacht hat, die",0.28062597,SE,Qwen/Qwen3-Embedding-8B
328,329,Bogen,83,A,und feuert den Pfeil ab.,0,1.0,0,7.0,2.1,6.7,den,Bogen,"Umsichtig spannt der Schütze, der den Pfeil gespitzt hat, den",0.33790627,SE,Qwen/Qwen3-Embedding-8B
329,330,Bogen,83,B,und feuert den Pfeil ab.,0,0.67,0,1.5,1.2,6.7,den,Bogen,"Umsichtig spannt der Schütze, der das Laub zusammengekehrt hat, den",0.32093766,SE,Qwen/Qwen3-Embedding-8B
330,331,Bogen,83,C,und feuert den Pfeil ab.,0,0.08,0,7.0,2.1,1.2,den,Bogen,"Umsichtig tippt der Schütze, der den Pfeil gespitzt hat, den",0.3313568,SE,Qwen/Qwen3-Embedding-8B
331,332,Bogen,83,D,und feuert den Pfeil ab.,0,0.0,0,1.5,1.2,1.2,den,Bogen,"Umsichtig tippt der Schütze, der das Laub zusammengekehrt hat, den",0.30363834,SE,Qwen/Qwen3-Embedding-8B
332,333,Ziegel,84,A,und beendete den Arbeitstag.,0,0.58,1,7.0,4.8,4.2,die,Ziegel,"Schnell verlegte der Dachdecker, der das Dach abdeckte, die",0.32261986,SE,Qwen/Qwen3-Embedding-8B
333,334,Ziegel,84,B,und beendete den Arbeitstag.,0,0.5,1,1.2,1.6,4.2,die,Ziegel,"Schnell verlegte der Dachdecker, der den Ehering auszog, die",0.2950631,SE,Qwen/Qwen3-Embedding-8B
334,335,Ziegel,84,C,und beendete den Arbeitstag.,0,0.0,1,7.0,4.8,1.0,die,Ziegel,"Schnell naschte der Dachdecker, der das Dach abdeckte, die",0.338693,SE,Qwen/Qwen3-Embedding-8B
335,336,Ziegel,84,D,und beendete den Arbeitstag.,0,0.0,1,1.2,1.6,1.0,die,Ziegel,"Schnell naschte der Dachdecker, der den Ehering auszog, die",0.2879283,SE,Qwen/Qwen3-Embedding-8B
336,337,Kartons,85,A,und die Kisten.,0,0.58,1,6.5,1.9,5.5,die,Kartons,"Zuerst stapelt der Umzugshelfer, der den Umzugswagen gefahren hat, die",0.3140264,SE,Qwen/Qwen3-Embedding-8B
337,338,Kartons,85,B,und die Kisten.,0,0.67,1,4.4,1.1,5.5,die,Kartons,"Zuerst stapelt der Umzugshelfer, der die Firma gegründet hat, die",0.27912706,SE,Qwen/Qwen3-Embedding-8B
338,339,Kartons,85,C,und die Kisten.,0,0.0,1,6.5,1.9,2.0,die,Kartons,"Zuerst serviert der Umzugshelfer, der den Umzugswagen gefahren hat, die",0.2719964,SE,Qwen/Qwen3-Embedding-8B
339,340,Kartons,85,D,und die Kisten.,0,0.0,1,4.4,1.1,2.0,die,Kartons,"Zuerst serviert der Umzugshelfer, der die Firma gegründet hat, die",0.2398719,SE,Qwen/Qwen3-Embedding-8B
340,341,Unterricht,86,A,und wurde erwischt.,2,0.5,0,7.0,5.9,6.7,den,Unterricht,"Heute früh schwänzte der Schüler, der die Klasse wiederholt hatte, den",0.3151754,SE,Qwen/Qwen3-Embedding-8B
341,342,Unterricht,86,B,und wurde erwischt.,2,0.33,0,3.8,1.8,6.7,den,Unterricht,"Heute früh schwänzte der Schüler, der das Handy verloren hatte, den",0.25054818,SE,Qwen/Qwen3-Embedding-8B
342,343,Unterricht,86,C,und wurde erwischt.,2,0.0,0,7.0,5.9,1.7,den,Unterricht,"Heute früh dekorierte der Schüler, der die Klasse wiederholt hatte, den",0.3742699,SE,Qwen/Qwen3-Embedding-8B
343,344,Unterricht,86,D,und wurde erwischt.,2,0.0,0,3.8,1.8,1.7,den,Unterricht,"Heute früh dekorierte der Schüler, der das Handy verloren hatte, den",0.3233552,SE,Qwen/Qwen3-Embedding-8B
344,345,Ausweis,87,A,und ließ die Frau in den Club.,0,0.33,1,6.4,3.3,6.6,den,Ausweis,"Am Abend kontrollierte der Türsteher, der den Geldbeutel durchsuchte, den",0.24328291,SE,Qwen/Qwen3-Embedding-8B
345,346,Ausweis,87,B,und ließ die Frau in den Club.,0,0.25,1,2.0,1.2,6.6,den,Ausweis,"Am Abend kontrollierte der Türsteher, der die Nachtluft genoss, den",0.18558235,SE,Qwen/Qwen3-Embedding-8B
346,347,Ausweis,87,C,und ließ die Frau in den Club.,0,0.0,1,6.4,3.3,1.5,den,Ausweis,"Am Abend probierte der Türsteher, der den Geldbeutel durchsuchte, den",0.24702464,SE,Qwen/Qwen3-Embedding-8B
347,348,Ausweis,87,D,und ließ die Frau in den Club.,0,0.0,1,2.0,1.2,1.5,den,Ausweis,"Am Abend probierte der Türsteher, der die Nachtluft genoss, den",0.17523654,SE,Qwen/Qwen3-Embedding-8B
348,349,Windel,88,A,und warf sie in den Abfall.,0,0.92,1,6.7,2.4,6.5,die,Windel,"Umsichtig wechselte der Babysitter, der das Baby geweckt hatte, die",0.35393253,SE,Qwen/Qwen3-Embedding-8B
349,350,Windel,88,B,und warf sie in den Abfall.,0,0.83,1,1.0,1.1,6.5,die,Windel,"Umsichtig wechselte der Babysitter, der den Obstsalat zubereitet hatte, die",0.34214675,SE,Qwen/Qwen3-Embedding-8B
350,351,Windel,88,C,und warf sie in den Abfall.,0,0.08,1,6.7,2.4,1.5,die,Windel,"Umsichtig bastelte der Babysitter, der das Baby geweckt hatte, die",0.32804316,SE,Qwen/Qwen3-Embedding-8B
351,352,Windel,88,D,und warf sie in den Abfall.,0,0.0,1,1.0,1.1,1.5,die,Windel,"Umsichtig bastelte der Babysitter, der den Obstsalat zubereitet hatte, die",0.30894548,SE,Qwen/Qwen3-Embedding-8B
352,353,Gewichte,89,A,in die Höhe.,0,0.5,1,6.7,1.6,6.7,die,Gewichte,"Langsam stemmte der Bodybuilder, der das Fitnessstudio betreten hatte, die",0.34267974,SE,Qwen/Qwen3-Embedding-8B
353,354,Gewichte,89,B,in die Höhe.,0,0.42,1,1.7,2.0,6.7,die,Gewichte,"Langsam stemmte der Bodybuilder, der das Licht angemacht hatte, die",0.3193677,SE,Qwen/Qwen3-Embedding-8B
354,355,Gewichte,89,C,in die Höhe.,0,0.0,1,6.7,1.6,2.0,die,Gewichte,"Langsam verdaute der Bodybuilder, der das Fitnessstudio betreten hatte, die",0.31693074,SE,Qwen/Qwen3-Embedding-8B
355,356,Gewichte,89,D,in die Höhe.,0,0.0,1,1.7,2.0,2.0,die,Gewichte,"Langsam verdaute der Bodybuilder, der das Licht angemacht hatte, die",0.3099055,SE,Qwen/Qwen3-Embedding-8B
356,357,Rohr,90,A,im Badezimmer.,0,0.17,1,6.4,1.5,5.5,das,Rohr,"Umsichtig repariert der Klempner, der das Wasser ausgestellt hat, das",0.2672469,SE,Qwen/Qwen3-Embedding-8B
357,358,Rohr,90,B,im Badezimmer.,0,0.25,1,1.3,4.6,5.5,das,Rohr,"Umsichtig repariert der Klempner, der den Kirchenchor geleitet hat, das",0.26509959,SE,Qwen/Qwen3-Embedding-8B
358,359,Rohr,90,C,im Badezimmer.,0,0.0,1,6.4,1.5,1.1,das,Rohr,"Umsichtig nascht der Klempner, der das Wasser ausgestellt hat, das",0.30084673,SE,Qwen/Qwen3-Embedding-8B
359,360,Rohr,90,D,im Badezimmer.,0,0.0,1,1.3,4.6,1.1,das,Rohr,"Umsichtig nascht der Klempner, der den Kirchenchor geleitet hat, das",0.25628328,SE,Qwen/Qwen3-Embedding-8B
360,361,Artikel,91,A,für die nächste Ausgabe.,0,0.5,0,6.4,1.5,6.1,den,Artikel,"Schnell schreibt der Journalist, der die Recherche durchgeführt hat, den",0.39637908,SE,Qwen/Qwen3-Embedding-8B
361,362,Artikel,91,B,für die nächste Ausgabe.,0,0.25,0,2.5,5.4,6.1,den,Artikel,"Schnell schreibt der Journalist, der das Portemonnaie gefunden hat, den",0.379164,SE,Qwen/Qwen3-Embedding-8B
362,363,Artikel,91,C,für die nächste Ausgabe.,0,0.0,0,6.4,1.5,2.3,den,Artikel,"Schnell lenkt der Journalist, der die Recherche durchgeführt hat, den",0.34567365,SE,Qwen/Qwen3-Embedding-8B
363,364,Artikel,91,D,für die nächste Ausgabe.,0,0.0,0,2.5,5.4,2.3,den,Artikel,"Schnell lenkt der Journalist, der das Portemonnaie gefunden hat, den",0.32322982,SE,Qwen/Qwen3-Embedding-8B
364,365,Reifen,92,A,an seinem Rad.,0,0.67,1,6.8,4.1,6.7,den,Reifen,"Heute Morgen flickte der Radler, der die Luftpumpe benutzt hatte, den",0.35561827,SE,Qwen/Qwen3-Embedding-8B
365,366,Reifen,92,B,an seinem Rad.,0,0.67,1,1.2,1.8,6.7,den,Reifen,"Heute Morgen flickte der Radler, der den Schrank abgeschlossen hatte, den",0.33146673,SE,Qwen/Qwen3-Embedding-8B
366,367,Reifen,92,C,an seinem Rad.,0,0.0,1,6.8,4.1,1.1,den,Reifen,"Heute Morgen trank der Radler, der die Luftpumpe benutzt hatte, den",0.33384442,SE,Qwen/Qwen3-Embedding-8B
367,368,Reifen,92,D,an seinem Rad.,0,0.0,1,1.2,1.8,1.1,den,Reifen,"Heute Morgen trank der Radler, der den Schrank abgeschlossen hatte, den",0.30477187,SE,Qwen/Qwen3-Embedding-8B
368,369,Briefkasten,93,A,und fährt weiter.,2,0.58,1,6.2,1.3,6.3,den,Briefkasten,"Umgehend entleert der Postbote, der das Postauto geparkt hat, den",0.43632632,SE,Qwen/Qwen3-Embedding-8B
369,370,Briefkasten,93,B,und fährt weiter.,2,0.58,1,2.5,2.0,6.3,den,Briefkasten,"Umgehend entleert der Postbote, der den Kugelschreiber verloren hat, den",0.41719753,SE,Qwen/Qwen3-Embedding-8B
370,371,Briefkasten,93,C,und fährt weiter.,2,0.0,1,6.2,1.3,1.1,den,Briefkasten,"Umgehend verdrückt der Postbote, der das Postauto geparkt hat, den",0.41414508,SE,Qwen/Qwen3-Embedding-8B
371,372,Briefkasten,93,D,und fährt weiter.,2,0.0,1,2.5,2.0,1.1,den,Briefkasten,"Umgehend verdrückt der Postbote, der den Kugelschreiber verloren hat, den",0.40156242,SE,Qwen/Qwen3-Embedding-8B
372,373,Drogen,94,A,für die nächste Woche.,0,0.5,1,6.8,2.2,4.7,die,Drogen,"Hektisch kauft der Junkie, der den Dealer angerufen hat, die",0.36890352,SE,Qwen/Qwen3-Embedding-8B
373,374,Drogen,94,B,für die nächste Woche.,0,0.5,1,2.1,2.2,4.7,die,Drogen,"Hektisch kauft der Junkie, der die Kapuze aufgezogen hat, die",0.35463136,SE,Qwen/Qwen3-Embedding-8B
374,375,Drogen,94,C,für die nächste Woche.,0,0.0,1,6.8,2.2,1.1,die,Drogen,"Hektisch näht der Junkie, der den Dealer angerufen hat, die",0.3339328,SE,Qwen/Qwen3-Embedding-8B
375,376,Drogen,94,D,für die nächste Woche.,0,0.08,1,2.1,2.2,1.1,die,Drogen,"Hektisch näht der Junkie, der die Kapuze aufgezogen hat, die",0.32993916,SE,Qwen/Qwen3-Embedding-8B
376,377,Tonne,95,A,und sprang auf den Müllwagen.,0,0.75,1,6.4,1.8,5.8,die,Tonne,"Zügig leerte der Müllmann, der den Müllwagen geparkt hatte, die",0.20940018,SE,Qwen/Qwen3-Embedding-8B
377,378,Tonne,95,B,und sprang auf den Müllwagen.,0,0.75,1,4.2,1.1,5.8,die,Tonne,"Zügig leerte der Müllmann, der den Hausbesitzer gegrüßt hatte, die",0.17367227,SE,Qwen/Qwen3-Embedding-8B
378,379,Tonne,95,C,und sprang auf den Müllwagen.,0,0.0,1,6.4,1.8,1.8,die,Tonne,"Zügig bastelte der Müllmann, der den Müllwagen geparkt hatte, die",0.1927808,SE,Qwen/Qwen3-Embedding-8B
379,380,Tonne,95,D,und sprang auf den Müllwagen.,0,0.0,1,4.2,1.1,1.8,die,Tonne,"Zügig bastelte der Müllmann, der den Hausbesitzer gegrüßt hatte, die",0.160839,SE,Qwen/Qwen3-Embedding-8B
380,381,Peitsche,96,A,und gab die Sporen.,2,0.58,1,6.0,5.6,5.8,die,Peitsche,"Hektisch knallte der Reiter, der das Pferd ritt, die",0.30057266,SE,Qwen/Qwen3-Embedding-8B
381,382,Peitsche,96,B,und gab die Sporen.,2,0.5,1,1.2,1.2,5.8,die,Peitsche,"Hektisch knallte der Reiter, der die Landschaft durchquerte, die",0.29360285,SE,Qwen/Qwen3-Embedding-8B
382,383,Peitsche,96,C,und gab die Sporen.,2,0.0,1,6.0,5.6,1.1,die,Peitsche,"Hektisch verfasste der Reiter, der das Pferd ritt, die",0.27825722,SE,Qwen/Qwen3-Embedding-8B
383,384,Peitsche,96,D,und gab die Sporen.,2,0.0,1,1.2,1.2,1.1,die,Peitsche,"Hektisch verfasste der Reiter, der die Landschaft durchquerte, die",0.2673134,SE,Qwen/Qwen3-Embedding-8B
384,385,Waffe,97,A,und verlangte das Geld.,0,0.58,1,3.9,6.5,6.1,die,Waffe,"Nach kurzem Überlegen zückte der Gangster, der die Bank überfiel, die",0.2298476,SE,Qwen/Qwen3-Embedding-8B
385,386,Waffe,97,B,und verlangte das Geld.,0,0.58,1,1.3,1.1,6.1,die,Waffe,"Nach kurzem Überlegen zückte der Gangster, der den Bus betrat, die",0.2465713,SE,Qwen/Qwen3-Embedding-8B
386,387,Waffe,97,C,und verlangte das Geld.,0,0.0,1,3.9,6.5,1.4,die,Waffe,"Nach kurzem Überlegen gründete der Gangster, der die Bank überfiel, die",0.1762663,SE,Qwen/Qwen3-Embedding-8B
387,388,Waffe,97,D,und verlangte das Geld.,0,0.0,1,1.3,1.1,1.4,die,Waffe,"Nach kurzem Überlegen gründete der Gangster, der den Bus betrat, die",0.21082883,SE,Qwen/Qwen3-Embedding-8B
388,389,Schiff,98,A,und übernahm das Kommando.,0,0.92,1,6.2,5.1,6.8,das,Schiff,"Zufrieden kaperte der Pirat, der die Flagge hisste, das",0.31974268,SE,Qwen/Qwen3-Embedding-8B
389,390,Schiff,98,B,und übernahm das Kommando.,0,0.92,1,2.3,1.4,6.8,das,Schiff,"Zufrieden kaperte der Pirat, der die Fehde austrug, das",0.34622487,SE,Qwen/Qwen3-Embedding-8B
390,391,Schiff,98,C,und übernahm das Kommando.,0,0.0,1,6.2,5.1,1.1,das,Schiff,"Zufrieden verrührte der Pirat, der die Flagge hisste, das",0.31175467,SE,Qwen/Qwen3-Embedding-8B
391,392,Schiff,98,D,und übernahm das Kommando.,0,0.0,1,2.3,1.4,1.1,das,Schiff,"Zufrieden verrührte der Pirat, der die Fehde austrug, das",0.31524426,SE,Qwen/Qwen3-Embedding-8B
392,393,Aktie,99,A,und berichtet seinem Auftraggeber.,0,0.75,1,6.9,1.1,6.5,die,Aktie,"Sofort kauft der Börsenmakler, der die Börse betreten hat, die",0.3404465,SE,Qwen/Qwen3-Embedding-8B
393,394,Aktie,99,B,und berichtet seinem Auftraggeber.,0,0.83,1,1.4,1.6,6.5,die,Aktie,"Sofort kauft der Börsenmakler, der den Whiskey eingeschenkt hat, die",0.30386046,SE,Qwen/Qwen3-Embedding-8B
394,395,Aktie,99,C,und berichtet seinem Auftraggeber.,0,0.0,1,6.9,1.1,1.4,die,Aktie,"Sofort knabbert der Börsenmakler, der die Börse betreten hat, die",0.36401388,SE,Qwen/Qwen3-Embedding-8B
395,396,Aktie,99,D,und berichtet seinem Auftraggeber.,0,0.0,1,1.4,1.6,1.4,die,Aktie,"Sofort knabbert der Börsenmakler, der den Whiskey eingeschenkt hat, die",0.3123527,SE,Qwen/Qwen3-Embedding-8B
396,397,Loch,100,A,in die Decke.,0,1.0,0,6.5,2.0,6.9,das,Loch,"Gestern bohrte der Handwerker, der die Bohrmaschine hielt, das",0.32214743,SE,Qwen/Qwen3-Embedding-8B
397,398,Loch,100,B,in die Decke.,0,0.75,0,1.4,1.7,6.9,das,Loch,"Gestern bohrte der Handwerker, der das Kaugummi kaute, das",0.25355077,SE,Qwen/Qwen3-Embedding-8B
398,399,Loch,100,C,in die Decke.,0,0.0,0,6.5,2.0,3.9,das,Loch,"Gestern warf der Handwerker, der die Bohrmaschine hielt, das",0.25165704,SE,Qwen/Qwen3-Embedding-8B
399,400,Loch,100,D,in die Decke.,0,0.0,0,1.4,1.7,3.9,das,Loch,"Gestern warf der Handwerker, der das Kaugummi kaute, das",0.203708,SE,Qwen/Qwen3-Embedding-8B
400,401,Blutdruck,101,A,und den Blutzucker.,3,0.58,1,6.8,1.6,6.7,den,Blutdruck,"Am Morgen misst der Arzthelfer, der das Messgerät hält, den",0.38865918,SE,Qwen/Qwen3-Embedding-8B
401,402,Blutdruck,101,B,und den Blutzucker.,3,0.58,1,2.3,1.6,6.7,den,Blutdruck,"Am Morgen misst der Arzthelfer, der den Bildschirm anstellt, den",0.33266562,SE,Qwen/Qwen3-Embedding-8B
402,403,Blutdruck,101,C,und den Blutzucker.,3,0.0,1,6.8,1.6,1.4,den,Blutdruck,"Am Morgen kauft der Arzthelfer, der das Messgerät hält, den",0.33510375,SE,Qwen/Qwen3-Embedding-8B
403,404,Blutdruck,101,D,und den Blutzucker.,3,0.0,1,2.3,1.6,1.4,den,Blutdruck,"Am Morgen kauft der Arzthelfer, der den Bildschirm anstellt, den",0.26667795,SE,Qwen/Qwen3-Embedding-8B
404,405,Tuch,102,A,und machte sich bereit.,0,0.67,0,6.3,3.5,2.7,das,Tuch,"Konzentriert schwang der Torero, der den Stier verwundet hatte, das",0.2425225,SE,Qwen/Qwen3-Embedding-8B
405,406,Tuch,102,B,und machte sich bereit.,0,0.83,0,4.1,1.8,2.7,das,Tuch,"Konzentriert schwang der Torero, der das Gebet aufgesagt hatte, das",0.27330157,SE,Qwen/Qwen3-Embedding-8B
406,407,Tuch,102,C,und machte sich bereit.,0,0.0,0,6.3,3.5,2.6,das,Tuch,"Konzentriert befüllte der Torero, der den Stier verwundet hatte, das",0.2520159,SE,Qwen/Qwen3-Embedding-8B
407,408,Tuch,102,D,und machte sich bereit.,0,0.0,0,4.1,1.8,2.6,das,Tuch,"Konzentriert befüllte der Torero, der das Gebet aufgesagt hatte, das",0.28204983,SE,Qwen/Qwen3-Embedding-8B
408,409,Schwert,103,A,und griff den Gegner an.,0,0.92,1,6.2,1.5,5.9,das,Schwert,"Angespannt zückte der Ritter, nachdem er den Kampf begonnen hatte, das",0.35831237,SE,Qwen/Qwen3-Embedding-8B
409,410,Schwert,103,B,und griff den Gegner an.,0,0.92,1,1.1,1.0,5.9,das,Schwert,"Angespannt zückte der Ritter, nachdem er die Brücke überquert hatte, das",0.34862792,SE,Qwen/Qwen3-Embedding-8B
410,411,Schwert,103,C,und griff den Gegner an.,0,0.0,1,6.2,1.5,1.1,das,Schwert,"Angespannt kaute der Ritter, nachdem er den Kampf begonnen hatte, das",0.31865212,SE,Qwen/Qwen3-Embedding-8B
411,412,Schwert,103,D,und griff den Gegner an.,0,0.08,1,1.1,1.0,1.1,das,Schwert,"Angespannt kaute der Ritter, nachdem er die Brücke überquert hatte, das",0.31082985,SE,Qwen/Qwen3-Embedding-8B
412,413,Rettungswagen,104,A,in Richtung des Krankenhauses.,0,0.75,0,6.8,2.6,4.7,den,Rettungswagen,"Wachsam steuert der Sanitäter, der das Blaulicht eingeschaltet hat, den",0.44752544,SE,Qwen/Qwen3-Embedding-8B
413,414,Rettungswagen,104,B,in Richtung des Krankenhauses.,0,0.58,0,1.3,1.2,4.7,den,Rettungswagen,"Wachsam steuert der Sanitäter, der den Notizblock weggelegt hat, den",0.39502138,SE,Qwen/Qwen3-Embedding-8B
414,415,Rettungswagen,104,C,in Richtung des Krankenhauses.,0,0.0,0,6.8,2.6,1.0,den,Rettungswagen,"Wachsam kopiert der Sanitäter, der das Blaulicht eingeschaltet hat, den",0.3953938,SE,Qwen/Qwen3-Embedding-8B
415,416,Rettungswagen,104,D,in Richtung des Krankenhauses.,0,0.0,0,1.3,1.2,1.0,den,Rettungswagen,"Wachsam kopiert der Sanitäter, der den Notizblock weggelegt hat, den",0.36130652,SE,Qwen/Qwen3-Embedding-8B
416,417,Aussage,105,A,und wendete sich an seinen Anwalt.,0,1.0,0,6.4,3.5,6.3,die,Aussage,"Ohne zu zögern verweigerte der Zeuge, der den Angeklagten wiedererkannte, die",0.2102672,SE,Qwen/Qwen3-Embedding-8B
417,418,Aussage,105,B,und wendete sich an seinen Anwalt.,0,0.83,0,1.1,1.6,6.3,die,Aussage,"Ohne zu zögern verweigerte der Zeuge, der den Gehstock umklammerte, die",0.26275054,SE,Qwen/Qwen3-Embedding-8B
418,419,Aussage,105,C,und wendete sich an seinen Anwalt.,0,0.0,0,6.4,3.5,2.6,die,Aussage,"Ohne zu zögern bestellte der Zeuge, der den Angeklagten wiedererkannte, die",0.22382024,SE,Qwen/Qwen3-Embedding-8B
419,420,Aussage,105,D,und wendete sich an seinen Anwalt.,0,0.0,0,1.1,1.6,2.6,die,Aussage,"Ohne zu zögern bestellte der Zeuge, der den Gehstock umklammerte, die",0.2631403,SE,Qwen/Qwen3-Embedding-8B
420,421,Schlittschuhe,106,A,und begibt sich auf die Eisfläche.,2,1.0,0,6.7,2.0,6.1,die,Schlittschuhe,"Sogleich schnürt der Eiskunstläufer, der die Eishalle erreicht hat, die",0.4179323,SE,Qwen/Qwen3-Embedding-8B
421,422,Schlittschuhe,106,B,und begibt sich auf die Eisfläche.,2,0.75,0,1.5,1.1,6.1,die,Schlittschuhe,"Sogleich schnürt der Eiskunstläufer, der das Bonbon gelutscht hat, die",0.42191562,SE,Qwen/Qwen3-Embedding-8B
422,423,Schlittschuhe,106,C,und begibt sich auf die Eisfläche.,2,0.0,0,6.7,2.0,1.6,die,Schlittschuhe,"Sogleich zerbricht der Eiskunstläufer, der die Eishalle erreicht hat, die",0.38047835,SE,Qwen/Qwen3-Embedding-8B
423,424,Schlittschuhe,106,D,und begibt sich auf die Eisfläche.,2,0.08,0,1.5,1.1,1.6,die,Schlittschuhe,"Sogleich zerbricht der Eiskunstläufer, der das Bonbon gelutscht hat, die",0.38252848,SE,Qwen/Qwen3-Embedding-8B
424,425,Lasso,107,A,und fängt das Tier ein.,0,0.33,0,5.4,4.5,6.5,das,Lasso,"Gut gelaunt schwingt der Cowboy, nachdem er das Pferd gesattelt hatte, das",0.31452098,SE,Qwen/Qwen3-Embedding-8B
425,426,Lasso,107,B,und fängt das Tier ein.,0,0.75,0,1.3,1.6,6.5,das,Lasso,"Gut gelaunt schwingt der Cowboy, nachdem er den Kameraden gerufen hat, das",0.3675234,SE,Qwen/Qwen3-Embedding-8B
426,427,Lasso,107,C,und fängt das Tier ein.,0,0.0,0,5.4,4.5,1.1,das,Lasso,"Gut gelaunt zerhackt der Cowboy, nachdem er das Pferd gesattelt hatte, das",0.3162323,SE,Qwen/Qwen3-Embedding-8B
427,428,Lasso,107,D,und fängt das Tier ein.,0,0.0,0,1.3,1.6,1.1,das,Lasso,"Gut gelaunt zerhackt der Cowboy, nachdem er den Kameraden gerufen hat, das",0.3333501,SE,Qwen/Qwen3-Embedding-8B
428,429,Drehbuch,108,A,für die Serie.,2,0.33,0,6.6,4.4,6.0,das,Drehbuch,"Entspannt schrieb der Regisseur, der den Plot konstruiert hatte, das",0.47493234,SE,Qwen/Qwen3-Embedding-8B
429,430,Drehbuch,108,B,für die Serie.,2,0.75,0,1.1,1.3,6.0,das,Drehbuch,"Entspannt schrieb der Regisseur, der den Kamin angemacht hatte, das",0.40837115,SE,Qwen/Qwen3-Embedding-8B
430,431,Drehbuch,108,C,für die Serie.,2,0.0,0,6.6,4.4,1.1,das,Drehbuch,"Entspannt verzehrte der Regisseur, der den Plot konstruiert hatte, das",0.35636383,SE,Qwen/Qwen3-Embedding-8B
431,432,Drehbuch,108,D,für die Serie.,2,0.0,0,1.1,1.3,1.1,das,Drehbuch,"Entspannt verzehrte der Regisseur, der den Kamin angemacht hatte, das",0.2636456,SE,Qwen/Qwen3-Embedding-8B
432,433,Stern,109,A,am Firmament.,0,0.58,1,5.7,2.4,4.9,den,Stern,"Sofort entdeckt der Astronom, der das Teleskop aufgestellt hat, den",0.30828118,SE,Qwen/Qwen3-Embedding-8B
433,434,Stern,109,B,am Firmament.,0,0.58,1,3.0,1.9,4.9,den,Stern,"Sofort entdeckt der Astronom, der die Uhrzeit notiert hat, den",0.31147265,SE,Qwen/Qwen3-Embedding-8B
434,435,Stern,109,C,am Firmament.,0,0.0,1,5.7,2.4,1.4,den,Stern,"Sofort serviert der Astronom, der das Teleskop aufgestellt hat, den",0.31352308,SE,Qwen/Qwen3-Embedding-8B
435,436,Stern,109,D,am Firmament.,0,0.0,1,3.0,1.9,1.4,den,Stern,"Sofort serviert der Astronom, der die Uhrzeit notiert hat, den",0.33997086,SE,Qwen/Qwen3-Embedding-8B
436,437,Anker,110,A,und verließ den Hafen.,0,0.5,1,6.4,2.0,6.9,den,Anker,"Gestern lichtete der Seemann, der das Boot kommandierte, den",0.22419646,SE,Qwen/Qwen3-Embedding-8B
437,438,Anker,110,B,und verließ den Hafen.,0,0.58,1,1.0,4.1,6.9,den,Anker,"Gestern lichtete der Seemann, der den Atem anhielt, den",0.2233537,SE,Qwen/Qwen3-Embedding-8B
438,439,Anker,110,C,und verließ den Hafen.,0,0.0,1,6.4,2.0,1.0,den,Anker,"Gestern kochte der Seemann, der das Boot kommandierte, den",0.24084052,SE,Qwen/Qwen3-Embedding-8B
439,440,Anker,110,D,und verließ den Hafen.,0,0.0,1,1.0,4.1,1.0,den,Anker,"Gestern kochte der Seemann, der den Atem anhielt, den",0.27920294,SE,Qwen/Qwen3-Embedding-8B
440,441,Seil,111,A,um den Aufstieg abzusichern.,2,0.58,0,4.6,1.6,6.1,das,Seil,"Am Vormittag knotete der Bergsteiger, nachdem er den Haken festgebohrt hatte, das",0.37927073,SE,Qwen/Qwen3-Embedding-8B
441,442,Seil,111,B,um den Aufstieg abzusichern.,2,0.75,0,1.4,1.6,6.1,das,Seil,"Am Vormittag knotete der Bergsteiger, nachdem er die Krähe verscheucht hatte, das",0.36373666,SE,Qwen/Qwen3-Embedding-8B
442,443,Seil,111,C,um den Aufstieg abzusichern.,2,0.0,0,4.6,1.6,1.2,das,Seil,"Am Vormittag roch der Bergsteiger, nachdem er den Haken festgebohrt hatte, das",0.33793274,SE,Qwen/Qwen3-Embedding-8B
443,444,Seil,111,D,um den Aufstieg abzusichern.,2,0.0,0,1.4,1.6,1.2,das,Seil,"Am Vormittag roch der Bergsteiger, nachdem er die Krähe verscheucht hatte, das",0.28413585,SE,Qwen/Qwen3-Embedding-8B
444,445,Rouletterad,112,A,und verrät die nächste Zahl.,0,0.67,0,6.3,2.1,6.1,das,Rouletterad,"Entspannt dreht der Croupier, der den Spieltisch vorbereitet hat, das",0.4040696,SE,Qwen/Qwen3-Embedding-8B
445,446,Rouletterad,112,B,und verrät die nächste Zahl.,0,0.33,0,2.0,1.3,6.1,das,Rouletterad,"Entspannt dreht der Croupier, der die Frau beeindruckt hat, das",0.39758247,SE,Qwen/Qwen3-Embedding-8B
446,447,Rouletterad,112,C,und verrät die nächste Zahl.,0,0.0,0,6.3,2.1,1.1,das,Rouletterad,"Entspannt schlürft der Croupier, der den Spieltisch vorbereitet hat, das",0.3760329,SE,Qwen/Qwen3-Embedding-8B
447,448,Rouletterad,112,D,und verrät die nächste Zahl.,0,0.0,0,2.0,1.3,1.1,das,Rouletterad,"Entspannt schlürft der Croupier, der die Frau beeindruckt hat, das",0.3506422,SE,Qwen/Qwen3-Embedding-8B
448,449,Nägel,113,A,und lackierte sie.,0,0.75,0,6.9,1.7,6.8,die,Nägel,"Neulich feilte die Kosmetikerin, während sie die Maniküre durchführte, die",0.41500172,SE,Qwen/Qwen3-Embedding-8B
449,450,Nägel,113,B,und lackierte sie.,0,1.0,0,1.3,1.0,6.8,die,Nägel,"Neulich feilte die Kosmetikerin, während sie das Gespräch belauschte, die",0.27615416,SE,Qwen/Qwen3-Embedding-8B
450,451,Nägel,113,C,und lackierte sie.,0,0.08,0,6.9,1.7,5.5,die,Nägel,"Neulich baute die Kosmetikerin, während sie die Maniküre durchführte, die",0.38018376,SE,Qwen/Qwen3-Embedding-8B
451,452,Nägel,113,D,und lackierte sie.,0,0.0,0,1.3,1.0,5.5,die,Nägel,"Neulich baute die Kosmetikerin, während sie das Gespräch belauschte, die",0.25113276,SE,Qwen/Qwen3-Embedding-8B
452,453,Zukunft,114,A,der Familie.,0,0.58,1,6.7,3.9,6.8,die,Zukunft,"Sogleich prophezeite der Wahrsager, der die Kristallkugel befragt hatte, die",0.25274605,SE,Qwen/Qwen3-Embedding-8B
453,454,Zukunft,114,B,der Familie.,0,0.58,1,1.4,1.1,6.8,die,Zukunft,"Sogleich prophezeite der Wahrsager, der die Kerze angezündet hatte, die",0.2247322,SE,Qwen/Qwen3-Embedding-8B
454,455,Zukunft,114,C,der Familie.,0,0.0,1,6.7,3.9,1.5,die,Zukunft,"Sogleich würzte der Wahrsager, der die Kristallkugel befragt hatte, die",0.2272597,SE,Qwen/Qwen3-Embedding-8B
455,456,Zukunft,114,D,der Familie.,0,0.0,1,1.4,1.1,1.5,die,Zukunft,"Sogleich würzte der Wahrsager, der die Kerze angezündet hatte, die",0.21010464,SE,Qwen/Qwen3-Embedding-8B
456,457,Ausgrabung,115,A,in der Ruine.,0,0.92,0,6.6,5.3,3.0,die,Ausgrabung,"Heute beginnt der Archäologe, der die Schaufel hervorgeholt hat, die",0.42080247,SE,Qwen/Qwen3-Embedding-8B
457,458,Ausgrabung,115,B,in der Ruine.,0,0.5,0,1.3,2.5,3.0,die,Ausgrabung,"Heute beginnt der Archäologe, der das Taxi genommen hat, die",0.37692714,SE,Qwen/Qwen3-Embedding-8B
458,459,Ausgrabung,115,C,in der Ruine.,0,0.0,0,6.6,5.3,1.5,die,Ausgrabung,"Heute raspelt der Archäologe, der die Schaufel hervorgeholt hat, die",0.39169452,SE,Qwen/Qwen3-Embedding-8B
459,460,Ausgrabung,115,D,in der Ruine.,0,0.0,0,1.3,2.5,1.5,die,Ausgrabung,"Heute raspelt der Archäologe, der das Taxi genommen hat, die",0.3815044,SE,Qwen/Qwen3-Embedding-8B
460,461,Strauß,116,A,für die Hochzeit.,0,0.92,1,6.8,3.9,6.5,den,Strauß,"Zügig bindet der Florist, der die Rosen gezüchtet hat, den",0.34812012,SE,Qwen/Qwen3-Embedding-8B
461,462,Strauß,116,B,für die Hochzeit.,0,0.92,1,2.6,1.6,6.5,den,Strauß,"Zügig bindet der Florist, der die Fenster geschlossen hat, den",0.30398488,SE,Qwen/Qwen3-Embedding-8B
462,463,Strauß,116,C,für die Hochzeit.,0,0.0,1,6.8,3.9,1.0,den,Strauß,"Zügig ölt der Florist, der die Rosen gezüchtet hat, den",0.33274555,SE,Qwen/Qwen3-Embedding-8B
463,464,Strauß,116,D,für die Hochzeit.,0,0.0,1,2.6,1.6,1.0,den,Strauß,"Zügig ölt der Florist, der die Fenster geschlossen hat, den",0.31409544,SE,Qwen/Qwen3-Embedding-8B
464,465,Rolle,117,A,für das Theaterstück.,0,0.75,1,6.1,3.8,5.8,die,Rolle,"Umgehend spielt der Schauspieler, der das Skript auswendig gelernt hat, die",0.19370021,SE,Qwen/Qwen3-Embedding-8B
465,466,Rolle,117,B,für das Theaterstück.,0,0.67,1,2.3,4.6,5.8,die,Rolle,"Umgehend spielt der Schauspieler, der die Torte gebacken hat, die",0.22802608,SE,Qwen/Qwen3-Embedding-8B
466,467,Rolle,117,C,für das Theaterstück.,0,0.0,1,6.1,3.8,2.5,die,Rolle,"Umgehend schnibbelt der Schauspieler, der das Skript auswendig gelernt hat, die",0.20012444,SE,Qwen/Qwen3-Embedding-8B
467,468,Rolle,117,D,für das Theaterstück.,0,0.0,1,2.3,4.6,2.5,die,Rolle,"Umgehend schnibbelt der Schauspieler, der die Torte gebacken hat, die",0.2223781,SE,Qwen/Qwen3-Embedding-8B
468,469,Sendung,118,A,für den Fernsehkanal.,0,0.42,0,6.4,6.3,6.7,die,Sendung,"Am Abend moderiert der Moderator, der die Zuschauer unterhält, die",0.30329937,SE,Qwen/Qwen3-Embedding-8B
469,470,Sendung,118,B,für den Fernsehkanal.,0,0.17,0,2.0,1.5,6.7,die,Sendung,"Am Abend moderiert der Moderator, der die Weltmeere bereist, die",0.2916417,SE,Qwen/Qwen3-Embedding-8B
470,471,Sendung,118,C,für den Fernsehkanal.,0,0.0,0,6.4,6.3,3.7,die,Sendung,"Am Abend wiegt der Moderator, der die Zuschauer unterhält, die",0.34307972,SE,Qwen/Qwen3-Embedding-8B
471,472,Sendung,118,D,für den Fernsehkanal.,0,0.0,0,2.0,1.5,3.7,die,Sendung,"Am Abend wiegt der Moderator, der die Weltmeere bereist, die",0.31694996,SE,Qwen/Qwen3-Embedding-8B
472,473,Stück,119,A,für seine nächste Sonate.,0,0.25,0,4.8,4.1,6.9,das,Stück,"Ohne zu zögern komponierte der Musiker, der die Noten aufschrieb, das",0.31396973,SE,Qwen/Qwen3-Embedding-8B
473,474,Stück,119,B,für seine nächste Sonate.,0,0.42,0,1.7,2.1,6.9,das,Stück,"Ohne zu zögern komponierte der Musiker, der die Fragen beantwortete, das",0.31981558,SE,Qwen/Qwen3-Embedding-8B
474,475,Stück,119,C,für seine nächste Sonate.,0,0.0,0,4.8,4.1,4.2,das,Stück,"Ohne zu zögern grillte der Musiker, der die Noten aufschrieb, das",0.35147962,SE,Qwen/Qwen3-Embedding-8B
475,476,Stück,119,D,für seine nächste Sonate.,0,0.08,0,1.7,2.1,4.2,das,Stück,"Ohne zu zögern grillte der Musiker, der die Fragen beantwortete, das",0.31704536,SE,Qwen/Qwen3-Embedding-8B
476,477,Bild,120,A,in seinem Atelier.,2,0.58,1,6.6,2.3,7.0,das,Bild,"Fröhlich malte der Künstler, der die Leinwand aufgespannt hatte, das",0.2655263,SE,Qwen/Qwen3-Embedding-8B
477,478,Bild,120,B,in seinem Atelier.,2,0.58,1,1.5,1.7,7.0,das,Bild,"Fröhlich malte der Künstler, der den Nachtisch zubereitet hatte, das",0.24137212,SE,Qwen/Qwen3-Embedding-8B
478,479,Bild,120,C,in seinem Atelier.,2,0.0,1,6.6,2.3,2.2,das,Bild,"Fröhlich bewohnte der Künstler, der die Leinwand aufgespannt hatte, das",0.26683402,SE,Qwen/Qwen3-Embedding-8B
479,480,Bild,120,D,in seinem Atelier.,2,0.0,1,1.5,1.7,2.2,das,Bild,"Fröhlich bewohnte der Künstler, der den Nachtisch zubereitet hatte, das",0.21096024,SE,Qwen/Qwen3-Embedding-8B
0,1,Axt,1,A,und hackte die Holzscheite.,0,0.75,1,6.9,3.1,6.0,die,Axt,"Gestern schärfte der Holzfäller, bevor er das Holz stapelte, die",0.16362764,SE,sentence-transformers/stsb-xlm-r-multilingual
1,2,Axt,1,B,und hackte die Holzscheite.,0,0.67,1,3.1,1.2,6.0,die,Axt,"Gestern schärfte der Holzfäller, bevor er den Film schaute, die",0.11055589,SE,sentence-transformers/stsb-xlm-r-multilingual
2,3,Axt,1,C,und hackte die Holzscheite.,0,0.0,1,6.9,3.1,1.4,die,Axt,"Gestern aß der Holzfäller, bevor er das Holz stapelte, die",0.013233745,SE,sentence-transformers/stsb-xlm-r-multilingual
3,4,Axt,1,D,und hackte die Holzscheite.,0,0.0,1,3.1,1.2,1.4,die,Axt,"Gestern aß der Holzfäller, bevor er den Film schaute, die",-0.023569148,SE,sentence-transformers/stsb-xlm-r-multilingual
4,5,Messer,2,A,und rasiert den Kunden.,0,0.67,1,5.0,5.1,6.4,das,Messer,"Nachdenklich schärft der Barbier, nachdem er den Rasierschaum aufgetragen hat, das",0.41273808,SE,sentence-transformers/stsb-xlm-r-multilingual
5,6,Messer,2,B,und rasiert den Kunden.,0,0.75,1,1.2,1.4,6.4,das,Messer,"Nachdenklich schärft der Barbier, nachdem er die Topfpflanze gegossen hat, das",0.34563434,SE,sentence-transformers/stsb-xlm-r-multilingual
6,7,Messer,2,C,und rasiert den Kunden.,0,0.0,1,5.0,5.1,1.4,das,Messer,"Nachdenklich trinkt der Barbier, nachdem er den Rasierschaum aufgetragen hat, das",0.361163,SE,sentence-transformers/stsb-xlm-r-multilingual
7,8,Messer,2,D,und rasiert den Kunden.,0,0.0,1,1.2,1.4,1.4,das,Messer,"Nachdenklich trinkt der Barbier, nachdem er die Topfpflanze gegossen hat, das",0.29144686,SE,sentence-transformers/stsb-xlm-r-multilingual
8,9,Kaffee,3,A,und gießt die Milch dazu.,0,0.58,0,5.8,2.3,5.8,den,Kaffee,"Sogleich süßt der Kellner, nachdem er die Bestellung aufgenommen hat, den",0.2029829,SE,sentence-transformers/stsb-xlm-r-multilingual
9,10,Kaffee,3,B,und gießt die Milch dazu.,0,0.25,0,3.5,3.5,5.8,den,Kaffee,"Sogleich süßt der Kellner, nachdem er das Radio angemacht hat, den",0.2538151,SE,sentence-transformers/stsb-xlm-r-multilingual
10,11,Kaffee,3,C,und gießt die Milch dazu.,0,0.0,0,5.8,2.3,3.0,den,Kaffee,"Sogleich putzt der Kellner, nachdem er die Bestellung aufgenommen hat, den",0.1877785,SE,sentence-transformers/stsb-xlm-r-multilingual
11,12,Kaffee,3,D,und gießt die Milch dazu.,0,0.0,0,3.5,3.5,3.0,den,Kaffee,"Sogleich putzt der Kellner, nachdem er das Radio angemacht hat, den",0.26889282,SE,sentence-transformers/stsb-xlm-r-multilingual
12,13,Ofen,4,A,auf 180 Grad.,0,1.0,0,6.0,2.7,6.6,den,Ofen,"Vorsichtig erhitzt der Bäckerlehrling, nachdem er die Brötchen geformt hat, den",0.3148473,SE,sentence-transformers/stsb-xlm-r-multilingual
13,14,Ofen,4,B,auf 180 Grad.,0,0.75,0,2.4,1.3,6.6,den,Ofen,"Vorsichtig erhitzt der Bäckerlehrling, nachdem er die Fenster gekippt hat, den",0.29701513,SE,sentence-transformers/stsb-xlm-r-multilingual
14,15,Ofen,4,C,auf 180 Grad.,0,0.0,0,6.0,2.7,1.3,den,Ofen,"Vorsichtig schlürft der Bäckerlehrling, nachdem er die Brötchen geformt hat, den",0.19534764,SE,sentence-transformers/stsb-xlm-r-multilingual
15,16,Ofen,4,D,auf 180 Grad.,0,0.08,0,2.4,1.3,1.3,den,Ofen,"Vorsichtig schlürft der Bäckerlehrling, nachdem er die Fenster gekippt hat, den",0.14289401,SE,sentence-transformers/stsb-xlm-r-multilingual
16,17,Weinflasche,5,A,für die Weinprobe.,0,1.0,1,5.9,1.7,6.8,die,Weinflasche,"Zufrieden entkorkt der Winzer, der die Reben geschnitten hat, die",0.119647294,SE,sentence-transformers/stsb-xlm-r-multilingual
17,18,Weinflasche,5,B,für die Weinprobe.,0,1.0,1,2.0,2.7,6.8,die,Weinflasche,"Zufrieden entkorkt der Winzer, der die Lohnabrechnungen beendet hat, die",0.13836017,SE,sentence-transformers/stsb-xlm-r-multilingual
18,19,Weinflasche,5,C,für die Weinprobe.,0,0.08,1,5.9,1.7,1.0,die,Weinflasche,"Zufrieden glättet der Winzer, der die Reben geschnitten hat, die",0.07516914,SE,sentence-transformers/stsb-xlm-r-multilingual
19,20,Weinflasche,5,D,für die Weinprobe.,0,0.0,1,2.0,2.7,1.0,die,Weinflasche,"Zufrieden glättet der Winzer, der die Lohnabrechnungen beendet hat, die",0.08508014,SE,sentence-transformers/stsb-xlm-r-multilingual
20,21,Ticket,6,A,für die Fahrt.,0,0.33,1,6.7,2.3,6.3,das,Ticket,"Umgehend löst der Fahrgast, der den Automaten bedient, das",0.41785204,SE,sentence-transformers/stsb-xlm-r-multilingual
21,22,Ticket,6,B,für die Fahrt.,0,0.33,1,1.3,1.3,6.3,das,Ticket,"Umgehend löst der Fahrgast, der die Einkaufstasche abstellt, das",0.37757924,SE,sentence-transformers/stsb-xlm-r-multilingual
22,23,Ticket,6,C,für die Fahrt.,0,0.0,1,6.7,2.3,1.2,das,Ticket,"Umgehend knotet der Fahrgast, der den Automaten bedient, das",0.4342563,SE,sentence-transformers/stsb-xlm-r-multilingual
23,24,Ticket,6,D,für die Fahrt.,0,0.0,1,1.3,1.3,1.2,das,Ticket,"Umgehend knotet der Fahrgast, der die Einkaufstasche abstellt, das",0.40479863,SE,sentence-transformers/stsb-xlm-r-multilingual
24,25,Sieg,7,A,mit einer Party.,0,0.5,0,6.8,4.4,6.2,den,Sieg,"Am Abend feiert der Gewinner, der den Pokal erhält, den",0.40702176,SE,sentence-transformers/stsb-xlm-r-multilingual
25,26,Sieg,7,B,mit einer Party.,0,0.75,0,1.8,2.0,6.2,den,Sieg,"Am Abend feiert der Gewinner, der das Eis isst, den",0.4304375,SE,sentence-transformers/stsb-xlm-r-multilingual
26,27,Sieg,7,C,mit einer Party.,0,0.0,0,6.8,4.4,1.8,den,Sieg,"Am Abend knabbert der Gewinner, der den Pokal erhält, den",0.35972226,SE,sentence-transformers/stsb-xlm-r-multilingual
27,28,Sieg,7,D,mit einer Party.,0,0.0,0,1.8,2.0,1.8,den,Sieg,"Am Abend knabbert der Gewinner, der das Eis isst, den",0.27690056,SE,sentence-transformers/stsb-xlm-r-multilingual
28,29,Fisch,8,A,für das Abendessen.,1,0.83,1,7.0,4.9,6.9,den,Fisch,"Endlich fängt der Angler, der den Köder auswarf, den",0.3799857,SE,sentence-transformers/stsb-xlm-r-multilingual
29,30,Fisch,8,B,für das Abendessen.,1,0.83,1,2.0,1.2,6.9,den,Fisch,"Endlich fängt der Angler, der die Zeitung las, den",0.22316732,SE,sentence-transformers/stsb-xlm-r-multilingual
30,31,Fisch,8,C,für das Abendessen.,1,0.0,1,7.0,4.9,1.3,den,Fisch,"Endlich baut der Angler, der den Köder auswarf, den",0.33183363,SE,sentence-transformers/stsb-xlm-r-multilingual
31,32,Fisch,8,D,für das Abendessen.,1,0.0,1,2.0,1.2,1.3,den,Fisch,"Endlich baut der Angler, der die Zeitung las, den",0.17416579,SE,sentence-transformers/stsb-xlm-r-multilingual
32,33,Unkraut,9,A,und leerte den Kompost.,0,0.83,0,6.7,3.3,6.9,das,Unkraut,"Am Nachmittag jätete der Schrebergärtner, der das Beet pflegte, das",0.52070093,SE,sentence-transformers/stsb-xlm-r-multilingual
33,34,Unkraut,9,B,und leerte den Kompost.,0,0.67,0,3.3,1.4,6.9,das,Unkraut,"Am Nachmittag jätete der Schrebergärtner, der die Sonne genoss, das",0.43098176,SE,sentence-transformers/stsb-xlm-r-multilingual
34,35,Unkraut,9,C,und leerte den Kompost.,0,0.0,0,6.7,3.3,1.2,das,Unkraut,"Am Nachmittag polierte der Schrebergärtner, der das Beet pflegte, das",0.39980096,SE,sentence-transformers/stsb-xlm-r-multilingual
35,36,Unkraut,9,D,und leerte den Kompost.,0,0.0,0,3.3,1.4,1.2,das,Unkraut,"Am Nachmittag polierte der Schrebergärtner, der die Sonne genoss, das",0.3610268,SE,sentence-transformers/stsb-xlm-r-multilingual
36,37,Klassenzimmer,10,A,und nimmt ein Stück Kreide.,1,0.75,1,6.8,3.7,5.5,das,Klassenzimmer,"Eine Weile lüftet der Lehrer, bevor er die Tafel beschreibt, das",0.5987431,SE,sentence-transformers/stsb-xlm-r-multilingual
37,38,Klassenzimmer,10,B,und nimmt ein Stück Kreide.,1,0.75,1,1.9,2.6,5.5,das,Klassenzimmer,"Eine Weile lüftet der Lehrer, bevor er den Mantel aufhängt, das",0.42307815,SE,sentence-transformers/stsb-xlm-r-multilingual
38,39,Klassenzimmer,10,C,und nimmt ein Stück Kreide.,1,0.0,1,6.8,3.7,4.7,das,Klassenzimmer,"Eine Weile bastelt der Lehrer, bevor er die Tafel beschreibt, das",0.5750101,SE,sentence-transformers/stsb-xlm-r-multilingual
39,40,Klassenzimmer,10,D,und nimmt ein Stück Kreide.,1,0.0,1,1.9,2.6,4.7,das,Klassenzimmer,"Eine Weile bastelt der Lehrer, bevor er den Mantel aufhängt, das",0.39018834,SE,sentence-transformers/stsb-xlm-r-multilingual
40,41,Käse,11,A,und gibt Öl in die Pfanne.,0,0.5,1,5.2,4.6,6.4,den,Käse,"Schnell reibt der Chefkoch, während er die Nudeln kocht, den",0.003962449,SE,sentence-transformers/stsb-xlm-r-multilingual
41,42,Käse,11,B,und gibt Öl in die Pfanne.,0,0.58,1,1.7,1.2,6.4,den,Käse,"Schnell reibt der Chefkoch, während er die Nachrichten hört, den",0.07003777,SE,sentence-transformers/stsb-xlm-r-multilingual
42,43,Käse,11,C,und gibt Öl in die Pfanne.,0,0.0,1,5.2,4.6,1.1,den,Käse,"Schnell flickt der Chefkoch, während er die Nudeln kocht, den",0.0006451909,SE,sentence-transformers/stsb-xlm-r-multilingual
43,44,Käse,11,D,und gibt Öl in die Pfanne.,0,0.0,1,1.7,1.2,1.1,den,Käse,"Schnell flickt der Chefkoch, während er die Nachrichten hört, den",0.05301797,SE,sentence-transformers/stsb-xlm-r-multilingual
44,45,Bier,12,A,das zuvor gebraut wurde.,0,0.67,1,3.9,1.2,5.0,das,Bier,"Vorgestern probierte der Braumeister, nachdem er den Kessel ausgeschaltet hatte, das",0.3257188,SE,sentence-transformers/stsb-xlm-r-multilingual
45,46,Bier,12,B,das zuvor gebraut wurde.,0,0.58,1,1.8,2.3,5.0,das,Bier,"Vorgestern probierte der Braumeister, nachdem er den Boden gewischt hatte, das",0.19245772,SE,sentence-transformers/stsb-xlm-r-multilingual
46,47,Bier,12,C,das zuvor gebraut wurde.,0,0.0,1,3.9,1.2,1.1,das,Bier,"Vorgestern bemalte der Braumeister, nachdem er den Kessel ausgeschaltet hatte, das",0.22954598,SE,sentence-transformers/stsb-xlm-r-multilingual
47,48,Bier,12,D,das zuvor gebraut wurde.,0,0.0,1,1.8,2.3,1.1,das,Bier,"Vorgestern bemalte der Braumeister, nachdem er den Boden gewischt hatte, das",0.12128399,SE,sentence-transformers/stsb-xlm-r-multilingual
48,49,Rasen,13,A,hinter der Villa.,0,0.92,1,7.0,5.6,6.8,den,Rasen,"Eine Zeit lang mähte der Gartenhelfer, nachdem er den Garten umgegraben hatte, den",0.46651396,SE,sentence-transformers/stsb-xlm-r-multilingual
49,50,Rasen,13,B,hinter der Villa.,0,0.92,1,2.2,1.9,6.8,den,Rasen,"Eine Zeit lang mähte der Gartenhelfer, nachdem er die Garage aufgeräumt hatte, den",0.27415442,SE,sentence-transformers/stsb-xlm-r-multilingual
50,51,Rasen,13,C,hinter der Villa.,0,0.0,1,7.0,5.6,1.4,den,Rasen,"Eine Zeit lang räucherte der Gartenhelfer, nachdem er den Garten umgegraben hatte, den",0.43880633,SE,sentence-transformers/stsb-xlm-r-multilingual
51,52,Rasen,13,D,hinter der Villa.,0,0.0,1,2.2,1.9,1.4,den,Rasen,"Eine Zeit lang räucherte der Gartenhelfer, nachdem er die Garage aufgeräumt hatte, den",0.26443884,SE,sentence-transformers/stsb-xlm-r-multilingual
52,53,Straße,14,A,und den Bürgersteig.,1,0.42,1,6.5,5.1,6.8,die,Straße,"Achtsam pflasterte der Bauarbeiter, der die Absperrungen umging, die",0.09066914,SE,sentence-transformers/stsb-xlm-r-multilingual
53,54,Straße,14,B,und den Bürgersteig.,1,0.42,1,5.7,2.0,6.8,die,Straße,"Achtsam pflasterte der Bauarbeiter, der die Steine schleppte, die",0.046869792,SE,sentence-transformers/stsb-xlm-r-multilingual
54,55,Straße,14,C,und den Bürgersteig.,1,0.08,1,6.5,5.1,2.0,die,Straße,"Achtsam salzte der Bauarbeiter, der die Absperrungen umging, die",0.071171,SE,sentence-transformers/stsb-xlm-r-multilingual
55,56,Straße,14,D,und den Bürgersteig.,1,0.0,1,5.7,2.0,2.0,die,Straße,"Achtsam salzte der Bauarbeiter, der die Steine schleppte, die",0.03094671,SE,sentence-transformers/stsb-xlm-r-multilingual
56,57,Glocken,15,A,und freute sich.,0,1.0,1,6.7,1.1,7.0,die,Glocken,"Gestern läutete der Priester, nachdem er den Kirchturm erklommen hatte, die",0.18299238,SE,sentence-transformers/stsb-xlm-r-multilingual
57,58,Glocken,15,B,und freute sich.,0,0.92,1,2.2,1.1,7.0,die,Glocken,"Gestern läutete der Priester, nachdem er die Armbanduhr ausgezogen hatte, die",0.16836359,SE,sentence-transformers/stsb-xlm-r-multilingual
58,59,Glocken,15,C,und freute sich.,0,0.0,1,6.7,1.1,1.0,die,Glocken,"Gestern faltete der Priester, nachdem er den Kirchturm erklommen hatte, die",0.012594189,SE,sentence-transformers/stsb-xlm-r-multilingual
59,60,Glocken,15,D,und freute sich.,0,0.0,1,2.2,1.1,1.0,die,Glocken,"Gestern faltete der Priester, nachdem er die Armbanduhr ausgezogen hatte, die",0.044809617,SE,sentence-transformers/stsb-xlm-r-multilingual
60,61,Wunde,16,A,mit fünf Stichen.,0,0.92,1,6.7,3.3,5.8,die,Wunde,"Rasch näht der Notarzt, der den Verletzten betreut, die",0.43068054,SE,sentence-transformers/stsb-xlm-r-multilingual
61,62,Wunde,16,B,mit fünf Stichen.,0,0.92,1,3.2,1.8,5.8,die,Wunde,"Rasch näht der Notarzt, der den Ohrring trägt, die",0.30329108,SE,sentence-transformers/stsb-xlm-r-multilingual
62,63,Wunde,16,C,mit fünf Stichen.,0,0.0,1,6.7,3.3,2.0,die,Wunde,"Rasch versteckt der Notarzt, der den Verletzten betreut, die",0.38279372,SE,sentence-transformers/stsb-xlm-r-multilingual
63,64,Wunde,16,D,mit fünf Stichen.,0,0.0,1,3.2,1.8,2.0,die,Wunde,"Rasch versteckt der Notarzt, der den Ohrring trägt, die",0.2993556,SE,sentence-transformers/stsb-xlm-r-multilingual
64,65,Hemd,17,A,und die Hose.,0,0.75,1,6.4,1.5,6.9,das,Hemd,"Eilig bügelt der Geschäftsmann, nachdem er das Bügelbrett aufgestellt hat, das",0.016206179,SE,sentence-transformers/stsb-xlm-r-multilingual
65,66,Hemd,17,B,und die Hose.,0,0.67,1,1.4,1.2,6.9,das,Hemd,"Eilig bügelt der Geschäftsmann, nachdem er den Eistee ausgetrunken hat, das",-0.027629467,SE,sentence-transformers/stsb-xlm-r-multilingual
66,67,Hemd,17,C,und die Hose.,0,0.0,1,6.4,1.5,1.0,das,Hemd,"Eilig salzt der Geschäftsmann, nachdem er das Bügelbrett aufgestellt hat, das",-0.05158089,SE,sentence-transformers/stsb-xlm-r-multilingual
67,68,Hemd,17,D,und die Hose.,0,0.0,1,1.4,1.2,1.0,das,Hemd,"Eilig salzt der Geschäftsmann, nachdem er den Eistee ausgetrunken hat, das",-0.07625173,SE,sentence-transformers/stsb-xlm-r-multilingual
68,69,Auto,18,A,und übergibt es an den Kunden.,1,0.58,0,7.0,3.5,6.3,das,Auto,"Schnell repariert der KFZ-Mechatroniker, der den Motor ausgetauscht hat, das",0.10653754,SE,sentence-transformers/stsb-xlm-r-multilingual
69,70,Auto,18,B,und übergibt es an den Kunden.,1,0.75,0,5.0,3.1,6.3,das,Auto,"Schnell repariert der KFZ-Mechatroniker, der den Urlaub gebucht hat, das",0.05101136,SE,sentence-transformers/stsb-xlm-r-multilingual
70,71,Auto,18,C,und übergibt es an den Kunden.,1,0.0,0,7.0,3.5,1.1,das,Auto,"Schnell brät der KFZ-Mechatroniker, der den Motor ausgetauscht hat, das",0.13253503,SE,sentence-transformers/stsb-xlm-r-multilingual
71,72,Auto,18,D,und übergibt es an den Kunden.,1,0.0,0,5.0,3.1,1.1,das,Auto,"Schnell brät der KFZ-Mechatroniker, der den Urlaub gebucht hat, das",0.10794629,SE,sentence-transformers/stsb-xlm-r-multilingual
72,73,Teig,19,A,für das Brot.,2,1.0,1,6.9,6.9,6.6,den,Teig,"Am Morgen knetet die Bäckerin, die den Kuchen backt, den",0.12507278,SE,sentence-transformers/stsb-xlm-r-multilingual
73,74,Teig,19,B,für das Brot.,2,1.0,1,1.5,1.0,6.6,den,Teig,"Am Morgen knetet die Bäckerin, die den Stammgast begrüßt, den",0.23795678,SE,sentence-transformers/stsb-xlm-r-multilingual
74,75,Teig,19,C,für das Brot.,2,0.0,1,6.9,6.9,1.2,den,Teig,"Am Morgen hört die Bäckerin, die den Kuchen backt, den",0.19333011,SE,sentence-transformers/stsb-xlm-r-multilingual
75,76,Teig,19,D,für das Brot.,2,0.0,1,1.5,1.0,1.2,den,Teig,"Am Morgen hört die Bäckerin, die den Stammgast begrüßt, den",0.26536185,SE,sentence-transformers/stsb-xlm-r-multilingual
76,77,Steak,20,A,und die Beilagen.,0,0.67,0,4.7,2.4,6.5,das,Steak,"Am Nachmittag pfeffert der Grillmeister, bevor er die Kohle anzündet, das",0.08122522,SE,sentence-transformers/stsb-xlm-r-multilingual
77,78,Steak,20,B,und die Beilagen.,0,0.83,0,1.4,1.1,6.5,das,Steak,"Am Nachmittag pfeffert der Grillmeister, bevor er die Mücke verscheucht, das",0.11581804,SE,sentence-transformers/stsb-xlm-r-multilingual
78,79,Steak,20,C,und die Beilagen.,0,0.0,0,4.7,2.4,1.4,das,Steak,"Am Nachmittag druckt der Grillmeister, bevor er die Kohle anzündet, das",0.005061214,SE,sentence-transformers/stsb-xlm-r-multilingual
79,80,Steak,20,D,und die Beilagen.,0,0.0,0,1.4,1.1,1.4,das,Steak,"Am Nachmittag druckt der Grillmeister, bevor er die Mücke verscheucht, das",0.017727004,SE,sentence-transformers/stsb-xlm-r-multilingual
80,81,Feuer,21,A,und rennt weg.,0,0.58,0,6.6,1.5,6.8,das,Feuer,"Schnell entfacht der Brandstifter, der das Streichholz fallengelassen hat, das",0.63695604,SE,sentence-transformers/stsb-xlm-r-multilingual
81,82,Feuer,21,B,und rennt weg.,0,1.0,0,3.3,3.0,6.8,das,Feuer,"Schnell entfacht der Brandstifter, der die Treppe hochgeklettert ist, das",0.62620735,SE,sentence-transformers/stsb-xlm-r-multilingual
82,83,Feuer,21,C,und rennt weg.,0,0.0,0,6.6,1.5,1.6,das,Feuer,"Schnell entstaubt der Brandstifter, der das Streichholz fallengelassen hat, das",0.5646022,SE,sentence-transformers/stsb-xlm-r-multilingual
83,84,Feuer,21,D,und rennt weg.,0,0.0,0,3.3,3.0,1.6,das,Feuer,"Schnell entstaubt der Brandstifter, der die Treppe hochgeklettert ist, das",0.55160147,SE,sentence-transformers/stsb-xlm-r-multilingual
84,85,Haare,22,A,und holt den Föhn.,0,0.92,1,6.5,3.9,6.8,die,Haare,"Nun kämmt der Friseur, nachdem er die Kopfhaut massiert hat, die",0.40614048,SE,sentence-transformers/stsb-xlm-r-multilingual
85,86,Haare,22,B,und holt den Föhn.,0,1.0,1,1.0,1.0,6.8,die,Haare,"Nun kämmt der Friseur, nachdem er den Cappuccino ausgetrunken hat, die",0.3376556,SE,sentence-transformers/stsb-xlm-r-multilingual
86,87,Haare,22,C,und holt den Föhn.,0,0.17,1,6.5,3.9,1.2,die,Haare,"Nun speichert der Friseur, nachdem er die Kopfhaut massiert hat, die",0.34096417,SE,sentence-transformers/stsb-xlm-r-multilingual
87,88,Haare,22,D,und holt den Föhn.,0,0.0,1,1.0,1.0,1.2,die,Haare,"Nun speichert der Friseur, nachdem er den Cappuccino ausgetrunken hat, die",0.3565453,SE,sentence-transformers/stsb-xlm-r-multilingual
88,89,Bleistift,23,A,und machte sich wieder an die Arbeit.,0,1.0,1,6.0,3.3,6.7,den,Bleistift,"Flink spitzte der Zeichner, der die Karikatur entwarf, den",0.3619857,SE,sentence-transformers/stsb-xlm-r-multilingual
89,90,Bleistift,23,B,und machte sich wieder an die Arbeit.,0,1.0,1,2.3,1.6,6.7,den,Bleistift,"Flink spitzte der Zeichner, der den Atlas öffnete, den",0.33629316,SE,sentence-transformers/stsb-xlm-r-multilingual
90,91,Bleistift,23,C,und machte sich wieder an die Arbeit.,0,0.0,1,6.0,3.3,1.3,den,Bleistift,"Flink knotete der Zeichner, der die Karikatur entwarf, den",0.40936726,SE,sentence-transformers/stsb-xlm-r-multilingual
91,92,Bleistift,23,D,und machte sich wieder an die Arbeit.,0,0.0,1,2.3,1.6,1.3,den,Bleistift,"Flink knotete der Zeichner, der den Atlas öffnete, den",0.40130082,SE,sentence-transformers/stsb-xlm-r-multilingual
92,93,Patienten,24,A,gegen Tetanus.,0,0.25,0,6.7,2.0,6.5,den,Patienten,"Heute impft der Arzt, nachdem er die Spritze befüllt hat, den",0.42831984,SE,sentence-transformers/stsb-xlm-r-multilingual
93,94,Patienten,24,B,gegen Tetanus.,0,0.42,0,2.1,1.3,6.5,den,Patienten,"Heute impft der Arzt, nachdem er die Schublade geschlossen hat, den",0.38874537,SE,sentence-transformers/stsb-xlm-r-multilingual
94,95,Patienten,24,C,gegen Tetanus.,0,0.0,0,6.7,2.0,1.5,den,Patienten,"Heute feuert der Arzt, nachdem er die Spritze befüllt hat, den",0.35709873,SE,sentence-transformers/stsb-xlm-r-multilingual
95,96,Patienten,24,D,gegen Tetanus.,0,0.0,0,2.1,1.3,1.5,den,Patienten,"Heute feuert der Arzt, nachdem er die Schublade geschlossen hat, den",0.29379705,SE,sentence-transformers/stsb-xlm-r-multilingual
96,97,Leiche,25,A,in der Leichenhalle.,0,0.75,1,6.6,1.5,7.0,die,Leiche,"Unverzüglich obduziert der Pathologe, nachdem er die Mordakte gelesen hat, die",0.1497461,SE,sentence-transformers/stsb-xlm-r-multilingual
97,98,Leiche,25,B,in der Leichenhalle.,0,0.75,1,2.6,1.2,7.0,die,Leiche,"Unverzüglich obduziert der Pathologe, nachdem er das Dokument unterschrieben hat, die",0.059696104,SE,sentence-transformers/stsb-xlm-r-multilingual
98,99,Leiche,25,C,in der Leichenhalle.,0,0.0,1,6.6,1.5,1.2,die,Leiche,"Unverzüglich pfeffert der Pathologe, nachdem er die Mordakte gelesen hat, die",0.20348154,SE,sentence-transformers/stsb-xlm-r-multilingual
99,100,Leiche,25,D,in der Leichenhalle.,0,0.0,1,2.6,1.2,1.2,die,Leiche,"Unverzüglich pfeffert der Pathologe, nachdem er das Dokument unterschrieben hat, die",0.112658374,SE,sentence-transformers/stsb-xlm-r-multilingual
100,101,Buch,26,A,für den Fan.,1,1.0,1,6.7,3.3,6.7,das,Buch,"Am Nachmittag signiert der Autor, der die Geschichte erfunden hat, das",0.36941737,SE,sentence-transformers/stsb-xlm-r-multilingual
101,102,Buch,26,B,für den Fan.,1,0.92,1,1.8,1.5,6.7,das,Buch,"Am Nachmittag signiert der Autor, der den Vorhang zugezogen hat, das",0.41165167,SE,sentence-transformers/stsb-xlm-r-multilingual
102,103,Buch,26,C,für den Fan.,1,0.0,1,6.7,3.3,1.3,das,Buch,"Am Nachmittag schluckt der Autor, der die Geschichte erfunden hat, das",0.3679052,SE,sentence-transformers/stsb-xlm-r-multilingual
103,104,Buch,26,D,für den Fan.,1,0.0,1,1.8,1.5,1.3,das,Buch,"Am Nachmittag schluckt der Autor, der den Vorhang zugezogen hat, das",0.44893757,SE,sentence-transformers/stsb-xlm-r-multilingual
104,105,Gäste,27,A,und überreichte ihnen die Schlüssel.,2,1.0,1,4.7,1.4,6.5,die,Gäste,"Sofort begrüßte der Hotelier, der die Koffer stapelte, die",0.40679547,SE,sentence-transformers/stsb-xlm-r-multilingual
105,106,Gäste,27,B,und überreichte ihnen die Schlüssel.,2,0.92,1,1.4,1.6,6.5,die,Gäste,"Sofort begrüßte der Hotelier, der die Fische räucherte, die",0.40063438,SE,sentence-transformers/stsb-xlm-r-multilingual
106,107,Gäste,27,C,und überreichte ihnen die Schlüssel.,2,0.0,1,4.7,1.4,1.9,die,Gäste,"Sofort feuerte der Hotelier, der die Koffer stapelte, die",0.23681583,SE,sentence-transformers/stsb-xlm-r-multilingual
107,108,Gäste,27,D,und überreichte ihnen die Schlüssel.,2,0.0,1,1.4,1.6,1.9,die,Gäste,"Sofort feuerte der Hotelier, der die Fische räucherte, die",0.16440079,SE,sentence-transformers/stsb-xlm-r-multilingual
108,109,Baum,28,A,neben der Schule.,0,0.92,1,5.9,1.3,7.0,den,Baum,"Vorsichtig fällt der Holzarbeiter, der die Säge gestartet hat, den",0.116756134,SE,sentence-transformers/stsb-xlm-r-multilingual
109,110,Baum,28,B,neben der Schule.,0,0.83,1,2.8,1.9,7.0,den,Baum,"Vorsichtig fällt der Holzarbeiter, der den Transporter geparkt hat, den",0.09663193,SE,sentence-transformers/stsb-xlm-r-multilingual
110,111,Baum,28,C,neben der Schule.,0,0.0,1,5.9,1.3,1.3,den,Baum,"Vorsichtig durchwühlt der Holzarbeiter, der die Säge gestartet hat, den",0.13475038,SE,sentence-transformers/stsb-xlm-r-multilingual
111,112,Baum,28,D,neben der Schule.,0,0.0,1,2.8,1.9,1.3,den,Baum,"Vorsichtig durchwühlt der Holzarbeiter, der den Transporter geparkt hat, den",0.09814889,SE,sentence-transformers/stsb-xlm-r-multilingual
112,113,Zigarre,29,A,und schlenderte über den Marktplatz.,2,1.0,1,6.2,3.2,6.9,die,Zigarre,"Langsam paffte der Kubaner, der den Rauchring blies, die",0.3990942,SE,sentence-transformers/stsb-xlm-r-multilingual
113,114,Zigarre,29,B,und schlenderte über den Marktplatz.,2,1.0,1,2.0,1.3,6.9,die,Zigarre,"Langsam paffte der Kubaner, der die Straßenbahn verpasste, die",0.13822022,SE,sentence-transformers/stsb-xlm-r-multilingual
114,115,Zigarre,29,C,und schlenderte über den Marktplatz.,2,0.08,1,6.2,3.2,1.5,die,Zigarre,"Langsam öffnete der Kubaner, der den Rauchring blies, die",0.49828532,SE,sentence-transformers/stsb-xlm-r-multilingual
115,116,Zigarre,29,D,und schlenderte über den Marktplatz.,2,0.08,1,2.0,1.3,1.5,die,Zigarre,"Langsam öffnete der Kubaner, der die Straßenbahn verpasste, die",0.17382537,SE,sentence-transformers/stsb-xlm-r-multilingual
116,117,Schnitzel,30,A,für das Gericht.,0,0.58,0,6.0,1.2,6.5,das,Schnitzel,"Fröhlich paniert der Koch, nachdem er die Bratkartoffeln geschält hat, das",0.18734704,SE,sentence-transformers/stsb-xlm-r-multilingual
117,118,Schnitzel,30,B,für das Gericht.,0,0.83,0,1.3,1.5,6.5,das,Schnitzel,"Fröhlich paniert der Koch, nachdem er die Ärmel hochgekrempelt hat, das",0.30798197,SE,sentence-transformers/stsb-xlm-r-multilingual
118,119,Schnitzel,30,C,für das Gericht.,0,0.0,0,6.0,1.2,1.0,das,Schnitzel,"Fröhlich baut der Koch, nachdem er die Bratkartoffeln geschält hat, das",0.3049068,SE,sentence-transformers/stsb-xlm-r-multilingual
119,120,Schnitzel,30,D,für das Gericht.,0,0.0,0,1.3,1.5,1.0,das,Schnitzel,"Fröhlich baut der Koch, nachdem er die Ärmel hochgekrempelt hat, das",0.42390883,SE,sentence-transformers/stsb-xlm-r-multilingual
120,121,Kuchen,31,A,für die Geburtstagsfeier.,1,0.92,0,6.9,5.3,5.9,den,Kuchen,"Umsichtig glasiert der Konditor, der die Backform eingefettet hat, den",0.32983634,SE,sentence-transformers/stsb-xlm-r-multilingual
121,122,Kuchen,31,B,für die Geburtstagsfeier.,1,0.42,0,5.4,1.6,5.9,den,Kuchen,"Umsichtig glasiert der Konditor, der den Tisch abgewischt hat, den",0.4045561,SE,sentence-transformers/stsb-xlm-r-multilingual
122,123,Kuchen,31,C,für die Geburtstagsfeier.,1,0.0,0,6.9,5.3,1.2,den,Kuchen,"Umsichtig durchsucht der Konditor, der die Backform eingefettet hat, den",0.34478784,SE,sentence-transformers/stsb-xlm-r-multilingual
123,124,Kuchen,31,D,für die Geburtstagsfeier.,1,0.0,0,5.4,1.6,1.2,den,Kuchen,"Umsichtig durchsucht der Konditor, der den Tisch abgewischt hat, den",0.3938453,SE,sentence-transformers/stsb-xlm-r-multilingual
124,125,Kette,32,A,und die Bremsen.,0,0.83,0,4.9,2.0,6.8,die,Kette,"Gestern ölte der Fahrradfahrer, bevor er die Bremse einstellte, die",0.042879164,SE,sentence-transformers/stsb-xlm-r-multilingual
125,126,Kette,32,B,und die Bremsen.,0,0.58,0,1.2,1.1,6.8,die,Kette,"Gestern ölte der Fahrradfahrer, bevor er die Limonade trank, die",-0.029813724,SE,sentence-transformers/stsb-xlm-r-multilingual
126,127,Kette,32,C,und die Bremsen.,0,0.0,0,4.9,2.0,1.4,die,Kette,"Gestern beheizte der Fahrradfahrer, bevor er die Bremse einstellte, die",0.058726437,SE,sentence-transformers/stsb-xlm-r-multilingual
127,128,Kette,32,D,und die Bremsen.,0,0.0,0,1.2,1.1,1.4,die,Kette,"Gestern beheizte der Fahrradfahrer, bevor die Limonade trank, die",0.00087993575,SE,sentence-transformers/stsb-xlm-r-multilingual
128,129,Brief,33,A,an die Agentur.,0,0.92,1,6.8,1.3,6.6,den,Brief,"Hastig frankiert der Postbeamte, der das Postamt aufgeschlossen hat, den",0.18294302,SE,sentence-transformers/stsb-xlm-r-multilingual
129,130,Brief,33,B,an die Agentur.,0,1.0,1,1.5,3.7,6.6,den,Brief,"Hastig frankiert der Postbeamte, der das Mittagessen bestellt hat, den",0.1405764,SE,sentence-transformers/stsb-xlm-r-multilingual
130,131,Brief,33,C,an die Agentur.,0,0.0,1,6.8,1.3,2.2,den,Brief,"Hastig umgeht der Postbeamte, der das Postamt aufgeschlossen hat, den",0.2804897,SE,sentence-transformers/stsb-xlm-r-multilingual
131,132,Brief,33,D,an die Agentur.,0,0.0,1,1.5,3.7,2.2,den,Brief,"Hastig umgeht der Postbeamte, der das Mittagessen bestellt hat, den",0.19058351,SE,sentence-transformers/stsb-xlm-r-multilingual
132,133,Berg,34,A,und stellt sein Zelt auf.,1,0.75,0,6.4,3.2,6.8,den,Berg,"Fröhlich erklimmt der Wanderer, nachdem er das Tal durchquert hat, den",0.37750787,SE,sentence-transformers/stsb-xlm-r-multilingual
133,134,Berg,34,B,und stellt sein Zelt auf.,1,0.92,0,1.4,1.5,6.8,den,Berg,"Fröhlich erklimmt der Wanderer, nachdem er die Stoppuhr gestartet hat, den",0.35189244,SE,sentence-transformers/stsb-xlm-r-multilingual
134,135,Berg,34,C,und stellt sein Zelt auf.,1,0.0,0,6.4,3.2,1.5,den,Berg,"Fröhlich kauft der Wanderer, nachdem er das Tal durchquert hat, den",0.2955865,SE,sentence-transformers/stsb-xlm-r-multilingual
135,136,Berg,34,D,und stellt sein Zelt auf.,1,0.0,0,1.4,1.5,1.5,den,Berg,"Fröhlich kauft der Wanderer, nachdem er die Stoppuhr gestartet hat, den",0.17203636,SE,sentence-transformers/stsb-xlm-r-multilingual
136,137,Befehl,35,A,zum Abmarsch.,0,0.92,0,6.0,7.0,6.6,den,Befehl,"Bedächtig erteilt der General, der die Rekruten kommandiert, den",0.76323664,SE,sentence-transformers/stsb-xlm-r-multilingual
137,138,Befehl,35,B,zum Abmarsch.,0,0.75,0,1.7,2.4,6.6,den,Befehl,"Bedächtig erteilt der General, der die Getränke einschenkt, den",0.7353132,SE,sentence-transformers/stsb-xlm-r-multilingual
138,139,Befehl,35,C,zum Abmarsch.,0,0.0,0,6.0,7.0,1.4,den,Befehl,"Bedächtig biegt der General, der die Rekruten kommandiert, den",0.7417304,SE,sentence-transformers/stsb-xlm-r-multilingual
139,140,Befehl,35,D,zum Abmarsch.,0,0.0,0,1.7,2.4,1.4,den,Befehl,"Bedächtig biegt der General, der die Getränke einschenkt, den",0.6166734,SE,sentence-transformers/stsb-xlm-r-multilingual
140,141,Wand,36,A,des Büros.,0,0.5,0,7.0,5.5,6.4,die,Wand,"Sofort streicht der Maler, nachdem er die Tapete angebracht hat, die",0.17572522,SE,sentence-transformers/stsb-xlm-r-multilingual
141,142,Wand,36,B,des Büros.,0,0.67,0,1.5,1.3,6.4,die,Wand,"Sofort streicht der Maler, nachdem er den Hund gefüttert hat, die",-0.0957106,SE,sentence-transformers/stsb-xlm-r-multilingual
142,143,Wand,36,C,des Büros.,0,0.08,0,7.0,5.5,1.1,die,Wand,"Sofort lenkt der Maler, nachdem er die Tapete angebracht hat, die",0.2561008,SE,sentence-transformers/stsb-xlm-r-multilingual
143,144,Wand,36,D,des Büros.,0,0.0,0,1.5,1.3,1.1,die,Wand,"Sofort lenkt der Maler, nachdem er den Hund gefüttert hat, die",-0.07922289,SE,sentence-transformers/stsb-xlm-r-multilingual
144,145,Hammer,37,A,auf das Metall.,0,1.0,0,6.5,1.9,5.6,den,Hammer,"Direkt schwingt der Schmied, der den Amboss aufgestellt hat, den",0.51325154,SE,sentence-transformers/stsb-xlm-r-multilingual
145,146,Hammer,37,B,auf das Metall.,0,0.83,0,2.9,3.8,5.6,den,Hammer,"Direkt schwingt der Schmied, der den Stuhl weggestellt hat, den",0.40216672,SE,sentence-transformers/stsb-xlm-r-multilingual
146,147,Hammer,37,C,auf das Metall.,0,0.0,0,6.5,1.9,1.2,den,Hammer,"Direkt speichert der Schmied, der den Amboss aufgestellt hat, den",0.50553536,SE,sentence-transformers/stsb-xlm-r-multilingual
147,148,Hammer,37,D,auf das Metall.,0,0.0,0,2.9,3.8,1.2,den,Hammer,"Direkt speichert der Schmied, der den Stuhl weggestellt hat, den",0.39203802,SE,sentence-transformers/stsb-xlm-r-multilingual
148,149,Land,38,A,im Norden.,1,0.33,0,6.6,2.5,7.0,das,Land,"Vor langer Zeit regierte der König, der die Reise unternahm, das",0.39408922,SE,sentence-transformers/stsb-xlm-r-multilingual
149,150,Land,38,B,im Norden.,1,0.5,0,2.4,2.5,7.0,das,Land,"Vor langer Zeit regierte der König, der den Gesang vernahm, das",0.3707794,SE,sentence-transformers/stsb-xlm-r-multilingual
150,151,Land,38,C,im Norden.,1,0.0,0,6.6,2.5,1.2,das,Land,"Vor langer Zeit briet der König, der die Reise unternahm, das",0.34729952,SE,sentence-transformers/stsb-xlm-r-multilingual
151,152,Land,38,D,im Norden.,1,0.0,0,2.4,2.5,1.2,das,Land,"Vor langer Zeit briet der König, der den Gesang vernahm, das",0.31953344,SE,sentence-transformers/stsb-xlm-r-multilingual
152,153,Stab,39,A,und gab den Takt an.,0,0.42,1,1.9,1.6,3.0,den,Stab,"Zügig hob der Dirigent, der das Tempo wechselte, den",0.2929606,SE,sentence-transformers/stsb-xlm-r-multilingual
153,154,Stab,39,B,und gab den Takt an.,0,0.5,1,1.0,1.6,3.0,den,Stab,"Zügig hob der Dirigent, der das Gähnen unterdrückte, den",0.2540143,SE,sentence-transformers/stsb-xlm-r-multilingual
154,155,Stab,39,C,und gab den Takt an.,0,0.0,1,1.9,1.6,1.3,den,Stab,"Zügig verdrückte der Dirigent, der das Tempo wechselte, den",0.27910963,SE,sentence-transformers/stsb-xlm-r-multilingual
155,156,Stab,39,D,und gab den Takt an.,0,0.0,1,1.0,1.6,1.3,den,Stab,"Zügig verdrückte der Dirigent, der das Gähnen unterdrückte, den",0.25282323,SE,sentence-transformers/stsb-xlm-r-multilingual
156,157,Bart,40,A,des Mannes.,2,0.58,0,5.4,1.3,6.8,den,Bart,"Direkt trimmt der Herrenfriseur, nachdem er die Klinge ausgepackt hat, den",0.21456525,SE,sentence-transformers/stsb-xlm-r-multilingual
157,158,Bart,40,B,des Mannes.,2,0.25,0,1.2,1.0,6.8,den,Bart,"Direkt trimmt der Herrenfriseur, nachdem er das Wasserglas abgestellt hat, den",0.1851275,SE,sentence-transformers/stsb-xlm-r-multilingual
158,159,Bart,40,C,des Mannes.,2,0.0,0,5.4,1.3,1.7,den,Bart,"Direkt hört der Herrenfriseur, nachdem er die Klinge ausgepackt hat, den",0.3307332,SE,sentence-transformers/stsb-xlm-r-multilingual
159,160,Bart,40,D,des Mannes.,2,0.0,0,1.2,1.0,1.7,den,Bart,"Direkt hört der Herrenfriseur, nachdem er das Wasserglas abgestellt hat, den",0.2793027,SE,sentence-transformers/stsb-xlm-r-multilingual
160,161,Geschirr,41,A,und die Brettchen.,0,0.5,1,6.7,4.7,6.9,das,Geschirr,"Gestern spülte der Tellerwäscher, bevor er den Tisch wischte, das",0.498512,SE,sentence-transformers/stsb-xlm-r-multilingual
161,162,Geschirr,41,B,und die Brettchen.,0,0.42,1,1.2,1.2,6.9,das,Geschirr,"Gestern spülte der Tellerwäscher, bevor er das Taxi rief, das",0.41531697,SE,sentence-transformers/stsb-xlm-r-multilingual
162,163,Geschirr,41,C,und die Brettchen.,0,0.0,1,6.7,4.7,1.1,das,Geschirr,"Gestern glättete der Tellerwäscher, bevor er den Tisch wischte, das",0.4751631,SE,sentence-transformers/stsb-xlm-r-multilingual
163,164,Geschirr,41,D,und die Brettchen.,0,0.0,1,1.2,1.2,1.1,das,Geschirr,"Gestern glättete der Tellerwäscher, bevor er das Taxi rief, das",0.39806613,SE,sentence-transformers/stsb-xlm-r-multilingual
164,165,Schloss,42,A,und stiehlt die Wertsachen.,0,0.25,0,7.0,1.8,6.4,das,Schloss,"Im Handumdrehen knackt der Einbrecher, der den Zahlencode erraten hat, das",0.044708807,SE,sentence-transformers/stsb-xlm-r-multilingual
165,166,Schloss,42,B,und stiehlt die Wertsachen.,0,0.5,0,2.6,1.5,6.4,das,Schloss,"Im Handumdrehen knackt der Einbrecher, der die Akte durchblättert hat, das",0.12741959,SE,sentence-transformers/stsb-xlm-r-multilingual
166,167,Schloss,42,C,und stiehlt die Wertsachen.,0,0.0,0,7.0,1.8,1.6,das,Schloss,"Im Handumdrehen kopiert der Einbrecher, der den Zahlencode erraten hat, das",0.0766907,SE,sentence-transformers/stsb-xlm-r-multilingual
167,168,Schloss,42,D,und stiehlt die Wertsachen.,0,0.0,0,2.6,1.5,1.6,das,Schloss,"Im Handumdrehen kopiert der Einbrecher, der die Akte durchblättert hat, das",0.1539001,SE,sentence-transformers/stsb-xlm-r-multilingual
168,169,Zwiebeln,43,A,und den Knoblauch.,0,0.25,1,5.7,2.3,6.2,die,Zwiebeln,"Routiniert hackte der Küchengehilfe, bevor er die Suppe umrührte, die",0.15638071,SE,sentence-transformers/stsb-xlm-r-multilingual
169,170,Zwiebeln,43,B,und den Knoblauch.,0,0.33,1,1.3,1.1,6.2,die,Zwiebeln,"Routiniert hackte der Küchengehilfe, bevor er das Radio einschaltete, die",0.04959021,SE,sentence-transformers/stsb-xlm-r-multilingual
170,171,Zwiebeln,43,C,und den Knoblauch.,0,0.0,1,5.7,2.3,1.3,die,Zwiebeln,"Routiniert schraubte der Küchengehilfe, bevor er die Suppe umrührte, die",0.25001472,SE,sentence-transformers/stsb-xlm-r-multilingual
171,172,Zwiebeln,43,D,und den Knoblauch.,0,0.0,1,1.3,1.1,1.3,die,Zwiebeln,"Routiniert schraubte der Küchengehilfe, bevor er das Radio einschaltete, die",0.15240352,SE,sentence-transformers/stsb-xlm-r-multilingual
172,173,Wachs,44,A,und fuhr mit der Arbeit fort.,0,0.83,1,6.7,2.3,6.3,das,Wachs,"Umsichtig schmolz der Kerzenzieher, nachdem er den Docht gekürzt hatte, das",0.35953754,SE,sentence-transformers/stsb-xlm-r-multilingual
173,174,Wachs,44,B,und fuhr mit der Arbeit fort.,0,0.83,1,1.5,1.4,6.3,das,Wachs,"Umsichtig schmolz der Kerzenzieher, nachdem er das Nähkästchen zugeklappt hatte, das",0.24993177,SE,sentence-transformers/stsb-xlm-r-multilingual
174,175,Wachs,44,C,und fuhr mit der Arbeit fort.,0,0.0,1,6.7,2.3,1.0,das,Wachs,"Umsichtig würzte der Kerzenzieher, nachdem er den Docht gekürzt hatte, das",0.33767956,SE,sentence-transformers/stsb-xlm-r-multilingual
175,176,Wachs,44,D,und fuhr mit der Arbeit fort.,0,0.0,1,1.5,1.4,1.0,das,Wachs,"Umsichtig würzte der Kerzenzieher, nachdem er das Nähkästchen zugeklappt hatte, das",0.24356642,SE,sentence-transformers/stsb-xlm-r-multilingual
176,177,Cocktail,45,A,für den Touristen.,0,0.5,0,6.2,1.4,6.9,den,Cocktail,"Gestern mixte der Barkeeper, der den Wodka geöffnet hatte, den",0.5497927,SE,sentence-transformers/stsb-xlm-r-multilingual
177,178,Cocktail,45,B,für den Touristen.,0,0.83,0,1.3,1.0,6.9,den,Cocktail,"Gestern mixte der Barkeeper, der den Boden gefegt hatte, den",0.391887,SE,sentence-transformers/stsb-xlm-r-multilingual
178,179,Cocktail,45,C,für den Touristen.,0,0.0,0,6.2,1.4,1.6,den,Cocktail,"Gestern gründete der Barkeeper, der den Wodka geöffnet hatte, den",0.42331448,SE,sentence-transformers/stsb-xlm-r-multilingual
179,180,Cocktail,45,D,für den Touristen.,0,0.08,0,1.3,1.0,1.6,den,Cocktail,"Gestern gründete der Barkeeper, der den Boden gefegt hatte, den",0.23439519,SE,sentence-transformers/stsb-xlm-r-multilingual
180,181,Orchester,46,A,und das Streichquartett.,0,0.25,1,6.8,3.6,6.8,das,Orchester,"Am Abend dirigiert der Kapellmeister, der das Konzert eröffnet hat, das",0.63224304,SE,sentence-transformers/stsb-xlm-r-multilingual
181,182,Orchester,46,B,und das Streichquartett.,0,0.25,1,1.6,1.4,6.8,das,Orchester,"Am Abend dirigiert der Kapellmeister, der die Unterschriften gesammelt hat, das",0.54378206,SE,sentence-transformers/stsb-xlm-r-multilingual
182,183,Orchester,46,C,und das Streichquartett.,0,0.0,1,6.8,3.6,1.3,das,Orchester,"Am Abend vernichtet der Kapellmeister, der das Konzert eröffnet hat, das",0.4255829,SE,sentence-transformers/stsb-xlm-r-multilingual
183,184,Orchester,46,D,und das Streichquartett.,0,0.0,1,1.6,1.4,1.3,das,Orchester,"Am Abend vernichtet der Kapellmeister, der die Unterschriften gesammelt hat, das",0.22320712,SE,sentence-transformers/stsb-xlm-r-multilingual
184,185,Wort,47,A,und notiert es.,3,0.83,0,6.3,3.6,6.8,das,Wort,"Direkt buchstabiert der Sprachschüler, nachdem er das Buch aufgeschlagen hat, das",0.18173362,SE,sentence-transformers/stsb-xlm-r-multilingual
185,186,Wort,47,B,und notiert es.,3,0.67,0,3.0,2.7,6.8,das,Wort,"Direkt buchstabiert der Sprachschüler, nachdem er den Pausenhof verlassen hat, das",0.25283602,SE,sentence-transformers/stsb-xlm-r-multilingual
186,187,Wort,47,C,und notiert es.,3,0.0,0,6.3,3.6,1.7,das,Wort,"Direkt dekoriert der Sprachschüler, nachdem er das Buch aufgeschlagen hat, das",0.124499284,SE,sentence-transformers/stsb-xlm-r-multilingual
187,188,Wort,47,D,und notiert es.,3,0.0,0,3.0,2.7,1.7,das,Wort,"Direkt dekoriert der Sprachschüler, nachdem er den Pausenhof verlassen hat, das",0.20657459,SE,sentence-transformers/stsb-xlm-r-multilingual
188,189,Weide,48,A,mit einem Draht.,0,0.67,0,6.7,5.4,6.0,die,Weide,"Vorsichtig umzäunt der Schäfer, der die Schafe gehütet hat, die",0.21197821,SE,sentence-transformers/stsb-xlm-r-multilingual
189,190,Weide,48,B,mit einem Draht.,0,0.42,0,1.4,1.4,6.0,die,Weide,"Vorsichtig umzäunt der Schäfer, der das Mittagessen vergessen hat, die",0.23007764,SE,sentence-transformers/stsb-xlm-r-multilingual
190,191,Weide,48,C,mit einem Draht.,0,0.0,0,6.7,5.4,1.0,die,Weide,"Vorsichtig fälscht der Schäfer, der die Schafe gehütet hat, die",0.17309582,SE,sentence-transformers/stsb-xlm-r-multilingual
191,192,Weide,48,D,mit einem Draht.,0,0.0,0,1.4,1.4,1.0,die,Weide,"Vorsichtig fälscht der Schäfer, der das Mittagessen vergessen hat, die",0.18044168,SE,sentence-transformers/stsb-xlm-r-multilingual
192,193,Predigt,49,A,für die Gemeinde.,0,0.25,0,6.2,2.1,6.2,die,Predigt,"Nachdenklich hält der Pfarrer, nachdem er die Bibel aufgeschlagen hat, die",0.6708068,SE,sentence-transformers/stsb-xlm-r-multilingual
193,194,Predigt,49,B,für die Gemeinde.,0,0.5,0,1.6,2.9,6.2,die,Predigt,"Nachdenklich hält der Pfarrer, nachdem er die Brille aufgesetzt hat, die",0.4877281,SE,sentence-transformers/stsb-xlm-r-multilingual
194,195,Predigt,49,C,für die Gemeinde.,0,0.0,0,6.2,2.1,1.3,die,Predigt,"Nachdenklich leert der Pfarrer, nachdem er die Bibel aufgeschlagen hat, die",0.5089115,SE,sentence-transformers/stsb-xlm-r-multilingual
195,196,Predigt,49,D,für die Gemeinde.,0,0.0,0,1.6,2.9,1.3,die,Predigt,"Nachdenklich leert der Pfarrer, nachdem er die Brille aufgesetzt hat, die",0.2709909,SE,sentence-transformers/stsb-xlm-r-multilingual
196,197,Wohnung,50,A,mit neuen Möbeln.,0,0.5,0,7.0,2.7,6.8,die,Wohnung,"Unverzüglich möblierte der Vermieter, der den Mieter aufgenommen hatte, die",0.56778383,SE,sentence-transformers/stsb-xlm-r-multilingual
197,198,Wohnung,50,B,mit neuen Möbeln.,0,0.75,0,4.7,3.6,6.8,die,Wohnung,"Unverzüglich möblierte der Vermieter, der die Überweisung erhalten hatte, die",0.5851223,SE,sentence-transformers/stsb-xlm-r-multilingual
198,199,Wohnung,50,C,mit neuen Möbeln.,0,0.0,0,7.0,2.7,1.4,die,Wohnung,"Unverzüglich erntete der Vermieter, der den Mieter aufgenommen hatte, die",0.41750723,SE,sentence-transformers/stsb-xlm-r-multilingual
199,200,Wohnung,50,D,mit neuen Möbeln.,0,0.0,0,4.7,3.6,1.4,die,Wohnung,"Unverzüglich erntete der Vermieter, der die Überweisung erhalten hatte, die",0.4148623,SE,sentence-transformers/stsb-xlm-r-multilingual
200,201,Abzug,51,A,und trifft das Opfer.,2,0.5,0,3.2,4.4,5.9,den,Abzug,"Sofort betätigt der Killer, der das Ziel anvisiert hat, den",0.35049206,SE,sentence-transformers/stsb-xlm-r-multilingual
201,202,Abzug,51,B,und trifft das Opfer.,2,0.33,0,1.4,3.0,5.9,den,Abzug,"Sofort betätigt der Killer, der den Tee abgestellt hat, den",0.42517227,SE,sentence-transformers/stsb-xlm-r-multilingual
202,203,Abzug,51,C,und trifft das Opfer.,2,0.0,0,3.2,4.4,1.6,den,Abzug,"Sofort knickt der Killer, der das Ziel anvisiert hat, den",0.32223287,SE,sentence-transformers/stsb-xlm-r-multilingual
203,204,Abzug,51,D,und trifft das Opfer.,2,0.0,0,1.4,3.0,1.6,den,Abzug,"Sofort knickt der Killer, der den Tee abgestellt hat, den",0.28839922,SE,sentence-transformers/stsb-xlm-r-multilingual
204,205,Paket,52,A,mit der Arbeitskleidung.,0,0.42,1,6.7,4.4,6.5,das,Paket,"Heute überbringt der Bote, als er den Empfänger angetroffen hat, das",0.52211195,SE,sentence-transformers/stsb-xlm-r-multilingual
205,206,Paket,52,B,mit der Arbeitskleidung.,0,0.33,1,3.6,1.2,6.5,das,Paket,"Heute überbringt der Bote, als er das Foyer durchquert hat, das",0.44372356,SE,sentence-transformers/stsb-xlm-r-multilingual
206,207,Paket,52,C,mit der Arbeitskleidung.,0,0.0,1,6.7,4.4,1.3,das,Paket,"Heute erntet der Bote, als er den Empfänger angetroffen hat, das",0.5226192,SE,sentence-transformers/stsb-xlm-r-multilingual
207,208,Paket,52,D,mit der Arbeitskleidung.,0,0.0,1,3.6,1.2,1.3,das,Paket,"Heute erntet der Bote, als er das Foyer durchquert hat, das",0.39076713,SE,sentence-transformers/stsb-xlm-r-multilingual
208,209,Tor,53,A,und jubelte über seinen Erfolg.,3,0.92,0,6.8,3.4,6.9,das,Tor,"Schnell schoss der Fußballspieler, der das Fußballfeld überquert hatte, das",-0.10393137,SE,sentence-transformers/stsb-xlm-r-multilingual
209,210,Tor,53,B,und jubelte über seinen Erfolg.,3,0.67,0,1.6,2.7,6.9,das,Tor,"Schnell schoss der Fußballspieler, der die Jacke ausgezogen hatte, das",-0.057934966,SE,sentence-transformers/stsb-xlm-r-multilingual
210,211,Tor,53,C,und jubelte über seinen Erfolg.,3,0.0,0,6.8,3.4,1.5,das,Tor,"Schnell spürte der Fußballspieler, der das Fußballfeld überquert hatte, das",-0.02486617,SE,sentence-transformers/stsb-xlm-r-multilingual
211,212,Tor,53,D,und jubelte über seinen Erfolg.,3,0.0,0,1.6,2.7,1.5,das,Tor,"Schnell spürte der Fußballspieler, der die Jacke ausgezogen hatte, das",0.065007515,SE,sentence-transformers/stsb-xlm-r-multilingual
212,213,Flugzeug,54,A,durch die Wolken.,0,1.0,1,7.0,1.8,5.8,das,Flugzeug,"Konzentriert steuerte der Pilot, der die Stewardess gerufen hatte, das",0.5265529,SE,sentence-transformers/stsb-xlm-r-multilingual
213,214,Flugzeug,54,B,durch die Wolken.,0,0.92,1,1.6,3.4,5.8,das,Flugzeug,"Konzentriert steuerte der Pilot, der den Krimi gelesen hatte, das",0.31883094,SE,sentence-transformers/stsb-xlm-r-multilingual
214,215,Flugzeug,54,C,durch die Wolken.,0,0.0,1,7.0,1.8,3.1,das,Flugzeug,"Konzentriert faltete der Pilot, der die Stewardess gerufen hatte, das",0.5114567,SE,sentence-transformers/stsb-xlm-r-multilingual
215,216,Flugzeug,54,D,durch die Wolken.,0,0.08,1,1.6,3.4,3.1,das,Flugzeug,"Konzentriert faltete der Pilot, der den Krimi gelesen hatte, das",0.25771165,SE,sentence-transformers/stsb-xlm-r-multilingual
216,217,Skizze,55,A,für den Bauherrn.,0,0.42,0,6.4,6.5,6.7,die,Skizze,"Rasch entwarf der Architekt, bevor er den Bauplan erstellte, die",0.25445208,SE,sentence-transformers/stsb-xlm-r-multilingual
217,218,Skizze,55,B,für den Bauherrn.,0,0.25,0,4.3,4.7,6.7,die,Skizze,"Rasch entwarf der Architekt, bevor er den Vortrag schrieb, die",0.254876,SE,sentence-transformers/stsb-xlm-r-multilingual
218,219,Skizze,55,C,für den Bauherrn.,0,0.0,0,6.4,6.5,1.2,die,Skizze,"Rasch schüttelte der Architekt, bevor er den Bauplan erstellte, die",0.15578417,SE,sentence-transformers/stsb-xlm-r-multilingual
219,220,Skizze,55,D,für den Bauherrn.,0,0.0,0,4.3,4.7,1.2,die,Skizze,"Rasch schüttelte der Architekt, bevor er den Vortrag schrieb, die",0.14282827,SE,sentence-transformers/stsb-xlm-r-multilingual
220,221,Kamin,56,A,und verlässt das Grundstück.,1,0.42,0,6.8,3.0,6.4,den,Kamin,"Geschwind kehrt der Schornsteinfeger, der den Rauch einatmet, den",0.5556784,SE,sentence-transformers/stsb-xlm-r-multilingual
221,222,Kamin,56,B,und verlässt das Grundstück.,1,0.17,0,3.0,1.3,6.4,den,Kamin,"Geschwind kehrt der Schornsteinfeger, der die Katze verscheucht, den",0.38361573,SE,sentence-transformers/stsb-xlm-r-multilingual
222,223,Kamin,56,C,und verlässt das Grundstück.,1,0.0,0,6.8,3.0,1.1,den,Kamin,"Geschwind wirft der Schornsteinfeger, der den Rauch einatmet, den",0.5900305,SE,sentence-transformers/stsb-xlm-r-multilingual
223,224,Kamin,56,D,und verlässt das Grundstück.,1,0.08,0,3.0,1.3,1.1,den,Kamin,"Geschwind wirft der Schornsteinfeger, der die Katze verscheucht, den",0.49640232,SE,sentence-transformers/stsb-xlm-r-multilingual
224,225,Wahl,57,A,zum Minister.,0,1.0,0,6.5,5.3,6.7,die,Wahl,"Vorgestern gewann der Politiker, der die Stimmen zählte, die",0.016327718,SE,sentence-transformers/stsb-xlm-r-multilingual
225,226,Wahl,57,B,zum Minister.,0,0.58,0,2.8,1.6,6.7,die,Wahl,"Vorgestern gewann der Politiker, der die Hände schüttelte, die",-0.00097243953,SE,sentence-transformers/stsb-xlm-r-multilingual
226,227,Wahl,57,C,zum Minister.,0,0.08,0,6.5,5.3,1.6,die,Wahl,"Vorgestern reparierte der Politiker, der die Stimmen zählte, die",0.03890361,SE,sentence-transformers/stsb-xlm-r-multilingual
227,228,Wahl,57,D,zum Minister.,0,0.0,0,2.8,1.6,1.6,die,Wahl,"Vorgestern reparierte der Politiker, der die Hände schüttelte, die",-0.0030032361,SE,sentence-transformers/stsb-xlm-r-multilingual
228,229,Foto,58,A,von der Unfallstelle.,0,0.67,0,6.7,2.1,6.7,das,Foto,"Sofort schoss der Reporter, der die Kamera bediente, das",0.41312346,SE,sentence-transformers/stsb-xlm-r-multilingual
229,230,Foto,58,B,von der Unfallstelle.,0,0.5,0,1.6,1.6,6.7,das,Foto,"Sofort schoss der Reporter, der die Zigarette rauchte, das",0.20401332,SE,sentence-transformers/stsb-xlm-r-multilingual
230,231,Foto,58,C,von der Unfallstelle.,0,0.0,0,6.7,2.1,1.7,das,Foto,"Sofort verspeiste der Reporter, der die Kamera bediente, das",0.37651324,SE,sentence-transformers/stsb-xlm-r-multilingual
231,232,Foto,58,D,von der Unfallstelle.,0,0.0,0,1.6,1.6,1.7,das,Foto,"Sofort verspeiste der Reporter, der die Zigarette rauchte, das",0.11552927,SE,sentence-transformers/stsb-xlm-r-multilingual
232,233,Programm,59,A,für seinen Boss.,0,0.5,0,6.9,5.8,6.7,das,Programm,"Unverzüglich entwickelte der Informatiker, der den Computer hochfuhr, das",0.19903158,SE,sentence-transformers/stsb-xlm-r-multilingual
233,234,Programm,59,B,für seinen Boss.,0,0.75,0,1.8,2.0,6.7,das,Programm,"Unverzüglich entwickelte der Informatiker, der den Energydrink trank, das",0.4394581,SE,sentence-transformers/stsb-xlm-r-multilingual
234,235,Programm,59,C,für seinen Boss.,0,0.0,0,6.9,5.8,4.5,das,Programm,"Unverzüglich trocknete der Informatiker, der den Computer hochfuhr, das",0.00023941559,SE,sentence-transformers/stsb-xlm-r-multilingual
235,236,Programm,59,D,für seinen Boss.,0,0.0,0,1.8,2.0,4.5,das,Programm,"Unverzüglich trocknete der Informatiker, der den Energydrink trank, das",0.102049254,SE,sentence-transformers/stsb-xlm-r-multilingual
236,237,Urteil,60,A,und schloss die Verhandlung.,0,1.0,1,7.0,4.5,6.7,das,Urteil,"Nun verkündete der Richter, nachdem er den Angeklagten hereingerufen hatte, das",0.5191049,SE,sentence-transformers/stsb-xlm-r-multilingual
237,238,Urteil,60,B,und schloss die Verhandlung.,0,1.0,1,1.9,2.8,6.7,das,Urteil,"Nun verkündete der Richter, nachdem er die Lesebrille aufgesetzt hatte, das",0.5195005,SE,sentence-transformers/stsb-xlm-r-multilingual
238,239,Urteil,60,C,und schloss die Verhandlung.,0,0.0,1,7.0,4.5,1.7,das,Urteil,"Nun roch der Richter, nachdem er den Angeklagten hereingerufen hatte, das",0.5070989,SE,sentence-transformers/stsb-xlm-r-multilingual
239,240,Urteil,60,D,und schloss die Verhandlung.,0,0.0,1,1.9,2.8,1.7,das,Urteil,"Nun roch der Richter, nachdem er die Lesebrille aufgesetzt hatte, das",0.4341286,SE,sentence-transformers/stsb-xlm-r-multilingual
240,241,Prüfung,61,A,in Mathematik.,0,0.58,0,6.6,5.0,5.8,die,Prüfung,"Zunächst bestand der Student, der das Studium wiederaufnahm, die",0.5272317,SE,sentence-transformers/stsb-xlm-r-multilingual
241,242,Prüfung,61,B,in Mathematik.,0,0.25,0,2.0,1.3,5.8,die,Prüfung,"Zunächst bestand der Student, der das Jackett auszog, die",0.26452264,SE,sentence-transformers/stsb-xlm-r-multilingual
242,243,Prüfung,61,C,in Mathematik.,0,0.0,0,6.6,5.0,3.4,die,Prüfung,"Zunächst kochte der Student, der das Studium wiederaufnahm, die",0.2711757,SE,sentence-transformers/stsb-xlm-r-multilingual
243,244,Prüfung,61,D,in Mathematik.,0,0.0,0,2.0,1.3,3.4,die,Prüfung,"Zunächst kochte der Student, der das Jackett auszog, die",0.11227503,SE,sentence-transformers/stsb-xlm-r-multilingual
244,245,Lied,62,A,über die Vergangenheit.,1,0.58,1,6.3,1.3,7.0,das,Lied,"Konzentriert sang der Sänger, der das Mikrofon umklammerte, das",0.35828504,SE,sentence-transformers/stsb-xlm-r-multilingual
245,246,Lied,62,B,über die Vergangenheit.,1,0.58,1,1.9,1.5,7.0,das,Lied,"Konzentriert sang der Sänger, der den Hut abnahm, das",0.47800723,SE,sentence-transformers/stsb-xlm-r-multilingual
246,247,Lied,62,C,über die Vergangenheit.,1,0.0,1,6.3,1.3,1.1,das,Lied,"Konzentriert reparierte der Sänger, der das Mikrofon umklammerte, das",0.13265786,SE,sentence-transformers/stsb-xlm-r-multilingual
247,248,Lied,62,D,über die Vergangenheit.,1,0.0,1,1.9,1.5,1.1,das,Lied,"Konzentriert reparierte der Sänger, der den Hut abnahm, das",0.2675941,SE,sentence-transformers/stsb-xlm-r-multilingual
248,249,Farbe,63,A,für den nächsten Auftrag.,0,0.92,1,6.9,3.5,6.3,die,Farbe,"Zufrieden mischte der Anstreicher, der die Pinsel gewaschen hatte, die",0.33633664,SE,sentence-transformers/stsb-xlm-r-multilingual
249,250,Farbe,63,B,für den nächsten Auftrag.,0,1.0,1,3.5,1.8,6.3,die,Farbe,"Zufrieden mischte der Anstreicher, der die Plätzchen gegessen hatte, die",0.14659941,SE,sentence-transformers/stsb-xlm-r-multilingual
250,251,Farbe,63,C,für den nächsten Auftrag.,0,0.0,1,6.9,3.5,1.4,die,Farbe,"Zufrieden würzte der Anstreicher, der die Pinsel gewaschen hatte, die",0.3024472,SE,sentence-transformers/stsb-xlm-r-multilingual
251,252,Farbe,63,D,für den nächsten Auftrag.,0,0.0,1,3.5,1.8,1.4,die,Farbe,"Zufrieden würzte der Anstreicher, der die Plätzchen gegessen hatte, die",0.086661234,SE,sentence-transformers/stsb-xlm-r-multilingual
252,253,Blumen,64,A,im Blumenkasten.,0,0.58,1,6.2,5.8,7.0,die,Blumen,"Einen Moment lang gießt der Gärtner, der den Dünger verteilt hat, die",0.57397103,SE,sentence-transformers/stsb-xlm-r-multilingual
253,254,Blumen,64,B,im Blumenkasten.,0,0.5,1,2.0,1.4,7.0,die,Blumen,"Einen Moment lang gießt der Gärtner, der die Opernmusik angestellt hat, die",0.4515628,SE,sentence-transformers/stsb-xlm-r-multilingual
254,255,Blumen,64,C,im Blumenkasten.,0,0.0,1,6.2,5.8,1.7,die,Blumen,"Einen Moment lang ölt der Gärtner, der den Dünger verteilt hat, die",0.5218911,SE,sentence-transformers/stsb-xlm-r-multilingual
255,256,Blumen,64,D,im Blumenkasten.,0,0.0,1,2.0,1.4,1.7,die,Blumen,"Einen Moment lang ölt der Gärtner, der die Opernmusik angestellt hat, die",0.45323727,SE,sentence-transformers/stsb-xlm-r-multilingual
256,257,Hecke,65,A,um das Grundstück.,2,0.5,1,6.6,1.9,6.5,die,Hecke,"Gestern Nachmittag stutzte der Landschaftsgärtner, der die Gartenschere geschärft hatte, die",0.035603795,SE,sentence-transformers/stsb-xlm-r-multilingual
257,258,Hecke,65,B,um das Grundstück.,2,0.58,1,1.4,1.8,6.5,die,Hecke,"Gestern Nachmittag stutzte der Landschaftsgärtner, der die Sonnenbrille aufgesetzt hatte, die",0.06420477,SE,sentence-transformers/stsb-xlm-r-multilingual
258,259,Hecke,65,C,um das Grundstück.,2,0.0,1,6.6,1.9,1.3,die,Hecke,"Gestern Nachmittag bezahlte der Landschaftsgärtner, der die Gartenschere geschärft hatte, die",-0.037624568,SE,sentence-transformers/stsb-xlm-r-multilingual
259,260,Hecke,65,D,um das Grundstück.,2,0.0,1,1.4,1.8,1.3,die,Hecke,"Gestern Nachmittag bezahlte der Landschaftsgärtner, der die Sonnenbrille aufgesetzt hatte, die",-0.038235947,SE,sentence-transformers/stsb-xlm-r-multilingual
260,261,Feld,66,A,mit einem Gaul.,2,0.92,0,6.8,2.1,6.2,das,Feld,"Früher beackerte der Landwirt, der den Traktor gestartet hatte, das",0.09034615,SE,sentence-transformers/stsb-xlm-r-multilingual
261,262,Feld,66,B,mit einem Gaul.,2,0.67,0,3.9,1.1,6.2,das,Feld,"Früher beackerte der Landwirt, der den Sonnenhut aufgesetzt hatte, das",0.33430713,SE,sentence-transformers/stsb-xlm-r-multilingual
262,263,Feld,66,C,mit einem Gaul.,2,0.0,0,6.8,2.1,2.5,das,Feld,"Früher kopierte der Landwirt, der den Traktor gestartet hatte, das",0.09257833,SE,sentence-transformers/stsb-xlm-r-multilingual
263,264,Feld,66,D,mit einem Gaul.,2,0.0,0,3.9,1.1,2.5,das,Feld,"Früher kopierte der Landwirt, der den Sonnenhut aufgesetzt hatte, das",0.18145007,SE,sentence-transformers/stsb-xlm-r-multilingual
264,265,Schuh,67,A,und polierte ihn.,1,0.5,0,6.4,4.1,4.9,den,Schuh,"Heute Morgen flickte der Schuster, der den Absatz ausgetauscht hatte, den",0.31929025,SE,sentence-transformers/stsb-xlm-r-multilingual
265,266,Schuh,67,B,und polierte ihn.,1,0.75,0,1.2,1.0,4.9,den,Schuh,"Heute Morgen flickte der Schuster, der die Sirene gehört hatte, den",0.16881919,SE,sentence-transformers/stsb-xlm-r-multilingual
266,267,Schuh,67,C,und polierte ihn.,1,0.0,0,6.4,4.1,1.0,den,Schuh,"Heute Morgen schmeckte der Schuster, der den Absatz ausgetauscht hatte, den",0.31176642,SE,sentence-transformers/stsb-xlm-r-multilingual
267,268,Schuh,67,D,und polierte ihn.,1,0.0,0,1.2,1.0,1.0,den,Schuh,"Heute Morgen schmeckte der Schuster, der die Sirene gehört hatte, den",0.17912342,SE,sentence-transformers/stsb-xlm-r-multilingual
268,269,Koffer,68,A,für die Kreuzfahrt.,1,0.83,0,6.6,3.5,6.9,den,Koffer,"Schnell packte der Urlauber, als er die Klamotten gefaltet hatte, den",0.4130542,SE,sentence-transformers/stsb-xlm-r-multilingual
269,270,Koffer,68,B,für die Kreuzfahrt.,1,0.5,0,1.2,1.9,6.9,den,Koffer,"Schnell packte der Urlauber, als er die Gardinen aufgezogen hatte, den",0.3365917,SE,sentence-transformers/stsb-xlm-r-multilingual
270,271,Koffer,68,C,für die Kreuzfahrt.,1,0.0,0,6.6,3.5,1.2,den,Koffer,"Schnell rührte der Urlauber, als er die Klamotten gefaltet hatte, den",0.32026014,SE,sentence-transformers/stsb-xlm-r-multilingual
271,272,Koffer,68,D,für die Kreuzfahrt.,1,0.0,0,1.2,1.9,1.2,den,Koffer,"Schnell rührte der Urlauber, als er die Gardinen aufgezogen hatte, den",0.24157846,SE,sentence-transformers/stsb-xlm-r-multilingual
272,273,Honig,69,A,aus den Waben.,0,1.0,1,6.9,1.0,5.5,den,Honig,"Sorgfältig erntet der Imker, nachdem er den Bienenstock erreicht hat, den",0.3859341,SE,sentence-transformers/stsb-xlm-r-multilingual
273,274,Honig,69,B,aus den Waben.,0,0.92,1,2.8,1.1,5.5,den,Honig,"Sorgfältig erntet der Imker, nachdem er das Haus verlassen hat, den",0.3068569,SE,sentence-transformers/stsb-xlm-r-multilingual
274,275,Honig,69,C,aus den Waben.,0,0.0,1,6.9,1.0,1.2,den,Honig,"Sorgfältig näht der Imker, nachdem er den Bienenstock erreicht hat, den",0.31340152,SE,sentence-transformers/stsb-xlm-r-multilingual
275,276,Honig,69,D,aus den Waben.,0,0.0,1,2.8,1.1,1.2,den,Honig,"Sorgfältig näht der Imker, nachdem er das Haus verlassen hat, den",0.19692631,SE,sentence-transformers/stsb-xlm-r-multilingual
276,277,Gewehr,70,A,und zielt erneut.,0,0.42,1,6.4,6.1,6.0,das,Gewehr,"Vorsichtig lädt der Jäger, der die Munition verschossen hat, das",0.5442115,SE,sentence-transformers/stsb-xlm-r-multilingual
277,278,Gewehr,70,B,und zielt erneut.,0,0.5,1,1.4,1.3,6.0,das,Gewehr,"Vorsichtig lädt der Jäger, der den Campingplatz verlassen hat, das",0.30561438,SE,sentence-transformers/stsb-xlm-r-multilingual
278,279,Gewehr,70,C,und zielt erneut.,0,0.0,1,6.4,6.1,1.3,das,Gewehr,"Vorsichtig schneidet der Jäger, der die Munition verschossen hat, das",0.45859754,SE,sentence-transformers/stsb-xlm-r-multilingual
279,280,Gewehr,70,D,und zielt erneut.,0,0.0,1,1.4,1.3,1.3,das,Gewehr,"Vorsichtig schneidet der Jäger, der den Campingplatz verlassen hat, das",0.26334175,SE,sentence-transformers/stsb-xlm-r-multilingual
280,281,Mörtel,71,A,für die Mauer.,0,0.42,0,6.1,4.0,6.0,den,Mörtel,"Vorsichtig mischte der Maurer, der die Backsteine aufeinanderlegte, den",0.5029349,SE,sentence-transformers/stsb-xlm-r-multilingual
281,282,Mörtel,71,B,für die Mauer.,0,0.25,0,1.4,1.0,6.0,den,Mörtel,"Vorsichtig mischte der Maurer, der die Nachbarn belauschte, den",0.6018079,SE,sentence-transformers/stsb-xlm-r-multilingual
282,283,Mörtel,71,C,für die Mauer.,0,0.0,0,6.1,4.0,1.3,den,Mörtel,"Vorsichtig schrieb der Maurer, der die Backsteine aufeinanderlegte, den",0.47836366,SE,sentence-transformers/stsb-xlm-r-multilingual
283,284,Mörtel,71,D,für die Mauer.,0,0.0,0,1.4,1.0,1.3,den,Mörtel,"Vorsichtig schrieb der Maurer, der die Nachbarn belauschte, den",0.47579277,SE,sentence-transformers/stsb-xlm-r-multilingual
284,285,Mehl,72,A,aus dem Korn.,2,0.67,0,6.9,1.4,5.9,das,Mehl,"Vorgestern mahlte der Müller, der die Mühle betrieb, das",0.17766875,SE,sentence-transformers/stsb-xlm-r-multilingual
285,286,Mehl,72,B,aus dem Korn.,2,0.5,0,1.0,1.1,5.9,das,Mehl,"Vorgestern mahlte der Müller, der das Lied pfiff, das",0.1782277,SE,sentence-transformers/stsb-xlm-r-multilingual
286,287,Mehl,72,C,aus dem Korn.,2,0.0,0,6.9,1.4,2.4,das,Mehl,"Vorgestern verzierte der Müller, der die Mühle betrieb, das",0.19500488,SE,sentence-transformers/stsb-xlm-r-multilingual
287,288,Mehl,72,D,aus dem Korn.,2,0.17,0,1.0,1.1,2.4,das,Mehl,"Vorgestern verzierte der Müller, der das Lied pfiff, das",0.20759267,SE,sentence-transformers/stsb-xlm-r-multilingual
288,289,Kuh,73,A,und brachte ihr frisches Heu.,0,1.0,0,7.0,4.5,6.8,die,Kuh,"Vorsichtig melkte der Viehzüchter, nachdem er den Stall ausgemistet hatte, die",-0.017760424,SE,sentence-transformers/stsb-xlm-r-multilingual
289,290,Kuh,73,B,und brachte ihr frisches Heu.,0,0.75,0,3.1,1.0,6.8,die,Kuh,"Vorsichtig melkte der Viehzüchter, nachdem er das Gemüse sortiert hatte, die",-0.072579175,SE,sentence-transformers/stsb-xlm-r-multilingual
290,291,Kuh,73,C,und brachte ihr frisches Heu.,0,0.0,0,7.0,4.5,1.4,die,Kuh,"Vorsichtig kleidete der Viehzüchter, nachdem er den Stall ausgemistet hatte, die",0.111872636,SE,sentence-transformers/stsb-xlm-r-multilingual
291,292,Kuh,73,D,und brachte ihr frisches Heu.,0,0.08,0,3.1,1.0,1.4,die,Kuh,"Vorsichtig kleidete der Viehzüchter, nachdem er das Gemüse sortiert hatte, die",0.0014667093,SE,sentence-transformers/stsb-xlm-r-multilingual
292,293,Bett,74,A,und das Kissen.,0,0.92,0,6.9,4.7,6.9,das,Bett,"Zuerst bezog der Hotelangestellte, nachdem er den Bezug entfaltet hatte, das",0.25336912,SE,sentence-transformers/stsb-xlm-r-multilingual
293,294,Bett,74,B,und das Kissen.,0,0.67,0,1.1,1.8,6.9,das,Bett,"Zuerst bezog der Hotelangestellte, nachdem er den Hamburger verspeist hatte, das",-0.085547425,SE,sentence-transformers/stsb-xlm-r-multilingual
294,295,Bett,74,C,und das Kissen.,0,0.08,0,6.9,4.7,1.2,das,Bett,"Zuerst fälschte der Hotelangestellte, nachdem er den Bezug entfaltet hatte, das",0.067690864,SE,sentence-transformers/stsb-xlm-r-multilingual
295,296,Bett,74,D,und das Kissen.,0,0.0,0,1.1,1.8,1.2,das,Bett,"Zuerst fälschte der Hotelangestellte, nachdem er den Hamburger verspeist hatte, das",-0.21483997,SE,sentence-transformers/stsb-xlm-r-multilingual
296,297,Ziel,75,A,und durchtrennt die Ziellinie.,1,0.92,0,6.0,5.8,6.6,das,Ziel,"Augenblicklich erreicht der Sprinter, der das Rennen gewinnt, das",0.46205276,SE,sentence-transformers/stsb-xlm-r-multilingual
297,298,Ziel,75,B,und durchtrennt die Ziellinie.,1,0.75,0,1.9,2.7,6.6,das,Ziel,"Augenblicklich erreicht der Sprinter, der den Wind genießt, das",0.4928355,SE,sentence-transformers/stsb-xlm-r-multilingual
298,299,Ziel,75,C,und durchtrennt die Ziellinie.,1,0.0,0,6.0,5.8,1.9,das,Ziel,"Augenblicklich reinigt der Sprinter, der das Rennen gewinnt, das",0.39335835,SE,sentence-transformers/stsb-xlm-r-multilingual
299,300,Ziel,75,D,und durchtrennt die Ziellinie.,1,0.0,0,1.9,2.7,1.9,das,Ziel,"Augenblicklich reinigt der Sprinter, der den Wind genießt, das",0.3993786,SE,sentence-transformers/stsb-xlm-r-multilingual
300,301,Welle,76,A,bis zum Strand.,0,0.58,0,5.1,1.3,7.0,die,Welle,"Direkt surft der Surfer, der die Badehose angezogen hat, die",0.2971619,SE,sentence-transformers/stsb-xlm-r-multilingual
301,302,Welle,76,B,bis zum Strand.,0,0.42,0,3.2,1.3,7.0,die,Welle,"Direkt surft der Surfer, der den Tagesausflug unternommen hat, die",0.2384342,SE,sentence-transformers/stsb-xlm-r-multilingual
302,303,Welle,76,C,bis zum Strand.,0,0.0,0,5.1,1.3,1.5,die,Welle,"Direkt reserviert der Surfer, der die Badehose angezogen hat, die",0.31644204,SE,sentence-transformers/stsb-xlm-r-multilingual
303,304,Welle,76,D,bis zum Strand.,0,0.0,0,3.2,1.3,1.5,die,Welle,"Direkt reserviert der Surfer, der den Tagesausflug unternommen hat, die",0.29691508,SE,sentence-transformers/stsb-xlm-r-multilingual
304,305,Fahrkarten,77,A,der Pendler.,0,0.5,1,6.7,3.3,6.6,die,Fahrkarten,"Gut gelaunt kontrollierte der Schaffner, der das Zugabteil betreten hatte, die",0.27714187,SE,sentence-transformers/stsb-xlm-r-multilingual
305,306,Fahrkarten,77,B,der Pendler.,0,0.42,1,2.8,2.4,6.6,die,Fahrkarten,"Gut gelaunt kontrollierte der Schaffner, der die Mittagspause beendet hatte, die",0.16425307,SE,sentence-transformers/stsb-xlm-r-multilingual
306,307,Fahrkarten,77,C,der Pendler.,0,0.0,1,6.7,3.3,1.3,die,Fahrkarten,"Gut gelaunt zitierte der Schaffner, der das Zugabteil betreten hatte, die",0.2635817,SE,sentence-transformers/stsb-xlm-r-multilingual
307,308,Fahrkarten,77,D,der Pendler.,0,0.0,1,2.8,2.4,1.3,die,Fahrkarten,"Gut gelaunt zitierte der Schaffner, der die Mittagspause beendet hatte, die",0.1936609,SE,sentence-transformers/stsb-xlm-r-multilingual
308,309,Leitung,78,A,im Gebäude.,0,0.5,1,6.8,4.5,6.2,die,Leitung,"Am Mittag verlegte der Elektriker, nachdem er den Strom abgeschaltet hatte, die",0.3360039,SE,sentence-transformers/stsb-xlm-r-multilingual
309,310,Leitung,78,B,im Gebäude.,0,0.41,1,2.2,3.4,6.2,die,Leitung,"Am Mittag verlegte der Elektriker, nachdem er den Anwohner informiert hatte, die",0.29717422,SE,sentence-transformers/stsb-xlm-r-multilingual
310,311,Leitung,78,C,im Gebäude.,0,0.0,1,6.8,4.5,1.5,die,Leitung,"Am Mittag verfasste der Elektriker, nachdem er den Strom abgeschaltet hatte, die",0.3546971,SE,sentence-transformers/stsb-xlm-r-multilingual
311,312,Leitung,78,D,im Gebäude.,0,0.0,1,2.2,3.4,1.5,die,Leitung,"Am Mittag verfasste der Elektriker, nachdem er den Anwohner informiert hatte, die",0.27609813,SE,sentence-transformers/stsb-xlm-r-multilingual
312,313,Segel,79,A,des großen Bootes.,3,0.42,1,5.5,4.4,5.8,die,Segel,"Langsam hisst der Matrose, nachdem er die Taue gekappt hat, die",0.4036667,SE,sentence-transformers/stsb-xlm-r-multilingual
313,314,Segel,79,B,des großen Bootes.,3,0.42,1,2.2,2.7,5.8,die,Segel,"Langsam hisst der Matrose, nachdem er die Handschuhe angezogen hat, die",0.23729886,SE,sentence-transformers/stsb-xlm-r-multilingual
314,315,Segel,79,C,des großen Bootes.,3,0.0,1,5.5,4.4,1.9,die,Segel,"Langsam verzehrt der Matrose, nachdem er die Taue gekappt hat, die",0.05431092,SE,sentence-transformers/stsb-xlm-r-multilingual
315,316,Segel,79,D,des großen Bootes.,3,0.0,1,2.2,2.7,1.9,die,Segel,"Langsam verzehrt der Matrose, nachdem er die Handschuhe angezogen hat, die",0.06865602,SE,sentence-transformers/stsb-xlm-r-multilingual
316,317,Gläser,80,A,und spricht mit dem Kollegen.,0,0.67,1,5.2,1.4,5.8,die,Gläser,"Direkt entspiegelt der Optiker, nachdem er den Sehtest durchgeführt hat, die",0.41813827,SE,sentence-transformers/stsb-xlm-r-multilingual
317,318,Gläser,80,B,und spricht mit dem Kollegen.,0,0.67,1,1.5,5.0,5.8,die,Gläser,"Direkt entspiegelt der Optiker, nachdem er die Jahresabrechnung aufgestellt hat, die",0.3950917,SE,sentence-transformers/stsb-xlm-r-multilingual
318,319,Gläser,80,C,und spricht mit dem Kollegen.,0,0.0,1,5.2,1.4,4.3,die,Gläser,"Direkt verschließt der Optiker, nachdem er den Sehtest durchgeführt hat, die",0.33530527,SE,sentence-transformers/stsb-xlm-r-multilingual
319,320,Gläser,80,D,und spricht mit dem Kollegen.,0,0.0,1,1.5,5.0,4.3,die,Gläser,"Direkt verschließt der Optiker, nachdem er die Jahresabrechnung aufgestellt hat, die",0.2789489,SE,sentence-transformers/stsb-xlm-r-multilingual
320,321,Korb,81,A,und holt einen Punkt.,0,0.83,0,6.0,4.8,4.8,den,Korb,"Auf der Stelle wirft der Basketballer, der den Ball gedribbelt hat, den",0.042743433,SE,sentence-transformers/stsb-xlm-r-multilingual
321,322,Korb,81,B,und holt einen Punkt.,0,0.5,0,2.9,1.8,4.8,den,Korb,"Auf der Stelle wirft der Basketballer, der die Sitzbank verlassen hat, den",0.06743419,SE,sentence-transformers/stsb-xlm-r-multilingual
322,323,Korb,81,C,und holt einen Punkt.,0,0.0,0,6.0,4.8,1.8,den,Korb,"Auf der Stelle bucht der Basketballer, der den Ball gedribbelt hat, den",0.11347238,SE,sentence-transformers/stsb-xlm-r-multilingual
323,324,Korb,81,D,und holt einen Punkt.,0,0.0,0,2.9,1.8,1.8,den,Korb,"Auf der Stelle bucht der Basketballer, der die Sitzbank verlassen hat, den",0.17191257,SE,sentence-transformers/stsb-xlm-r-multilingual
324,325,Muschel,82,A,und holt die Perle.,0,0.92,0,6.2,1.5,4.2,die,Muschel,"Ohne zu zögern knackt der Perlentaucher, der den Meeresgrund erreicht hat, die",0.4971101,SE,sentence-transformers/stsb-xlm-r-multilingual
325,326,Muschel,82,B,und holt die Perle.,0,0.75,0,1.0,1.2,4.2,die,Muschel,"Ohne zu zögern knackt der Perlentaucher, der die Taschenlampe angemacht hat, die",0.3705669,SE,sentence-transformers/stsb-xlm-r-multilingual
326,327,Muschel,82,C,und holt die Perle.,0,0.0,0,6.2,1.5,1.4,die,Muschel,"Ohne zu zögern verknotet der Perlentaucher, die den Meeresgrund erreicht hat, die",0.44423667,SE,sentence-transformers/stsb-xlm-r-multilingual
327,328,Muschel,82,D,und holt die Perle.,0,0.0,0,1.0,1.2,1.4,die,Muschel,"Ohne zu zögern verknotet der Perlentaucher, der die Taschenlampe angemacht hat, die",0.33492178,SE,sentence-transformers/stsb-xlm-r-multilingual
328,329,Bogen,83,A,und feuert den Pfeil ab.,0,1.0,0,7.0,2.1,6.7,den,Bogen,"Umsichtig spannt der Schütze, der den Pfeil gespitzt hat, den",0.31326047,SE,sentence-transformers/stsb-xlm-r-multilingual
329,330,Bogen,83,B,und feuert den Pfeil ab.,0,0.67,0,1.5,1.2,6.7,den,Bogen,"Umsichtig spannt der Schütze, der das Laub zusammengekehrt hat, den",0.53746736,SE,sentence-transformers/stsb-xlm-r-multilingual
330,331,Bogen,83,C,und feuert den Pfeil ab.,0,0.08,0,7.0,2.1,1.2,den,Bogen,"Umsichtig tippt der Schütze, der den Pfeil gespitzt hat, den",0.25996172,SE,sentence-transformers/stsb-xlm-r-multilingual
331,332,Bogen,83,D,und feuert den Pfeil ab.,0,0.0,0,1.5,1.2,1.2,den,Bogen,"Umsichtig tippt der Schütze, der das Laub zusammengekehrt hat, den",0.41634446,SE,sentence-transformers/stsb-xlm-r-multilingual
332,333,Ziegel,84,A,und beendete den Arbeitstag.,0,0.58,1,7.0,4.8,4.2,die,Ziegel,"Schnell verlegte der Dachdecker, der das Dach abdeckte, die",0.4362502,SE,sentence-transformers/stsb-xlm-r-multilingual
333,334,Ziegel,84,B,und beendete den Arbeitstag.,0,0.5,1,1.2,1.6,4.2,die,Ziegel,"Schnell verlegte der Dachdecker, der den Ehering auszog, die",0.17043231,SE,sentence-transformers/stsb-xlm-r-multilingual
334,335,Ziegel,84,C,und beendete den Arbeitstag.,0,0.0,1,7.0,4.8,1.0,die,Ziegel,"Schnell naschte der Dachdecker, der das Dach abdeckte, die",0.43781614,SE,sentence-transformers/stsb-xlm-r-multilingual
335,336,Ziegel,84,D,und beendete den Arbeitstag.,0,0.0,1,1.2,1.6,1.0,die,Ziegel,"Schnell naschte der Dachdecker, der den Ehering auszog, die",0.19934434,SE,sentence-transformers/stsb-xlm-r-multilingual
336,337,Kartons,85,A,und die Kisten.,0,0.58,1,6.5,1.9,5.5,die,Kartons,"Zuerst stapelt der Umzugshelfer, der den Umzugswagen gefahren hat, die",0.40544313,SE,sentence-transformers/stsb-xlm-r-multilingual
337,338,Kartons,85,B,und die Kisten.,0,0.67,1,4.4,1.1,5.5,die,Kartons,"Zuerst stapelt der Umzugshelfer, der die Firma gegründet hat, die",0.33253804,SE,sentence-transformers/stsb-xlm-r-multilingual
338,339,Kartons,85,C,und die Kisten.,0,0.0,1,6.5,1.9,2.0,die,Kartons,"Zuerst serviert der Umzugshelfer, der den Umzugswagen gefahren hat, die",0.40327585,SE,sentence-transformers/stsb-xlm-r-multilingual
339,340,Kartons,85,D,und die Kisten.,0,0.0,1,4.4,1.1,2.0,die,Kartons,"Zuerst serviert der Umzugshelfer, der die Firma gegründet hat, die",0.3153269,SE,sentence-transformers/stsb-xlm-r-multilingual
340,341,Unterricht,86,A,und wurde erwischt.,2,0.5,0,7.0,5.9,6.7,den,Unterricht,"Heute früh schwänzte der Schüler, der die Klasse wiederholt hatte, den",0.50010884,SE,sentence-transformers/stsb-xlm-r-multilingual
341,342,Unterricht,86,B,und wurde erwischt.,2,0.33,0,3.8,1.8,6.7,den,Unterricht,"Heute früh schwänzte der Schüler, der das Handy verloren hatte, den",0.25858092,SE,sentence-transformers/stsb-xlm-r-multilingual
342,343,Unterricht,86,C,und wurde erwischt.,2,0.0,0,7.0,5.9,1.7,den,Unterricht,"Heute früh dekorierte der Schüler, der die Klasse wiederholt hatte, den",0.58604145,SE,sentence-transformers/stsb-xlm-r-multilingual
343,344,Unterricht,86,D,und wurde erwischt.,2,0.0,0,3.8,1.8,1.7,den,Unterricht,"Heute früh dekorierte der Schüler, der das Handy verloren hatte, den",0.38017428,SE,sentence-transformers/stsb-xlm-r-multilingual
344,345,Ausweis,87,A,und ließ die Frau in den Club.,0,0.33,1,6.4,3.3,6.6,den,Ausweis,"Am Abend kontrollierte der Türsteher, der den Geldbeutel durchsuchte, den",0.097974494,SE,sentence-transformers/stsb-xlm-r-multilingual
345,346,Ausweis,87,B,und ließ die Frau in den Club.,0,0.25,1,2.0,1.2,6.6,den,Ausweis,"Am Abend kontrollierte der Türsteher, der die Nachtluft genoss, den",0.2580782,SE,sentence-transformers/stsb-xlm-r-multilingual
346,347,Ausweis,87,C,und ließ die Frau in den Club.,0,0.0,1,6.4,3.3,1.5,den,Ausweis,"Am Abend probierte der Türsteher, der den Geldbeutel durchsuchte, den",0.115797564,SE,sentence-transformers/stsb-xlm-r-multilingual
347,348,Ausweis,87,D,und ließ die Frau in den Club.,0,0.0,1,2.0,1.2,1.5,den,Ausweis,"Am Abend probierte der Türsteher, der die Nachtluft genoss, den",0.29274225,SE,sentence-transformers/stsb-xlm-r-multilingual
348,349,Windel,88,A,und warf sie in den Abfall.,0,0.92,1,6.7,2.4,6.5,die,Windel,"Umsichtig wechselte der Babysitter, der das Baby geweckt hatte, die",0.106529586,SE,sentence-transformers/stsb-xlm-r-multilingual
349,350,Windel,88,B,und warf sie in den Abfall.,0,0.83,1,1.0,1.1,6.5,die,Windel,"Umsichtig wechselte der Babysitter, der den Obstsalat zubereitet hatte, die",-0.022719111,SE,sentence-transformers/stsb-xlm-r-multilingual
350,351,Windel,88,C,und warf sie in den Abfall.,0,0.08,1,6.7,2.4,1.5,die,Windel,"Umsichtig bastelte der Babysitter, der das Baby geweckt hatte, die",0.07108416,SE,sentence-transformers/stsb-xlm-r-multilingual
351,352,Windel,88,D,und warf sie in den Abfall.,0,0.0,1,1.0,1.1,1.5,die,Windel,"Umsichtig bastelte der Babysitter, der den Obstsalat zubereitet hatte, die",-0.024526054,SE,sentence-transformers/stsb-xlm-r-multilingual
352,353,Gewichte,89,A,in die Höhe.,0,0.5,1,6.7,1.6,6.7,die,Gewichte,"Langsam stemmte der Bodybuilder, der das Fitnessstudio betreten hatte, die",0.25192893,SE,sentence-transformers/stsb-xlm-r-multilingual
353,354,Gewichte,89,B,in die Höhe.,0,0.42,1,1.7,2.0,6.7,die,Gewichte,"Langsam stemmte der Bodybuilder, der das Licht angemacht hatte, die",0.2725269,SE,sentence-transformers/stsb-xlm-r-multilingual
354,355,Gewichte,89,C,in die Höhe.,0,0.0,1,6.7,1.6,2.0,die,Gewichte,"Langsam verdaute der Bodybuilder, der das Fitnessstudio betreten hatte, die",0.2605659,SE,sentence-transformers/stsb-xlm-r-multilingual
355,356,Gewichte,89,D,in die Höhe.,0,0.0,1,1.7,2.0,2.0,die,Gewichte,"Langsam verdaute der Bodybuilder, der das Licht angemacht hatte, die",0.295074,SE,sentence-transformers/stsb-xlm-r-multilingual
356,357,Rohr,90,A,im Badezimmer.,0,0.17,1,6.4,1.5,5.5,das,Rohr,"Umsichtig repariert der Klempner, der das Wasser ausgestellt hat, das",0.27032572,SE,sentence-transformers/stsb-xlm-r-multilingual
357,358,Rohr,90,B,im Badezimmer.,0,0.25,1,1.3,4.6,5.5,das,Rohr,"Umsichtig repariert der Klempner, der den Kirchenchor geleitet hat, das",0.2552022,SE,sentence-transformers/stsb-xlm-r-multilingual
358,359,Rohr,90,C,im Badezimmer.,0,0.0,1,6.4,1.5,1.1,das,Rohr,"Umsichtig nascht der Klempner, der das Wasser ausgestellt hat, das",0.41886225,SE,sentence-transformers/stsb-xlm-r-multilingual
359,360,Rohr,90,D,im Badezimmer.,0,0.0,1,1.3,4.6,1.1,das,Rohr,"Umsichtig nascht der Klempner, der den Kirchenchor geleitet hat, das",0.32170767,SE,sentence-transformers/stsb-xlm-r-multilingual
360,361,Artikel,91,A,für die nächste Ausgabe.,0,0.5,0,6.4,1.5,6.1,den,Artikel,"Schnell schreibt der Journalist, der die Recherche durchgeführt hat, den",0.5482231,SE,sentence-transformers/stsb-xlm-r-multilingual
361,362,Artikel,91,B,für die nächste Ausgabe.,0,0.25,0,2.5,5.4,6.1,den,Artikel,"Schnell schreibt der Journalist, der das Portemonnaie gefunden hat, den",0.38039827,SE,sentence-transformers/stsb-xlm-r-multilingual
362,363,Artikel,91,C,für die nächste Ausgabe.,0,0.0,0,6.4,1.5,2.3,den,Artikel,"Schnell lenkt der Journalist, der die Recherche durchgeführt hat, den",0.5434576,SE,sentence-transformers/stsb-xlm-r-multilingual
363,364,Artikel,91,D,für die nächste Ausgabe.,0,0.0,0,2.5,5.4,2.3,den,Artikel,"Schnell lenkt der Journalist, der das Portemonnaie gefunden hat, den",0.37920746,SE,sentence-transformers/stsb-xlm-r-multilingual
364,365,Reifen,92,A,an seinem Rad.,0,0.67,1,6.8,4.1,6.7,den,Reifen,"Heute Morgen flickte der Radler, der die Luftpumpe benutzt hatte, den",0.44969207,SE,sentence-transformers/stsb-xlm-r-multilingual
365,366,Reifen,92,B,an seinem Rad.,0,0.67,1,1.2,1.8,6.7,den,Reifen,"Heute Morgen flickte der Radler, der den Schrank abgeschlossen hatte, den",0.16853571,SE,sentence-transformers/stsb-xlm-r-multilingual
366,367,Reifen,92,C,an seinem Rad.,0,0.0,1,6.8,4.1,1.1,den,Reifen,"Heute Morgen trank der Radler, der die Luftpumpe benutzt hatte, den",0.4334353,SE,sentence-transformers/stsb-xlm-r-multilingual
367,368,Reifen,92,D,an seinem Rad.,0,0.0,1,1.2,1.8,1.1,den,Reifen,"Heute Morgen trank der Radler, der den Schrank abgeschlossen hatte, den",0.13706584,SE,sentence-transformers/stsb-xlm-r-multilingual
368,369,Briefkasten,93,A,und fährt weiter.,2,0.58,1,6.2,1.3,6.3,den,Briefkasten,"Umgehend entleert der Postbote, der das Postauto geparkt hat, den",0.43287867,SE,sentence-transformers/stsb-xlm-r-multilingual
369,370,Briefkasten,93,B,und fährt weiter.,2,0.58,1,2.5,2.0,6.3,den,Briefkasten,"Umgehend entleert der Postbote, der den Kugelschreiber verloren hat, den",0.40578985,SE,sentence-transformers/stsb-xlm-r-multilingual
370,371,Briefkasten,93,C,und fährt weiter.,2,0.0,1,6.2,1.3,1.1,den,Briefkasten,"Umgehend verdrückt der Postbote, der das Postauto geparkt hat, den",0.48170483,SE,sentence-transformers/stsb-xlm-r-multilingual
371,372,Briefkasten,93,D,und fährt weiter.,2,0.0,1,2.5,2.0,1.1,den,Briefkasten,"Umgehend verdrückt der Postbote, der den Kugelschreiber verloren hat, den",0.4364182,SE,sentence-transformers/stsb-xlm-r-multilingual
372,373,Drogen,94,A,für die nächste Woche.,0,0.5,1,6.8,2.2,4.7,die,Drogen,"Hektisch kauft der Junkie, der den Dealer angerufen hat, die",0.18015817,SE,sentence-transformers/stsb-xlm-r-multilingual
373,374,Drogen,94,B,für die nächste Woche.,0,0.5,1,2.1,2.2,4.7,die,Drogen,"Hektisch kauft der Junkie, der die Kapuze aufgezogen hat, die",0.18604219,SE,sentence-transformers/stsb-xlm-r-multilingual
374,375,Drogen,94,C,für die nächste Woche.,0,0.0,1,6.8,2.2,1.1,die,Drogen,"Hektisch näht der Junkie, der den Dealer angerufen hat, die",0.17546143,SE,sentence-transformers/stsb-xlm-r-multilingual
375,376,Drogen,94,D,für die nächste Woche.,0,0.08,1,2.1,2.2,1.1,die,Drogen,"Hektisch näht der Junkie, der die Kapuze aufgezogen hat, die",0.14512411,SE,sentence-transformers/stsb-xlm-r-multilingual
376,377,Tonne,95,A,und sprang auf den Müllwagen.,0,0.75,1,6.4,1.8,5.8,die,Tonne,"Zügig leerte der Müllmann, der den Müllwagen geparkt hatte, die",0.007778442,SE,sentence-transformers/stsb-xlm-r-multilingual
377,378,Tonne,95,B,und sprang auf den Müllwagen.,0,0.75,1,4.2,1.1,5.8,die,Tonne,"Zügig leerte der Müllmann, der den Hausbesitzer gegrüßt hatte, die",0.11896373,SE,sentence-transformers/stsb-xlm-r-multilingual
378,379,Tonne,95,C,und sprang auf den Müllwagen.,0,0.0,1,6.4,1.8,1.8,die,Tonne,"Zügig bastelte der Müllmann, der den Müllwagen geparkt hatte, die",0.03089667,SE,sentence-transformers/stsb-xlm-r-multilingual
379,380,Tonne,95,D,und sprang auf den Müllwagen.,0,0.0,1,4.2,1.1,1.8,die,Tonne,"Zügig bastelte der Müllmann, der den Hausbesitzer gegrüßt hatte, die",0.1490418,SE,sentence-transformers/stsb-xlm-r-multilingual
380,381,Peitsche,96,A,und gab die Sporen.,2,0.58,1,6.0,5.6,5.8,die,Peitsche,"Hektisch knallte der Reiter, der das Pferd ritt, die",0.4126752,SE,sentence-transformers/stsb-xlm-r-multilingual
381,382,Peitsche,96,B,und gab die Sporen.,2,0.5,1,1.2,1.2,5.8,die,Peitsche,"Hektisch knallte der Reiter, der die Landschaft durchquerte, die",0.3501057,SE,sentence-transformers/stsb-xlm-r-multilingual
382,383,Peitsche,96,C,und gab die Sporen.,2,0.0,1,6.0,5.6,1.1,die,Peitsche,"Hektisch verfasste der Reiter, der das Pferd ritt, die",0.63698167,SE,sentence-transformers/stsb-xlm-r-multilingual
383,384,Peitsche,96,D,und gab die Sporen.,2,0.0,1,1.2,1.2,1.1,die,Peitsche,"Hektisch verfasste der Reiter, der die Landschaft durchquerte, die",0.61484694,SE,sentence-transformers/stsb-xlm-r-multilingual
384,385,Waffe,97,A,und verlangte das Geld.,0,0.58,1,3.9,6.5,6.1,die,Waffe,"Nach kurzem Überlegen zückte der Gangster, der die Bank überfiel, die",-0.16607279,SE,sentence-transformers/stsb-xlm-r-multilingual
385,386,Waffe,97,B,und verlangte das Geld.,0,0.58,1,1.3,1.1,6.1,die,Waffe,"Nach kurzem Überlegen zückte der Gangster, der den Bus betrat, die",-0.15390123,SE,sentence-transformers/stsb-xlm-r-multilingual
386,387,Waffe,97,C,und verlangte das Geld.,0,0.0,1,3.9,6.5,1.4,die,Waffe,"Nach kurzem Überlegen gründete der Gangster, der die Bank überfiel, die",-0.1309964,SE,sentence-transformers/stsb-xlm-r-multilingual
387,388,Waffe,97,D,und verlangte das Geld.,0,0.0,1,1.3,1.1,1.4,die,Waffe,"Nach kurzem Überlegen gründete der Gangster, der den Bus betrat, die",-0.10871194,SE,sentence-transformers/stsb-xlm-r-multilingual
388,389,Schiff,98,A,und übernahm das Kommando.,0,0.92,1,6.2,5.1,6.8,das,Schiff,"Zufrieden kaperte der Pirat, der die Flagge hisste, das",0.29992086,SE,sentence-transformers/stsb-xlm-r-multilingual
389,390,Schiff,98,B,und übernahm das Kommando.,0,0.92,1,2.3,1.4,6.8,das,Schiff,"Zufrieden kaperte der Pirat, der die Fehde austrug, das",0.3089546,SE,sentence-transformers/stsb-xlm-r-multilingual
390,391,Schiff,98,C,und übernahm das Kommando.,0,0.0,1,6.2,5.1,1.1,das,Schiff,"Zufrieden verrührte der Pirat, der die Flagge hisste, das",0.29095593,SE,sentence-transformers/stsb-xlm-r-multilingual
391,392,Schiff,98,D,und übernahm das Kommando.,0,0.0,1,2.3,1.4,1.1,das,Schiff,"Zufrieden verrührte der Pirat, der die Fehde austrug, das",0.3125881,SE,sentence-transformers/stsb-xlm-r-multilingual
392,393,Aktie,99,A,und berichtet seinem Auftraggeber.,0,0.75,1,6.9,1.1,6.5,die,Aktie,"Sofort kauft der Börsenmakler, der die Börse betreten hat, die",0.32238734,SE,sentence-transformers/stsb-xlm-r-multilingual
393,394,Aktie,99,B,und berichtet seinem Auftraggeber.,0,0.83,1,1.4,1.6,6.5,die,Aktie,"Sofort kauft der Börsenmakler, der den Whiskey eingeschenkt hat, die",0.25827596,SE,sentence-transformers/stsb-xlm-r-multilingual
394,395,Aktie,99,C,und berichtet seinem Auftraggeber.,0,0.0,1,6.9,1.1,1.4,die,Aktie,"Sofort knabbert der Börsenmakler, der die Börse betreten hat, die",0.29728818,SE,sentence-transformers/stsb-xlm-r-multilingual
395,396,Aktie,99,D,und berichtet seinem Auftraggeber.,0,0.0,1,1.4,1.6,1.4,die,Aktie,"Sofort knabbert der Börsenmakler, der den Whiskey eingeschenkt hat, die",0.2113333,SE,sentence-transformers/stsb-xlm-r-multilingual
396,397,Loch,100,A,in die Decke.,0,1.0,0,6.5,2.0,6.9,das,Loch,"Gestern bohrte der Handwerker, der die Bohrmaschine hielt, das",0.11923241,SE,sentence-transformers/stsb-xlm-r-multilingual
397,398,Loch,100,B,in die Decke.,0,0.75,0,1.4,1.7,6.9,das,Loch,"Gestern bohrte der Handwerker, der das Kaugummi kaute, das",0.009115392,SE,sentence-transformers/stsb-xlm-r-multilingual
398,399,Loch,100,C,in die Decke.,0,0.0,0,6.5,2.0,3.9,das,Loch,"Gestern warf der Handwerker, der die Bohrmaschine hielt, das",0.115622446,SE,sentence-transformers/stsb-xlm-r-multilingual
399,400,Loch,100,D,in die Decke.,0,0.0,0,1.4,1.7,3.9,das,Loch,"Gestern warf der Handwerker, der das Kaugummi kaute, das",0.014511617,SE,sentence-transformers/stsb-xlm-r-multilingual
400,401,Blutdruck,101,A,und den Blutzucker.,3,0.58,1,6.8,1.6,6.7,den,Blutdruck,"Am Morgen misst der Arzthelfer, der das Messgerät hält, den",0.38635308,SE,sentence-transformers/stsb-xlm-r-multilingual
401,402,Blutdruck,101,B,und den Blutzucker.,3,0.58,1,2.3,1.6,6.7,den,Blutdruck,"Am Morgen misst der Arzthelfer, der den Bildschirm anstellt, den",0.31895605,SE,sentence-transformers/stsb-xlm-r-multilingual
402,403,Blutdruck,101,C,und den Blutzucker.,3,0.0,1,6.8,1.6,1.4,den,Blutdruck,"Am Morgen kauft der Arzthelfer, der das Messgerät hält, den",0.29558945,SE,sentence-transformers/stsb-xlm-r-multilingual
403,404,Blutdruck,101,D,und den Blutzucker.,3,0.0,1,2.3,1.6,1.4,den,Blutdruck,"Am Morgen kauft der Arzthelfer, der den Bildschirm anstellt, den",0.21576771,SE,sentence-transformers/stsb-xlm-r-multilingual
404,405,Tuch,102,A,und machte sich bereit.,0,0.67,0,6.3,3.5,2.7,das,Tuch,"Konzentriert schwang der Torero, der den Stier verwundet hatte, das",0.12454502,SE,sentence-transformers/stsb-xlm-r-multilingual
405,406,Tuch,102,B,und machte sich bereit.,0,0.83,0,4.1,1.8,2.7,das,Tuch,"Konzentriert schwang der Torero, der das Gebet aufgesagt hatte, das",0.28875062,SE,sentence-transformers/stsb-xlm-r-multilingual
406,407,Tuch,102,C,und machte sich bereit.,0,0.0,0,6.3,3.5,2.6,das,Tuch,"Konzentriert befüllte der Torero, der den Stier verwundet hatte, das",0.118092954,SE,sentence-transformers/stsb-xlm-r-multilingual
407,408,Tuch,102,D,und machte sich bereit.,0,0.0,0,4.1,1.8,2.6,das,Tuch,"Konzentriert befüllte der Torero, der das Gebet aufgesagt hatte, das",0.37152064,SE,sentence-transformers/stsb-xlm-r-multilingual
408,409,Schwert,103,A,und griff den Gegner an.,0,0.92,1,6.2,1.5,5.9,das,Schwert,"Angespannt zückte der Ritter, nachdem er den Kampf begonnen hatte, das",0.25489575,SE,sentence-transformers/stsb-xlm-r-multilingual
409,410,Schwert,103,B,und griff den Gegner an.,0,0.92,1,1.1,1.0,5.9,das,Schwert,"Angespannt zückte der Ritter, nachdem er die Brücke überquert hatte, das",0.22084647,SE,sentence-transformers/stsb-xlm-r-multilingual
410,411,Schwert,103,C,und griff den Gegner an.,0,0.0,1,6.2,1.5,1.1,das,Schwert,"Angespannt kaute der Ritter, nachdem er den Kampf begonnen hatte, das",0.3378786,SE,sentence-transformers/stsb-xlm-r-multilingual
411,412,Schwert,103,D,und griff den Gegner an.,0,0.08,1,1.1,1.0,1.1,das,Schwert,"Angespannt kaute der Ritter, nachdem er die Brücke überquert hatte, das",0.3140097,SE,sentence-transformers/stsb-xlm-r-multilingual
412,413,Rettungswagen,104,A,in Richtung des Krankenhauses.,0,0.75,0,6.8,2.6,4.7,den,Rettungswagen,"Wachsam steuert der Sanitäter, der das Blaulicht eingeschaltet hat, den",0.4352526,SE,sentence-transformers/stsb-xlm-r-multilingual
413,414,Rettungswagen,104,B,in Richtung des Krankenhauses.,0,0.58,0,1.3,1.2,4.7,den,Rettungswagen,"Wachsam steuert der Sanitäter, der den Notizblock weggelegt hat, den",0.3577179,SE,sentence-transformers/stsb-xlm-r-multilingual
414,415,Rettungswagen,104,C,in Richtung des Krankenhauses.,0,0.0,0,6.8,2.6,1.0,den,Rettungswagen,"Wachsam kopiert der Sanitäter, der das Blaulicht eingeschaltet hat, den",0.29974526,SE,sentence-transformers/stsb-xlm-r-multilingual
415,416,Rettungswagen,104,D,in Richtung des Krankenhauses.,0,0.0,0,1.3,1.2,1.0,den,Rettungswagen,"Wachsam kopiert der Sanitäter, der den Notizblock weggelegt hat, den",0.22085361,SE,sentence-transformers/stsb-xlm-r-multilingual
416,417,Aussage,105,A,und wendete sich an seinen Anwalt.,0,1.0,0,6.4,3.5,6.3,die,Aussage,"Ohne zu zögern verweigerte der Zeuge, der den Angeklagten wiedererkannte, die",0.23192501,SE,sentence-transformers/stsb-xlm-r-multilingual
417,418,Aussage,105,B,und wendete sich an seinen Anwalt.,0,0.83,0,1.1,1.6,6.3,die,Aussage,"Ohne zu zögern verweigerte der Zeuge, der den Gehstock umklammerte, die",0.3125742,SE,sentence-transformers/stsb-xlm-r-multilingual
418,419,Aussage,105,C,und wendete sich an seinen Anwalt.,0,0.0,0,6.4,3.5,2.6,die,Aussage,"Ohne zu zögern bestellte der Zeuge, der den Angeklagten wiedererkannte, die",0.49010202,SE,sentence-transformers/stsb-xlm-r-multilingual
419,420,Aussage,105,D,und wendete sich an seinen Anwalt.,0,0.0,0,1.1,1.6,2.6,die,Aussage,"Ohne zu zögern bestellte der Zeuge, der den Gehstock umklammerte, die",0.4907366,SE,sentence-transformers/stsb-xlm-r-multilingual
420,421,Schlittschuhe,106,A,und begibt sich auf die Eisfläche.,2,1.0,0,6.7,2.0,6.1,die,Schlittschuhe,"Sogleich schnürt der Eiskunstläufer, der die Eishalle erreicht hat, die",0.60653305,SE,sentence-transformers/stsb-xlm-r-multilingual
421,422,Schlittschuhe,106,B,und begibt sich auf die Eisfläche.,2,0.75,0,1.5,1.1,6.1,die,Schlittschuhe,"Sogleich schnürt der Eiskunstläufer, der das Bonbon gelutscht hat, die",0.53226054,SE,sentence-transformers/stsb-xlm-r-multilingual
422,423,Schlittschuhe,106,C,und begibt sich auf die Eisfläche.,2,0.0,0,6.7,2.0,1.6,die,Schlittschuhe,"Sogleich zerbricht der Eiskunstläufer, der die Eishalle erreicht hat, die",0.49219558,SE,sentence-transformers/stsb-xlm-r-multilingual
423,424,Schlittschuhe,106,D,und begibt sich auf die Eisfläche.,2,0.08,0,1.5,1.1,1.6,die,Schlittschuhe,"Sogleich zerbricht der Eiskunstläufer, der das Bonbon gelutscht hat, die",0.42414436,SE,sentence-transformers/stsb-xlm-r-multilingual
424,425,Lasso,107,A,und fängt das Tier ein.,0,0.33,0,5.4,4.5,6.5,das,Lasso,"Gut gelaunt schwingt der Cowboy, nachdem er das Pferd gesattelt hatte, das",0.20695019,SE,sentence-transformers/stsb-xlm-r-multilingual
425,426,Lasso,107,B,und fängt das Tier ein.,0,0.75,0,1.3,1.6,6.5,das,Lasso,"Gut gelaunt schwingt der Cowboy, nachdem er den Kameraden gerufen hat, das",0.29241687,SE,sentence-transformers/stsb-xlm-r-multilingual
426,427,Lasso,107,C,und fängt das Tier ein.,0,0.0,0,5.4,4.5,1.1,das,Lasso,"Gut gelaunt zerhackt der Cowboy, nachdem er das Pferd gesattelt hatte, das",0.19082129,SE,sentence-transformers/stsb-xlm-r-multilingual
427,428,Lasso,107,D,und fängt das Tier ein.,0,0.0,0,1.3,1.6,1.1,das,Lasso,"Gut gelaunt zerhackt der Cowboy, nachdem er den Kameraden gerufen hat, das",0.35376245,SE,sentence-transformers/stsb-xlm-r-multilingual
428,429,Drehbuch,108,A,für die Serie.,2,0.33,0,6.6,4.4,6.0,das,Drehbuch,"Entspannt schrieb der Regisseur, der den Plot konstruiert hatte, das",0.56742746,SE,sentence-transformers/stsb-xlm-r-multilingual
429,430,Drehbuch,108,B,für die Serie.,2,0.75,0,1.1,1.3,6.0,das,Drehbuch,"Entspannt schrieb der Regisseur, der den Kamin angemacht hatte, das",0.40897056,SE,sentence-transformers/stsb-xlm-r-multilingual
430,431,Drehbuch,108,C,für die Serie.,2,0.0,0,6.6,4.4,1.1,das,Drehbuch,"Entspannt verzehrte der Regisseur, der den Plot konstruiert hatte, das",0.34899306,SE,sentence-transformers/stsb-xlm-r-multilingual
431,432,Drehbuch,108,D,für die Serie.,2,0.0,0,1.1,1.3,1.1,das,Drehbuch,"Entspannt verzehrte der Regisseur, der den Kamin angemacht hatte, das",0.16499835,SE,sentence-transformers/stsb-xlm-r-multilingual
432,433,Stern,109,A,am Firmament.,0,0.58,1,5.7,2.4,4.9,den,Stern,"Sofort entdeckt der Astronom, der das Teleskop aufgestellt hat, den",0.19756445,SE,sentence-transformers/stsb-xlm-r-multilingual
433,434,Stern,109,B,am Firmament.,0,0.58,1,3.0,1.9,4.9,den,Stern,"Sofort entdeckt der Astronom, der die Uhrzeit notiert hat, den",0.2538758,SE,sentence-transformers/stsb-xlm-r-multilingual
434,435,Stern,109,C,am Firmament.,0,0.0,1,5.7,2.4,1.4,den,Stern,"Sofort serviert der Astronom, der das Teleskop aufgestellt hat, den",0.23292637,SE,sentence-transformers/stsb-xlm-r-multilingual
435,436,Stern,109,D,am Firmament.,0,0.0,1,3.0,1.9,1.4,den,Stern,"Sofort serviert der Astronom, der die Uhrzeit notiert hat, den",0.30806723,SE,sentence-transformers/stsb-xlm-r-multilingual
436,437,Anker,110,A,und verließ den Hafen.,0,0.5,1,6.4,2.0,6.9,den,Anker,"Gestern lichtete der Seemann, der das Boot kommandierte, den",0.40856862,SE,sentence-transformers/stsb-xlm-r-multilingual
437,438,Anker,110,B,und verließ den Hafen.,0,0.58,1,1.0,4.1,6.9,den,Anker,"Gestern lichtete der Seemann, der den Atem anhielt, den",0.44096068,SE,sentence-transformers/stsb-xlm-r-multilingual
438,439,Anker,110,C,und verließ den Hafen.,0,0.0,1,6.4,2.0,1.0,den,Anker,"Gestern kochte der Seemann, der das Boot kommandierte, den",0.43892118,SE,sentence-transformers/stsb-xlm-r-multilingual
439,440,Anker,110,D,und verließ den Hafen.,0,0.0,1,1.0,4.1,1.0,den,Anker,"Gestern kochte der Seemann, der den Atem anhielt, den",0.44421008,SE,sentence-transformers/stsb-xlm-r-multilingual
440,441,Seil,111,A,um den Aufstieg abzusichern.,2,0.58,0,4.6,1.6,6.1,das,Seil,"Am Vormittag knotete der Bergsteiger, nachdem er den Haken festgebohrt hatte, das",0.120133676,SE,sentence-transformers/stsb-xlm-r-multilingual
441,442,Seil,111,B,um den Aufstieg abzusichern.,2,0.75,0,1.4,1.6,6.1,das,Seil,"Am Vormittag knotete der Bergsteiger, nachdem er die Krähe verscheucht hatte, das",0.03857995,SE,sentence-transformers/stsb-xlm-r-multilingual
442,443,Seil,111,C,um den Aufstieg abzusichern.,2,0.0,0,4.6,1.6,1.2,das,Seil,"Am Vormittag roch der Bergsteiger, nachdem er den Haken festgebohrt hatte, das",0.19732851,SE,sentence-transformers/stsb-xlm-r-multilingual
443,444,Seil,111,D,um den Aufstieg abzusichern.,2,0.0,0,1.4,1.6,1.2,das,Seil,"Am Vormittag roch der Bergsteiger, nachdem er die Krähe verscheucht hatte, das",0.05652269,SE,sentence-transformers/stsb-xlm-r-multilingual
444,445,Rouletterad,112,A,und verrät die nächste Zahl.,0,0.67,0,6.3,2.1,6.1,das,Rouletterad,"Entspannt dreht der Croupier, der den Spieltisch vorbereitet hat, das",0.27578977,SE,sentence-transformers/stsb-xlm-r-multilingual
445,446,Rouletterad,112,B,und verrät die nächste Zahl.,0,0.33,0,2.0,1.3,6.1,das,Rouletterad,"Entspannt dreht der Croupier, der die Frau beeindruckt hat, das",0.123753384,SE,sentence-transformers/stsb-xlm-r-multilingual
446,447,Rouletterad,112,C,und verrät die nächste Zahl.,0,0.0,0,6.3,2.1,1.1,das,Rouletterad,"Entspannt schlürft der Croupier, der den Spieltisch vorbereitet hat, das",0.12879473,SE,sentence-transformers/stsb-xlm-r-multilingual
447,448,Rouletterad,112,D,und verrät die nächste Zahl.,0,0.0,0,2.0,1.3,1.1,das,Rouletterad,"Entspannt schlürft der Croupier, der die Frau beeindruckt hat, das",0.016276382,SE,sentence-transformers/stsb-xlm-r-multilingual
448,449,Nägel,113,A,und lackierte sie.,0,0.75,0,6.9,1.7,6.8,die,Nägel,"Neulich feilte die Kosmetikerin, während sie die Maniküre durchführte, die",0.27848306,SE,sentence-transformers/stsb-xlm-r-multilingual
449,450,Nägel,113,B,und lackierte sie.,0,1.0,0,1.3,1.0,6.8,die,Nägel,"Neulich feilte die Kosmetikerin, während sie das Gespräch belauschte, die",0.1693401,SE,sentence-transformers/stsb-xlm-r-multilingual
450,451,Nägel,113,C,und lackierte sie.,0,0.08,0,6.9,1.7,5.5,die,Nägel,"Neulich baute die Kosmetikerin, während sie die Maniküre durchführte, die",0.31920397,SE,sentence-transformers/stsb-xlm-r-multilingual
451,452,Nägel,113,D,und lackierte sie.,0,0.0,0,1.3,1.0,5.5,die,Nägel,"Neulich baute die Kosmetikerin, während sie das Gespräch belauschte, die",0.26122823,SE,sentence-transformers/stsb-xlm-r-multilingual
452,453,Zukunft,114,A,der Familie.,0,0.58,1,6.7,3.9,6.8,die,Zukunft,"Sogleich prophezeite der Wahrsager, der die Kristallkugel befragt hatte, die",0.24831294,SE,sentence-transformers/stsb-xlm-r-multilingual
453,454,Zukunft,114,B,der Familie.,0,0.58,1,1.4,1.1,6.8,die,Zukunft,"Sogleich prophezeite der Wahrsager, der die Kerze angezündet hatte, die",0.33680454,SE,sentence-transformers/stsb-xlm-r-multilingual
454,455,Zukunft,114,C,der Familie.,0,0.0,1,6.7,3.9,1.5,die,Zukunft,"Sogleich würzte der Wahrsager, der die Kristallkugel befragt hatte, die",-0.0008391881,SE,sentence-transformers/stsb-xlm-r-multilingual
455,456,Zukunft,114,D,der Familie.,0,0.0,1,1.4,1.1,1.5,die,Zukunft,"Sogleich würzte der Wahrsager, der die Kerze angezündet hatte, die",0.16082887,SE,sentence-transformers/stsb-xlm-r-multilingual
456,457,Ausgrabung,115,A,in der Ruine.,0,0.92,0,6.6,5.3,3.0,die,Ausgrabung,"Heute beginnt der Archäologe, der die Schaufel hervorgeholt hat, die",0.7680848,SE,sentence-transformers/stsb-xlm-r-multilingual
457,458,Ausgrabung,115,B,in der Ruine.,0,0.5,0,1.3,2.5,3.0,die,Ausgrabung,"Heute beginnt der Archäologe, der das Taxi genommen hat, die",0.3931833,SE,sentence-transformers/stsb-xlm-r-multilingual
458,459,Ausgrabung,115,C,in der Ruine.,0,0.0,0,6.6,5.3,1.5,die,Ausgrabung,"Heute raspelt der Archäologe, der die Schaufel hervorgeholt hat, die",0.744375,SE,sentence-transformers/stsb-xlm-r-multilingual
459,460,Ausgrabung,115,D,in der Ruine.,0,0.0,0,1.3,2.5,1.5,die,Ausgrabung,"Heute raspelt der Archäologe, der das Taxi genommen hat, die",0.34647286,SE,sentence-transformers/stsb-xlm-r-multilingual
460,461,Strauß,116,A,für die Hochzeit.,0,0.92,1,6.8,3.9,6.5,den,Strauß,"Zügig bindet der Florist, der die Rosen gezüchtet hat, den",0.07150863,SE,sentence-transformers/stsb-xlm-r-multilingual
461,462,Strauß,116,B,für die Hochzeit.,0,0.92,1,2.6,1.6,6.5,den,Strauß,"Zügig bindet der Florist, der die Fenster geschlossen hat, den",0.10164041,SE,sentence-transformers/stsb-xlm-r-multilingual
462,463,Strauß,116,C,für die Hochzeit.,0,0.0,1,6.8,3.9,1.0,den,Strauß,"Zügig ölt der Florist, der die Rosen gezüchtet hat, den",0.13410595,SE,sentence-transformers/stsb-xlm-r-multilingual
463,464,Strauß,116,D,für die Hochzeit.,0,0.0,1,2.6,1.6,1.0,den,Strauß,"Zügig ölt der Florist, der die Fenster geschlossen hat, den",0.21163644,SE,sentence-transformers/stsb-xlm-r-multilingual
464,465,Rolle,117,A,für das Theaterstück.,0,0.75,1,6.1,3.8,5.8,die,Rolle,"Umgehend spielt der Schauspieler, der das Skript auswendig gelernt hat, die",0.21598734,SE,sentence-transformers/stsb-xlm-r-multilingual
465,466,Rolle,117,B,für das Theaterstück.,0,0.67,1,2.3,4.6,5.8,die,Rolle,"Umgehend spielt der Schauspieler, der die Torte gebacken hat, die",0.24070773,SE,sentence-transformers/stsb-xlm-r-multilingual
466,467,Rolle,117,C,für das Theaterstück.,0,0.0,1,6.1,3.8,2.5,die,Rolle,"Umgehend schnibbelt der Schauspieler, der das Skript auswendig gelernt hat, die",0.08688669,SE,sentence-transformers/stsb-xlm-r-multilingual
467,468,Rolle,117,D,für das Theaterstück.,0,0.0,1,2.3,4.6,2.5,die,Rolle,"Umgehend schnibbelt der Schauspieler, der die Torte gebacken hat, die",0.09299582,SE,sentence-transformers/stsb-xlm-r-multilingual
468,469,Sendung,118,A,für den Fernsehkanal.,0,0.42,0,6.4,6.3,6.7,die,Sendung,"Am Abend moderiert der Moderator, der die Zuschauer unterhält, die",0.23823962,SE,sentence-transformers/stsb-xlm-r-multilingual
469,470,Sendung,118,B,für den Fernsehkanal.,0,0.17,0,2.0,1.5,6.7,die,Sendung,"Am Abend moderiert der Moderator, der die Weltmeere bereist, die",0.35333353,SE,sentence-transformers/stsb-xlm-r-multilingual
470,471,Sendung,118,C,für den Fernsehkanal.,0,0.0,0,6.4,6.3,3.7,die,Sendung,"Am Abend wiegt der Moderator, der die Zuschauer unterhält, die",0.28716487,SE,sentence-transformers/stsb-xlm-r-multilingual
471,472,Sendung,118,D,für den Fernsehkanal.,0,0.0,0,2.0,1.5,3.7,die,Sendung,"Am Abend wiegt der Moderator, der die Weltmeere bereist, die",0.33801648,SE,sentence-transformers/stsb-xlm-r-multilingual
472,473,Stück,119,A,für seine nächste Sonate.,0,0.25,0,4.8,4.1,6.9,das,Stück,"Ohne zu zögern komponierte der Musiker, der die Noten aufschrieb, das",0.4467023,SE,sentence-transformers/stsb-xlm-r-multilingual
473,474,Stück,119,B,für seine nächste Sonate.,0,0.42,0,1.7,2.1,6.9,das,Stück,"Ohne zu zögern komponierte der Musiker, der die Fragen beantwortete, das",0.42569643,SE,sentence-transformers/stsb-xlm-r-multilingual
474,475,Stück,119,C,für seine nächste Sonate.,0,0.0,0,4.8,4.1,4.2,das,Stück,"Ohne zu zögern grillte der Musiker, der die Noten aufschrieb, das",0.24168186,SE,sentence-transformers/stsb-xlm-r-multilingual
475,476,Stück,119,D,für seine nächste Sonate.,0,0.08,0,1.7,2.1,4.2,das,Stück,"Ohne zu zögern grillte der Musiker, der die Fragen beantwortete, das",0.19544508,SE,sentence-transformers/stsb-xlm-r-multilingual
476,477,Bild,120,A,in seinem Atelier.,2,0.58,1,6.6,2.3,7.0,das,Bild,"Fröhlich malte der Künstler, der die Leinwand aufgespannt hatte, das",0.2607564,SE,sentence-transformers/stsb-xlm-r-multilingual
477,478,Bild,120,B,in seinem Atelier.,2,0.58,1,1.5,1.7,7.0,das,Bild,"Fröhlich malte der Künstler, der den Nachtisch zubereitet hatte, das",0.18178633,SE,sentence-transformers/stsb-xlm-r-multilingual
478,479,Bild,120,C,in seinem Atelier.,2,0.0,1,6.6,2.3,2.2,das,Bild,"Fröhlich bewohnte der Künstler, der die Leinwand aufgespannt hatte, das",0.3627799,SE,sentence-transformers/stsb-xlm-r-multilingual
479,480,Bild,120,D,in seinem Atelier.,2,0.0,1,1.5,1.7,2.2,das,Bild,"Fröhlich bewohnte der Künstler, der den Nachtisch zubereitet hatte, das",0.22573276,SE,sentence-transformers/stsb-xlm-r-multilingual
