,Unnamed: 0,ItemNum,Condition,context,target,continuation,semantic_association,implementation,model
0,1,1,control,Johan betrad het restaurant. Even later opende hij de,menukaart,en kreeg een overzicht.,0.55564487,SE,clips/e5-large-trm-nl
1,2,1,script-related,Johan verliet het restaurant. Even later opende hij de,menukaart,en kreeg een overzicht.,0.528904,SE,clips/e5-large-trm-nl
2,3,1,script-unrelated,Johan betrad het appartement. Even later opende hij de,menukaart,en kreeg een overzicht.,0.48040026,SE,clips/e5-large-trm-nl
3,4,2,control,Sabine betrad de bioscoop. Snel liep ze naar de,kassa,en kocht een kaartje.,0.47423276,SE,clips/e5-large-trm-nl
4,5,2,script-related,Sabine verliet de bioscoop. Snel liep ze naar de,kassa,en kocht een kaartje.,0.4606553,SE,clips/e5-large-trm-nl
5,6,2,script-unrelated,Sabine betrad de school. Snel liep ze naar de,kassa,en kocht een kaartje.,0.46089378,SE,clips/e5-large-trm-nl
6,7,3,control,Kevin betrad de boerderij. Zonder te aarzelen pakte hij een,mestvork,en begon te scheppen.,0.5067483,SE,clips/e5-large-trm-nl
7,8,3,script-related,Kevin verliet de boerderij. Zonder te aarzelen pakte hij een,mestvork,en begon te scheppen.,0.47838333,SE,clips/e5-large-trm-nl
8,9,3,script-unrelated,Kevin betrad de kerk. Zonder te aarzelen pakte hij een,mestvork,en begon te scheppen.,0.5143633,SE,clips/e5-large-trm-nl
9,10,4,control,Susi betrad de huisartsenpraktijk. Vriendelijk sprak ze met de,doktersassistente,over de problematiek.,0.5737214,SE,clips/e5-large-trm-nl
10,11,4,script-related,Susi verliet de huisartsenpraktijk. Vriendelijk sprak ze met de,doktersassistente,over de problematiek.,0.5681497,SE,clips/e5-large-trm-nl
11,12,4,script-unrelated,Susi betrad het verblijf. Vriendelijk sprak ze met de,doktersassistente,over de problematiek.,0.45718995,SE,clips/e5-large-trm-nl
12,13,5,control,Roman betrad de bibliotheek. Kort daarna liep hij naar het,rek,en zocht een misdaadroman.,0.46696976,SE,clips/e5-large-trm-nl
13,14,5,script-related,Roman verliet de bibliotheek. Kort daarna liep hij naar het,rek,en zocht een misdaadroman.,0.47320354,SE,clips/e5-large-trm-nl
14,15,5,script-unrelated,Roman betrad de kroeg. Kort daarna liep hij naar het,rek,en zocht een misdaadroman.,0.50189024,SE,clips/e5-large-trm-nl
15,16,6,control,Lea begon spaghetti te koken. Voorzichtig opende ze het,pastapak,in één handbeweging.,0.57177013,SE,clips/e5-large-trm-nl
16,17,6,script-related,Lea was klaar met spaghetti koken. Voorzichtig opende ze het,pastapak,in één handbeweging.,0.5643542,SE,clips/e5-large-trm-nl
17,18,6,script-unrelated,Lea begon de muren te verven. Voorzichtig opende ze het,pastapak,in één handbeweging.,0.46709397,SE,clips/e5-large-trm-nl
18,19,7,control,Peter bereikte het theater. Even later liep hij naar de,loge,en ging zitten.,0.46274757,SE,clips/e5-large-trm-nl
19,20,7,script-related,Peter verliet het theater. Even later liep hij naar de,loge,en ging zitten.,0.45675832,SE,clips/e5-large-trm-nl
20,21,7,script-unrelated,Peter bereikte de supermarkt. Even later liep hij naar de,loge,en ging zitten.,0.42852783,SE,clips/e5-large-trm-nl
21,22,8,control,Lisa betrad het station. Even later was ze op het,perron,en wachtte op de trein.,0.46428612,SE,clips/e5-large-trm-nl
22,23,8,script-related,Lisa verliet het station. Even later was ze op het,perron,en wachtte op de trein.,0.44496018,SE,clips/e5-large-trm-nl
23,24,8,script-unrelated,Lisa betrad het huis. Even later was ze op het,perron,en wachtte op de trein.,0.4494344,SE,clips/e5-large-trm-nl
24,25,9,control,Tim begon in de sportschool te trainen. Meteen stapte hij op de,loopband,en rende als een gek.,0.46015304,SE,clips/e5-large-trm-nl
25,26,9,script-related,Tim stopte in de sportschool met trainen. Meteen stapte hij op de,loopband,en rende als een gek.,0.45987222,SE,clips/e5-large-trm-nl
26,27,9,script-unrelated,Tim begon zijn rijles. Meteen stapte hij op de,loopband,en rende als een gek.,0.48542735,SE,clips/e5-large-trm-nl
27,28,10,control,Maria bereikte het vliegveld. Ze liep meteen naar de,check-in,om de koffer af te geven.,0.5192502,SE,clips/e5-large-trm-nl
28,29,10,script-related,Maria verliet het vliegveld. Ze liep meteen naar de,check-in,om de koffer af te geven.,0.50547075,SE,clips/e5-large-trm-nl
29,30,10,script-unrelated,Maria bereikte het winkelcentrum. Ze liep meteen naar de,check-in,om de koffer af te geven.,0.4993825,SE,clips/e5-large-trm-nl
30,31,11,control,Lukas kwam naar het verjaardagsfeest. Na een tijdje overhandigde hij de,taart,en feliciteerde hij de jarige.,0.51814604,SE,clips/e5-large-trm-nl
31,32,11,script-related,Lukas verliet het verjaardagsfeest. Na een tijdje overhandigde hij de,taart,en feliciteerde hij de jarige.,0.5163996,SE,clips/e5-large-trm-nl
32,33,11,script-unrelated,Lukas kwam naar de les. Na een tijdje overhandigde hij de,taart,en feliciteerde hij de jarige.,0.5040799,SE,clips/e5-large-trm-nl
33,34,12,control,Marie ging naar de kapper. Even later vroeg ze de,styliste,om een nieuwe coupe.,0.51820475,SE,clips/e5-large-trm-nl
34,35,12,script-related,Marie verliet de kapper. Even later vroeg ze de,styliste,om een nieuwe coupe.,0.51633596,SE,clips/e5-large-trm-nl
35,36,12,script-unrelated,Marie ging naar de uni. Even later vroeg ze de,styliste,om een nieuwe coupe.,0.47482598,SE,clips/e5-large-trm-nl
36,37,13,control,Thorsten begon te douchen. Als eerste gebruikte hij de,shampoo,en daarna de douchegel.,0.5840073,SE,clips/e5-large-trm-nl
37,38,13,script-related,Thorsten stopte met douchen. Als eerste gebruikte hij de,shampoo,en daarna de douchegel.,0.5836816,SE,clips/e5-large-trm-nl
38,39,13,script-unrelated,Thorsten begon te barbecueën. Als eerste gebruikte hij de,shampoo,en daarna de douchegel.,0.5063941,SE,clips/e5-large-trm-nl
39,40,14,control,Claudia betrad de bloemenwinkel. Snel vroeg ze om een,roos,voor een vriendin.,0.43778765,SE,clips/e5-large-trm-nl
40,41,14,script-related,Claudia verliet de bloemenwinkel. Snel vroeg ze om een,roos,voor een vriendin.,0.42345467,SE,clips/e5-large-trm-nl
41,42,14,script-unrelated,Claudia betrad de dierenwinkel. Snel vroeg ze om een,roos,voor een vriendin.,0.49602488,SE,clips/e5-large-trm-nl
42,43,15,control,Jonathan ging naar de begraafplaats. Peinzend bekeek hij de,grafsteen,en sprak een gebed uit.,0.59134257,SE,clips/e5-large-trm-nl
43,44,15,script-related,Jonathan verliet de begraafplaats. Peinzend bekeek hij de,grafsteen,en sprak een gebed uit.,0.5931554,SE,clips/e5-large-trm-nl
44,45,15,script-unrelated,Jonathan ging naar de keuken. Peinzend bekeek hij de,grafsteen,en sprak een gebed uit.,0.47542322,SE,clips/e5-large-trm-nl
45,46,16,control,Lara ging de tuin in. Aandachtig onderzocht ze de,aarde,en gaf toen de bloemen water.,0.5006524,SE,clips/e5-large-trm-nl
46,47,16,script-related,Lara verliet de tuin. Aandachtig onderzocht ze de,aarde,en gaf toen de bloemen water.,0.50433844,SE,clips/e5-large-trm-nl
47,48,16,script-unrelated,Lara ging naar het fornuis. Aandachtig onderzocht ze de,aarde,en gaf toen de bloemen water.,0.4601345,SE,clips/e5-large-trm-nl
48,49,17,control,Roman ging naar het museum. Nauwkeurig bekeek hij de,sculpturen,en was enthousiast.,0.583314,SE,clips/e5-large-trm-nl
49,50,17,script-related,Roman verliet het museum.  Nauwkeurig bekeek hij de,sculpturen,en was enthousiast.,0.5626675,SE,clips/e5-large-trm-nl
50,51,17,script-unrelated,Roman ging naar de boekhandel. Nauwkeurig bekeek hij de,sculpturen,en was enthousiast.,0.50979215,SE,clips/e5-large-trm-nl
51,52,18,control,Annika ging naar de banketbakker. Snel vroeg ze om een,taart,en betaalde meteen.,0.56538135,SE,clips/e5-large-trm-nl
52,53,18,script-related,Annika verliet de banketbakker. Snel vroeg ze om een,taart,en betaalde meteen.,0.5473347,SE,clips/e5-large-trm-nl
53,54,18,script-unrelated,Annika ging naar de boetiek. Snel vroeg ze om een,taart,en betaalde meteen.,0.49673897,SE,clips/e5-large-trm-nl
54,55,19,control,Emil betrad de spa. Na een tijdje kreeg hij een,massage,en genoot ervan.,0.5433154,SE,clips/e5-large-trm-nl
55,56,19,script-related,Emil verliet de spa. Na een tijdje kreeg hij een,massage,en genoot ervan.,0.5011676,SE,clips/e5-large-trm-nl
56,57,19,script-unrelated,Emil betrad de apotheek. Na een tijdje kreeg hij een,massage,en genoot ervan.,0.5005046,SE,clips/e5-large-trm-nl
57,58,20,control,Susanne betrad de manege. Snel legde ze het,zadel,op en reed weg.,0.5435035,SE,clips/e5-large-trm-nl
58,59,20,script-related,Susanne verliet de manege. Snel legde ze het,zadel,op en reed weg.,0.51554096,SE,clips/e5-large-trm-nl
59,60,20,script-unrelated,Susanne betrad de badkamer. Snel legde ze het,zadel,op en reed weg.,0.48748744,SE,clips/e5-large-trm-nl
60,61,21,control,Martin kwam bij de veiligheidscontrole. Vlot opende hij de,koffer,en werd doorgelaten.,0.5430747,SE,clips/e5-large-trm-nl
61,62,21,script-related,Martin verliet de veiligheidscontrole. Vlot opende hij de,koffer,en werd doorgelaten.,0.54235303,SE,clips/e5-large-trm-nl
62,63,21,script-unrelated,Martin kwam bij de garage. Vlot opende hij de,koffer,en werd doorgelaten.,0.5393083,SE,clips/e5-large-trm-nl
63,64,22,control,Jutta ging naar de hotelreceptie. Direct kreeg ze een,kamer,en bedankte vriendelijk.,0.52118176,SE,clips/e5-large-trm-nl
64,65,22,script-related,Jutta verliet de hotelreceptie. Direct kreeg ze een,kamer,en bedankte vriendelijk.,0.5184559,SE,clips/e5-large-trm-nl
65,66,22,script-unrelated,Jutta ging naar het postkantoor. Direct kreeg ze een,kamer,en bedankte vriendelijk.,0.49382275,SE,clips/e5-large-trm-nl
66,67,23,control,Jens ging naar de tandarts. Angstig liep hij naar de,röntgen,en liet zich behandelen.,0.5768732,SE,clips/e5-large-trm-nl
67,68,23,script-related,Jens verliet de tandarts. Angstig liep hij naar de,röntgen,en liet zich behandelen.,0.5544189,SE,clips/e5-large-trm-nl
68,69,23,script-unrelated,Jens ging naar de douane. Angstig liep hij naar de,röntgen,en liet zich behandelen.,0.4962763,SE,clips/e5-large-trm-nl
69,70,24,control,Elena begon te pokeren. Snel zette ze haar,geld,in en won.,0.48653203,SE,clips/e5-large-trm-nl
70,71,24,script-related,Elena stopte met pokeren. Snel zette ze haar,geld,in en won.,0.50289613,SE,clips/e5-large-trm-nl
71,72,24,script-unrelated,Elena begon te tekenen. Snel zette ze haar,geld,in en won.,0.46506646,SE,clips/e5-large-trm-nl
72,73,25,control,Bruno begon zijn vakantie. Eindelijk kwam hij bij de,zee,aan en genoot van het weer.,0.4935529,SE,clips/e5-large-trm-nl
73,74,25,script-related,Bruno beëindigde zijn vakantie. Eindelijk kwam hij bij de,zee,aan en genoot van het weer.,0.47621363,SE,clips/e5-large-trm-nl
74,75,25,script-unrelated,Bruno begon zijn filmavond. Eindelijk kwam hij bij de,zee,aan en genoot van het weer.,0.4485159,SE,clips/e5-large-trm-nl
75,76,26,control,Jana betrad het gemeentehuis. Meteen toonde ze haar,visum,en diende een aanvraag in.,0.49604753,SE,clips/e5-large-trm-nl
76,77,26,script-related,Jana verliet het gemeentehuis. Meteen toonde ze haar,visum,en diende een aanvraag in.,0.48244134,SE,clips/e5-large-trm-nl
77,78,26,script-unrelated,Jana betrad het tuincentrum. Meteen toonde ze haar,visum,en diende een aanvraag in.,0.43743253,SE,clips/e5-large-trm-nl
78,79,27,control,Nico ging naar de kermis. Direct liep hij naar de,botsauto's,en reed een rondje.,0.46417916,SE,clips/e5-large-trm-nl
79,80,27,script-related,Nico verliet de kermis. Direct liep hij naar de,botsauto's,en reed een rondje.,0.46980378,SE,clips/e5-large-trm-nl
80,81,27,script-unrelated,Nico ging naar de pizzeria. Direct liep hij naar de,botsauto's,en reed een rondje.,0.49017215,SE,clips/e5-large-trm-nl
81,82,28,control,Beate ging wandelen. Na een tijdje zag ze een,edelweiss,die ze meteen meenam.,0.517489,SE,clips/e5-large-trm-nl
82,83,28,script-related,Beate kwam terug van het wandelen. Na een tijdje zag ze een,edelweiss,die ze meteen meenam.,0.49756193,SE,clips/e5-large-trm-nl
83,84,28,script-unrelated,Beate ging zwemmen. Na een tijdje zag ze een,edelweiss,die ze meteen meenam.,0.49169844,SE,clips/e5-large-trm-nl
84,85,29,control,Hubert nam een taxi. Vriendelijk begroette hij de,chauffeur,en noemde zijn bestemming.,0.6087126,SE,clips/e5-large-trm-nl
85,86,29,script-related,Hubert verliet de taxi. Vriendelijk begroette hij de,chauffeur,en noemde zijn bestemming.,0.5855012,SE,clips/e5-large-trm-nl
86,87,29,script-unrelated,Hubert nam een vliegtuig. Vriendelijk begroette hij de,chauffeur,en noemde zijn bestemming.,0.5265021,SE,clips/e5-large-trm-nl
87,88,30,control,Jenni begon te baden. Ze verdeelde meteen het,schuim,over haar lichaam.,0.500894,SE,clips/e5-large-trm-nl
88,89,30,script-related,Jenni stopte met baden. Ze verdeelde meteen het,schuim,over haar lichaam.,0.49539202,SE,clips/e5-large-trm-nl
89,90,30,script-unrelated,Jenni begon de hoorcollege. Ze verdeelde meteen het,schuim,over haar lichaam.,0.4445563,SE,clips/e5-large-trm-nl
90,91,31,control,Hans betrad de ijshal. Hij trok vlot zijn,schaatsen,aan en ging de baan op.,0.5907488,SE,clips/e5-large-trm-nl
91,92,31,script-related,Hans verliet de ijshal. Hij trok vlot zijn,schaatsen,aan en ging de baan op.,0.57284874,SE,clips/e5-large-trm-nl
92,93,31,script-unrelated,Hans betrad de klimhal. Hij trok vlot zijn,schaatsen,aan en ging de baan op.,0.5451746,SE,clips/e5-large-trm-nl
93,94,32,control,Clara begon te bowlen. Vakkundig behaalde ze een,strike,en won het spel.,0.43659014,SE,clips/e5-large-trm-nl
94,95,32,script-related,Clara stopte met bowlen. Vakkundig behaalde ze een,strike,en won het spel.,0.43386614,SE,clips/e5-large-trm-nl
95,96,32,script-unrelated,Clara ging naar de schietbaan. Vakkundig behaalde ze een,strike,en won het spel.,0.47471753,SE,clips/e5-large-trm-nl
96,97,33,control,Georg nam deel aan een brandweerinzet. Hij gebruikte meteen de,slang,en bluste het vuur.,0.44850633,SE,clips/e5-large-trm-nl
97,98,33,script-related,Georg beëindigde een brandweerinzet. Hij gebruikte meteen de,slang,en bluste het vuur.,0.44608703,SE,clips/e5-large-trm-nl
98,99,33,script-unrelated,Georg nam deel aan yoga. Hij gebruikte meteen de,slang,en bluste het vuur.,0.44100404,SE,clips/e5-large-trm-nl
99,100,34,control,Johanna begon de voetbalwedstrijd. Na korte tijd maakte ze een,doelpunt,en juichte luid.,0.54676354,SE,clips/e5-large-trm-nl
100,101,34,script-related,Johanna beëindigde de voetbalwedstrijd. Na korte tijd maakte ze een,doelpunt,en juichte luid.,0.54820836,SE,clips/e5-large-trm-nl
101,102,34,script-unrelated,Johanna begon de jacht. Na korte tijd maakte ze een,doelpunt,en juichte luid.,0.5166933,SE,clips/e5-large-trm-nl
102,103,35,control,Jürgen betrad de slagerij. Hij vroeg meteen om een,steak,en betaalde.,0.5147742,SE,clips/e5-large-trm-nl
103,104,35,script-related,Jürgen verliet de slagerij. Hij vroeg meteen om een,steak,en betaalde.,0.4822867,SE,clips/e5-large-trm-nl
104,105,35,script-unrelated,Jürgen betrad de bakkerij. Hij vroeg meteen om een,steak,en betaalde.,0.5011937,SE,clips/e5-large-trm-nl
105,106,36,control,Frauke betrad de dierentuin. Even later fotografeerde ze een,zebra,die aan het drinken was.,0.50697386,SE,clips/e5-large-trm-nl
106,107,36,script-related,Frauke verliet de dierentuin. Even later fotografeerde ze een,zebra,die aan het drinken was.,0.49617758,SE,clips/e5-large-trm-nl
107,108,36,script-unrelated,Frauke ging naar het stadion. Even later fotografeerde ze een,zebra,die aan het drinken was.,0.4811363,SE,clips/e5-large-trm-nl
108,109,37,control,Bernd betrad de wasserette. Snel koos hij het,wasprogramma,en zette de machine aan.,0.6071606,SE,clips/e5-large-trm-nl
109,110,37,script-related,Bernd verliet de wasserette. Snel koos hij het,wasprogramma,en zette de machine aan.,0.59375775,SE,clips/e5-large-trm-nl
110,111,37,script-unrelated,Bernd betrad de kiosk. Snel koos hij het,wasprogramma,en zette de machine aan.,0.5064292,SE,clips/e5-large-trm-nl
111,112,38,control,Nicole ging naar het circus. Al snel ging ze op de,tribune,zitten en bekeek het spektakel.,0.49735644,SE,clips/e5-large-trm-nl
112,113,38,script-related,Nicole verliet het circus. Al snel ging ze op de,tribune,zitten en bekeek het spektakel.,0.4870889,SE,clips/e5-large-trm-nl
113,114,38,script-unrelated,Nicole ging naar het kantoor. Al snel ging ze op de,tribune,zitten en bekeek het spektakel.,0.5000278,SE,clips/e5-large-trm-nl
114,115,39,control,Viktor ging naar de sauna. Na een tijdje maakte hij een,opgieting,en ging liggen.,0.442011,SE,clips/e5-large-trm-nl
115,116,39,script-related,Viktor verliet de sauna. Na een tijdje maakte hij een,opgieting,en ging liggen.,0.4507984,SE,clips/e5-large-trm-nl
116,117,39,script-unrelated,Viktor ging naar het lab. Na een tijdje maakte hij een,opgieting,en ging liggen.,0.4396034,SE,clips/e5-large-trm-nl
117,118,40,control,Gabi ging naar de dierenarts. Een moment later vroeg ze de,assistente,om medicijnen.,0.4633889,SE,clips/e5-large-trm-nl
118,119,40,script-related,Gabi verliet de dierenarts. Een moment later vroeg ze de,assistente,om medicijnen.,0.4703959,SE,clips/e5-large-trm-nl
119,120,40,script-unrelated,Gabi ging naar de kleedkamer. Een moment later vroeg ze de,assistente,om medicijnen.,0.48022354,SE,clips/e5-large-trm-nl
120,121,41,control,Jakob betrad de plaats delict. Kort daarna fotografeerde hij de,bloedspatten,en was verbaasd.,0.51034075,SE,clips/e5-large-trm-nl
121,122,41,script-related,Jakob verliet de plaats delict. Kort daarna fotografeerde hij de,bloedspatten,en was verbaasd.,0.497593,SE,clips/e5-large-trm-nl
122,123,41,script-unrelated,Jakob betrad het tankstation. Kort daarna fotografeerde hij de,bloedspatten,en was verbaasd.,0.4868317,SE,clips/e5-large-trm-nl
123,124,42,control,Peter begon bomen te kappen. Na een tijdje gebruikte hij de,bijl,en raakte gericht de stam.,0.460206,SE,clips/e5-large-trm-nl
124,125,42,script-related,Peter stopte met bomen kappen. Na een tijdje gebruikte hij de,bijl,en raakte gericht de stam.,0.45096305,SE,clips/e5-large-trm-nl
125,126,42,script-unrelated,Peter begon de koets te rijden. Na een tijdje gebruikte hij de,bijl,en raakte gericht de stam.,0.41297224,SE,clips/e5-large-trm-nl
126,127,43,control,Tom begon een kampvuur. Meteen stapelde hij het,hout,en stak het aan.,0.5371917,SE,clips/e5-large-trm-nl
127,128,43,script-related,Tom beëindigde het kampvuur. Meteen stapelde hij het,hout,en stak het aan.,0.48654667,SE,clips/e5-large-trm-nl
128,129,43,script-unrelated,Tom begon ontbijt te maken. Meteen stapelde hij het,hout,en stak het aan.,0.46586257,SE,clips/e5-large-trm-nl
129,130,44,control,Kim ging naar de kerstmarkt. Kort daarna bereikte hij de,kerstkraampjes,en snuffelde naar cadeaus.,0.6665917,SE,clips/e5-large-trm-nl
130,131,44,script-related,Kim verliet de kerstmarkt. Kort daarna bereikte hij de,kerstkraampjes,en snuffelde naar cadeaus.,0.62321395,SE,clips/e5-large-trm-nl
131,132,44,script-unrelated,Kim ging naar het ziekenhuis. Kort daarna bereikte hij de,kerstkraampjes,en snuffelde naar cadeaus.,0.43899316,SE,clips/e5-large-trm-nl
132,133,45,control,Michael begon zijn lunch te koken. Snel sneed hij de,groenten,en gooide het in de pot.,0.54399914,SE,clips/e5-large-trm-nl
133,134,45,script-related,Michael was klaar met zijn lunch koken. Snel sneed hij de,groenten,en gooide het in de pot.,0.54859316,SE,clips/e5-large-trm-nl
134,135,45,script-unrelated,Michael begon een taart te bakken. Snel sneed hij de,groenten,en gooide het in de pot.,0.4937976,SE,clips/e5-large-trm-nl
135,136,46,control,Johan betrad het appartement. Meteen ging hij op het,bed,zitten en dacht na over de dag.,0.5295957,SE,clips/e5-large-trm-nl
136,137,46,script-related,Johan verliet het appartement. Meteen ging hij op het,bed,zitten en dacht na over de dag.,0.5160044,SE,clips/e5-large-trm-nl
137,138,46,script-unrelated,Johan betrad de bioscoop. Meteen ging hij op het,bed,zitten en dacht na over de dag.,0.47889346,SE,clips/e5-large-trm-nl
138,139,47,control,Sabine betrad de school. Snel liep ze naar het,klaslokaal,en groette de leerlingen.,0.58967453,SE,clips/e5-large-trm-nl
139,140,47,script-related,Sabine verliet de school. Snel liep ze naar het,klaslokaal,en groette de leerlingen.,0.5539424,SE,clips/e5-large-trm-nl
140,141,47,script-unrelated,Sabine betrad de boerderij. Snel liep ze naar het,klaslokaal,en groette de leerlingen.,0.46850422,SE,clips/e5-large-trm-nl
141,142,48,control,Kevin betrad de kerk. Voorzichtig pakte hij een,kaars,en stak hem aan.,0.47064734,SE,clips/e5-large-trm-nl
142,143,48,script-related,Kevin verliet de kerk. Voorzichtig pakte hij een,kaars,en stak hem aan.,0.46232074,SE,clips/e5-large-trm-nl
143,144,48,script-unrelated,Kevin betrad de huisartsenpraktijk. Voorzichtig pakte hij een,kaars,en stak hem aan.,0.46895945,SE,clips/e5-large-trm-nl
144,145,49,control,Susi betrad het verblijf. Nauwkeurig beoordeelde ze het,kalf,en maakte aantekeningen.,0.45623648,SE,clips/e5-large-trm-nl
145,146,49,script-related,Susi verliet het verblijf. Nauwkeurig beoordeelde ze het,kalf,en maakte aantekeningen.,0.44211605,SE,clips/e5-large-trm-nl
146,147,49,script-unrelated,Susi betrad de bibliotheek. Nauwkeurig beoordeelde ze het,kalf,en maakte aantekeningen.,0.45599633,SE,clips/e5-large-trm-nl
147,148,50,control,Thomas betrad de kroeg. Haastig riep hij de,ober,en bestelde een biertje.,0.51281977,SE,clips/e5-large-trm-nl
148,149,50,script-related,Thomas verliet de kroeg. Haastig riep hij de,ober,en bestelde een biertje.,0.49776456,SE,clips/e5-large-trm-nl
149,150,50,script-unrelated,Thomas begon spaghetti te koken. Haastig riep hij de,ober,en bestelde een biertje.,0.49188736,SE,clips/e5-large-trm-nl
150,151,51,control,Lea begon de muren te verven. Ze koos snel een,kwast,uit en begon te verven.,0.4940635,SE,clips/e5-large-trm-nl
151,152,51,script-related,Lea was klaar met de muren verven. Ze koos snel een,kwast,uit en begon te verven.,0.5024946,SE,clips/e5-large-trm-nl
152,153,51,script-unrelated,Lea bereikte het theater. Ze koos snel een,kwast,uit en begon te verven.,0.46397725,SE,clips/e5-large-trm-nl
153,154,52,control,Peter bereikte de supermarkt. Snel kocht hij wat,groenten,om 's avonds te koken.,0.57089704,SE,clips/e5-large-trm-nl
154,155,52,script-related,Peter verliet de supermarkt. Snel kocht hij wat,groenten,om 's avonds te koken.,0.56079364,SE,clips/e5-large-trm-nl
155,156,52,script-unrelated,Peter bereikte het station. Snel kocht hij wat,groenten,om 's avonds te koken.,0.4980818,SE,clips/e5-large-trm-nl
156,157,53,control,Lisa betrad het huis. Kort daarna checkte ze de,koelkast,en zocht iets te eten.,0.55858755,SE,clips/e5-large-trm-nl
157,158,53,script-related,Lisa verliet het huis. Kort daarna checkte ze de,koelkast,en zocht iets te eten.,0.5318471,SE,clips/e5-large-trm-nl
158,159,53,script-unrelated,Lisa begon in de sportschool te trainen. Kort daarna checkte ze de,koelkast,en zocht iets te eten.,0.4892552,SE,clips/e5-large-trm-nl
159,160,54,control,Tim begon zijn rijles. Gejaagd drukte hij op het,gaspedaal,en reed weg.,0.56440514,SE,clips/e5-large-trm-nl
160,161,54,script-related,Tim beëindigde zijn rijles. Gejaagd drukte hij op het,gaspedaal,en reed weg.,0.5341162,SE,clips/e5-large-trm-nl
161,162,54,script-unrelated,Tim ging naar het vliegveld. Gejaagd drukte hij op het,gaspedaal,en reed weg.,0.5208723,SE,clips/e5-large-trm-nl
162,163,55,control,Maria bereikte het winkelcentrum. Meteen begroette ze de,verkoopster,en koos iets uit.,0.5990523,SE,clips/e5-large-trm-nl
163,164,55,script-related,Maria verliet het winkelcentrum. Meteen begroette ze de,verkoopster,en koos iets uit.,0.5976925,SE,clips/e5-large-trm-nl
164,165,55,script-unrelated,Maria bereikte het verjaardagsfeest. Meteen begroette ze de,verkoopster,en koos iets uit.,0.48622975,SE,clips/e5-large-trm-nl
165,166,56,control,Lukas begon het college. Haastig begroette hij zijn,studenten,en begon.,0.58734435,SE,clips/e5-large-trm-nl
166,167,56,script-related,Lukas beëindigde het college. Haastig begroette hij zijn,studenten,en begon.,0.55485857,SE,clips/e5-large-trm-nl
167,168,56,script-unrelated,Lukas ging naar de kapper. Haastig begroette hij zijn,studenten,en begon.,0.51638216,SE,clips/e5-large-trm-nl
168,169,57,control,Marie ging naar de uni. Haastig betrad ze de,collegezaal,en opende haar boek.,0.5939227,SE,clips/e5-large-trm-nl
169,170,57,script-related,Marie verliet de uni. Haastig betrad ze de,collegezaal,en opende haar boek.,0.59223,SE,clips/e5-large-trm-nl
170,171,57,script-unrelated,Marie ging douchen. Haastig betrad ze de,collegezaal,en opende haar boek.,0.51116097,SE,clips/e5-large-trm-nl
171,172,58,control,Thorsten begon te barbecueën. Voorzichtig plaatste hij de,aanmaakblokjes,en zocht de tang.,0.50318927,SE,clips/e5-large-trm-nl
172,173,58,script-related,Thorsten stopte met barbecueën. Voorzichtig plaatste hij de,aanmaakblokjes,en zocht de tang.,0.49136773,SE,clips/e5-large-trm-nl
173,174,58,script-unrelated,Thorsten betrad de bloemenwinkel. Voorzichtig plaatste hij de,aanmaakblokjes,en zocht de tang.,0.49645236,SE,clips/e5-large-trm-nl
174,175,59,control,Claudia betrad de dierenwinkel. Een tijdje stond ze bij de,kooi,en dacht na over de koop.,0.4799528,SE,clips/e5-large-trm-nl
175,176,59,script-related,Claudia verliet de dierenwinkel. Een tijdje stond ze bij de,kooi,en dacht na over de koop.,0.45037425,SE,clips/e5-large-trm-nl
176,177,59,script-unrelated,Claudia betrad de begraafplaats. Een tijdje stond ze bij de,kooi,en dacht na over de koop.,0.43161675,SE,clips/e5-large-trm-nl
177,178,60,control,Jonathan ging naar de keuken. Eerst reinigde hij de,oven,en daarna de koelkast.,0.5461485,SE,clips/e5-large-trm-nl
178,179,60,script-related,Jonathan verliet de keuken. Eerst reinigde hij de,oven,en daarna de koelkast.,0.48954362,SE,clips/e5-large-trm-nl
179,180,60,script-unrelated,Jonathan ging de tuin in. Eerst reinigde hij de,oven,en daarna de koelkast.,0.4686508,SE,clips/e5-large-trm-nl
180,181,61,control,Lara liep naar het fornuis. Snel reinigde ze de,kookplaat,en daarna de afzuigkap.,0.58785385,SE,clips/e5-large-trm-nl
181,182,61,script-related,Lara liep weg van het fornuis. Snel reinigde ze de,kookplaat,en daarna de afzuigkap.,0.53878677,SE,clips/e5-large-trm-nl
182,183,61,script-unrelated,Lara ging naar het museum. Snel reinigde ze de,kookplaat,en daarna de afzuigkap.,0.4602993,SE,clips/e5-large-trm-nl
183,184,62,control,Roman ging naar de boekhandel. Snel zocht hij een,roman,voor zijn vrouw.,0.5895303,SE,clips/e5-large-trm-nl
184,185,62,script-related,Roman verliet de boekhandel. Snel zocht hij een,roman,voor zijn vrouw.,0.6130157,SE,clips/e5-large-trm-nl
185,186,62,script-unrelated,Roman ging naar de banketbakker. Snel zocht hij een,roman,voor zijn vrouw.,0.54570854,SE,clips/e5-large-trm-nl
186,187,63,control,Annika ging naar de boetiek. Ze zocht een tijdje naar,laarzen,en kocht ze toen.,0.49163058,SE,clips/e5-large-trm-nl
187,188,63,script-related,Annika verliet de boetiek. Ze zocht een tijdje naar,laarzen,en kocht ze toen.,0.47704694,SE,clips/e5-large-trm-nl
188,189,63,script-unrelated,Annika ging naar de spa. Ze zocht een tijdje naar,laarzen,en kocht ze toen.,0.4714955,SE,clips/e5-large-trm-nl
189,190,64,control,Emil betrad de apotheek. Snel kocht hij het,medicijn,en ging toen naar huis.,0.5921682,SE,clips/e5-large-trm-nl
190,191,64,script-related,Emil verliet de apotheek. Snel kocht hij het,medicijn,en ging toen naar huis.,0.57422286,SE,clips/e5-large-trm-nl
191,192,64,script-unrelated,Emil betrad de manege. Snel kocht hij het,medicijn,en ging toen naar huis.,0.4872212,SE,clips/e5-large-trm-nl
192,193,65,control,Susanne betrad de badkamer. Direct verwijderde ze haar,make-up,en poetste haar tanden.,0.46637276,SE,clips/e5-large-trm-nl
193,194,65,script-related,Susanne verliet de badkamer. Direct verwijderde ze haar,make-up,en poetste haar tanden.,0.46181345,SE,clips/e5-large-trm-nl
194,195,65,script-unrelated,Susanne ging naar de veiligheidscontrole. Direct verwijderde ze haar,make-up,en poetste haar tanden.,0.43461043,SE,clips/e5-large-trm-nl
195,196,66,control,Martin kwam bij de garage. Meteen vroeg hij naar,banden,voor de winter.,0.51156,SE,clips/e5-large-trm-nl
196,197,66,script-related,Martin verliet de garage. Meteen vroeg hij naar,banden,voor de winter.,0.5287523,SE,clips/e5-large-trm-nl
197,198,66,script-unrelated,Martin kwam bij de hotelreceptie. Meteen vroeg hij naar,banden,voor de winter.,0.47370455,SE,clips/e5-large-trm-nl
198,199,67,control,Jutta ging naar het postkantoor. Meteen kreeg ze het,pakket,waarop ze had gewacht.,0.5532723,SE,clips/e5-large-trm-nl
199,200,67,script-related,Jutta verliet het postkantoor. Meteen kreeg ze het,pakket,waarop ze had gewacht.,0.54631364,SE,clips/e5-large-trm-nl
200,201,67,script-unrelated,Jutta ging naar de tandarts. Meteen kreeg ze het,pakket,waarop ze had gewacht.,0.53769654,SE,clips/e5-large-trm-nl
201,202,68,control,Jens ging naar de douane. Snel toonde hij zijn,formulier,en keek de beambte aan.,0.55148035,SE,clips/e5-large-trm-nl
202,203,68,script-related,Jens verliet de douane. Snel toonde hij zijn,formulier,en keek de beambte aan.,0.52672637,SE,clips/e5-large-trm-nl
203,204,68,script-unrelated,Jens begon te pokeren. Snel toonde hij zijn,formulier,en keek de beambte aan.,0.48584402,SE,clips/e5-large-trm-nl
204,205,69,control,Elena begon te tekenen. Meteen pakte ze het,potlood,en tekende een bloem.,0.48920333,SE,clips/e5-large-trm-nl
205,206,69,script-related,Elena stopte met tekenen. Meteen pakte ze het,potlood,en tekende een bloem.,0.50747347,SE,clips/e5-large-trm-nl
206,207,69,script-unrelated,Elena begon de vakantie. Meteen pakte ze het,potlood,en tekende een bloem.,0.46845472,SE,clips/e5-large-trm-nl
207,208,70,control,Bruno begon zijn filmavond. Snel haalde hij de,popcorn,uit de keuken.,0.52732027,SE,clips/e5-large-trm-nl
208,209,70,script-related,Bruno beëindigde zijn filmavond. Snel haalde hij de,popcorn,uit de keuken.,0.5199942,SE,clips/e5-large-trm-nl
209,210,70,script-unrelated,Bruno betrad het gemeentehuis. Snel haalde hij de,popcorn,uit de keuken.,0.48324275,SE,clips/e5-large-trm-nl
210,211,71,control,Jana betrad het tuincentrum. Na een tijdje vroeg ze om een,palmboom,voor het balkon.,0.4694668,SE,clips/e5-large-trm-nl
211,212,71,script-related,Jana verliet het tuincentrum. Na een tijdje vroeg ze om een,palmboom,voor het balkon.,0.44828424,SE,clips/e5-large-trm-nl
212,213,71,script-unrelated,Jana ging naar de kermis. Na een tijdje vroeg ze om een,palmboom,voor het balkon.,0.44883284,SE,clips/e5-large-trm-nl
213,214,72,control,Nico ging naar de pizzeria. Hij greep meteen de,menukaart,en bestelde een margherita.,0.51969266,SE,clips/e5-large-trm-nl
214,215,72,script-related,Nico verliet de pizzeria. Hij greep meteen de,menukaart,en bestelde een margherita.,0.50368273,SE,clips/e5-large-trm-nl
215,216,72,script-unrelated,Nico ging wandelen. Hij greep meteen de,menukaart,en bestelde een margherita.,0.4672348,SE,clips/e5-large-trm-nl
216,217,73,control,Beate ging zwemmen. Snel controleerde ze het,bassin,en zwom weg.,0.5667309,SE,clips/e5-large-trm-nl
217,218,73,script-related,Beate kwam terug van het zwemmen. Snel controleerde ze het,bassin,en zwom weg.,0.5512074,SE,clips/e5-large-trm-nl
218,219,73,script-unrelated,Beate ging met de taxi. Snel controleerde ze het,bassin,en zwom weg.,0.45032254,SE,clips/e5-large-trm-nl
219,220,74,control,Hubert nam een vliegtuig. Vol enthousiasme genoot hij van de,hoogte,want hij hield van vliegen.,0.48577085,SE,clips/e5-large-trm-nl
220,221,74,script-related,Hubert verliet het vliegtuig. Vol enthousiasme genoot hij van de,hoogte,want hij hield van vliegen.,0.47792026,SE,clips/e5-large-trm-nl
221,222,74,script-unrelated,Hubert begon te baden. Vol enthousiasme genoot hij van de,hoogte,want hij hield van vliegen.,0.47984457,SE,clips/e5-large-trm-nl
222,223,75,control,Jenni begon de les. Direct opende ze het,schoolbord,en begon te schrijven.,0.5786731,SE,clips/e5-large-trm-nl
223,224,75,script-related,Jenni stopte de les. Direct opende ze het,schoolbord,en begon te schrijven.,0.571425,SE,clips/e5-large-trm-nl
224,225,75,script-unrelated,Jenni betrad de ijshal. Direct opende ze het,schoolbord,en begon te schrijven.,0.5008695,SE,clips/e5-large-trm-nl
225,226,76,control,Hans betrad de klimhal. Even later greep hij het,touw,en spande het.,0.5344613,SE,clips/e5-large-trm-nl
226,227,76,script-related,Hans verliet de klimhal. Even later greep hij het,touw,en spande het.,0.5532059,SE,clips/e5-large-trm-nl
227,228,76,script-unrelated,Hans begon te bowlen. Even later greep hij het,touw,en spande het.,0.5238369,SE,clips/e5-large-trm-nl
228,229,77,control,Clara ging naar de schietbaan. Ze kreeg meteen een,revolver,en begon op het doel te schieten.,0.56283337,SE,clips/e5-large-trm-nl
229,230,77,script-related,Clara verliet de schietbaan. Ze kreeg meteen een,revolver,en begon op het doel te schieten.,0.5653881,SE,clips/e5-large-trm-nl
230,231,77,script-unrelated,Clara ging op een brandweerinzet. Ze kreeg meteen een,revolver,en begon op het doel te schieten.,0.5093246,SE,clips/e5-large-trm-nl
231,232,78,control,Georg nam deel aan de yogales. Na een tijdje ging hij op zijn,yogamat,zitten en deed een oefening.,0.5896722,SE,clips/e5-large-trm-nl
232,233,78,script-related,Georg kwam terug van de yogales. Na een tijdje ging hij op zijn,yogamat,zitten en deed een oefening.,0.6012476,SE,clips/e5-large-trm-nl
233,234,78,script-unrelated,Georg nam deel aan de voetbalwedstrijd. Na een tijdje ging hij op zijn,yogamat,zitten en deed een oefening.,0.48411328,SE,clips/e5-large-trm-nl
234,235,79,control,Johanna begon de jacht. Na een tijdje zag ze de,jachthut,en liep erop af.,0.5443826,SE,clips/e5-large-trm-nl
235,236,79,script-related,Johanna kwam terug van de jacht. Na een tijdje zag ze de,jachthut,en liep erop af.,0.551233,SE,clips/e5-large-trm-nl
236,237,79,script-unrelated,Johanna betrad de slagerij. Na een tijdje zag ze de,jachthut,en liep erop af.,0.4800039,SE,clips/e5-large-trm-nl
237,238,80,control,Jürgen betrad de bakkerij. Even later wees hij naar de,croissant,en maakte zijn keuze.,0.5487691,SE,clips/e5-large-trm-nl
238,239,80,script-related,Jürgen verliet de bakkerij. Even later wees hij naar de,croissant,en maakte zijn keuze.,0.5211854,SE,clips/e5-large-trm-nl
239,240,80,script-unrelated,Jürgen betrad de dierentuin. Even later wees hij naar de,croissant,en maakte zijn keuze.,0.43510932,SE,clips/e5-large-trm-nl
240,241,81,control,Frauke ging naar het stadion. Snel koos ze een,tribune,en ging zitten.,0.52922595,SE,clips/e5-large-trm-nl
241,242,81,script-related,Frauke verliet het stadion. Snel koos ze een,tribune,en ging zitten.,0.5340822,SE,clips/e5-large-trm-nl
242,243,81,script-unrelated,Frauke ging naar de wasserette. Snel koos ze een,tribune,en ging zitten.,0.4714548,SE,clips/e5-large-trm-nl
243,244,82,control,Bernd betrad de kiosk. Hij kocht meteen een,krant,en ging weer naar huis.,0.5131199,SE,clips/e5-large-trm-nl
244,245,82,script-related,Bernd verliet de kiosk. Hij kocht meteen een,krant,en ging weer naar huis.,0.52117956,SE,clips/e5-large-trm-nl
245,246,82,script-unrelated,Bernd betrad het circus. Hij kocht meteen een,krant,en ging weer naar huis.,0.47982135,SE,clips/e5-large-trm-nl
246,247,83,control,Nicole betrad het kantoor. Eerst liep ze naar het,bureau,en zette toen de computer aan.,0.5165461,SE,clips/e5-large-trm-nl
247,248,83,script-related,Nicole verliet het kantoor. Eerst liep ze naar het,bureau,en zette toen de computer aan.,0.47950533,SE,clips/e5-large-trm-nl
248,249,83,script-unrelated,Nicole betrad de sauna. Eerst liep ze naar het,bureau,en zette toen de computer aan.,0.44148436,SE,clips/e5-large-trm-nl
249,250,84,control,Viktor ging naar het lab. Snel begon hij het,experiment,en maakte aantekeningen.,0.60900474,SE,clips/e5-large-trm-nl
250,251,84,script-related,Viktor verliet het lab. Snel begon hij het,experiment,en maakte aantekeningen.,0.58725154,SE,clips/e5-large-trm-nl
251,252,84,script-unrelated,Viktor ging naar de dierenarts. Snel begon hij het,experiment,en maakte aantekeningen.,0.53796977,SE,clips/e5-large-trm-nl
252,253,85,control,Gabi ging naar de paskamer. Snel paste ze de,kleding,en ging naar de kassa.,0.5314921,SE,clips/e5-large-trm-nl
253,254,85,script-related,Gabi verliet de paskamer. Snel paste ze de,kleding,en ging naar de kassa.,0.5337458,SE,clips/e5-large-trm-nl
254,255,85,script-unrelated,Gabi betrad de plaats delict. Snel paste ze de,kleding,en ging naar de kassa.,0.5060585,SE,clips/e5-large-trm-nl
255,256,86,control,Jakob betrad het tankstation. Hij zei meteen zijn,nummer,en betaalde.,0.5114238,SE,clips/e5-large-trm-nl
256,257,86,script-related,Jakob verliet het tankstation. Hij zei meteen zijn,nummer,en betaalde.,0.51089895,SE,clips/e5-large-trm-nl
257,258,86,script-unrelated,Jakob begon bomen te kappen. Hij zei meteen zijn,nummer,en betaalde.,0.5079931,SE,clips/e5-large-trm-nl
258,259,87,control,Hilde begon de koets te besturen. Snel beklom ze de,koets,en daar ging ze.,0.5661129,SE,clips/e5-large-trm-nl
259,260,87,script-related,Hilde was klaar met de koets besturen. Snel beklom ze de,koets,en daar ging ze.,0.5457435,SE,clips/e5-large-trm-nl
260,261,87,script-unrelated,Hilde begon een kampvuur. Snel beklom ze de,koets,en daar ging ze.,0.48600763,SE,clips/e5-large-trm-nl
261,262,88,control,Tom begon ontbijt te maken. Hij opende meteen de,boter,en maakte een boterham.,0.4463656,SE,clips/e5-large-trm-nl
262,263,88,script-related,Tom stopte met ontbijt maken. Hij opende meteen de,boter,en maakte een boterham.,0.42395094,SE,clips/e5-large-trm-nl
263,264,88,script-unrelated,Tom ging naar de kerstmarkt. Hij opende meteen de,boter,en maakte een boterham.,0.4692778,SE,clips/e5-large-trm-nl
264,265,89,control,Kim ging naar het ziekenhuis. Meteen liep ze naar de,receptie,en vroeg de weg.,0.48779005,SE,clips/e5-large-trm-nl
265,266,89,script-related,Kim verliet het ziekenhuis. Meteen liep ze naar de,receptie,en vroeg de weg.,0.4802029,SE,clips/e5-large-trm-nl
266,267,89,script-unrelated,Kim begon haar lunch te koken. Meteen liep ze naar de,receptie,en vroeg de weg.,0.4582923,SE,clips/e5-large-trm-nl
267,268,90,control,Michael begon een taart te bakken. Als eerste pakte hij een,garde,en klopte het eiwit stijf.,0.42509744,SE,clips/e5-large-trm-nl
268,269,90,script-related,Michael was klaar met een taart bakken. Als eerste pakte hij een,garde,en klopte het eiwit stijf.,0.4339014,SE,clips/e5-large-trm-nl
269,270,90,script-unrelated,Michael betrad het restaurant. Als eerste pakte hij een,garde,en klopte het eiwit stijf.,0.4409275,SE,clips/e5-large-trm-nl
0,1,1,control,Johan betrad het restaurant. Even later opende hij de,menukaart,en kreeg een overzicht.,0.8097611,SE,intfloat/multilingual-e5-large
1,2,1,script-related,Johan verliet het restaurant. Even later opende hij de,menukaart,en kreeg een overzicht.,0.8054743,SE,intfloat/multilingual-e5-large
2,3,1,script-unrelated,Johan betrad het appartement. Even later opende hij de,menukaart,en kreeg een overzicht.,0.7915569,SE,intfloat/multilingual-e5-large
3,4,2,control,Sabine betrad de bioscoop. Snel liep ze naar de,kassa,en kocht een kaartje.,0.7337106,SE,intfloat/multilingual-e5-large
4,5,2,script-related,Sabine verliet de bioscoop. Snel liep ze naar de,kassa,en kocht een kaartje.,0.73019946,SE,intfloat/multilingual-e5-large
5,6,2,script-unrelated,Sabine betrad de school. Snel liep ze naar de,kassa,en kocht een kaartje.,0.7362647,SE,intfloat/multilingual-e5-large
6,7,3,control,Kevin betrad de boerderij. Zonder te aarzelen pakte hij een,mestvork,en begon te scheppen.,0.7613583,SE,intfloat/multilingual-e5-large
7,8,3,script-related,Kevin verliet de boerderij. Zonder te aarzelen pakte hij een,mestvork,en begon te scheppen.,0.7542758,SE,intfloat/multilingual-e5-large
8,9,3,script-unrelated,Kevin betrad de kerk. Zonder te aarzelen pakte hij een,mestvork,en begon te scheppen.,0.7589236,SE,intfloat/multilingual-e5-large
9,10,4,control,Susi betrad de huisartsenpraktijk. Vriendelijk sprak ze met de,doktersassistente,over de problematiek.,0.83246976,SE,intfloat/multilingual-e5-large
10,11,4,script-related,Susi verliet de huisartsenpraktijk. Vriendelijk sprak ze met de,doktersassistente,over de problematiek.,0.82797784,SE,intfloat/multilingual-e5-large
11,12,4,script-unrelated,Susi betrad het verblijf. Vriendelijk sprak ze met de,doktersassistente,over de problematiek.,0.8027575,SE,intfloat/multilingual-e5-large
12,13,5,control,Roman betrad de bibliotheek. Kort daarna liep hij naar het,rek,en zocht een misdaadroman.,0.742013,SE,intfloat/multilingual-e5-large
13,14,5,script-related,Roman verliet de bibliotheek. Kort daarna liep hij naar het,rek,en zocht een misdaadroman.,0.7408633,SE,intfloat/multilingual-e5-large
14,15,5,script-unrelated,Roman betrad de kroeg. Kort daarna liep hij naar het,rek,en zocht een misdaadroman.,0.75273347,SE,intfloat/multilingual-e5-large
15,16,6,control,Lea begon spaghetti te koken. Voorzichtig opende ze het,pastapak,in één handbeweging.,0.77434355,SE,intfloat/multilingual-e5-large
16,17,6,script-related,Lea was klaar met spaghetti koken. Voorzichtig opende ze het,pastapak,in één handbeweging.,0.77533114,SE,intfloat/multilingual-e5-large
17,18,6,script-unrelated,Lea begon de muren te verven. Voorzichtig opende ze het,pastapak,in één handbeweging.,0.7399677,SE,intfloat/multilingual-e5-large
18,19,7,control,Peter bereikte het theater. Even later liep hij naar de,loge,en ging zitten.,0.7383208,SE,intfloat/multilingual-e5-large
19,20,7,script-related,Peter verliet het theater. Even later liep hij naar de,loge,en ging zitten.,0.7383161,SE,intfloat/multilingual-e5-large
20,21,7,script-unrelated,Peter bereikte de supermarkt. Even later liep hij naar de,loge,en ging zitten.,0.7435266,SE,intfloat/multilingual-e5-large
21,22,8,control,Lisa betrad het station. Even later was ze op het,perron,en wachtte op de trein.,0.7476194,SE,intfloat/multilingual-e5-large
22,23,8,script-related,Lisa verliet het station. Even later was ze op het,perron,en wachtte op de trein.,0.73974293,SE,intfloat/multilingual-e5-large
23,24,8,script-unrelated,Lisa betrad het huis. Even later was ze op het,perron,en wachtte op de trein.,0.7439329,SE,intfloat/multilingual-e5-large
24,25,9,control,Tim begon in de sportschool te trainen. Meteen stapte hij op de,loopband,en rende als een gek.,0.74401665,SE,intfloat/multilingual-e5-large
25,26,9,script-related,Tim stopte in de sportschool met trainen. Meteen stapte hij op de,loopband,en rende als een gek.,0.7502234,SE,intfloat/multilingual-e5-large
26,27,9,script-unrelated,Tim begon zijn rijles. Meteen stapte hij op de,loopband,en rende als een gek.,0.74189967,SE,intfloat/multilingual-e5-large
27,28,10,control,Maria bereikte het vliegveld. Ze liep meteen naar de,check-in,om de koffer af te geven.,0.76477754,SE,intfloat/multilingual-e5-large
28,29,10,script-related,Maria verliet het vliegveld. Ze liep meteen naar de,check-in,om de koffer af te geven.,0.7586864,SE,intfloat/multilingual-e5-large
29,30,10,script-unrelated,Maria bereikte het winkelcentrum. Ze liep meteen naar de,check-in,om de koffer af te geven.,0.7519427,SE,intfloat/multilingual-e5-large
30,31,11,control,Lukas kwam naar het verjaardagsfeest. Na een tijdje overhandigde hij de,taart,en feliciteerde hij de jarige.,0.80655015,SE,intfloat/multilingual-e5-large
31,32,11,script-related,Lukas verliet het verjaardagsfeest. Na een tijdje overhandigde hij de,taart,en feliciteerde hij de jarige.,0.8031024,SE,intfloat/multilingual-e5-large
32,33,11,script-unrelated,Lukas kwam naar de les. Na een tijdje overhandigde hij de,taart,en feliciteerde hij de jarige.,0.8017514,SE,intfloat/multilingual-e5-large
33,34,12,control,Marie ging naar de kapper. Even later vroeg ze de,styliste,om een nieuwe coupe.,0.7518375,SE,intfloat/multilingual-e5-large
34,35,12,script-related,Marie verliet de kapper. Even later vroeg ze de,styliste,om een nieuwe coupe.,0.76314044,SE,intfloat/multilingual-e5-large
35,36,12,script-unrelated,Marie ging naar de uni. Even later vroeg ze de,styliste,om een nieuwe coupe.,0.7371993,SE,intfloat/multilingual-e5-large
36,37,13,control,Thorsten begon te douchen. Als eerste gebruikte hij de,shampoo,en daarna de douchegel.,0.7986445,SE,intfloat/multilingual-e5-large
37,38,13,script-related,Thorsten stopte met douchen. Als eerste gebruikte hij de,shampoo,en daarna de douchegel.,0.7962913,SE,intfloat/multilingual-e5-large
38,39,13,script-unrelated,Thorsten begon te barbecueën. Als eerste gebruikte hij de,shampoo,en daarna de douchegel.,0.76462287,SE,intfloat/multilingual-e5-large
39,40,14,control,Claudia betrad de bloemenwinkel. Snel vroeg ze om een,roos,voor een vriendin.,0.74133825,SE,intfloat/multilingual-e5-large
40,41,14,script-related,Claudia verliet de bloemenwinkel. Snel vroeg ze om een,roos,voor een vriendin.,0.73988754,SE,intfloat/multilingual-e5-large
41,42,14,script-unrelated,Claudia betrad de dierenwinkel. Snel vroeg ze om een,roos,voor een vriendin.,0.7626559,SE,intfloat/multilingual-e5-large
42,43,15,control,Jonathan ging naar de begraafplaats. Peinzend bekeek hij de,grafsteen,en sprak een gebed uit.,0.8070754,SE,intfloat/multilingual-e5-large
43,44,15,script-related,Jonathan verliet de begraafplaats. Peinzend bekeek hij de,grafsteen,en sprak een gebed uit.,0.80924076,SE,intfloat/multilingual-e5-large
44,45,15,script-unrelated,Jonathan ging naar de keuken. Peinzend bekeek hij de,grafsteen,en sprak een gebed uit.,0.78278935,SE,intfloat/multilingual-e5-large
45,46,16,control,Lara ging de tuin in. Aandachtig onderzocht ze de,aarde,en gaf toen de bloemen water.,0.7902545,SE,intfloat/multilingual-e5-large
46,47,16,script-related,Lara verliet de tuin. Aandachtig onderzocht ze de,aarde,en gaf toen de bloemen water.,0.7907211,SE,intfloat/multilingual-e5-large
47,48,16,script-unrelated,Lara ging naar het fornuis. Aandachtig onderzocht ze de,aarde,en gaf toen de bloemen water.,0.7758219,SE,intfloat/multilingual-e5-large
48,49,17,control,Roman ging naar het museum. Nauwkeurig bekeek hij de,sculpturen,en was enthousiast.,0.7985257,SE,intfloat/multilingual-e5-large
49,50,17,script-related,Roman verliet het museum.  Nauwkeurig bekeek hij de,sculpturen,en was enthousiast.,0.79147464,SE,intfloat/multilingual-e5-large
50,51,17,script-unrelated,Roman ging naar de boekhandel. Nauwkeurig bekeek hij de,sculpturen,en was enthousiast.,0.780628,SE,intfloat/multilingual-e5-large
51,52,18,control,Annika ging naar de banketbakker. Snel vroeg ze om een,taart,en betaalde meteen.,0.79842263,SE,intfloat/multilingual-e5-large
52,53,18,script-related,Annika verliet de banketbakker. Snel vroeg ze om een,taart,en betaalde meteen.,0.79055846,SE,intfloat/multilingual-e5-large
53,54,18,script-unrelated,Annika ging naar de boetiek. Snel vroeg ze om een,taart,en betaalde meteen.,0.7909798,SE,intfloat/multilingual-e5-large
54,55,19,control,Emil betrad de spa. Na een tijdje kreeg hij een,massage,en genoot ervan.,0.7721324,SE,intfloat/multilingual-e5-large
55,56,19,script-related,Emil verliet de spa. Na een tijdje kreeg hij een,massage,en genoot ervan.,0.7635973,SE,intfloat/multilingual-e5-large
56,57,19,script-unrelated,Emil betrad de apotheek. Na een tijdje kreeg hij een,massage,en genoot ervan.,0.76882476,SE,intfloat/multilingual-e5-large
57,58,20,control,Susanne betrad de manege. Snel legde ze het,zadel,op en reed weg.,0.7672763,SE,intfloat/multilingual-e5-large
58,59,20,script-related,Susanne verliet de manege. Snel legde ze het,zadel,op en reed weg.,0.7518976,SE,intfloat/multilingual-e5-large
59,60,20,script-unrelated,Susanne betrad de badkamer. Snel legde ze het,zadel,op en reed weg.,0.7511902,SE,intfloat/multilingual-e5-large
60,61,21,control,Martin kwam bij de veiligheidscontrole. Vlot opende hij de,koffer,en werd doorgelaten.,0.76354384,SE,intfloat/multilingual-e5-large
61,62,21,script-related,Martin verliet de veiligheidscontrole. Vlot opende hij de,koffer,en werd doorgelaten.,0.76373875,SE,intfloat/multilingual-e5-large
62,63,21,script-unrelated,Martin kwam bij de garage. Vlot opende hij de,koffer,en werd doorgelaten.,0.7594661,SE,intfloat/multilingual-e5-large
63,64,22,control,Jutta ging naar de hotelreceptie. Direct kreeg ze een,kamer,en bedankte vriendelijk.,0.7889892,SE,intfloat/multilingual-e5-large
64,65,22,script-related,Jutta verliet de hotelreceptie. Direct kreeg ze een,kamer,en bedankte vriendelijk.,0.7802445,SE,intfloat/multilingual-e5-large
65,66,22,script-unrelated,Jutta ging naar het postkantoor. Direct kreeg ze een,kamer,en bedankte vriendelijk.,0.7854738,SE,intfloat/multilingual-e5-large
66,67,23,control,Jens ging naar de tandarts. Angstig liep hij naar de,röntgen,en liet zich behandelen.,0.7931767,SE,intfloat/multilingual-e5-large
67,68,23,script-related,Jens verliet de tandarts. Angstig liep hij naar de,röntgen,en liet zich behandelen.,0.78561753,SE,intfloat/multilingual-e5-large
68,69,23,script-unrelated,Jens ging naar de douane. Angstig liep hij naar de,röntgen,en liet zich behandelen.,0.76832604,SE,intfloat/multilingual-e5-large
69,70,24,control,Elena begon te pokeren. Snel zette ze haar,geld,in en won.,0.7698118,SE,intfloat/multilingual-e5-large
70,71,24,script-related,Elena stopte met pokeren. Snel zette ze haar,geld,in en won.,0.77575326,SE,intfloat/multilingual-e5-large
71,72,24,script-unrelated,Elena begon te tekenen. Snel zette ze haar,geld,in en won.,0.7639289,SE,intfloat/multilingual-e5-large
72,73,25,control,Bruno begon zijn vakantie. Eindelijk kwam hij bij de,zee,aan en genoot van het weer.,0.7693953,SE,intfloat/multilingual-e5-large
73,74,25,script-related,Bruno beëindigde zijn vakantie. Eindelijk kwam hij bij de,zee,aan en genoot van het weer.,0.7673333,SE,intfloat/multilingual-e5-large
74,75,25,script-unrelated,Bruno begon zijn filmavond. Eindelijk kwam hij bij de,zee,aan en genoot van het weer.,0.7531883,SE,intfloat/multilingual-e5-large
75,76,26,control,Jana betrad het gemeentehuis. Meteen toonde ze haar,visum,en diende een aanvraag in.,0.75913167,SE,intfloat/multilingual-e5-large
76,77,26,script-related,Jana verliet het gemeentehuis. Meteen toonde ze haar,visum,en diende een aanvraag in.,0.74655694,SE,intfloat/multilingual-e5-large
77,78,26,script-unrelated,Jana betrad het tuincentrum. Meteen toonde ze haar,visum,en diende een aanvraag in.,0.7496472,SE,intfloat/multilingual-e5-large
78,79,27,control,Nico ging naar de kermis. Direct liep hij naar de,botsauto's,en reed een rondje.,0.7517862,SE,intfloat/multilingual-e5-large
79,80,27,script-related,Nico verliet de kermis. Direct liep hij naar de,botsauto's,en reed een rondje.,0.7606906,SE,intfloat/multilingual-e5-large
80,81,27,script-unrelated,Nico ging naar de pizzeria. Direct liep hij naar de,botsauto's,en reed een rondje.,0.7552775,SE,intfloat/multilingual-e5-large
81,82,28,control,Beate ging wandelen. Na een tijdje zag ze een,edelweiss,die ze meteen meenam.,0.76179725,SE,intfloat/multilingual-e5-large
82,83,28,script-related,Beate kwam terug van het wandelen. Na een tijdje zag ze een,edelweiss,die ze meteen meenam.,0.7658316,SE,intfloat/multilingual-e5-large
83,84,28,script-unrelated,Beate ging zwemmen. Na een tijdje zag ze een,edelweiss,die ze meteen meenam.,0.75223804,SE,intfloat/multilingual-e5-large
84,85,29,control,Hubert nam een taxi. Vriendelijk begroette hij de,chauffeur,en noemde zijn bestemming.,0.79820126,SE,intfloat/multilingual-e5-large
85,86,29,script-related,Hubert verliet de taxi. Vriendelijk begroette hij de,chauffeur,en noemde zijn bestemming.,0.7911301,SE,intfloat/multilingual-e5-large
86,87,29,script-unrelated,Hubert nam een vliegtuig. Vriendelijk begroette hij de,chauffeur,en noemde zijn bestemming.,0.76693285,SE,intfloat/multilingual-e5-large
87,88,30,control,Jenni begon te baden. Ze verdeelde meteen het,schuim,over haar lichaam.,0.7559372,SE,intfloat/multilingual-e5-large
88,89,30,script-related,Jenni stopte met baden. Ze verdeelde meteen het,schuim,over haar lichaam.,0.7458332,SE,intfloat/multilingual-e5-large
89,90,30,script-unrelated,Jenni begon de hoorcollege. Ze verdeelde meteen het,schuim,over haar lichaam.,0.74066585,SE,intfloat/multilingual-e5-large
90,91,31,control,Hans betrad de ijshal. Hij trok vlot zijn,schaatsen,aan en ging de baan op.,0.7999433,SE,intfloat/multilingual-e5-large
91,92,31,script-related,Hans verliet de ijshal. Hij trok vlot zijn,schaatsen,aan en ging de baan op.,0.7973186,SE,intfloat/multilingual-e5-large
92,93,31,script-unrelated,Hans betrad de klimhal. Hij trok vlot zijn,schaatsen,aan en ging de baan op.,0.7908315,SE,intfloat/multilingual-e5-large
93,94,32,control,Clara begon te bowlen. Vakkundig behaalde ze een,strike,en won het spel.,0.7541788,SE,intfloat/multilingual-e5-large
94,95,32,script-related,Clara stopte met bowlen. Vakkundig behaalde ze een,strike,en won het spel.,0.75511986,SE,intfloat/multilingual-e5-large
95,96,32,script-unrelated,Clara ging naar de schietbaan. Vakkundig behaalde ze een,strike,en won het spel.,0.74327976,SE,intfloat/multilingual-e5-large
96,97,33,control,Georg nam deel aan een brandweerinzet. Hij gebruikte meteen de,slang,en bluste het vuur.,0.7508028,SE,intfloat/multilingual-e5-large
97,98,33,script-related,Georg beëindigde een brandweerinzet. Hij gebruikte meteen de,slang,en bluste het vuur.,0.7487902,SE,intfloat/multilingual-e5-large
98,99,33,script-unrelated,Georg nam deel aan yoga. Hij gebruikte meteen de,slang,en bluste het vuur.,0.754593,SE,intfloat/multilingual-e5-large
99,100,34,control,Johanna begon de voetbalwedstrijd. Na korte tijd maakte ze een,doelpunt,en juichte luid.,0.80001867,SE,intfloat/multilingual-e5-large
100,101,34,script-related,Johanna beëindigde de voetbalwedstrijd. Na korte tijd maakte ze een,doelpunt,en juichte luid.,0.7944014,SE,intfloat/multilingual-e5-large
101,102,34,script-unrelated,Johanna begon de jacht. Na korte tijd maakte ze een,doelpunt,en juichte luid.,0.78937566,SE,intfloat/multilingual-e5-large
102,103,35,control,Jürgen betrad de slagerij. Hij vroeg meteen om een,steak,en betaalde.,0.75367033,SE,intfloat/multilingual-e5-large
103,104,35,script-related,Jürgen verliet de slagerij. Hij vroeg meteen om een,steak,en betaalde.,0.7463134,SE,intfloat/multilingual-e5-large
104,105,35,script-unrelated,Jürgen betrad de bakkerij. Hij vroeg meteen om een,steak,en betaalde.,0.742194,SE,intfloat/multilingual-e5-large
105,106,36,control,Frauke betrad de dierentuin. Even later fotografeerde ze een,zebra,die aan het drinken was.,0.76071244,SE,intfloat/multilingual-e5-large
106,107,36,script-related,Frauke verliet de dierentuin. Even later fotografeerde ze een,zebra,die aan het drinken was.,0.7548813,SE,intfloat/multilingual-e5-large
107,108,36,script-unrelated,Frauke ging naar het stadion. Even later fotografeerde ze een,zebra,die aan het drinken was.,0.74133384,SE,intfloat/multilingual-e5-large
108,109,37,control,Bernd betrad de wasserette. Snel koos hij het,wasprogramma,en zette de machine aan.,0.7969554,SE,intfloat/multilingual-e5-large
109,110,37,script-related,Bernd verliet de wasserette. Snel koos hij het,wasprogramma,en zette de machine aan.,0.7948642,SE,intfloat/multilingual-e5-large
110,111,37,script-unrelated,Bernd betrad de kiosk. Snel koos hij het,wasprogramma,en zette de machine aan.,0.7731712,SE,intfloat/multilingual-e5-large
111,112,38,control,Nicole ging naar het circus. Al snel ging ze op de,tribune,zitten en bekeek het spektakel.,0.7415035,SE,intfloat/multilingual-e5-large
112,113,38,script-related,Nicole verliet het circus. Al snel ging ze op de,tribune,zitten en bekeek het spektakel.,0.750981,SE,intfloat/multilingual-e5-large
113,114,38,script-unrelated,Nicole ging naar het kantoor. Al snel ging ze op de,tribune,zitten en bekeek het spektakel.,0.7556204,SE,intfloat/multilingual-e5-large
114,115,39,control,Viktor ging naar de sauna. Na een tijdje maakte hij een,opgieting,en ging liggen.,0.76568735,SE,intfloat/multilingual-e5-large
115,116,39,script-related,Viktor verliet de sauna. Na een tijdje maakte hij een,opgieting,en ging liggen.,0.7611579,SE,intfloat/multilingual-e5-large
116,117,39,script-unrelated,Viktor ging naar het lab. Na een tijdje maakte hij een,opgieting,en ging liggen.,0.76128006,SE,intfloat/multilingual-e5-large
117,118,40,control,Gabi ging naar de dierenarts. Een moment later vroeg ze de,assistente,om medicijnen.,0.7509954,SE,intfloat/multilingual-e5-large
118,119,40,script-related,Gabi verliet de dierenarts. Een moment later vroeg ze de,assistente,om medicijnen.,0.75790346,SE,intfloat/multilingual-e5-large
119,120,40,script-unrelated,Gabi ging naar de kleedkamer. Een moment later vroeg ze de,assistente,om medicijnen.,0.75450754,SE,intfloat/multilingual-e5-large
120,121,41,control,Jakob betrad de plaats delict. Kort daarna fotografeerde hij de,bloedspatten,en was verbaasd.,0.772571,SE,intfloat/multilingual-e5-large
121,122,41,script-related,Jakob verliet de plaats delict. Kort daarna fotografeerde hij de,bloedspatten,en was verbaasd.,0.76695544,SE,intfloat/multilingual-e5-large
122,123,41,script-unrelated,Jakob betrad het tankstation. Kort daarna fotografeerde hij de,bloedspatten,en was verbaasd.,0.7627793,SE,intfloat/multilingual-e5-large
123,124,42,control,Peter begon bomen te kappen. Na een tijdje gebruikte hij de,bijl,en raakte gericht de stam.,0.7645504,SE,intfloat/multilingual-e5-large
124,125,42,script-related,Peter stopte met bomen kappen. Na een tijdje gebruikte hij de,bijl,en raakte gericht de stam.,0.76660436,SE,intfloat/multilingual-e5-large
125,126,42,script-unrelated,Peter begon de koets te rijden. Na een tijdje gebruikte hij de,bijl,en raakte gericht de stam.,0.7481315,SE,intfloat/multilingual-e5-large
126,127,43,control,Tom begon een kampvuur. Meteen stapelde hij het,hout,en stak het aan.,0.7607126,SE,intfloat/multilingual-e5-large
127,128,43,script-related,Tom beëindigde het kampvuur. Meteen stapelde hij het,hout,en stak het aan.,0.77048016,SE,intfloat/multilingual-e5-large
128,129,43,script-unrelated,Tom begon ontbijt te maken. Meteen stapelde hij het,hout,en stak het aan.,0.75684255,SE,intfloat/multilingual-e5-large
129,130,44,control,Kim ging naar de kerstmarkt. Kort daarna bereikte hij de,kerstkraampjes,en snuffelde naar cadeaus.,0.8189949,SE,intfloat/multilingual-e5-large
130,131,44,script-related,Kim verliet de kerstmarkt. Kort daarna bereikte hij de,kerstkraampjes,en snuffelde naar cadeaus.,0.8182126,SE,intfloat/multilingual-e5-large
131,132,44,script-unrelated,Kim ging naar het ziekenhuis. Kort daarna bereikte hij de,kerstkraampjes,en snuffelde naar cadeaus.,0.76525706,SE,intfloat/multilingual-e5-large
132,133,45,control,Michael begon zijn lunch te koken. Snel sneed hij de,groenten,en gooide het in de pot.,0.815237,SE,intfloat/multilingual-e5-large
133,134,45,script-related,Michael was klaar met zijn lunch koken. Snel sneed hij de,groenten,en gooide het in de pot.,0.8214105,SE,intfloat/multilingual-e5-large
134,135,45,script-unrelated,Michael begon een taart te bakken. Snel sneed hij de,groenten,en gooide het in de pot.,0.7919699,SE,intfloat/multilingual-e5-large
135,136,46,control,Johan betrad het appartement. Meteen ging hij op het,bed,zitten en dacht na over de dag.,0.7598698,SE,intfloat/multilingual-e5-large
136,137,46,script-related,Johan verliet het appartement. Meteen ging hij op het,bed,zitten en dacht na over de dag.,0.7571976,SE,intfloat/multilingual-e5-large
137,138,46,script-unrelated,Johan betrad de bioscoop. Meteen ging hij op het,bed,zitten en dacht na over de dag.,0.7342241,SE,intfloat/multilingual-e5-large
138,139,47,control,Sabine betrad de school. Snel liep ze naar het,klaslokaal,en groette de leerlingen.,0.8016796,SE,intfloat/multilingual-e5-large
139,140,47,script-related,Sabine verliet de school. Snel liep ze naar het,klaslokaal,en groette de leerlingen.,0.8038695,SE,intfloat/multilingual-e5-large
140,141,47,script-unrelated,Sabine betrad de boerderij. Snel liep ze naar het,klaslokaal,en groette de leerlingen.,0.7705637,SE,intfloat/multilingual-e5-large
141,142,48,control,Kevin betrad de kerk. Voorzichtig pakte hij een,kaars,en stak hem aan.,0.75235003,SE,intfloat/multilingual-e5-large
142,143,48,script-related,Kevin verliet de kerk. Voorzichtig pakte hij een,kaars,en stak hem aan.,0.75123817,SE,intfloat/multilingual-e5-large
143,144,48,script-unrelated,Kevin betrad de huisartsenpraktijk. Voorzichtig pakte hij een,kaars,en stak hem aan.,0.76356393,SE,intfloat/multilingual-e5-large
144,145,49,control,Susi betrad het verblijf. Nauwkeurig beoordeelde ze het,kalf,en maakte aantekeningen.,0.7527802,SE,intfloat/multilingual-e5-large
145,146,49,script-related,Susi verliet het verblijf. Nauwkeurig beoordeelde ze het,kalf,en maakte aantekeningen.,0.74962693,SE,intfloat/multilingual-e5-large
146,147,49,script-unrelated,Susi betrad de bibliotheek. Nauwkeurig beoordeelde ze het,kalf,en maakte aantekeningen.,0.74480546,SE,intfloat/multilingual-e5-large
147,148,50,control,Thomas betrad de kroeg. Haastig riep hij de,ober,en bestelde een biertje.,0.7469163,SE,intfloat/multilingual-e5-large
148,149,50,script-related,Thomas verliet de kroeg. Haastig riep hij de,ober,en bestelde een biertje.,0.73871005,SE,intfloat/multilingual-e5-large
149,150,50,script-unrelated,Thomas begon spaghetti te koken. Haastig riep hij de,ober,en bestelde een biertje.,0.74549896,SE,intfloat/multilingual-e5-large
150,151,51,control,Lea begon de muren te verven. Ze koos snel een,kwast,uit en begon te verven.,0.76135015,SE,intfloat/multilingual-e5-large
151,152,51,script-related,Lea was klaar met de muren verven. Ze koos snel een,kwast,uit en begon te verven.,0.76014936,SE,intfloat/multilingual-e5-large
152,153,51,script-unrelated,Lea bereikte het theater. Ze koos snel een,kwast,uit en begon te verven.,0.74837387,SE,intfloat/multilingual-e5-large
153,154,52,control,Peter bereikte de supermarkt. Snel kocht hij wat,groenten,om 's avonds te koken.,0.81174314,SE,intfloat/multilingual-e5-large
154,155,52,script-related,Peter verliet de supermarkt. Snel kocht hij wat,groenten,om 's avonds te koken.,0.8186142,SE,intfloat/multilingual-e5-large
155,156,52,script-unrelated,Peter bereikte het station. Snel kocht hij wat,groenten,om 's avonds te koken.,0.7938826,SE,intfloat/multilingual-e5-large
156,157,53,control,Lisa betrad het huis. Kort daarna checkte ze de,koelkast,en zocht iets te eten.,0.80835617,SE,intfloat/multilingual-e5-large
157,158,53,script-related,Lisa verliet het huis. Kort daarna checkte ze de,koelkast,en zocht iets te eten.,0.8061142,SE,intfloat/multilingual-e5-large
158,159,53,script-unrelated,Lisa begon in de sportschool te trainen. Kort daarna checkte ze de,koelkast,en zocht iets te eten.,0.78906405,SE,intfloat/multilingual-e5-large
159,160,54,control,Tim begon zijn rijles. Gejaagd drukte hij op het,gaspedaal,en reed weg.,0.8008676,SE,intfloat/multilingual-e5-large
160,161,54,script-related,Tim beëindigde zijn rijles. Gejaagd drukte hij op het,gaspedaal,en reed weg.,0.7959969,SE,intfloat/multilingual-e5-large
161,162,54,script-unrelated,Tim ging naar het vliegveld. Gejaagd drukte hij op het,gaspedaal,en reed weg.,0.79308194,SE,intfloat/multilingual-e5-large
162,163,55,control,Maria bereikte het winkelcentrum. Meteen begroette ze de,verkoopster,en koos iets uit.,0.81373185,SE,intfloat/multilingual-e5-large
163,164,55,script-related,Maria verliet het winkelcentrum. Meteen begroette ze de,verkoopster,en koos iets uit.,0.8123992,SE,intfloat/multilingual-e5-large
164,165,55,script-unrelated,Maria bereikte het verjaardagsfeest. Meteen begroette ze de,verkoopster,en koos iets uit.,0.78738385,SE,intfloat/multilingual-e5-large
165,166,56,control,Lukas begon het college. Haastig begroette hij zijn,studenten,en begon.,0.8138374,SE,intfloat/multilingual-e5-large
166,167,56,script-related,Lukas beëindigde het college. Haastig begroette hij zijn,studenten,en begon.,0.8065178,SE,intfloat/multilingual-e5-large
167,168,56,script-unrelated,Lukas ging naar de kapper. Haastig begroette hij zijn,studenten,en begon.,0.7846365,SE,intfloat/multilingual-e5-large
168,169,57,control,Marie ging naar de uni. Haastig betrad ze de,collegezaal,en opende haar boek.,0.80122644,SE,intfloat/multilingual-e5-large
169,170,57,script-related,Marie verliet de uni. Haastig betrad ze de,collegezaal,en opende haar boek.,0.7930553,SE,intfloat/multilingual-e5-large
170,171,57,script-unrelated,Marie ging douchen. Haastig betrad ze de,collegezaal,en opende haar boek.,0.76067066,SE,intfloat/multilingual-e5-large
171,172,58,control,Thorsten begon te barbecueën. Voorzichtig plaatste hij de,aanmaakblokjes,en zocht de tang.,0.8037411,SE,intfloat/multilingual-e5-large
172,173,58,script-related,Thorsten stopte met barbecueën. Voorzichtig plaatste hij de,aanmaakblokjes,en zocht de tang.,0.7919367,SE,intfloat/multilingual-e5-large
173,174,58,script-unrelated,Thorsten betrad de bloemenwinkel. Voorzichtig plaatste hij de,aanmaakblokjes,en zocht de tang.,0.7918002,SE,intfloat/multilingual-e5-large
174,175,59,control,Claudia betrad de dierenwinkel. Een tijdje stond ze bij de,kooi,en dacht na over de koop.,0.76021284,SE,intfloat/multilingual-e5-large
175,176,59,script-related,Claudia verliet de dierenwinkel. Een tijdje stond ze bij de,kooi,en dacht na over de koop.,0.7553235,SE,intfloat/multilingual-e5-large
176,177,59,script-unrelated,Claudia betrad de begraafplaats. Een tijdje stond ze bij de,kooi,en dacht na over de koop.,0.73424983,SE,intfloat/multilingual-e5-large
177,178,60,control,Jonathan ging naar de keuken. Eerst reinigde hij de,oven,en daarna de koelkast.,0.76396084,SE,intfloat/multilingual-e5-large
178,179,60,script-related,Jonathan verliet de keuken. Eerst reinigde hij de,oven,en daarna de koelkast.,0.7596439,SE,intfloat/multilingual-e5-large
179,180,60,script-unrelated,Jonathan ging de tuin in. Eerst reinigde hij de,oven,en daarna de koelkast.,0.75891894,SE,intfloat/multilingual-e5-large
180,181,61,control,Lara liep naar het fornuis. Snel reinigde ze de,kookplaat,en daarna de afzuigkap.,0.8009556,SE,intfloat/multilingual-e5-large
181,182,61,script-related,Lara liep weg van het fornuis. Snel reinigde ze de,kookplaat,en daarna de afzuigkap.,0.7932974,SE,intfloat/multilingual-e5-large
182,183,61,script-unrelated,Lara ging naar het museum. Snel reinigde ze de,kookplaat,en daarna de afzuigkap.,0.7634653,SE,intfloat/multilingual-e5-large
183,184,62,control,Roman ging naar de boekhandel. Snel zocht hij een,roman,voor zijn vrouw.,0.8056167,SE,intfloat/multilingual-e5-large
184,185,62,script-related,Roman verliet de boekhandel. Snel zocht hij een,roman,voor zijn vrouw.,0.8063572,SE,intfloat/multilingual-e5-large
185,186,62,script-unrelated,Roman ging naar de banketbakker. Snel zocht hij een,roman,voor zijn vrouw.,0.78834236,SE,intfloat/multilingual-e5-large
186,187,63,control,Annika ging naar de boetiek. Ze zocht een tijdje naar,laarzen,en kocht ze toen.,0.7791527,SE,intfloat/multilingual-e5-large
187,188,63,script-related,Annika verliet de boetiek. Ze zocht een tijdje naar,laarzen,en kocht ze toen.,0.78292423,SE,intfloat/multilingual-e5-large
188,189,63,script-unrelated,Annika ging naar de spa. Ze zocht een tijdje naar,laarzen,en kocht ze toen.,0.76564527,SE,intfloat/multilingual-e5-large
189,190,64,control,Emil betrad de apotheek. Snel kocht hij het,medicijn,en ging toen naar huis.,0.81414163,SE,intfloat/multilingual-e5-large
190,191,64,script-related,Emil verliet de apotheek. Snel kocht hij het,medicijn,en ging toen naar huis.,0.8100764,SE,intfloat/multilingual-e5-large
191,192,64,script-unrelated,Emil betrad de manege. Snel kocht hij het,medicijn,en ging toen naar huis.,0.7765808,SE,intfloat/multilingual-e5-large
192,193,65,control,Susanne betrad de badkamer. Direct verwijderde ze haar,make-up,en poetste haar tanden.,0.7532086,SE,intfloat/multilingual-e5-large
193,194,65,script-related,Susanne verliet de badkamer. Direct verwijderde ze haar,make-up,en poetste haar tanden.,0.74515855,SE,intfloat/multilingual-e5-large
194,195,65,script-unrelated,Susanne ging naar de veiligheidscontrole. Direct verwijderde ze haar,make-up,en poetste haar tanden.,0.746093,SE,intfloat/multilingual-e5-large
195,196,66,control,Martin kwam bij de garage. Meteen vroeg hij naar,banden,voor de winter.,0.7654927,SE,intfloat/multilingual-e5-large
196,197,66,script-related,Martin verliet de garage. Meteen vroeg hij naar,banden,voor de winter.,0.7691065,SE,intfloat/multilingual-e5-large
197,198,66,script-unrelated,Martin kwam bij de hotelreceptie. Meteen vroeg hij naar,banden,voor de winter.,0.7541463,SE,intfloat/multilingual-e5-large
198,199,67,control,Jutta ging naar het postkantoor. Meteen kreeg ze het,pakket,waarop ze had gewacht.,0.80340785,SE,intfloat/multilingual-e5-large
199,200,67,script-related,Jutta verliet het postkantoor. Meteen kreeg ze het,pakket,waarop ze had gewacht.,0.79847336,SE,intfloat/multilingual-e5-large
200,201,67,script-unrelated,Jutta ging naar de tandarts. Meteen kreeg ze het,pakket,waarop ze had gewacht.,0.7888046,SE,intfloat/multilingual-e5-large
201,202,68,control,Jens ging naar de douane. Snel toonde hij zijn,formulier,en keek de beambte aan.,0.7799399,SE,intfloat/multilingual-e5-large
202,203,68,script-related,Jens verliet de douane. Snel toonde hij zijn,formulier,en keek de beambte aan.,0.7763692,SE,intfloat/multilingual-e5-large
203,204,68,script-unrelated,Jens begon te pokeren. Snel toonde hij zijn,formulier,en keek de beambte aan.,0.7621091,SE,intfloat/multilingual-e5-large
204,205,69,control,Elena begon te tekenen. Meteen pakte ze het,potlood,en tekende een bloem.,0.7250972,SE,intfloat/multilingual-e5-large
205,206,69,script-related,Elena stopte met tekenen. Meteen pakte ze het,potlood,en tekende een bloem.,0.71643865,SE,intfloat/multilingual-e5-large
206,207,69,script-unrelated,Elena begon de vakantie. Meteen pakte ze het,potlood,en tekende een bloem.,0.7204846,SE,intfloat/multilingual-e5-large
207,208,70,control,Bruno begon zijn filmavond. Snel haalde hij de,popcorn,uit de keuken.,0.7670878,SE,intfloat/multilingual-e5-large
208,209,70,script-related,Bruno beëindigde zijn filmavond. Snel haalde hij de,popcorn,uit de keuken.,0.7640622,SE,intfloat/multilingual-e5-large
209,210,70,script-unrelated,Bruno betrad het gemeentehuis. Snel haalde hij de,popcorn,uit de keuken.,0.75029385,SE,intfloat/multilingual-e5-large
210,211,71,control,Jana betrad het tuincentrum. Na een tijdje vroeg ze om een,palmboom,voor het balkon.,0.76634216,SE,intfloat/multilingual-e5-large
211,212,71,script-related,Jana verliet het tuincentrum. Na een tijdje vroeg ze om een,palmboom,voor het balkon.,0.7649134,SE,intfloat/multilingual-e5-large
212,213,71,script-unrelated,Jana ging naar de kermis. Na een tijdje vroeg ze om een,palmboom,voor het balkon.,0.7496642,SE,intfloat/multilingual-e5-large
213,214,72,control,Nico ging naar de pizzeria. Hij greep meteen de,menukaart,en bestelde een margherita.,0.7711081,SE,intfloat/multilingual-e5-large
214,215,72,script-related,Nico verliet de pizzeria. Hij greep meteen de,menukaart,en bestelde een margherita.,0.78057057,SE,intfloat/multilingual-e5-large
215,216,72,script-unrelated,Nico ging wandelen. Hij greep meteen de,menukaart,en bestelde een margherita.,0.7681157,SE,intfloat/multilingual-e5-large
216,217,73,control,Beate ging zwemmen. Snel controleerde ze het,bassin,en zwom weg.,0.7630707,SE,intfloat/multilingual-e5-large
217,218,73,script-related,Beate kwam terug van het zwemmen. Snel controleerde ze het,bassin,en zwom weg.,0.771695,SE,intfloat/multilingual-e5-large
218,219,73,script-unrelated,Beate ging met de taxi. Snel controleerde ze het,bassin,en zwom weg.,0.72617805,SE,intfloat/multilingual-e5-large
219,220,74,control,Hubert nam een vliegtuig. Vol enthousiasme genoot hij van de,hoogte,want hij hield van vliegen.,0.7731758,SE,intfloat/multilingual-e5-large
220,221,74,script-related,Hubert verliet het vliegtuig. Vol enthousiasme genoot hij van de,hoogte,want hij hield van vliegen.,0.7775497,SE,intfloat/multilingual-e5-large
221,222,74,script-unrelated,Hubert begon te baden. Vol enthousiasme genoot hij van de,hoogte,want hij hield van vliegen.,0.77658325,SE,intfloat/multilingual-e5-large
222,223,75,control,Jenni begon de les. Direct opende ze het,schoolbord,en begon te schrijven.,0.7786242,SE,intfloat/multilingual-e5-large
223,224,75,script-related,Jenni stopte de les. Direct opende ze het,schoolbord,en begon te schrijven.,0.77787524,SE,intfloat/multilingual-e5-large
224,225,75,script-unrelated,Jenni betrad de ijshal. Direct opende ze het,schoolbord,en begon te schrijven.,0.7463404,SE,intfloat/multilingual-e5-large
225,226,76,control,Hans betrad de klimhal. Even later greep hij het,touw,en spande het.,0.77697575,SE,intfloat/multilingual-e5-large
226,227,76,script-related,Hans verliet de klimhal. Even later greep hij het,touw,en spande het.,0.7812572,SE,intfloat/multilingual-e5-large
227,228,76,script-unrelated,Hans begon te bowlen. Even later greep hij het,touw,en spande het.,0.7722381,SE,intfloat/multilingual-e5-large
228,229,77,control,Clara ging naar de schietbaan. Ze kreeg meteen een,revolver,en begon op het doel te schieten.,0.75400364,SE,intfloat/multilingual-e5-large
229,230,77,script-related,Clara verliet de schietbaan. Ze kreeg meteen een,revolver,en begon op het doel te schieten.,0.7543627,SE,intfloat/multilingual-e5-large
230,231,77,script-unrelated,Clara ging op een brandweerinzet. Ze kreeg meteen een,revolver,en begon op het doel te schieten.,0.73592746,SE,intfloat/multilingual-e5-large
231,232,78,control,Georg nam deel aan de yogales. Na een tijdje ging hij op zijn,yogamat,zitten en deed een oefening.,0.8130734,SE,intfloat/multilingual-e5-large
232,233,78,script-related,Georg kwam terug van de yogales. Na een tijdje ging hij op zijn,yogamat,zitten en deed een oefening.,0.8106265,SE,intfloat/multilingual-e5-large
233,234,78,script-unrelated,Georg nam deel aan de voetbalwedstrijd. Na een tijdje ging hij op zijn,yogamat,zitten en deed een oefening.,0.7565826,SE,intfloat/multilingual-e5-large
234,235,79,control,Johanna begon de jacht. Na een tijdje zag ze de,jachthut,en liep erop af.,0.7822726,SE,intfloat/multilingual-e5-large
235,236,79,script-related,Johanna kwam terug van de jacht. Na een tijdje zag ze de,jachthut,en liep erop af.,0.7876342,SE,intfloat/multilingual-e5-large
236,237,79,script-unrelated,Johanna betrad de slagerij. Na een tijdje zag ze de,jachthut,en liep erop af.,0.7625214,SE,intfloat/multilingual-e5-large
237,238,80,control,Jürgen betrad de bakkerij. Even later wees hij naar de,croissant,en maakte zijn keuze.,0.77344465,SE,intfloat/multilingual-e5-large
238,239,80,script-related,Jürgen verliet de bakkerij. Even later wees hij naar de,croissant,en maakte zijn keuze.,0.7721828,SE,intfloat/multilingual-e5-large
239,240,80,script-unrelated,Jürgen betrad de dierentuin. Even later wees hij naar de,croissant,en maakte zijn keuze.,0.7425118,SE,intfloat/multilingual-e5-large
240,241,81,control,Frauke ging naar het stadion. Snel koos ze een,tribune,en ging zitten.,0.7515308,SE,intfloat/multilingual-e5-large
241,242,81,script-related,Frauke verliet het stadion. Snel koos ze een,tribune,en ging zitten.,0.7525255,SE,intfloat/multilingual-e5-large
242,243,81,script-unrelated,Frauke ging naar de wasserette. Snel koos ze een,tribune,en ging zitten.,0.752853,SE,intfloat/multilingual-e5-large
243,244,82,control,Bernd betrad de kiosk. Hij kocht meteen een,krant,en ging weer naar huis.,0.78458995,SE,intfloat/multilingual-e5-large
244,245,82,script-related,Bernd verliet de kiosk. Hij kocht meteen een,krant,en ging weer naar huis.,0.78803897,SE,intfloat/multilingual-e5-large
245,246,82,script-unrelated,Bernd betrad het circus. Hij kocht meteen een,krant,en ging weer naar huis.,0.76806295,SE,intfloat/multilingual-e5-large
246,247,83,control,Nicole betrad het kantoor. Eerst liep ze naar het,bureau,en zette toen de computer aan.,0.7683266,SE,intfloat/multilingual-e5-large
247,248,83,script-related,Nicole verliet het kantoor. Eerst liep ze naar het,bureau,en zette toen de computer aan.,0.7616223,SE,intfloat/multilingual-e5-large
248,249,83,script-unrelated,Nicole betrad de sauna. Eerst liep ze naar het,bureau,en zette toen de computer aan.,0.74008524,SE,intfloat/multilingual-e5-large
249,250,84,control,Viktor ging naar het lab. Snel begon hij het,experiment,en maakte aantekeningen.,0.7879623,SE,intfloat/multilingual-e5-large
250,251,84,script-related,Viktor verliet het lab. Snel begon hij het,experiment,en maakte aantekeningen.,0.7824773,SE,intfloat/multilingual-e5-large
251,252,84,script-unrelated,Viktor ging naar de dierenarts. Snel begon hij het,experiment,en maakte aantekeningen.,0.76347876,SE,intfloat/multilingual-e5-large
252,253,85,control,Gabi ging naar de paskamer. Snel paste ze de,kleding,en ging naar de kassa.,0.797951,SE,intfloat/multilingual-e5-large
253,254,85,script-related,Gabi verliet de paskamer. Snel paste ze de,kleding,en ging naar de kassa.,0.7830459,SE,intfloat/multilingual-e5-large
254,255,85,script-unrelated,Gabi betrad de plaats delict. Snel paste ze de,kleding,en ging naar de kassa.,0.7744168,SE,intfloat/multilingual-e5-large
255,256,86,control,Jakob betrad het tankstation. Hij zei meteen zijn,nummer,en betaalde.,0.78319407,SE,intfloat/multilingual-e5-large
256,257,86,script-related,Jakob verliet het tankstation. Hij zei meteen zijn,nummer,en betaalde.,0.7879556,SE,intfloat/multilingual-e5-large
257,258,86,script-unrelated,Jakob begon bomen te kappen. Hij zei meteen zijn,nummer,en betaalde.,0.7804524,SE,intfloat/multilingual-e5-large
258,259,87,control,Hilde begon de koets te besturen. Snel beklom ze de,koets,en daar ging ze.,0.773409,SE,intfloat/multilingual-e5-large
259,260,87,script-related,Hilde was klaar met de koets besturen. Snel beklom ze de,koets,en daar ging ze.,0.77408344,SE,intfloat/multilingual-e5-large
260,261,87,script-unrelated,Hilde begon een kampvuur. Snel beklom ze de,koets,en daar ging ze.,0.7610514,SE,intfloat/multilingual-e5-large
261,262,88,control,Tom begon ontbijt te maken. Hij opende meteen de,boter,en maakte een boterham.,0.74435323,SE,intfloat/multilingual-e5-large
262,263,88,script-related,Tom stopte met ontbijt maken. Hij opende meteen de,boter,en maakte een boterham.,0.7469131,SE,intfloat/multilingual-e5-large
263,264,88,script-unrelated,Tom ging naar de kerstmarkt. Hij opende meteen de,boter,en maakte een boterham.,0.73615164,SE,intfloat/multilingual-e5-large
264,265,89,control,Kim ging naar het ziekenhuis. Meteen liep ze naar de,receptie,en vroeg de weg.,0.7841607,SE,intfloat/multilingual-e5-large
265,266,89,script-related,Kim verliet het ziekenhuis. Meteen liep ze naar de,receptie,en vroeg de weg.,0.7834052,SE,intfloat/multilingual-e5-large
266,267,89,script-unrelated,Kim begon haar lunch te koken. Meteen liep ze naar de,receptie,en vroeg de weg.,0.7891631,SE,intfloat/multilingual-e5-large
267,268,90,control,Michael begon een taart te bakken. Als eerste pakte hij een,garde,en klopte het eiwit stijf.,0.7086932,SE,intfloat/multilingual-e5-large
268,269,90,script-related,Michael was klaar met een taart bakken. Als eerste pakte hij een,garde,en klopte het eiwit stijf.,0.71446466,SE,intfloat/multilingual-e5-large
269,270,90,script-unrelated,Michael betrad het restaurant. Als eerste pakte hij een,garde,en klopte het eiwit stijf.,0.7234047,SE,intfloat/multilingual-e5-large
0,1,1,control,Johan betrad het restaurant. Even later opende hij de,menukaart,en kreeg een overzicht.,0.6237404,SE,Gameselo/STS-multilingual-mpnet-base-v2
1,2,1,script-related,Johan verliet het restaurant. Even later opende hij de,menukaart,en kreeg een overzicht.,0.59851545,SE,Gameselo/STS-multilingual-mpnet-base-v2
2,3,1,script-unrelated,Johan betrad het appartement. Even later opende hij de,menukaart,en kreeg een overzicht.,0.595574,SE,Gameselo/STS-multilingual-mpnet-base-v2
3,4,2,control,Sabine betrad de bioscoop. Snel liep ze naar de,kassa,en kocht een kaartje.,0.7005589,SE,Gameselo/STS-multilingual-mpnet-base-v2
4,5,2,script-related,Sabine verliet de bioscoop. Snel liep ze naar de,kassa,en kocht een kaartje.,0.6511205,SE,Gameselo/STS-multilingual-mpnet-base-v2
5,6,2,script-unrelated,Sabine betrad de school. Snel liep ze naar de,kassa,en kocht een kaartje.,0.65009606,SE,Gameselo/STS-multilingual-mpnet-base-v2
6,7,3,control,Kevin betrad de boerderij. Zonder te aarzelen pakte hij een,mestvork,en begon te scheppen.,0.62989,SE,Gameselo/STS-multilingual-mpnet-base-v2
7,8,3,script-related,Kevin verliet de boerderij. Zonder te aarzelen pakte hij een,mestvork,en begon te scheppen.,0.56997555,SE,Gameselo/STS-multilingual-mpnet-base-v2
8,9,3,script-unrelated,Kevin betrad de kerk. Zonder te aarzelen pakte hij een,mestvork,en begon te scheppen.,0.5964619,SE,Gameselo/STS-multilingual-mpnet-base-v2
9,10,4,control,Susi betrad de huisartsenpraktijk. Vriendelijk sprak ze met de,doktersassistente,over de problematiek.,0.81066626,SE,Gameselo/STS-multilingual-mpnet-base-v2
10,11,4,script-related,Susi verliet de huisartsenpraktijk. Vriendelijk sprak ze met de,doktersassistente,over de problematiek.,0.7533014,SE,Gameselo/STS-multilingual-mpnet-base-v2
11,12,4,script-unrelated,Susi betrad het verblijf. Vriendelijk sprak ze met de,doktersassistente,over de problematiek.,0.7657041,SE,Gameselo/STS-multilingual-mpnet-base-v2
12,13,5,control,Roman betrad de bibliotheek. Kort daarna liep hij naar het,rek,en zocht een misdaadroman.,0.5681461,SE,Gameselo/STS-multilingual-mpnet-base-v2
13,14,5,script-related,Roman verliet de bibliotheek. Kort daarna liep hij naar het,rek,en zocht een misdaadroman.,0.550509,SE,Gameselo/STS-multilingual-mpnet-base-v2
14,15,5,script-unrelated,Roman betrad de kroeg. Kort daarna liep hij naar het,rek,en zocht een misdaadroman.,0.65556026,SE,Gameselo/STS-multilingual-mpnet-base-v2
15,16,6,control,Lea begon spaghetti te koken. Voorzichtig opende ze het,pastapak,in één handbeweging.,0.6601742,SE,Gameselo/STS-multilingual-mpnet-base-v2
16,17,6,script-related,Lea was klaar met spaghetti koken. Voorzichtig opende ze het,pastapak,in één handbeweging.,0.6872266,SE,Gameselo/STS-multilingual-mpnet-base-v2
17,18,6,script-unrelated,Lea begon de muren te verven. Voorzichtig opende ze het,pastapak,in één handbeweging.,0.6021463,SE,Gameselo/STS-multilingual-mpnet-base-v2
18,19,7,control,Peter bereikte het theater. Even later liep hij naar de,loge,en ging zitten.,0.5009294,SE,Gameselo/STS-multilingual-mpnet-base-v2
19,20,7,script-related,Peter verliet het theater. Even later liep hij naar de,loge,en ging zitten.,0.52819246,SE,Gameselo/STS-multilingual-mpnet-base-v2
20,21,7,script-unrelated,Peter bereikte de supermarkt. Even later liep hij naar de,loge,en ging zitten.,0.48574862,SE,Gameselo/STS-multilingual-mpnet-base-v2
21,22,8,control,Lisa betrad het station. Even later was ze op het,perron,en wachtte op de trein.,0.5187832,SE,Gameselo/STS-multilingual-mpnet-base-v2
22,23,8,script-related,Lisa verliet het station. Even later was ze op het,perron,en wachtte op de trein.,0.49307835,SE,Gameselo/STS-multilingual-mpnet-base-v2
23,24,8,script-unrelated,Lisa betrad het huis. Even later was ze op het,perron,en wachtte op de trein.,0.52569497,SE,Gameselo/STS-multilingual-mpnet-base-v2
24,25,9,control,Tim begon in de sportschool te trainen. Meteen stapte hij op de,loopband,en rende als een gek.,0.652132,SE,Gameselo/STS-multilingual-mpnet-base-v2
25,26,9,script-related,Tim stopte in de sportschool met trainen. Meteen stapte hij op de,loopband,en rende als een gek.,0.7166218,SE,Gameselo/STS-multilingual-mpnet-base-v2
26,27,9,script-unrelated,Tim begon zijn rijles. Meteen stapte hij op de,loopband,en rende als een gek.,0.7019236,SE,Gameselo/STS-multilingual-mpnet-base-v2
27,28,10,control,Maria bereikte het vliegveld. Ze liep meteen naar de,check-in,om de koffer af te geven.,0.49211434,SE,Gameselo/STS-multilingual-mpnet-base-v2
28,29,10,script-related,Maria verliet het vliegveld. Ze liep meteen naar de,check-in,om de koffer af te geven.,0.4584623,SE,Gameselo/STS-multilingual-mpnet-base-v2
29,30,10,script-unrelated,Maria bereikte het winkelcentrum. Ze liep meteen naar de,check-in,om de koffer af te geven.,0.49063712,SE,Gameselo/STS-multilingual-mpnet-base-v2
30,31,11,control,Lukas kwam naar het verjaardagsfeest. Na een tijdje overhandigde hij de,taart,en feliciteerde hij de jarige.,0.55443925,SE,Gameselo/STS-multilingual-mpnet-base-v2
31,32,11,script-related,Lukas verliet het verjaardagsfeest. Na een tijdje overhandigde hij de,taart,en feliciteerde hij de jarige.,0.54256266,SE,Gameselo/STS-multilingual-mpnet-base-v2
32,33,11,script-unrelated,Lukas kwam naar de les. Na een tijdje overhandigde hij de,taart,en feliciteerde hij de jarige.,0.55084115,SE,Gameselo/STS-multilingual-mpnet-base-v2
33,34,12,control,Marie ging naar de kapper. Even later vroeg ze de,styliste,om een nieuwe coupe.,0.56475425,SE,Gameselo/STS-multilingual-mpnet-base-v2
34,35,12,script-related,Marie verliet de kapper. Even later vroeg ze de,styliste,om een nieuwe coupe.,0.5927418,SE,Gameselo/STS-multilingual-mpnet-base-v2
35,36,12,script-unrelated,Marie ging naar de uni. Even later vroeg ze de,styliste,om een nieuwe coupe.,0.4568829,SE,Gameselo/STS-multilingual-mpnet-base-v2
36,37,13,control,Thorsten begon te douchen. Als eerste gebruikte hij de,shampoo,en daarna de douchegel.,0.6933699,SE,Gameselo/STS-multilingual-mpnet-base-v2
37,38,13,script-related,Thorsten stopte met douchen. Als eerste gebruikte hij de,shampoo,en daarna de douchegel.,0.7287749,SE,Gameselo/STS-multilingual-mpnet-base-v2
38,39,13,script-unrelated,Thorsten begon te barbecueën. Als eerste gebruikte hij de,shampoo,en daarna de douchegel.,0.6217535,SE,Gameselo/STS-multilingual-mpnet-base-v2
39,40,14,control,Claudia betrad de bloemenwinkel. Snel vroeg ze om een,roos,voor een vriendin.,0.6330046,SE,Gameselo/STS-multilingual-mpnet-base-v2
40,41,14,script-related,Claudia verliet de bloemenwinkel. Snel vroeg ze om een,roos,voor een vriendin.,0.58627385,SE,Gameselo/STS-multilingual-mpnet-base-v2
41,42,14,script-unrelated,Claudia betrad de dierenwinkel. Snel vroeg ze om een,roos,voor een vriendin.,0.6678718,SE,Gameselo/STS-multilingual-mpnet-base-v2
42,43,15,control,Jonathan ging naar de begraafplaats. Peinzend bekeek hij de,grafsteen,en sprak een gebed uit.,0.6617444,SE,Gameselo/STS-multilingual-mpnet-base-v2
43,44,15,script-related,Jonathan verliet de begraafplaats. Peinzend bekeek hij de,grafsteen,en sprak een gebed uit.,0.70869005,SE,Gameselo/STS-multilingual-mpnet-base-v2
44,45,15,script-unrelated,Jonathan ging naar de keuken. Peinzend bekeek hij de,grafsteen,en sprak een gebed uit.,0.59731054,SE,Gameselo/STS-multilingual-mpnet-base-v2
45,46,16,control,Lara ging de tuin in. Aandachtig onderzocht ze de,aarde,en gaf toen de bloemen water.,0.6029275,SE,Gameselo/STS-multilingual-mpnet-base-v2
46,47,16,script-related,Lara verliet de tuin. Aandachtig onderzocht ze de,aarde,en gaf toen de bloemen water.,0.6467212,SE,Gameselo/STS-multilingual-mpnet-base-v2
47,48,16,script-unrelated,Lara ging naar het fornuis. Aandachtig onderzocht ze de,aarde,en gaf toen de bloemen water.,0.5856578,SE,Gameselo/STS-multilingual-mpnet-base-v2
48,49,17,control,Roman ging naar het museum. Nauwkeurig bekeek hij de,sculpturen,en was enthousiast.,0.6414153,SE,Gameselo/STS-multilingual-mpnet-base-v2
49,50,17,script-related,Roman verliet het museum.  Nauwkeurig bekeek hij de,sculpturen,en was enthousiast.,0.7140856,SE,Gameselo/STS-multilingual-mpnet-base-v2
50,51,17,script-unrelated,Roman ging naar de boekhandel. Nauwkeurig bekeek hij de,sculpturen,en was enthousiast.,0.5736954,SE,Gameselo/STS-multilingual-mpnet-base-v2
51,52,18,control,Annika ging naar de banketbakker. Snel vroeg ze om een,taart,en betaalde meteen.,0.6162932,SE,Gameselo/STS-multilingual-mpnet-base-v2
52,53,18,script-related,Annika verliet de banketbakker. Snel vroeg ze om een,taart,en betaalde meteen.,0.6657654,SE,Gameselo/STS-multilingual-mpnet-base-v2
53,54,18,script-unrelated,Annika ging naar de boetiek. Snel vroeg ze om een,taart,en betaalde meteen.,0.603261,SE,Gameselo/STS-multilingual-mpnet-base-v2
54,55,19,control,Emil betrad de spa. Na een tijdje kreeg hij een,massage,en genoot ervan.,0.6836071,SE,Gameselo/STS-multilingual-mpnet-base-v2
55,56,19,script-related,Emil verliet de spa. Na een tijdje kreeg hij een,massage,en genoot ervan.,0.65646213,SE,Gameselo/STS-multilingual-mpnet-base-v2
56,57,19,script-unrelated,Emil betrad de apotheek. Na een tijdje kreeg hij een,massage,en genoot ervan.,0.6054311,SE,Gameselo/STS-multilingual-mpnet-base-v2
57,58,20,control,Susanne betrad de manege. Snel legde ze het,zadel,op en reed weg.,0.60220647,SE,Gameselo/STS-multilingual-mpnet-base-v2
58,59,20,script-related,Susanne verliet de manege. Snel legde ze het,zadel,op en reed weg.,0.551681,SE,Gameselo/STS-multilingual-mpnet-base-v2
59,60,20,script-unrelated,Susanne betrad de badkamer. Snel legde ze het,zadel,op en reed weg.,0.56068444,SE,Gameselo/STS-multilingual-mpnet-base-v2
60,61,21,control,Martin kwam bij de veiligheidscontrole. Vlot opende hij de,koffer,en werd doorgelaten.,0.6183158,SE,Gameselo/STS-multilingual-mpnet-base-v2
61,62,21,script-related,Martin verliet de veiligheidscontrole. Vlot opende hij de,koffer,en werd doorgelaten.,0.60674506,SE,Gameselo/STS-multilingual-mpnet-base-v2
62,63,21,script-unrelated,Martin kwam bij de garage. Vlot opende hij de,koffer,en werd doorgelaten.,0.5813858,SE,Gameselo/STS-multilingual-mpnet-base-v2
63,64,22,control,Jutta ging naar de hotelreceptie. Direct kreeg ze een,kamer,en bedankte vriendelijk.,0.56947005,SE,Gameselo/STS-multilingual-mpnet-base-v2
64,65,22,script-related,Jutta verliet de hotelreceptie. Direct kreeg ze een,kamer,en bedankte vriendelijk.,0.6234263,SE,Gameselo/STS-multilingual-mpnet-base-v2
65,66,22,script-unrelated,Jutta ging naar het postkantoor. Direct kreeg ze een,kamer,en bedankte vriendelijk.,0.6121638,SE,Gameselo/STS-multilingual-mpnet-base-v2
66,67,23,control,Jens ging naar de tandarts. Angstig liep hij naar de,röntgen,en liet zich behandelen.,0.5081827,SE,Gameselo/STS-multilingual-mpnet-base-v2
67,68,23,script-related,Jens verliet de tandarts. Angstig liep hij naar de,röntgen,en liet zich behandelen.,0.561933,SE,Gameselo/STS-multilingual-mpnet-base-v2
68,69,23,script-unrelated,Jens ging naar de douane. Angstig liep hij naar de,röntgen,en liet zich behandelen.,0.552682,SE,Gameselo/STS-multilingual-mpnet-base-v2
69,70,24,control,Elena begon te pokeren. Snel zette ze haar,geld,in en won.,0.6613321,SE,Gameselo/STS-multilingual-mpnet-base-v2
70,71,24,script-related,Elena stopte met pokeren. Snel zette ze haar,geld,in en won.,0.66058433,SE,Gameselo/STS-multilingual-mpnet-base-v2
71,72,24,script-unrelated,Elena begon te tekenen. Snel zette ze haar,geld,in en won.,0.5318974,SE,Gameselo/STS-multilingual-mpnet-base-v2
72,73,25,control,Bruno begon zijn vakantie. Eindelijk kwam hij bij de,zee,aan en genoot van het weer.,0.60747015,SE,Gameselo/STS-multilingual-mpnet-base-v2
73,74,25,script-related,Bruno beëindigde zijn vakantie. Eindelijk kwam hij bij de,zee,aan en genoot van het weer.,0.6243618,SE,Gameselo/STS-multilingual-mpnet-base-v2
74,75,25,script-unrelated,Bruno begon zijn filmavond. Eindelijk kwam hij bij de,zee,aan en genoot van het weer.,0.55595285,SE,Gameselo/STS-multilingual-mpnet-base-v2
75,76,26,control,Jana betrad het gemeentehuis. Meteen toonde ze haar,visum,en diende een aanvraag in.,0.5204282,SE,Gameselo/STS-multilingual-mpnet-base-v2
76,77,26,script-related,Jana verliet het gemeentehuis. Meteen toonde ze haar,visum,en diende een aanvraag in.,0.5043712,SE,Gameselo/STS-multilingual-mpnet-base-v2
77,78,26,script-unrelated,Jana betrad het tuincentrum. Meteen toonde ze haar,visum,en diende een aanvraag in.,0.5419835,SE,Gameselo/STS-multilingual-mpnet-base-v2
78,79,27,control,Nico ging naar de kermis. Direct liep hij naar de,botsauto's,en reed een rondje.,0.56431425,SE,Gameselo/STS-multilingual-mpnet-base-v2
79,80,27,script-related,Nico verliet de kermis. Direct liep hij naar de,botsauto's,en reed een rondje.,0.58895296,SE,Gameselo/STS-multilingual-mpnet-base-v2
80,81,27,script-unrelated,Nico ging naar de pizzeria. Direct liep hij naar de,botsauto's,en reed een rondje.,0.49367318,SE,Gameselo/STS-multilingual-mpnet-base-v2
81,82,28,control,Beate ging wandelen. Na een tijdje zag ze een,edelweiss,die ze meteen meenam.,0.5463816,SE,Gameselo/STS-multilingual-mpnet-base-v2
82,83,28,script-related,Beate kwam terug van het wandelen. Na een tijdje zag ze een,edelweiss,die ze meteen meenam.,0.5355039,SE,Gameselo/STS-multilingual-mpnet-base-v2
83,84,28,script-unrelated,Beate ging zwemmen. Na een tijdje zag ze een,edelweiss,die ze meteen meenam.,0.49882123,SE,Gameselo/STS-multilingual-mpnet-base-v2
84,85,29,control,Hubert nam een taxi. Vriendelijk begroette hij de,chauffeur,en noemde zijn bestemming.,0.698928,SE,Gameselo/STS-multilingual-mpnet-base-v2
85,86,29,script-related,Hubert verliet de taxi. Vriendelijk begroette hij de,chauffeur,en noemde zijn bestemming.,0.68659776,SE,Gameselo/STS-multilingual-mpnet-base-v2
86,87,29,script-unrelated,Hubert nam een vliegtuig. Vriendelijk begroette hij de,chauffeur,en noemde zijn bestemming.,0.6535844,SE,Gameselo/STS-multilingual-mpnet-base-v2
87,88,30,control,Jenni begon te baden. Ze verdeelde meteen het,schuim,over haar lichaam.,0.5376188,SE,Gameselo/STS-multilingual-mpnet-base-v2
88,89,30,script-related,Jenni stopte met baden. Ze verdeelde meteen het,schuim,over haar lichaam.,0.57465506,SE,Gameselo/STS-multilingual-mpnet-base-v2
89,90,30,script-unrelated,Jenni begon de hoorcollege. Ze verdeelde meteen het,schuim,over haar lichaam.,0.5699437,SE,Gameselo/STS-multilingual-mpnet-base-v2
90,91,31,control,Hans betrad de ijshal. Hij trok vlot zijn,schaatsen,aan en ging de baan op.,0.6989223,SE,Gameselo/STS-multilingual-mpnet-base-v2
91,92,31,script-related,Hans verliet de ijshal. Hij trok vlot zijn,schaatsen,aan en ging de baan op.,0.6455784,SE,Gameselo/STS-multilingual-mpnet-base-v2
92,93,31,script-unrelated,Hans betrad de klimhal. Hij trok vlot zijn,schaatsen,aan en ging de baan op.,0.63335866,SE,Gameselo/STS-multilingual-mpnet-base-v2
93,94,32,control,Clara begon te bowlen. Vakkundig behaalde ze een,strike,en won het spel.,0.60213566,SE,Gameselo/STS-multilingual-mpnet-base-v2
94,95,32,script-related,Clara stopte met bowlen. Vakkundig behaalde ze een,strike,en won het spel.,0.6089869,SE,Gameselo/STS-multilingual-mpnet-base-v2
95,96,32,script-unrelated,Clara ging naar de schietbaan. Vakkundig behaalde ze een,strike,en won het spel.,0.54579526,SE,Gameselo/STS-multilingual-mpnet-base-v2
96,97,33,control,Georg nam deel aan een brandweerinzet. Hij gebruikte meteen de,slang,en bluste het vuur.,0.7274505,SE,Gameselo/STS-multilingual-mpnet-base-v2
97,98,33,script-related,Georg beëindigde een brandweerinzet. Hij gebruikte meteen de,slang,en bluste het vuur.,0.74770254,SE,Gameselo/STS-multilingual-mpnet-base-v2
98,99,33,script-unrelated,Georg nam deel aan yoga. Hij gebruikte meteen de,slang,en bluste het vuur.,0.6896339,SE,Gameselo/STS-multilingual-mpnet-base-v2
99,100,34,control,Johanna begon de voetbalwedstrijd. Na korte tijd maakte ze een,doelpunt,en juichte luid.,0.57881063,SE,Gameselo/STS-multilingual-mpnet-base-v2
100,101,34,script-related,Johanna beëindigde de voetbalwedstrijd. Na korte tijd maakte ze een,doelpunt,en juichte luid.,0.59523135,SE,Gameselo/STS-multilingual-mpnet-base-v2
101,102,34,script-unrelated,Johanna begon de jacht. Na korte tijd maakte ze een,doelpunt,en juichte luid.,0.65312845,SE,Gameselo/STS-multilingual-mpnet-base-v2
102,103,35,control,Jürgen betrad de slagerij. Hij vroeg meteen om een,steak,en betaalde.,0.6839034,SE,Gameselo/STS-multilingual-mpnet-base-v2
103,104,35,script-related,Jürgen verliet de slagerij. Hij vroeg meteen om een,steak,en betaalde.,0.67460257,SE,Gameselo/STS-multilingual-mpnet-base-v2
104,105,35,script-unrelated,Jürgen betrad de bakkerij. Hij vroeg meteen om een,steak,en betaalde.,0.5641007,SE,Gameselo/STS-multilingual-mpnet-base-v2
105,106,36,control,Frauke betrad de dierentuin. Even later fotografeerde ze een,zebra,die aan het drinken was.,0.6101275,SE,Gameselo/STS-multilingual-mpnet-base-v2
106,107,36,script-related,Frauke verliet de dierentuin. Even later fotografeerde ze een,zebra,die aan het drinken was.,0.56225085,SE,Gameselo/STS-multilingual-mpnet-base-v2
107,108,36,script-unrelated,Frauke ging naar het stadion. Even later fotografeerde ze een,zebra,die aan het drinken was.,0.4706468,SE,Gameselo/STS-multilingual-mpnet-base-v2
108,109,37,control,Bernd betrad de wasserette. Snel koos hij het,wasprogramma,en zette de machine aan.,0.7606321,SE,Gameselo/STS-multilingual-mpnet-base-v2
109,110,37,script-related,Bernd verliet de wasserette. Snel koos hij het,wasprogramma,en zette de machine aan.,0.7165705,SE,Gameselo/STS-multilingual-mpnet-base-v2
110,111,37,script-unrelated,Bernd betrad de kiosk. Snel koos hij het,wasprogramma,en zette de machine aan.,0.7430564,SE,Gameselo/STS-multilingual-mpnet-base-v2
111,112,38,control,Nicole ging naar het circus. Al snel ging ze op de,tribune,zitten en bekeek het spektakel.,0.56124145,SE,Gameselo/STS-multilingual-mpnet-base-v2
112,113,38,script-related,Nicole verliet het circus. Al snel ging ze op de,tribune,zitten en bekeek het spektakel.,0.6115595,SE,Gameselo/STS-multilingual-mpnet-base-v2
113,114,38,script-unrelated,Nicole ging naar het kantoor. Al snel ging ze op de,tribune,zitten en bekeek het spektakel.,0.4806486,SE,Gameselo/STS-multilingual-mpnet-base-v2
114,115,39,control,Viktor ging naar de sauna. Na een tijdje maakte hij een,opgieting,en ging liggen.,0.57190776,SE,Gameselo/STS-multilingual-mpnet-base-v2
115,116,39,script-related,Viktor verliet de sauna. Na een tijdje maakte hij een,opgieting,en ging liggen.,0.636004,SE,Gameselo/STS-multilingual-mpnet-base-v2
116,117,39,script-unrelated,Viktor ging naar het lab. Na een tijdje maakte hij een,opgieting,en ging liggen.,0.48907033,SE,Gameselo/STS-multilingual-mpnet-base-v2
117,118,40,control,Gabi ging naar de dierenarts. Een moment later vroeg ze de,assistente,om medicijnen.,0.5794211,SE,Gameselo/STS-multilingual-mpnet-base-v2
118,119,40,script-related,Gabi verliet de dierenarts. Een moment later vroeg ze de,assistente,om medicijnen.,0.59567577,SE,Gameselo/STS-multilingual-mpnet-base-v2
119,120,40,script-unrelated,Gabi ging naar de kleedkamer. Een moment later vroeg ze de,assistente,om medicijnen.,0.54335916,SE,Gameselo/STS-multilingual-mpnet-base-v2
120,121,41,control,Jakob betrad de plaats delict. Kort daarna fotografeerde hij de,bloedspatten,en was verbaasd.,0.50284654,SE,Gameselo/STS-multilingual-mpnet-base-v2
121,122,41,script-related,Jakob verliet de plaats delict. Kort daarna fotografeerde hij de,bloedspatten,en was verbaasd.,0.4520008,SE,Gameselo/STS-multilingual-mpnet-base-v2
122,123,41,script-unrelated,Jakob betrad het tankstation. Kort daarna fotografeerde hij de,bloedspatten,en was verbaasd.,0.46416876,SE,Gameselo/STS-multilingual-mpnet-base-v2
123,124,42,control,Peter begon bomen te kappen. Na een tijdje gebruikte hij de,bijl,en raakte gericht de stam.,0.5144334,SE,Gameselo/STS-multilingual-mpnet-base-v2
124,125,42,script-related,Peter stopte met bomen kappen. Na een tijdje gebruikte hij de,bijl,en raakte gericht de stam.,0.5585535,SE,Gameselo/STS-multilingual-mpnet-base-v2
125,126,42,script-unrelated,Peter begon de koets te rijden. Na een tijdje gebruikte hij de,bijl,en raakte gericht de stam.,0.5468814,SE,Gameselo/STS-multilingual-mpnet-base-v2
126,127,43,control,Tom begon een kampvuur. Meteen stapelde hij het,hout,en stak het aan.,0.61464787,SE,Gameselo/STS-multilingual-mpnet-base-v2
127,128,43,script-related,Tom beëindigde het kampvuur. Meteen stapelde hij het,hout,en stak het aan.,0.620181,SE,Gameselo/STS-multilingual-mpnet-base-v2
128,129,43,script-unrelated,Tom begon ontbijt te maken. Meteen stapelde hij het,hout,en stak het aan.,0.4594898,SE,Gameselo/STS-multilingual-mpnet-base-v2
129,130,44,control,Kim ging naar de kerstmarkt. Kort daarna bereikte hij de,kerstkraampjes,en snuffelde naar cadeaus.,0.57345414,SE,Gameselo/STS-multilingual-mpnet-base-v2
130,131,44,script-related,Kim verliet de kerstmarkt. Kort daarna bereikte hij de,kerstkraampjes,en snuffelde naar cadeaus.,0.5581623,SE,Gameselo/STS-multilingual-mpnet-base-v2
131,132,44,script-unrelated,Kim ging naar het ziekenhuis. Kort daarna bereikte hij de,kerstkraampjes,en snuffelde naar cadeaus.,0.32842147,SE,Gameselo/STS-multilingual-mpnet-base-v2
132,133,45,control,Michael begon zijn lunch te koken. Snel sneed hij de,groenten,en gooide het in de pot.,0.5490226,SE,Gameselo/STS-multilingual-mpnet-base-v2
133,134,45,script-related,Michael was klaar met zijn lunch koken. Snel sneed hij de,groenten,en gooide het in de pot.,0.5392808,SE,Gameselo/STS-multilingual-mpnet-base-v2
134,135,45,script-unrelated,Michael begon een taart te bakken. Snel sneed hij de,groenten,en gooide het in de pot.,0.49315235,SE,Gameselo/STS-multilingual-mpnet-base-v2
135,136,46,control,Johan betrad het appartement. Meteen ging hij op het,bed,zitten en dacht na over de dag.,0.617463,SE,Gameselo/STS-multilingual-mpnet-base-v2
136,137,46,script-related,Johan verliet het appartement. Meteen ging hij op het,bed,zitten en dacht na over de dag.,0.56292206,SE,Gameselo/STS-multilingual-mpnet-base-v2
137,138,46,script-unrelated,Johan betrad de bioscoop. Meteen ging hij op het,bed,zitten en dacht na over de dag.,0.6091848,SE,Gameselo/STS-multilingual-mpnet-base-v2
138,139,47,control,Sabine betrad de school. Snel liep ze naar het,klaslokaal,en groette de leerlingen.,0.5641949,SE,Gameselo/STS-multilingual-mpnet-base-v2
139,140,47,script-related,Sabine verliet de school. Snel liep ze naar het,klaslokaal,en groette de leerlingen.,0.5344532,SE,Gameselo/STS-multilingual-mpnet-base-v2
140,141,47,script-unrelated,Sabine betrad de boerderij. Snel liep ze naar het,klaslokaal,en groette de leerlingen.,0.56062055,SE,Gameselo/STS-multilingual-mpnet-base-v2
141,142,48,control,Kevin betrad de kerk. Voorzichtig pakte hij een,kaars,en stak hem aan.,0.6554103,SE,Gameselo/STS-multilingual-mpnet-base-v2
142,143,48,script-related,Kevin verliet de kerk. Voorzichtig pakte hij een,kaars,en stak hem aan.,0.59951454,SE,Gameselo/STS-multilingual-mpnet-base-v2
143,144,48,script-unrelated,Kevin betrad de huisartsenpraktijk. Voorzichtig pakte hij een,kaars,en stak hem aan.,0.6830846,SE,Gameselo/STS-multilingual-mpnet-base-v2
144,145,49,control,Susi betrad het verblijf. Nauwkeurig beoordeelde ze het,kalf,en maakte aantekeningen.,0.63929707,SE,Gameselo/STS-multilingual-mpnet-base-v2
145,146,49,script-related,Susi verliet het verblijf. Nauwkeurig beoordeelde ze het,kalf,en maakte aantekeningen.,0.6062925,SE,Gameselo/STS-multilingual-mpnet-base-v2
146,147,49,script-unrelated,Susi betrad de bibliotheek. Nauwkeurig beoordeelde ze het,kalf,en maakte aantekeningen.,0.6111319,SE,Gameselo/STS-multilingual-mpnet-base-v2
147,148,50,control,Thomas betrad de kroeg. Haastig riep hij de,ober,en bestelde een biertje.,0.69796777,SE,Gameselo/STS-multilingual-mpnet-base-v2
148,149,50,script-related,Thomas verliet de kroeg. Haastig riep hij de,ober,en bestelde een biertje.,0.68962127,SE,Gameselo/STS-multilingual-mpnet-base-v2
149,150,50,script-unrelated,Thomas begon spaghetti te koken. Haastig riep hij de,ober,en bestelde een biertje.,0.5885861,SE,Gameselo/STS-multilingual-mpnet-base-v2
150,151,51,control,Lea begon de muren te verven. Ze koos snel een,kwast,uit en begon te verven.,0.6402643,SE,Gameselo/STS-multilingual-mpnet-base-v2
151,152,51,script-related,Lea was klaar met de muren verven. Ze koos snel een,kwast,uit en begon te verven.,0.65503407,SE,Gameselo/STS-multilingual-mpnet-base-v2
152,153,51,script-unrelated,Lea bereikte het theater. Ze koos snel een,kwast,uit en begon te verven.,0.6167338,SE,Gameselo/STS-multilingual-mpnet-base-v2
153,154,52,control,Peter bereikte de supermarkt. Snel kocht hij wat,groenten,om 's avonds te koken.,0.5671658,SE,Gameselo/STS-multilingual-mpnet-base-v2
154,155,52,script-related,Peter verliet de supermarkt. Snel kocht hij wat,groenten,om 's avonds te koken.,0.53206104,SE,Gameselo/STS-multilingual-mpnet-base-v2
155,156,52,script-unrelated,Peter bereikte het station. Snel kocht hij wat,groenten,om 's avonds te koken.,0.45478898,SE,Gameselo/STS-multilingual-mpnet-base-v2
156,157,53,control,Lisa betrad het huis. Kort daarna checkte ze de,koelkast,en zocht iets te eten.,0.52373576,SE,Gameselo/STS-multilingual-mpnet-base-v2
157,158,53,script-related,Lisa verliet het huis. Kort daarna checkte ze de,koelkast,en zocht iets te eten.,0.459424,SE,Gameselo/STS-multilingual-mpnet-base-v2
158,159,53,script-unrelated,Lisa begon in de sportschool te trainen. Kort daarna checkte ze de,koelkast,en zocht iets te eten.,0.5580368,SE,Gameselo/STS-multilingual-mpnet-base-v2
159,160,54,control,Tim begon zijn rijles. Gejaagd drukte hij op het,gaspedaal,en reed weg.,0.73512155,SE,Gameselo/STS-multilingual-mpnet-base-v2
160,161,54,script-related,Tim beëindigde zijn rijles. Gejaagd drukte hij op het,gaspedaal,en reed weg.,0.7491989,SE,Gameselo/STS-multilingual-mpnet-base-v2
161,162,54,script-unrelated,Tim ging naar het vliegveld. Gejaagd drukte hij op het,gaspedaal,en reed weg.,0.60910654,SE,Gameselo/STS-multilingual-mpnet-base-v2
162,163,55,control,Maria bereikte het winkelcentrum. Meteen begroette ze de,verkoopster,en koos iets uit.,0.4526109,SE,Gameselo/STS-multilingual-mpnet-base-v2
163,164,55,script-related,Maria verliet het winkelcentrum. Meteen begroette ze de,verkoopster,en koos iets uit.,0.4442248,SE,Gameselo/STS-multilingual-mpnet-base-v2
164,165,55,script-unrelated,Maria bereikte het verjaardagsfeest. Meteen begroette ze de,verkoopster,en koos iets uit.,0.39607558,SE,Gameselo/STS-multilingual-mpnet-base-v2
165,166,56,control,Lukas begon het college. Haastig begroette hij zijn,studenten,en begon.,0.6983724,SE,Gameselo/STS-multilingual-mpnet-base-v2
166,167,56,script-related,Lukas beëindigde het college. Haastig begroette hij zijn,studenten,en begon.,0.5612142,SE,Gameselo/STS-multilingual-mpnet-base-v2
167,168,56,script-unrelated,Lukas ging naar de kapper. Haastig begroette hij zijn,studenten,en begon.,0.40773693,SE,Gameselo/STS-multilingual-mpnet-base-v2
168,169,57,control,Marie ging naar de uni. Haastig betrad ze de,collegezaal,en opende haar boek.,0.66835135,SE,Gameselo/STS-multilingual-mpnet-base-v2
169,170,57,script-related,Marie verliet de uni. Haastig betrad ze de,collegezaal,en opende haar boek.,0.62474525,SE,Gameselo/STS-multilingual-mpnet-base-v2
170,171,57,script-unrelated,Marie ging douchen. Haastig betrad ze de,collegezaal,en opende haar boek.,0.57678103,SE,Gameselo/STS-multilingual-mpnet-base-v2
171,172,58,control,Thorsten begon te barbecueën. Voorzichtig plaatste hij de,aanmaakblokjes,en zocht de tang.,0.6342933,SE,Gameselo/STS-multilingual-mpnet-base-v2
172,173,58,script-related,Thorsten stopte met barbecueën. Voorzichtig plaatste hij de,aanmaakblokjes,en zocht de tang.,0.69016635,SE,Gameselo/STS-multilingual-mpnet-base-v2
173,174,58,script-unrelated,Thorsten betrad de bloemenwinkel. Voorzichtig plaatste hij de,aanmaakblokjes,en zocht de tang.,0.6262654,SE,Gameselo/STS-multilingual-mpnet-base-v2
174,175,59,control,Claudia betrad de dierenwinkel. Een tijdje stond ze bij de,kooi,en dacht na over de koop.,0.5395189,SE,Gameselo/STS-multilingual-mpnet-base-v2
175,176,59,script-related,Claudia verliet de dierenwinkel. Een tijdje stond ze bij de,kooi,en dacht na over de koop.,0.5537607,SE,Gameselo/STS-multilingual-mpnet-base-v2
176,177,59,script-unrelated,Claudia betrad de begraafplaats. Een tijdje stond ze bij de,kooi,en dacht na over de koop.,0.5739188,SE,Gameselo/STS-multilingual-mpnet-base-v2
177,178,60,control,Jonathan ging naar de keuken. Eerst reinigde hij de,oven,en daarna de koelkast.,0.60308063,SE,Gameselo/STS-multilingual-mpnet-base-v2
178,179,60,script-related,Jonathan verliet de keuken. Eerst reinigde hij de,oven,en daarna de koelkast.,0.6022449,SE,Gameselo/STS-multilingual-mpnet-base-v2
179,180,60,script-unrelated,Jonathan ging de tuin in. Eerst reinigde hij de,oven,en daarna de koelkast.,0.56415766,SE,Gameselo/STS-multilingual-mpnet-base-v2
180,181,61,control,Lara liep naar het fornuis. Snel reinigde ze de,kookplaat,en daarna de afzuigkap.,0.6469026,SE,Gameselo/STS-multilingual-mpnet-base-v2
181,182,61,script-related,Lara liep weg van het fornuis. Snel reinigde ze de,kookplaat,en daarna de afzuigkap.,0.6398954,SE,Gameselo/STS-multilingual-mpnet-base-v2
182,183,61,script-unrelated,Lara ging naar het museum. Snel reinigde ze de,kookplaat,en daarna de afzuigkap.,0.49401656,SE,Gameselo/STS-multilingual-mpnet-base-v2
183,184,62,control,Roman ging naar de boekhandel. Snel zocht hij een,roman,voor zijn vrouw.,0.72517806,SE,Gameselo/STS-multilingual-mpnet-base-v2
184,185,62,script-related,Roman verliet de boekhandel. Snel zocht hij een,roman,voor zijn vrouw.,0.76001096,SE,Gameselo/STS-multilingual-mpnet-base-v2
185,186,62,script-unrelated,Roman ging naar de banketbakker. Snel zocht hij een,roman,voor zijn vrouw.,0.75666326,SE,Gameselo/STS-multilingual-mpnet-base-v2
186,187,63,control,Annika ging naar de boetiek. Ze zocht een tijdje naar,laarzen,en kocht ze toen.,0.601047,SE,Gameselo/STS-multilingual-mpnet-base-v2
187,188,63,script-related,Annika verliet de boetiek. Ze zocht een tijdje naar,laarzen,en kocht ze toen.,0.60485005,SE,Gameselo/STS-multilingual-mpnet-base-v2
188,189,63,script-unrelated,Annika ging naar de spa. Ze zocht een tijdje naar,laarzen,en kocht ze toen.,0.5717053,SE,Gameselo/STS-multilingual-mpnet-base-v2
189,190,64,control,Emil betrad de apotheek. Snel kocht hij het,medicijn,en ging toen naar huis.,0.75331753,SE,Gameselo/STS-multilingual-mpnet-base-v2
190,191,64,script-related,Emil verliet de apotheek. Snel kocht hij het,medicijn,en ging toen naar huis.,0.7154373,SE,Gameselo/STS-multilingual-mpnet-base-v2
191,192,64,script-unrelated,Emil betrad de manege. Snel kocht hij het,medicijn,en ging toen naar huis.,0.6977395,SE,Gameselo/STS-multilingual-mpnet-base-v2
192,193,65,control,Susanne betrad de badkamer. Direct verwijderde ze haar,make-up,en poetste haar tanden.,0.44969985,SE,Gameselo/STS-multilingual-mpnet-base-v2
193,194,65,script-related,Susanne verliet de badkamer. Direct verwijderde ze haar,make-up,en poetste haar tanden.,0.40019938,SE,Gameselo/STS-multilingual-mpnet-base-v2
194,195,65,script-unrelated,Susanne ging naar de veiligheidscontrole. Direct verwijderde ze haar,make-up,en poetste haar tanden.,0.48110697,SE,Gameselo/STS-multilingual-mpnet-base-v2
195,196,66,control,Martin kwam bij de garage. Meteen vroeg hij naar,banden,voor de winter.,0.5598209,SE,Gameselo/STS-multilingual-mpnet-base-v2
196,197,66,script-related,Martin verliet de garage. Meteen vroeg hij naar,banden,voor de winter.,0.56109995,SE,Gameselo/STS-multilingual-mpnet-base-v2
197,198,66,script-unrelated,Martin kwam bij de hotelreceptie. Meteen vroeg hij naar,banden,voor de winter.,0.49437845,SE,Gameselo/STS-multilingual-mpnet-base-v2
198,199,67,control,Jutta ging naar het postkantoor. Meteen kreeg ze het,pakket,waarop ze had gewacht.,0.5268998,SE,Gameselo/STS-multilingual-mpnet-base-v2
199,200,67,script-related,Jutta verliet het postkantoor. Meteen kreeg ze het,pakket,waarop ze had gewacht.,0.58096147,SE,Gameselo/STS-multilingual-mpnet-base-v2
200,201,67,script-unrelated,Jutta ging naar de tandarts. Meteen kreeg ze het,pakket,waarop ze had gewacht.,0.47461003,SE,Gameselo/STS-multilingual-mpnet-base-v2
201,202,68,control,Jens ging naar de douane. Snel toonde hij zijn,formulier,en keek de beambte aan.,0.6380702,SE,Gameselo/STS-multilingual-mpnet-base-v2
202,203,68,script-related,Jens verliet de douane. Snel toonde hij zijn,formulier,en keek de beambte aan.,0.67953134,SE,Gameselo/STS-multilingual-mpnet-base-v2
203,204,68,script-unrelated,Jens begon te pokeren. Snel toonde hij zijn,formulier,en keek de beambte aan.,0.6308769,SE,Gameselo/STS-multilingual-mpnet-base-v2
204,205,69,control,Elena begon te tekenen. Meteen pakte ze het,potlood,en tekende een bloem.,0.56375104,SE,Gameselo/STS-multilingual-mpnet-base-v2
205,206,69,script-related,Elena stopte met tekenen. Meteen pakte ze het,potlood,en tekende een bloem.,0.6513097,SE,Gameselo/STS-multilingual-mpnet-base-v2
206,207,69,script-unrelated,Elena begon de vakantie. Meteen pakte ze het,potlood,en tekende een bloem.,0.56729287,SE,Gameselo/STS-multilingual-mpnet-base-v2
207,208,70,control,Bruno begon zijn filmavond. Snel haalde hij de,popcorn,uit de keuken.,0.58931017,SE,Gameselo/STS-multilingual-mpnet-base-v2
208,209,70,script-related,Bruno beëindigde zijn filmavond. Snel haalde hij de,popcorn,uit de keuken.,0.59684217,SE,Gameselo/STS-multilingual-mpnet-base-v2
209,210,70,script-unrelated,Bruno betrad het gemeentehuis. Snel haalde hij de,popcorn,uit de keuken.,0.60724175,SE,Gameselo/STS-multilingual-mpnet-base-v2
210,211,71,control,Jana betrad het tuincentrum. Na een tijdje vroeg ze om een,palmboom,voor het balkon.,0.6258372,SE,Gameselo/STS-multilingual-mpnet-base-v2
211,212,71,script-related,Jana verliet het tuincentrum. Na een tijdje vroeg ze om een,palmboom,voor het balkon.,0.6224702,SE,Gameselo/STS-multilingual-mpnet-base-v2
212,213,71,script-unrelated,Jana ging naar de kermis. Na een tijdje vroeg ze om een,palmboom,voor het balkon.,0.563481,SE,Gameselo/STS-multilingual-mpnet-base-v2
213,214,72,control,Nico ging naar de pizzeria. Hij greep meteen de,menukaart,en bestelde een margherita.,0.6171888,SE,Gameselo/STS-multilingual-mpnet-base-v2
214,215,72,script-related,Nico verliet de pizzeria. Hij greep meteen de,menukaart,en bestelde een margherita.,0.66345507,SE,Gameselo/STS-multilingual-mpnet-base-v2
215,216,72,script-unrelated,Nico ging wandelen. Hij greep meteen de,menukaart,en bestelde een margherita.,0.6284241,SE,Gameselo/STS-multilingual-mpnet-base-v2
216,217,73,control,Beate ging zwemmen. Snel controleerde ze het,bassin,en zwom weg.,0.7576285,SE,Gameselo/STS-multilingual-mpnet-base-v2
217,218,73,script-related,Beate kwam terug van het zwemmen. Snel controleerde ze het,bassin,en zwom weg.,0.74996775,SE,Gameselo/STS-multilingual-mpnet-base-v2
218,219,73,script-unrelated,Beate ging met de taxi. Snel controleerde ze het,bassin,en zwom weg.,0.6439912,SE,Gameselo/STS-multilingual-mpnet-base-v2
219,220,74,control,Hubert nam een vliegtuig. Vol enthousiasme genoot hij van de,hoogte,want hij hield van vliegen.,0.5684861,SE,Gameselo/STS-multilingual-mpnet-base-v2
220,221,74,script-related,Hubert verliet het vliegtuig. Vol enthousiasme genoot hij van de,hoogte,want hij hield van vliegen.,0.57912314,SE,Gameselo/STS-multilingual-mpnet-base-v2
221,222,74,script-unrelated,Hubert begon te baden. Vol enthousiasme genoot hij van de,hoogte,want hij hield van vliegen.,0.57728076,SE,Gameselo/STS-multilingual-mpnet-base-v2
222,223,75,control,Jenni begon de les. Direct opende ze het,schoolbord,en begon te schrijven.,0.6032518,SE,Gameselo/STS-multilingual-mpnet-base-v2
223,224,75,script-related,Jenni stopte de les. Direct opende ze het,schoolbord,en begon te schrijven.,0.6694266,SE,Gameselo/STS-multilingual-mpnet-base-v2
224,225,75,script-unrelated,Jenni betrad de ijshal. Direct opende ze het,schoolbord,en begon te schrijven.,0.6394875,SE,Gameselo/STS-multilingual-mpnet-base-v2
225,226,76,control,Hans betrad de klimhal. Even later greep hij het,touw,en spande het.,0.61438257,SE,Gameselo/STS-multilingual-mpnet-base-v2
226,227,76,script-related,Hans verliet de klimhal. Even later greep hij het,touw,en spande het.,0.61184907,SE,Gameselo/STS-multilingual-mpnet-base-v2
227,228,76,script-unrelated,Hans begon te bowlen. Even later greep hij het,touw,en spande het.,0.54855984,SE,Gameselo/STS-multilingual-mpnet-base-v2
228,229,77,control,Clara ging naar de schietbaan. Ze kreeg meteen een,revolver,en begon op het doel te schieten.,0.6163074,SE,Gameselo/STS-multilingual-mpnet-base-v2
229,230,77,script-related,Clara verliet de schietbaan. Ze kreeg meteen een,revolver,en begon op het doel te schieten.,0.642301,SE,Gameselo/STS-multilingual-mpnet-base-v2
230,231,77,script-unrelated,Clara ging op een brandweerinzet. Ze kreeg meteen een,revolver,en begon op het doel te schieten.,0.5845558,SE,Gameselo/STS-multilingual-mpnet-base-v2
231,232,78,control,Georg nam deel aan de yogales. Na een tijdje ging hij op zijn,yogamat,zitten en deed een oefening.,0.72431177,SE,Gameselo/STS-multilingual-mpnet-base-v2
232,233,78,script-related,Georg kwam terug van de yogales. Na een tijdje ging hij op zijn,yogamat,zitten en deed een oefening.,0.709892,SE,Gameselo/STS-multilingual-mpnet-base-v2
233,234,78,script-unrelated,Georg nam deel aan de voetbalwedstrijd. Na een tijdje ging hij op zijn,yogamat,zitten en deed een oefening.,0.5092321,SE,Gameselo/STS-multilingual-mpnet-base-v2
234,235,79,control,Johanna begon de jacht. Na een tijdje zag ze de,jachthut,en liep erop af.,0.605263,SE,Gameselo/STS-multilingual-mpnet-base-v2
235,236,79,script-related,Johanna kwam terug van de jacht. Na een tijdje zag ze de,jachthut,en liep erop af.,0.60335237,SE,Gameselo/STS-multilingual-mpnet-base-v2
236,237,79,script-unrelated,Johanna betrad de slagerij. Na een tijdje zag ze de,jachthut,en liep erop af.,0.55777365,SE,Gameselo/STS-multilingual-mpnet-base-v2
237,238,80,control,Jürgen betrad de bakkerij. Even later wees hij naar de,croissant,en maakte zijn keuze.,0.67737997,SE,Gameselo/STS-multilingual-mpnet-base-v2
238,239,80,script-related,Jürgen verliet de bakkerij. Even later wees hij naar de,croissant,en maakte zijn keuze.,0.69458115,SE,Gameselo/STS-multilingual-mpnet-base-v2
239,240,80,script-unrelated,Jürgen betrad de dierentuin. Even later wees hij naar de,croissant,en maakte zijn keuze.,0.6331127,SE,Gameselo/STS-multilingual-mpnet-base-v2
240,241,81,control,Frauke ging naar het stadion. Snel koos ze een,tribune,en ging zitten.,0.6177847,SE,Gameselo/STS-multilingual-mpnet-base-v2
241,242,81,script-related,Frauke verliet het stadion. Snel koos ze een,tribune,en ging zitten.,0.63784385,SE,Gameselo/STS-multilingual-mpnet-base-v2
242,243,81,script-unrelated,Frauke ging naar de wasserette. Snel koos ze een,tribune,en ging zitten.,0.65032756,SE,Gameselo/STS-multilingual-mpnet-base-v2
243,244,82,control,Bernd betrad de kiosk. Hij kocht meteen een,krant,en ging weer naar huis.,0.7714055,SE,Gameselo/STS-multilingual-mpnet-base-v2
244,245,82,script-related,Bernd verliet de kiosk. Hij kocht meteen een,krant,en ging weer naar huis.,0.7179811,SE,Gameselo/STS-multilingual-mpnet-base-v2
245,246,82,script-unrelated,Bernd betrad het circus. Hij kocht meteen een,krant,en ging weer naar huis.,0.75088745,SE,Gameselo/STS-multilingual-mpnet-base-v2
246,247,83,control,Nicole betrad het kantoor. Eerst liep ze naar het,bureau,en zette toen de computer aan.,0.599386,SE,Gameselo/STS-multilingual-mpnet-base-v2
247,248,83,script-related,Nicole verliet het kantoor. Eerst liep ze naar het,bureau,en zette toen de computer aan.,0.5313362,SE,Gameselo/STS-multilingual-mpnet-base-v2
248,249,83,script-unrelated,Nicole betrad de sauna. Eerst liep ze naar het,bureau,en zette toen de computer aan.,0.6111318,SE,Gameselo/STS-multilingual-mpnet-base-v2
249,250,84,control,Viktor ging naar het lab. Snel begon hij het,experiment,en maakte aantekeningen.,0.60221183,SE,Gameselo/STS-multilingual-mpnet-base-v2
250,251,84,script-related,Viktor verliet het lab. Snel begon hij het,experiment,en maakte aantekeningen.,0.5774787,SE,Gameselo/STS-multilingual-mpnet-base-v2
251,252,84,script-unrelated,Viktor ging naar de dierenarts. Snel begon hij het,experiment,en maakte aantekeningen.,0.56501776,SE,Gameselo/STS-multilingual-mpnet-base-v2
252,253,85,control,Gabi ging naar de paskamer. Snel paste ze de,kleding,en ging naar de kassa.,0.6441827,SE,Gameselo/STS-multilingual-mpnet-base-v2
253,254,85,script-related,Gabi verliet de paskamer. Snel paste ze de,kleding,en ging naar de kassa.,0.6178711,SE,Gameselo/STS-multilingual-mpnet-base-v2
254,255,85,script-unrelated,Gabi betrad de plaats delict. Snel paste ze de,kleding,en ging naar de kassa.,0.60205734,SE,Gameselo/STS-multilingual-mpnet-base-v2
255,256,86,control,Jakob betrad het tankstation. Hij zei meteen zijn,nummer,en betaalde.,0.7156578,SE,Gameselo/STS-multilingual-mpnet-base-v2
256,257,86,script-related,Jakob verliet het tankstation. Hij zei meteen zijn,nummer,en betaalde.,0.6645783,SE,Gameselo/STS-multilingual-mpnet-base-v2
257,258,86,script-unrelated,Jakob begon bomen te kappen. Hij zei meteen zijn,nummer,en betaalde.,0.667656,SE,Gameselo/STS-multilingual-mpnet-base-v2
258,259,87,control,Hilde begon de koets te besturen. Snel beklom ze de,koets,en daar ging ze.,0.7051597,SE,Gameselo/STS-multilingual-mpnet-base-v2
259,260,87,script-related,Hilde was klaar met de koets besturen. Snel beklom ze de,koets,en daar ging ze.,0.7191734,SE,Gameselo/STS-multilingual-mpnet-base-v2
260,261,87,script-unrelated,Hilde begon een kampvuur. Snel beklom ze de,koets,en daar ging ze.,0.71020216,SE,Gameselo/STS-multilingual-mpnet-base-v2
261,262,88,control,Tom begon ontbijt te maken. Hij opende meteen de,boter,en maakte een boterham.,0.44656563,SE,Gameselo/STS-multilingual-mpnet-base-v2
262,263,88,script-related,Tom stopte met ontbijt maken. Hij opende meteen de,boter,en maakte een boterham.,0.5090424,SE,Gameselo/STS-multilingual-mpnet-base-v2
263,264,88,script-unrelated,Tom ging naar de kerstmarkt. Hij opende meteen de,boter,en maakte een boterham.,0.4137832,SE,Gameselo/STS-multilingual-mpnet-base-v2
264,265,89,control,Kim ging naar het ziekenhuis. Meteen liep ze naar de,receptie,en vroeg de weg.,0.46261048,SE,Gameselo/STS-multilingual-mpnet-base-v2
265,266,89,script-related,Kim verliet het ziekenhuis. Meteen liep ze naar de,receptie,en vroeg de weg.,0.48598495,SE,Gameselo/STS-multilingual-mpnet-base-v2
266,267,89,script-unrelated,Kim begon haar lunch te koken. Meteen liep ze naar de,receptie,en vroeg de weg.,0.56776834,SE,Gameselo/STS-multilingual-mpnet-base-v2
267,268,90,control,Michael begon een taart te bakken. Als eerste pakte hij een,garde,en klopte het eiwit stijf.,0.50147885,SE,Gameselo/STS-multilingual-mpnet-base-v2
268,269,90,script-related,Michael was klaar met een taart bakken. Als eerste pakte hij een,garde,en klopte het eiwit stijf.,0.5004073,SE,Gameselo/STS-multilingual-mpnet-base-v2
269,270,90,script-unrelated,Michael betrad het restaurant. Als eerste pakte hij een,garde,en klopte het eiwit stijf.,0.5537751,SE,Gameselo/STS-multilingual-mpnet-base-v2
0,1,1,control,Johan betrad het restaurant. Even later opende hij de,menukaart,en kreeg een overzicht.,0.3636556,SE,Qwen/Qwen3-Embedding-8B
1,2,1,script-related,Johan verliet het restaurant. Even later opende hij de,menukaart,en kreeg een overzicht.,0.3571114,SE,Qwen/Qwen3-Embedding-8B
2,3,1,script-unrelated,Johan betrad het appartement. Even later opende hij de,menukaart,en kreeg een overzicht.,0.28683236,SE,Qwen/Qwen3-Embedding-8B
3,4,2,control,Sabine betrad de bioscoop. Snel liep ze naar de,kassa,en kocht een kaartje.,0.298031,SE,Qwen/Qwen3-Embedding-8B
4,5,2,script-related,Sabine verliet de bioscoop. Snel liep ze naar de,kassa,en kocht een kaartje.,0.30142292,SE,Qwen/Qwen3-Embedding-8B
5,6,2,script-unrelated,Sabine betrad de school. Snel liep ze naar de,kassa,en kocht een kaartje.,0.28968707,SE,Qwen/Qwen3-Embedding-8B
6,7,3,control,Kevin betrad de boerderij. Zonder te aarzelen pakte hij een,mestvork,en begon te scheppen.,0.2506626,SE,Qwen/Qwen3-Embedding-8B
7,8,3,script-related,Kevin verliet de boerderij. Zonder te aarzelen pakte hij een,mestvork,en begon te scheppen.,0.2523117,SE,Qwen/Qwen3-Embedding-8B
8,9,3,script-unrelated,Kevin betrad de kerk. Zonder te aarzelen pakte hij een,mestvork,en begon te scheppen.,0.24590854,SE,Qwen/Qwen3-Embedding-8B
9,10,4,control,Susi betrad de huisartsenpraktijk. Vriendelijk sprak ze met de,doktersassistente,over de problematiek.,0.42767775,SE,Qwen/Qwen3-Embedding-8B
10,11,4,script-related,Susi verliet de huisartsenpraktijk. Vriendelijk sprak ze met de,doktersassistente,over de problematiek.,0.4189962,SE,Qwen/Qwen3-Embedding-8B
11,12,4,script-unrelated,Susi betrad het verblijf. Vriendelijk sprak ze met de,doktersassistente,over de problematiek.,0.29885024,SE,Qwen/Qwen3-Embedding-8B
12,13,5,control,Roman betrad de bibliotheek. Kort daarna liep hij naar het,rek,en zocht een misdaadroman.,0.2997539,SE,Qwen/Qwen3-Embedding-8B
13,14,5,script-related,Roman verliet de bibliotheek. Kort daarna liep hij naar het,rek,en zocht een misdaadroman.,0.28932175,SE,Qwen/Qwen3-Embedding-8B
14,15,5,script-unrelated,Roman betrad de kroeg. Kort daarna liep hij naar het,rek,en zocht een misdaadroman.,0.31199843,SE,Qwen/Qwen3-Embedding-8B
15,16,6,control,Lea begon spaghetti te koken. Voorzichtig opende ze het,pastapak,in één handbeweging.,0.454701,SE,Qwen/Qwen3-Embedding-8B
16,17,6,script-related,Lea was klaar met spaghetti koken. Voorzichtig opende ze het,pastapak,in één handbeweging.,0.4500582,SE,Qwen/Qwen3-Embedding-8B
17,18,6,script-unrelated,Lea begon de muren te verven. Voorzichtig opende ze het,pastapak,in één handbeweging.,0.28643826,SE,Qwen/Qwen3-Embedding-8B
18,19,7,control,Peter bereikte het theater. Even later liep hij naar de,loge,en ging zitten.,0.31151748,SE,Qwen/Qwen3-Embedding-8B
19,20,7,script-related,Peter verliet het theater. Even later liep hij naar de,loge,en ging zitten.,0.28294164,SE,Qwen/Qwen3-Embedding-8B
20,21,7,script-unrelated,Peter bereikte de supermarkt. Even later liep hij naar de,loge,en ging zitten.,0.31555778,SE,Qwen/Qwen3-Embedding-8B
21,22,8,control,Lisa betrad het station. Even later was ze op het,perron,en wachtte op de trein.,0.31729057,SE,Qwen/Qwen3-Embedding-8B
22,23,8,script-related,Lisa verliet het station. Even later was ze op het,perron,en wachtte op de trein.,0.28416517,SE,Qwen/Qwen3-Embedding-8B
23,24,8,script-unrelated,Lisa betrad het huis. Even later was ze op het,perron,en wachtte op de trein.,0.29244193,SE,Qwen/Qwen3-Embedding-8B
24,25,9,control,Tim begon in de sportschool te trainen. Meteen stapte hij op de,loopband,en rende als een gek.,0.23772657,SE,Qwen/Qwen3-Embedding-8B
25,26,9,script-related,Tim stopte in de sportschool met trainen. Meteen stapte hij op de,loopband,en rende als een gek.,0.23628989,SE,Qwen/Qwen3-Embedding-8B
26,27,9,script-unrelated,Tim begon zijn rijles. Meteen stapte hij op de,loopband,en rende als een gek.,0.25802284,SE,Qwen/Qwen3-Embedding-8B
27,28,10,control,Maria bereikte het vliegveld. Ze liep meteen naar de,check-in,om de koffer af te geven.,0.41986746,SE,Qwen/Qwen3-Embedding-8B
28,29,10,script-related,Maria verliet het vliegveld. Ze liep meteen naar de,check-in,om de koffer af te geven.,0.38137203,SE,Qwen/Qwen3-Embedding-8B
29,30,10,script-unrelated,Maria bereikte het winkelcentrum. Ze liep meteen naar de,check-in,om de koffer af te geven.,0.36034277,SE,Qwen/Qwen3-Embedding-8B
30,31,11,control,Lukas kwam naar het verjaardagsfeest. Na een tijdje overhandigde hij de,taart,en feliciteerde hij de jarige.,0.31885958,SE,Qwen/Qwen3-Embedding-8B
31,32,11,script-related,Lukas verliet het verjaardagsfeest. Na een tijdje overhandigde hij de,taart,en feliciteerde hij de jarige.,0.31063282,SE,Qwen/Qwen3-Embedding-8B
32,33,11,script-unrelated,Lukas kwam naar de les. Na een tijdje overhandigde hij de,taart,en feliciteerde hij de jarige.,0.2768447,SE,Qwen/Qwen3-Embedding-8B
33,34,12,control,Marie ging naar de kapper. Even later vroeg ze de,styliste,om een nieuwe coupe.,0.31791502,SE,Qwen/Qwen3-Embedding-8B
34,35,12,script-related,Marie verliet de kapper. Even later vroeg ze de,styliste,om een nieuwe coupe.,0.30322757,SE,Qwen/Qwen3-Embedding-8B
35,36,12,script-unrelated,Marie ging naar de uni. Even later vroeg ze de,styliste,om een nieuwe coupe.,0.21333466,SE,Qwen/Qwen3-Embedding-8B
36,37,13,control,Thorsten begon te douchen. Als eerste gebruikte hij de,shampoo,en daarna de douchegel.,0.36252895,SE,Qwen/Qwen3-Embedding-8B
37,38,13,script-related,Thorsten stopte met douchen. Als eerste gebruikte hij de,shampoo,en daarna de douchegel.,0.35012484,SE,Qwen/Qwen3-Embedding-8B
38,39,13,script-unrelated,Thorsten begon te barbecueën. Als eerste gebruikte hij de,shampoo,en daarna de douchegel.,0.26930243,SE,Qwen/Qwen3-Embedding-8B
39,40,14,control,Claudia betrad de bloemenwinkel. Snel vroeg ze om een,roos,voor een vriendin.,0.2993154,SE,Qwen/Qwen3-Embedding-8B
40,41,14,script-related,Claudia verliet de bloemenwinkel. Snel vroeg ze om een,roos,voor een vriendin.,0.3041668,SE,Qwen/Qwen3-Embedding-8B
41,42,14,script-unrelated,Claudia betrad de dierenwinkel. Snel vroeg ze om een,roos,voor een vriendin.,0.29279414,SE,Qwen/Qwen3-Embedding-8B
42,43,15,control,Jonathan ging naar de begraafplaats. Peinzend bekeek hij de,grafsteen,en sprak een gebed uit.,0.32016465,SE,Qwen/Qwen3-Embedding-8B
43,44,15,script-related,Jonathan verliet de begraafplaats. Peinzend bekeek hij de,grafsteen,en sprak een gebed uit.,0.31393126,SE,Qwen/Qwen3-Embedding-8B
44,45,15,script-unrelated,Jonathan ging naar de keuken. Peinzend bekeek hij de,grafsteen,en sprak een gebed uit.,0.293144,SE,Qwen/Qwen3-Embedding-8B
45,46,16,control,Lara ging de tuin in. Aandachtig onderzocht ze de,aarde,en gaf toen de bloemen water.,0.3102832,SE,Qwen/Qwen3-Embedding-8B
46,47,16,script-related,Lara verliet de tuin. Aandachtig onderzocht ze de,aarde,en gaf toen de bloemen water.,0.300092,SE,Qwen/Qwen3-Embedding-8B
47,48,16,script-unrelated,Lara ging naar het fornuis. Aandachtig onderzocht ze de,aarde,en gaf toen de bloemen water.,0.29237738,SE,Qwen/Qwen3-Embedding-8B
48,49,17,control,Roman ging naar het museum. Nauwkeurig bekeek hij de,sculpturen,en was enthousiast.,0.31860828,SE,Qwen/Qwen3-Embedding-8B
49,50,17,script-related,Roman verliet het museum.  Nauwkeurig bekeek hij de,sculpturen,en was enthousiast.,0.34739113,SE,Qwen/Qwen3-Embedding-8B
50,51,17,script-unrelated,Roman ging naar de boekhandel. Nauwkeurig bekeek hij de,sculpturen,en was enthousiast.,0.24512847,SE,Qwen/Qwen3-Embedding-8B
51,52,18,control,Annika ging naar de banketbakker. Snel vroeg ze om een,taart,en betaalde meteen.,0.35057667,SE,Qwen/Qwen3-Embedding-8B
52,53,18,script-related,Annika verliet de banketbakker. Snel vroeg ze om een,taart,en betaalde meteen.,0.37363732,SE,Qwen/Qwen3-Embedding-8B
53,54,18,script-unrelated,Annika ging naar de boetiek. Snel vroeg ze om een,taart,en betaalde meteen.,0.28279015,SE,Qwen/Qwen3-Embedding-8B
54,55,19,control,Emil betrad de spa. Na een tijdje kreeg hij een,massage,en genoot ervan.,0.28396466,SE,Qwen/Qwen3-Embedding-8B
55,56,19,script-related,Emil verliet de spa. Na een tijdje kreeg hij een,massage,en genoot ervan.,0.25783023,SE,Qwen/Qwen3-Embedding-8B
56,57,19,script-unrelated,Emil betrad de apotheek. Na een tijdje kreeg hij een,massage,en genoot ervan.,0.2660251,SE,Qwen/Qwen3-Embedding-8B
57,58,20,control,Susanne betrad de manege. Snel legde ze het,zadel,op en reed weg.,0.32880795,SE,Qwen/Qwen3-Embedding-8B
58,59,20,script-related,Susanne verliet de manege. Snel legde ze het,zadel,op en reed weg.,0.33134717,SE,Qwen/Qwen3-Embedding-8B
59,60,20,script-unrelated,Susanne betrad de badkamer. Snel legde ze het,zadel,op en reed weg.,0.32824618,SE,Qwen/Qwen3-Embedding-8B
60,61,21,control,Martin kwam bij de veiligheidscontrole. Vlot opende hij de,koffer,en werd doorgelaten.,0.31410983,SE,Qwen/Qwen3-Embedding-8B
61,62,21,script-related,Martin verliet de veiligheidscontrole. Vlot opende hij de,koffer,en werd doorgelaten.,0.30675074,SE,Qwen/Qwen3-Embedding-8B
62,63,21,script-unrelated,Martin kwam bij de garage. Vlot opende hij de,koffer,en werd doorgelaten.,0.3058186,SE,Qwen/Qwen3-Embedding-8B
63,64,22,control,Jutta ging naar de hotelreceptie. Direct kreeg ze een,kamer,en bedankte vriendelijk.,0.29171064,SE,Qwen/Qwen3-Embedding-8B
64,65,22,script-related,Jutta verliet de hotelreceptie. Direct kreeg ze een,kamer,en bedankte vriendelijk.,0.33074626,SE,Qwen/Qwen3-Embedding-8B
65,66,22,script-unrelated,Jutta ging naar het postkantoor. Direct kreeg ze een,kamer,en bedankte vriendelijk.,0.29627773,SE,Qwen/Qwen3-Embedding-8B
66,67,23,control,Jens ging naar de tandarts. Angstig liep hij naar de,röntgen,en liet zich behandelen.,0.25902057,SE,Qwen/Qwen3-Embedding-8B
67,68,23,script-related,Jens verliet de tandarts. Angstig liep hij naar de,röntgen,en liet zich behandelen.,0.27898705,SE,Qwen/Qwen3-Embedding-8B
68,69,23,script-unrelated,Jens ging naar de douane. Angstig liep hij naar de,röntgen,en liet zich behandelen.,0.25106382,SE,Qwen/Qwen3-Embedding-8B
69,70,24,control,Elena begon te pokeren. Snel zette ze haar,geld,in en won.,0.30494508,SE,Qwen/Qwen3-Embedding-8B
70,71,24,script-related,Elena stopte met pokeren. Snel zette ze haar,geld,in en won.,0.2941149,SE,Qwen/Qwen3-Embedding-8B
71,72,24,script-unrelated,Elena begon te tekenen. Snel zette ze haar,geld,in en won.,0.2606979,SE,Qwen/Qwen3-Embedding-8B
72,73,25,control,Bruno begon zijn vakantie. Eindelijk kwam hij bij de,zee,aan en genoot van het weer.,0.28738916,SE,Qwen/Qwen3-Embedding-8B
73,74,25,script-related,Bruno beëindigde zijn vakantie. Eindelijk kwam hij bij de,zee,aan en genoot van het weer.,0.28788963,SE,Qwen/Qwen3-Embedding-8B
74,75,25,script-unrelated,Bruno begon zijn filmavond. Eindelijk kwam hij bij de,zee,aan en genoot van het weer.,0.29166353,SE,Qwen/Qwen3-Embedding-8B
75,76,26,control,Jana betrad het gemeentehuis. Meteen toonde ze haar,visum,en diende een aanvraag in.,0.22636303,SE,Qwen/Qwen3-Embedding-8B
76,77,26,script-related,Jana verliet het gemeentehuis. Meteen toonde ze haar,visum,en diende een aanvraag in.,0.24129143,SE,Qwen/Qwen3-Embedding-8B
77,78,26,script-unrelated,Jana betrad het tuincentrum. Meteen toonde ze haar,visum,en diende een aanvraag in.,0.24915384,SE,Qwen/Qwen3-Embedding-8B
78,79,27,control,Nico ging naar de kermis. Direct liep hij naar de,botsauto's,en reed een rondje.,0.22897334,SE,Qwen/Qwen3-Embedding-8B
79,80,27,script-related,Nico verliet de kermis. Direct liep hij naar de,botsauto's,en reed een rondje.,0.24694733,SE,Qwen/Qwen3-Embedding-8B
80,81,27,script-unrelated,Nico ging naar de pizzeria. Direct liep hij naar de,botsauto's,en reed een rondje.,0.24628292,SE,Qwen/Qwen3-Embedding-8B
81,82,28,control,Beate ging wandelen. Na een tijdje zag ze een,edelweiss,die ze meteen meenam.,0.35509676,SE,Qwen/Qwen3-Embedding-8B
82,83,28,script-related,Beate kwam terug van het wandelen. Na een tijdje zag ze een,edelweiss,die ze meteen meenam.,0.32864895,SE,Qwen/Qwen3-Embedding-8B
83,84,28,script-unrelated,Beate ging zwemmen. Na een tijdje zag ze een,edelweiss,die ze meteen meenam.,0.3096872,SE,Qwen/Qwen3-Embedding-8B
84,85,29,control,Hubert nam een taxi. Vriendelijk begroette hij de,chauffeur,en noemde zijn bestemming.,0.41509038,SE,Qwen/Qwen3-Embedding-8B
85,86,29,script-related,Hubert verliet de taxi. Vriendelijk begroette hij de,chauffeur,en noemde zijn bestemming.,0.40328825,SE,Qwen/Qwen3-Embedding-8B
86,87,29,script-unrelated,Hubert nam een vliegtuig. Vriendelijk begroette hij de,chauffeur,en noemde zijn bestemming.,0.37296167,SE,Qwen/Qwen3-Embedding-8B
87,88,30,control,Jenni begon te baden. Ze verdeelde meteen het,schuim,over haar lichaam.,0.39680922,SE,Qwen/Qwen3-Embedding-8B
88,89,30,script-related,Jenni stopte met baden. Ze verdeelde meteen het,schuim,over haar lichaam.,0.37839478,SE,Qwen/Qwen3-Embedding-8B
89,90,30,script-unrelated,Jenni begon de hoorcollege. Ze verdeelde meteen het,schuim,over haar lichaam.,0.2729057,SE,Qwen/Qwen3-Embedding-8B
90,91,31,control,Hans betrad de ijshal. Hij trok vlot zijn,schaatsen,aan en ging de baan op.,0.4406464,SE,Qwen/Qwen3-Embedding-8B
91,92,31,script-related,Hans verliet de ijshal. Hij trok vlot zijn,schaatsen,aan en ging de baan op.,0.40088058,SE,Qwen/Qwen3-Embedding-8B
92,93,31,script-unrelated,Hans betrad de klimhal. Hij trok vlot zijn,schaatsen,aan en ging de baan op.,0.3827126,SE,Qwen/Qwen3-Embedding-8B
93,94,32,control,Clara begon te bowlen. Vakkundig behaalde ze een,strike,en won het spel.,0.3401815,SE,Qwen/Qwen3-Embedding-8B
94,95,32,script-related,Clara stopte met bowlen. Vakkundig behaalde ze een,strike,en won het spel.,0.36144507,SE,Qwen/Qwen3-Embedding-8B
95,96,32,script-unrelated,Clara ging naar de schietbaan. Vakkundig behaalde ze een,strike,en won het spel.,0.28629076,SE,Qwen/Qwen3-Embedding-8B
96,97,33,control,Georg nam deel aan een brandweerinzet. Hij gebruikte meteen de,slang,en bluste het vuur.,0.21338506,SE,Qwen/Qwen3-Embedding-8B
97,98,33,script-related,Georg beëindigde een brandweerinzet. Hij gebruikte meteen de,slang,en bluste het vuur.,0.21421184,SE,Qwen/Qwen3-Embedding-8B
98,99,33,script-unrelated,Georg nam deel aan yoga. Hij gebruikte meteen de,slang,en bluste het vuur.,0.24393137,SE,Qwen/Qwen3-Embedding-8B
99,100,34,control,Johanna begon de voetbalwedstrijd. Na korte tijd maakte ze een,doelpunt,en juichte luid.,0.32738602,SE,Qwen/Qwen3-Embedding-8B
100,101,34,script-related,Johanna beëindigde de voetbalwedstrijd. Na korte tijd maakte ze een,doelpunt,en juichte luid.,0.34133402,SE,Qwen/Qwen3-Embedding-8B
101,102,34,script-unrelated,Johanna begon de jacht. Na korte tijd maakte ze een,doelpunt,en juichte luid.,0.35191998,SE,Qwen/Qwen3-Embedding-8B
102,103,35,control,Jürgen betrad de slagerij. Hij vroeg meteen om een,steak,en betaalde.,0.24851021,SE,Qwen/Qwen3-Embedding-8B
103,104,35,script-related,Jürgen verliet de slagerij. Hij vroeg meteen om een,steak,en betaalde.,0.27878103,SE,Qwen/Qwen3-Embedding-8B
104,105,35,script-unrelated,Jürgen betrad de bakkerij. Hij vroeg meteen om een,steak,en betaalde.,0.30942306,SE,Qwen/Qwen3-Embedding-8B
105,106,36,control,Frauke betrad de dierentuin. Even later fotografeerde ze een,zebra,die aan het drinken was.,0.33320898,SE,Qwen/Qwen3-Embedding-8B
106,107,36,script-related,Frauke verliet de dierentuin. Even later fotografeerde ze een,zebra,die aan het drinken was.,0.3155166,SE,Qwen/Qwen3-Embedding-8B
107,108,36,script-unrelated,Frauke ging naar het stadion. Even later fotografeerde ze een,zebra,die aan het drinken was.,0.21862462,SE,Qwen/Qwen3-Embedding-8B
108,109,37,control,Bernd betrad de wasserette. Snel koos hij het,wasprogramma,en zette de machine aan.,0.32905474,SE,Qwen/Qwen3-Embedding-8B
109,110,37,script-related,Bernd verliet de wasserette. Snel koos hij het,wasprogramma,en zette de machine aan.,0.30060422,SE,Qwen/Qwen3-Embedding-8B
110,111,37,script-unrelated,Bernd betrad de kiosk. Snel koos hij het,wasprogramma,en zette de machine aan.,0.2798011,SE,Qwen/Qwen3-Embedding-8B
111,112,38,control,Nicole ging naar het circus. Al snel ging ze op de,tribune,zitten en bekeek het spektakel.,0.2535248,SE,Qwen/Qwen3-Embedding-8B
112,113,38,script-related,Nicole verliet het circus. Al snel ging ze op de,tribune,zitten en bekeek het spektakel.,0.25530234,SE,Qwen/Qwen3-Embedding-8B
113,114,38,script-unrelated,Nicole ging naar het kantoor. Al snel ging ze op de,tribune,zitten en bekeek het spektakel.,0.24791606,SE,Qwen/Qwen3-Embedding-8B
114,115,39,control,Viktor ging naar de sauna. Na een tijdje maakte hij een,opgieting,en ging liggen.,0.29071397,SE,Qwen/Qwen3-Embedding-8B
115,116,39,script-related,Viktor verliet de sauna. Na een tijdje maakte hij een,opgieting,en ging liggen.,0.3039964,SE,Qwen/Qwen3-Embedding-8B
116,117,39,script-unrelated,Viktor ging naar het lab. Na een tijdje maakte hij een,opgieting,en ging liggen.,0.2937069,SE,Qwen/Qwen3-Embedding-8B
117,118,40,control,Gabi ging naar de dierenarts. Een moment later vroeg ze de,assistente,om medicijnen.,0.32942507,SE,Qwen/Qwen3-Embedding-8B
118,119,40,script-related,Gabi verliet de dierenarts. Een moment later vroeg ze de,assistente,om medicijnen.,0.35089672,SE,Qwen/Qwen3-Embedding-8B
119,120,40,script-unrelated,Gabi ging naar de kleedkamer. Een moment later vroeg ze de,assistente,om medicijnen.,0.2969612,SE,Qwen/Qwen3-Embedding-8B
120,121,41,control,Jakob betrad de plaats delict. Kort daarna fotografeerde hij de,bloedspatten,en was verbaasd.,0.27871335,SE,Qwen/Qwen3-Embedding-8B
121,122,41,script-related,Jakob verliet de plaats delict. Kort daarna fotografeerde hij de,bloedspatten,en was verbaasd.,0.2589291,SE,Qwen/Qwen3-Embedding-8B
122,123,41,script-unrelated,Jakob betrad het tankstation. Kort daarna fotografeerde hij de,bloedspatten,en was verbaasd.,0.26007125,SE,Qwen/Qwen3-Embedding-8B
123,124,42,control,Peter begon bomen te kappen. Na een tijdje gebruikte hij de,bijl,en raakte gericht de stam.,0.40885413,SE,Qwen/Qwen3-Embedding-8B
124,125,42,script-related,Peter stopte met bomen kappen. Na een tijdje gebruikte hij de,bijl,en raakte gericht de stam.,0.351187,SE,Qwen/Qwen3-Embedding-8B
125,126,42,script-unrelated,Peter begon de koets te rijden. Na een tijdje gebruikte hij de,bijl,en raakte gericht de stam.,0.34831622,SE,Qwen/Qwen3-Embedding-8B
126,127,43,control,Tom begon een kampvuur. Meteen stapelde hij het,hout,en stak het aan.,0.32979944,SE,Qwen/Qwen3-Embedding-8B
127,128,43,script-related,Tom beëindigde het kampvuur. Meteen stapelde hij het,hout,en stak het aan.,0.3453981,SE,Qwen/Qwen3-Embedding-8B
128,129,43,script-unrelated,Tom begon ontbijt te maken. Meteen stapelde hij het,hout,en stak het aan.,0.31087276,SE,Qwen/Qwen3-Embedding-8B
129,130,44,control,Kim ging naar de kerstmarkt. Kort daarna bereikte hij de,kerstkraampjes,en snuffelde naar cadeaus.,0.36281323,SE,Qwen/Qwen3-Embedding-8B
130,131,44,script-related,Kim verliet de kerstmarkt. Kort daarna bereikte hij de,kerstkraampjes,en snuffelde naar cadeaus.,0.3671814,SE,Qwen/Qwen3-Embedding-8B
131,132,44,script-unrelated,Kim ging naar het ziekenhuis. Kort daarna bereikte hij de,kerstkraampjes,en snuffelde naar cadeaus.,0.2668539,SE,Qwen/Qwen3-Embedding-8B
132,133,45,control,Michael begon zijn lunch te koken. Snel sneed hij de,groenten,en gooide het in de pot.,0.3204996,SE,Qwen/Qwen3-Embedding-8B
133,134,45,script-related,Michael was klaar met zijn lunch koken. Snel sneed hij de,groenten,en gooide het in de pot.,0.29121247,SE,Qwen/Qwen3-Embedding-8B
134,135,45,script-unrelated,Michael begon een taart te bakken. Snel sneed hij de,groenten,en gooide het in de pot.,0.2797065,SE,Qwen/Qwen3-Embedding-8B
135,136,46,control,Johan betrad het appartement. Meteen ging hij op het,bed,zitten en dacht na over de dag.,0.32541686,SE,Qwen/Qwen3-Embedding-8B
136,137,46,script-related,Johan verliet het appartement. Meteen ging hij op het,bed,zitten en dacht na over de dag.,0.29363355,SE,Qwen/Qwen3-Embedding-8B
137,138,46,script-unrelated,Johan betrad de bioscoop. Meteen ging hij op het,bed,zitten en dacht na over de dag.,0.29803985,SE,Qwen/Qwen3-Embedding-8B
138,139,47,control,Sabine betrad de school. Snel liep ze naar het,klaslokaal,en groette de leerlingen.,0.30497405,SE,Qwen/Qwen3-Embedding-8B
139,140,47,script-related,Sabine verliet de school. Snel liep ze naar het,klaslokaal,en groette de leerlingen.,0.2851075,SE,Qwen/Qwen3-Embedding-8B
140,141,47,script-unrelated,Sabine betrad de boerderij. Snel liep ze naar het,klaslokaal,en groette de leerlingen.,0.26088712,SE,Qwen/Qwen3-Embedding-8B
141,142,48,control,Kevin betrad de kerk. Voorzichtig pakte hij een,kaars,en stak hem aan.,0.33193615,SE,Qwen/Qwen3-Embedding-8B
142,143,48,script-related,Kevin verliet de kerk. Voorzichtig pakte hij een,kaars,en stak hem aan.,0.31977424,SE,Qwen/Qwen3-Embedding-8B
143,144,48,script-unrelated,Kevin betrad de huisartsenpraktijk. Voorzichtig pakte hij een,kaars,en stak hem aan.,0.323556,SE,Qwen/Qwen3-Embedding-8B
144,145,49,control,Susi betrad het verblijf. Nauwkeurig beoordeelde ze het,kalf,en maakte aantekeningen.,0.2800117,SE,Qwen/Qwen3-Embedding-8B
145,146,49,script-related,Susi verliet het verblijf. Nauwkeurig beoordeelde ze het,kalf,en maakte aantekeningen.,0.28363702,SE,Qwen/Qwen3-Embedding-8B
146,147,49,script-unrelated,Susi betrad de bibliotheek. Nauwkeurig beoordeelde ze het,kalf,en maakte aantekeningen.,0.2723924,SE,Qwen/Qwen3-Embedding-8B
147,148,50,control,Thomas betrad de kroeg. Haastig riep hij de,ober,en bestelde een biertje.,0.2339855,SE,Qwen/Qwen3-Embedding-8B
148,149,50,script-related,Thomas verliet de kroeg. Haastig riep hij de,ober,en bestelde een biertje.,0.23089592,SE,Qwen/Qwen3-Embedding-8B
149,150,50,script-unrelated,Thomas begon spaghetti te koken. Haastig riep hij de,ober,en bestelde een biertje.,0.25412124,SE,Qwen/Qwen3-Embedding-8B
150,151,51,control,Lea begon de muren te verven. Ze koos snel een,kwast,uit en begon te verven.,0.33879384,SE,Qwen/Qwen3-Embedding-8B
151,152,51,script-related,Lea was klaar met de muren verven. Ze koos snel een,kwast,uit en begon te verven.,0.33516783,SE,Qwen/Qwen3-Embedding-8B
152,153,51,script-unrelated,Lea bereikte het theater. Ze koos snel een,kwast,uit en begon te verven.,0.30001718,SE,Qwen/Qwen3-Embedding-8B
153,154,52,control,Peter bereikte de supermarkt. Snel kocht hij wat,groenten,om 's avonds te koken.,0.31560186,SE,Qwen/Qwen3-Embedding-8B
154,155,52,script-related,Peter verliet de supermarkt. Snel kocht hij wat,groenten,om 's avonds te koken.,0.32661346,SE,Qwen/Qwen3-Embedding-8B
155,156,52,script-unrelated,Peter bereikte het station. Snel kocht hij wat,groenten,om 's avonds te koken.,0.2661819,SE,Qwen/Qwen3-Embedding-8B
156,157,53,control,Lisa betrad het huis. Kort daarna checkte ze de,koelkast,en zocht iets te eten.,0.26541206,SE,Qwen/Qwen3-Embedding-8B
157,158,53,script-related,Lisa verliet het huis. Kort daarna checkte ze de,koelkast,en zocht iets te eten.,0.25482088,SE,Qwen/Qwen3-Embedding-8B
158,159,53,script-unrelated,Lisa begon in de sportschool te trainen. Kort daarna checkte ze de,koelkast,en zocht iets te eten.,0.21524851,SE,Qwen/Qwen3-Embedding-8B
159,160,54,control,Tim begon zijn rijles. Gejaagd drukte hij op het,gaspedaal,en reed weg.,0.39707708,SE,Qwen/Qwen3-Embedding-8B
160,161,54,script-related,Tim beëindigde zijn rijles. Gejaagd drukte hij op het,gaspedaal,en reed weg.,0.3682044,SE,Qwen/Qwen3-Embedding-8B
161,162,54,script-unrelated,Tim ging naar het vliegveld. Gejaagd drukte hij op het,gaspedaal,en reed weg.,0.33532998,SE,Qwen/Qwen3-Embedding-8B
162,163,55,control,Maria bereikte het winkelcentrum. Meteen begroette ze de,verkoopster,en koos iets uit.,0.347915,SE,Qwen/Qwen3-Embedding-8B
163,164,55,script-related,Maria verliet het winkelcentrum. Meteen begroette ze de,verkoopster,en koos iets uit.,0.3874602,SE,Qwen/Qwen3-Embedding-8B
164,165,55,script-unrelated,Maria bereikte het verjaardagsfeest. Meteen begroette ze de,verkoopster,en koos iets uit.,0.2538378,SE,Qwen/Qwen3-Embedding-8B
165,166,56,control,Lukas begon het college. Haastig begroette hij zijn,studenten,en begon.,0.42180076,SE,Qwen/Qwen3-Embedding-8B
166,167,56,script-related,Lukas beëindigde het college. Haastig begroette hij zijn,studenten,en begon.,0.39622593,SE,Qwen/Qwen3-Embedding-8B
167,168,56,script-unrelated,Lukas ging naar de kapper. Haastig begroette hij zijn,studenten,en begon.,0.2386028,SE,Qwen/Qwen3-Embedding-8B
168,169,57,control,Marie ging naar de uni. Haastig betrad ze de,collegezaal,en opende haar boek.,0.36014178,SE,Qwen/Qwen3-Embedding-8B
169,170,57,script-related,Marie verliet de uni. Haastig betrad ze de,collegezaal,en opende haar boek.,0.3207739,SE,Qwen/Qwen3-Embedding-8B
170,171,57,script-unrelated,Marie ging douchen. Haastig betrad ze de,collegezaal,en opende haar boek.,0.22273329,SE,Qwen/Qwen3-Embedding-8B
171,172,58,control,Thorsten begon te barbecueën. Voorzichtig plaatste hij de,aanmaakblokjes,en zocht de tang.,0.34901994,SE,Qwen/Qwen3-Embedding-8B
172,173,58,script-related,Thorsten stopte met barbecueën. Voorzichtig plaatste hij de,aanmaakblokjes,en zocht de tang.,0.34828556,SE,Qwen/Qwen3-Embedding-8B
173,174,58,script-unrelated,Thorsten betrad de bloemenwinkel. Voorzichtig plaatste hij de,aanmaakblokjes,en zocht de tang.,0.30731207,SE,Qwen/Qwen3-Embedding-8B
174,175,59,control,Claudia betrad de dierenwinkel. Een tijdje stond ze bij de,kooi,en dacht na over de koop.,0.30107445,SE,Qwen/Qwen3-Embedding-8B
175,176,59,script-related,Claudia verliet de dierenwinkel. Een tijdje stond ze bij de,kooi,en dacht na over de koop.,0.28743836,SE,Qwen/Qwen3-Embedding-8B
176,177,59,script-unrelated,Claudia betrad de begraafplaats. Een tijdje stond ze bij de,kooi,en dacht na over de koop.,0.30481395,SE,Qwen/Qwen3-Embedding-8B
177,178,60,control,Jonathan ging naar de keuken. Eerst reinigde hij de,oven,en daarna de koelkast.,0.30541262,SE,Qwen/Qwen3-Embedding-8B
178,179,60,script-related,Jonathan verliet de keuken. Eerst reinigde hij de,oven,en daarna de koelkast.,0.31515202,SE,Qwen/Qwen3-Embedding-8B
179,180,60,script-unrelated,Jonathan ging de tuin in. Eerst reinigde hij de,oven,en daarna de koelkast.,0.22230145,SE,Qwen/Qwen3-Embedding-8B
180,181,61,control,Lara liep naar het fornuis. Snel reinigde ze de,kookplaat,en daarna de afzuigkap.,0.35808563,SE,Qwen/Qwen3-Embedding-8B
181,182,61,script-related,Lara liep weg van het fornuis. Snel reinigde ze de,kookplaat,en daarna de afzuigkap.,0.37462205,SE,Qwen/Qwen3-Embedding-8B
182,183,61,script-unrelated,Lara ging naar het museum. Snel reinigde ze de,kookplaat,en daarna de afzuigkap.,0.26981455,SE,Qwen/Qwen3-Embedding-8B
183,184,62,control,Roman ging naar de boekhandel. Snel zocht hij een,roman,voor zijn vrouw.,0.47232014,SE,Qwen/Qwen3-Embedding-8B
184,185,62,script-related,Roman verliet de boekhandel. Snel zocht hij een,roman,voor zijn vrouw.,0.45275077,SE,Qwen/Qwen3-Embedding-8B
185,186,62,script-unrelated,Roman ging naar de banketbakker. Snel zocht hij een,roman,voor zijn vrouw.,0.45512408,SE,Qwen/Qwen3-Embedding-8B
186,187,63,control,Annika ging naar de boetiek. Ze zocht een tijdje naar,laarzen,en kocht ze toen.,0.2862728,SE,Qwen/Qwen3-Embedding-8B
187,188,63,script-related,Annika verliet de boetiek. Ze zocht een tijdje naar,laarzen,en kocht ze toen.,0.31799147,SE,Qwen/Qwen3-Embedding-8B
188,189,63,script-unrelated,Annika ging naar de spa. Ze zocht een tijdje naar,laarzen,en kocht ze toen.,0.2969354,SE,Qwen/Qwen3-Embedding-8B
189,190,64,control,Emil betrad de apotheek. Snel kocht hij het,medicijn,en ging toen naar huis.,0.4000345,SE,Qwen/Qwen3-Embedding-8B
190,191,64,script-related,Emil verliet de apotheek. Snel kocht hij het,medicijn,en ging toen naar huis.,0.38316944,SE,Qwen/Qwen3-Embedding-8B
191,192,64,script-unrelated,Emil betrad de manege. Snel kocht hij het,medicijn,en ging toen naar huis.,0.29310206,SE,Qwen/Qwen3-Embedding-8B
192,193,65,control,Susanne betrad de badkamer. Direct verwijderde ze haar,make-up,en poetste haar tanden.,0.24855791,SE,Qwen/Qwen3-Embedding-8B
193,194,65,script-related,Susanne verliet de badkamer. Direct verwijderde ze haar,make-up,en poetste haar tanden.,0.24934396,SE,Qwen/Qwen3-Embedding-8B
194,195,65,script-unrelated,Susanne ging naar de veiligheidscontrole. Direct verwijderde ze haar,make-up,en poetste haar tanden.,0.20660886,SE,Qwen/Qwen3-Embedding-8B
195,196,66,control,Martin kwam bij de garage. Meteen vroeg hij naar,banden,voor de winter.,0.25843194,SE,Qwen/Qwen3-Embedding-8B
196,197,66,script-related,Martin verliet de garage. Meteen vroeg hij naar,banden,voor de winter.,0.2597448,SE,Qwen/Qwen3-Embedding-8B
197,198,66,script-unrelated,Martin kwam bij de hotelreceptie. Meteen vroeg hij naar,banden,voor de winter.,0.20074615,SE,Qwen/Qwen3-Embedding-8B
198,199,67,control,Jutta ging naar het postkantoor. Meteen kreeg ze het,pakket,waarop ze had gewacht.,0.33329338,SE,Qwen/Qwen3-Embedding-8B
199,200,67,script-related,Jutta verliet het postkantoor. Meteen kreeg ze het,pakket,waarop ze had gewacht.,0.35641026,SE,Qwen/Qwen3-Embedding-8B
200,201,67,script-unrelated,Jutta ging naar de tandarts. Meteen kreeg ze het,pakket,waarop ze had gewacht.,0.2569388,SE,Qwen/Qwen3-Embedding-8B
201,202,68,control,Jens ging naar de douane. Snel toonde hij zijn,formulier,en keek de beambte aan.,0.30717853,SE,Qwen/Qwen3-Embedding-8B
202,203,68,script-related,Jens verliet de douane. Snel toonde hij zijn,formulier,en keek de beambte aan.,0.31616133,SE,Qwen/Qwen3-Embedding-8B
203,204,68,script-unrelated,Jens begon te pokeren. Snel toonde hij zijn,formulier,en keek de beambte aan.,0.28304303,SE,Qwen/Qwen3-Embedding-8B
204,205,69,control,Elena begon te tekenen. Meteen pakte ze het,potlood,en tekende een bloem.,0.32398188,SE,Qwen/Qwen3-Embedding-8B
205,206,69,script-related,Elena stopte met tekenen. Meteen pakte ze het,potlood,en tekende een bloem.,0.335578,SE,Qwen/Qwen3-Embedding-8B
206,207,69,script-unrelated,Elena begon de vakantie. Meteen pakte ze het,potlood,en tekende een bloem.,0.331508,SE,Qwen/Qwen3-Embedding-8B
207,208,70,control,Bruno begon zijn filmavond. Snel haalde hij de,popcorn,uit de keuken.,0.38918898,SE,Qwen/Qwen3-Embedding-8B
208,209,70,script-related,Bruno beëindigde zijn filmavond. Snel haalde hij de,popcorn,uit de keuken.,0.35535243,SE,Qwen/Qwen3-Embedding-8B
209,210,70,script-unrelated,Bruno betrad het gemeentehuis. Snel haalde hij de,popcorn,uit de keuken.,0.21906242,SE,Qwen/Qwen3-Embedding-8B
210,211,71,control,Jana betrad het tuincentrum. Na een tijdje vroeg ze om een,palmboom,voor het balkon.,0.32861152,SE,Qwen/Qwen3-Embedding-8B
211,212,71,script-related,Jana verliet het tuincentrum. Na een tijdje vroeg ze om een,palmboom,voor het balkon.,0.3004777,SE,Qwen/Qwen3-Embedding-8B
212,213,71,script-unrelated,Jana ging naar de kermis. Na een tijdje vroeg ze om een,palmboom,voor het balkon.,0.2598426,SE,Qwen/Qwen3-Embedding-8B
213,214,72,control,Nico ging naar de pizzeria. Hij greep meteen de,menukaart,en bestelde een margherita.,0.36305535,SE,Qwen/Qwen3-Embedding-8B
214,215,72,script-related,Nico verliet de pizzeria. Hij greep meteen de,menukaart,en bestelde een margherita.,0.3850493,SE,Qwen/Qwen3-Embedding-8B
215,216,72,script-unrelated,Nico ging wandelen. Hij greep meteen de,menukaart,en bestelde een margherita.,0.2961854,SE,Qwen/Qwen3-Embedding-8B
216,217,73,control,Beate ging zwemmen. Snel controleerde ze het,bassin,en zwom weg.,0.3525303,SE,Qwen/Qwen3-Embedding-8B
217,218,73,script-related,Beate kwam terug van het zwemmen. Snel controleerde ze het,bassin,en zwom weg.,0.35475186,SE,Qwen/Qwen3-Embedding-8B
218,219,73,script-unrelated,Beate ging met de taxi. Snel controleerde ze het,bassin,en zwom weg.,0.26892966,SE,Qwen/Qwen3-Embedding-8B
219,220,74,control,Hubert nam een vliegtuig. Vol enthousiasme genoot hij van de,hoogte,want hij hield van vliegen.,0.3451358,SE,Qwen/Qwen3-Embedding-8B
220,221,74,script-related,Hubert verliet het vliegtuig. Vol enthousiasme genoot hij van de,hoogte,want hij hield van vliegen.,0.34081343,SE,Qwen/Qwen3-Embedding-8B
221,222,74,script-unrelated,Hubert begon te baden. Vol enthousiasme genoot hij van de,hoogte,want hij hield van vliegen.,0.3121981,SE,Qwen/Qwen3-Embedding-8B
222,223,75,control,Jenni begon de les. Direct opende ze het,schoolbord,en begon te schrijven.,0.43833062,SE,Qwen/Qwen3-Embedding-8B
223,224,75,script-related,Jenni stopte de les. Direct opende ze het,schoolbord,en begon te schrijven.,0.40138024,SE,Qwen/Qwen3-Embedding-8B
224,225,75,script-unrelated,Jenni betrad de ijshal. Direct opende ze het,schoolbord,en begon te schrijven.,0.26481155,SE,Qwen/Qwen3-Embedding-8B
225,226,76,control,Hans betrad de klimhal. Even later greep hij het,touw,en spande het.,0.32472518,SE,Qwen/Qwen3-Embedding-8B
226,227,76,script-related,Hans verliet de klimhal. Even later greep hij het,touw,en spande het.,0.28787887,SE,Qwen/Qwen3-Embedding-8B
227,228,76,script-unrelated,Hans begon te bowlen. Even later greep hij het,touw,en spande het.,0.3683949,SE,Qwen/Qwen3-Embedding-8B
228,229,77,control,Clara ging naar de schietbaan. Ze kreeg meteen een,revolver,en begon op het doel te schieten.,0.26258475,SE,Qwen/Qwen3-Embedding-8B
229,230,77,script-related,Clara verliet de schietbaan. Ze kreeg meteen een,revolver,en begon op het doel te schieten.,0.2914721,SE,Qwen/Qwen3-Embedding-8B
230,231,77,script-unrelated,Clara ging op een brandweerinzet. Ze kreeg meteen een,revolver,en begon op het doel te schieten.,0.2502056,SE,Qwen/Qwen3-Embedding-8B
231,232,78,control,Georg nam deel aan de yogales. Na een tijdje ging hij op zijn,yogamat,zitten en deed een oefening.,0.44414544,SE,Qwen/Qwen3-Embedding-8B
232,233,78,script-related,Georg kwam terug van de yogales. Na een tijdje ging hij op zijn,yogamat,zitten en deed een oefening.,0.433385,SE,Qwen/Qwen3-Embedding-8B
233,234,78,script-unrelated,Georg nam deel aan de voetbalwedstrijd. Na een tijdje ging hij op zijn,yogamat,zitten en deed een oefening.,0.25166732,SE,Qwen/Qwen3-Embedding-8B
234,235,79,control,Johanna begon de jacht. Na een tijdje zag ze de,jachthut,en liep erop af.,0.31702393,SE,Qwen/Qwen3-Embedding-8B
235,236,79,script-related,Johanna kwam terug van de jacht. Na een tijdje zag ze de,jachthut,en liep erop af.,0.2702959,SE,Qwen/Qwen3-Embedding-8B
236,237,79,script-unrelated,Johanna betrad de slagerij. Na een tijdje zag ze de,jachthut,en liep erop af.,0.254723,SE,Qwen/Qwen3-Embedding-8B
237,238,80,control,Jürgen betrad de bakkerij. Even later wees hij naar de,croissant,en maakte zijn keuze.,0.38352022,SE,Qwen/Qwen3-Embedding-8B
238,239,80,script-related,Jürgen verliet de bakkerij. Even later wees hij naar de,croissant,en maakte zijn keuze.,0.3686385,SE,Qwen/Qwen3-Embedding-8B
239,240,80,script-unrelated,Jürgen betrad de dierentuin. Even later wees hij naar de,croissant,en maakte zijn keuze.,0.26959547,SE,Qwen/Qwen3-Embedding-8B
240,241,81,control,Frauke ging naar het stadion. Snel koos ze een,tribune,en ging zitten.,0.23617612,SE,Qwen/Qwen3-Embedding-8B
241,242,81,script-related,Frauke verliet het stadion. Snel koos ze een,tribune,en ging zitten.,0.2439243,SE,Qwen/Qwen3-Embedding-8B
242,243,81,script-unrelated,Frauke ging naar de wasserette. Snel koos ze een,tribune,en ging zitten.,0.20089889,SE,Qwen/Qwen3-Embedding-8B
243,244,82,control,Bernd betrad de kiosk. Hij kocht meteen een,krant,en ging weer naar huis.,0.34482592,SE,Qwen/Qwen3-Embedding-8B
244,245,82,script-related,Bernd verliet de kiosk. Hij kocht meteen een,krant,en ging weer naar huis.,0.32187298,SE,Qwen/Qwen3-Embedding-8B
245,246,82,script-unrelated,Bernd betrad het circus. Hij kocht meteen een,krant,en ging weer naar huis.,0.31767988,SE,Qwen/Qwen3-Embedding-8B
246,247,83,control,Nicole betrad het kantoor. Eerst liep ze naar het,bureau,en zette toen de computer aan.,0.34940997,SE,Qwen/Qwen3-Embedding-8B
247,248,83,script-related,Nicole verliet het kantoor. Eerst liep ze naar het,bureau,en zette toen de computer aan.,0.32110623,SE,Qwen/Qwen3-Embedding-8B
248,249,83,script-unrelated,Nicole betrad de sauna. Eerst liep ze naar het,bureau,en zette toen de computer aan.,0.24798945,SE,Qwen/Qwen3-Embedding-8B
249,250,84,control,Viktor ging naar het lab. Snel begon hij het,experiment,en maakte aantekeningen.,0.34980157,SE,Qwen/Qwen3-Embedding-8B
250,251,84,script-related,Viktor verliet het lab. Snel begon hij het,experiment,en maakte aantekeningen.,0.38291642,SE,Qwen/Qwen3-Embedding-8B
251,252,84,script-unrelated,Viktor ging naar de dierenarts. Snel begon hij het,experiment,en maakte aantekeningen.,0.24095729,SE,Qwen/Qwen3-Embedding-8B
252,253,85,control,Gabi ging naar de paskamer. Snel paste ze de,kleding,en ging naar de kassa.,0.33333397,SE,Qwen/Qwen3-Embedding-8B
253,254,85,script-related,Gabi verliet de paskamer. Snel paste ze de,kleding,en ging naar de kassa.,0.3309464,SE,Qwen/Qwen3-Embedding-8B
254,255,85,script-unrelated,Gabi betrad de plaats delict. Snel paste ze de,kleding,en ging naar de kassa.,0.2871826,SE,Qwen/Qwen3-Embedding-8B
255,256,86,control,Jakob betrad het tankstation. Hij zei meteen zijn,nummer,en betaalde.,0.2562267,SE,Qwen/Qwen3-Embedding-8B
256,257,86,script-related,Jakob verliet het tankstation. Hij zei meteen zijn,nummer,en betaalde.,0.25586712,SE,Qwen/Qwen3-Embedding-8B
257,258,86,script-unrelated,Jakob begon bomen te kappen. Hij zei meteen zijn,nummer,en betaalde.,0.2365869,SE,Qwen/Qwen3-Embedding-8B
258,259,87,control,Hilde begon de koets te besturen. Snel beklom ze de,koets,en daar ging ze.,0.4088629,SE,Qwen/Qwen3-Embedding-8B
259,260,87,script-related,Hilde was klaar met de koets besturen. Snel beklom ze de,koets,en daar ging ze.,0.3928648,SE,Qwen/Qwen3-Embedding-8B
260,261,87,script-unrelated,Hilde begon een kampvuur. Snel beklom ze de,koets,en daar ging ze.,0.2567255,SE,Qwen/Qwen3-Embedding-8B
261,262,88,control,Tom begon ontbijt te maken. Hij opende meteen de,boter,en maakte een boterham.,0.4311868,SE,Qwen/Qwen3-Embedding-8B
262,263,88,script-related,Tom stopte met ontbijt maken. Hij opende meteen de,boter,en maakte een boterham.,0.4138742,SE,Qwen/Qwen3-Embedding-8B
263,264,88,script-unrelated,Tom ging naar de kerstmarkt. Hij opende meteen de,boter,en maakte een boterham.,0.32327226,SE,Qwen/Qwen3-Embedding-8B
264,265,89,control,Kim ging naar het ziekenhuis. Meteen liep ze naar de,receptie,en vroeg de weg.,0.27860805,SE,Qwen/Qwen3-Embedding-8B
265,266,89,script-related,Kim verliet het ziekenhuis. Meteen liep ze naar de,receptie,en vroeg de weg.,0.26792374,SE,Qwen/Qwen3-Embedding-8B
266,267,89,script-unrelated,Kim begon haar lunch te koken. Meteen liep ze naar de,receptie,en vroeg de weg.,0.23999488,SE,Qwen/Qwen3-Embedding-8B
267,268,90,control,Michael begon een taart te bakken. Als eerste pakte hij een,garde,en klopte het eiwit stijf.,0.29028022,SE,Qwen/Qwen3-Embedding-8B
268,269,90,script-related,Michael was klaar met een taart bakken. Als eerste pakte hij een,garde,en klopte het eiwit stijf.,0.2975109,SE,Qwen/Qwen3-Embedding-8B
269,270,90,script-unrelated,Michael betrad het restaurant. Als eerste pakte hij een,garde,en klopte het eiwit stijf.,0.29689825,SE,Qwen/Qwen3-Embedding-8B
0,1,1,control,Johan betrad het restaurant. Even later opende hij de,menukaart,en kreeg een overzicht.,0.2780907,SE,Qwen/Qwen3-Embedding-0.6B
1,2,1,script-related,Johan verliet het restaurant. Even later opende hij de,menukaart,en kreeg een overzicht.,0.23802052,SE,Qwen/Qwen3-Embedding-0.6B
2,3,1,script-unrelated,Johan betrad het appartement. Even later opende hij de,menukaart,en kreeg een overzicht.,0.24003768,SE,Qwen/Qwen3-Embedding-0.6B
3,4,2,control,Sabine betrad de bioscoop. Snel liep ze naar de,kassa,en kocht een kaartje.,0.25315076,SE,Qwen/Qwen3-Embedding-0.6B
4,5,2,script-related,Sabine verliet de bioscoop. Snel liep ze naar de,kassa,en kocht een kaartje.,0.19551678,SE,Qwen/Qwen3-Embedding-0.6B
5,6,2,script-unrelated,Sabine betrad de school. Snel liep ze naar de,kassa,en kocht een kaartje.,0.26762596,SE,Qwen/Qwen3-Embedding-0.6B
6,7,3,control,Kevin betrad de boerderij. Zonder te aarzelen pakte hij een,mestvork,en begon te scheppen.,0.30461046,SE,Qwen/Qwen3-Embedding-0.6B
7,8,3,script-related,Kevin verliet de boerderij. Zonder te aarzelen pakte hij een,mestvork,en begon te scheppen.,0.2523791,SE,Qwen/Qwen3-Embedding-0.6B
8,9,3,script-unrelated,Kevin betrad de kerk. Zonder te aarzelen pakte hij een,mestvork,en begon te scheppen.,0.32860744,SE,Qwen/Qwen3-Embedding-0.6B
9,10,4,control,Susi betrad de huisartsenpraktijk. Vriendelijk sprak ze met de,doktersassistente,over de problematiek.,0.41010013,SE,Qwen/Qwen3-Embedding-0.6B
10,11,4,script-related,Susi verliet de huisartsenpraktijk. Vriendelijk sprak ze met de,doktersassistente,over de problematiek.,0.39784268,SE,Qwen/Qwen3-Embedding-0.6B
11,12,4,script-unrelated,Susi betrad het verblijf. Vriendelijk sprak ze met de,doktersassistente,over de problematiek.,0.30606964,SE,Qwen/Qwen3-Embedding-0.6B
12,13,5,control,Roman betrad de bibliotheek. Kort daarna liep hij naar het,rek,en zocht een misdaadroman.,0.306317,SE,Qwen/Qwen3-Embedding-0.6B
13,14,5,script-related,Roman verliet de bibliotheek. Kort daarna liep hij naar het,rek,en zocht een misdaadroman.,0.30730137,SE,Qwen/Qwen3-Embedding-0.6B
14,15,5,script-unrelated,Roman betrad de kroeg. Kort daarna liep hij naar het,rek,en zocht een misdaadroman.,0.30282265,SE,Qwen/Qwen3-Embedding-0.6B
15,16,6,control,Lea begon spaghetti te koken. Voorzichtig opende ze het,pastapak,in één handbeweging.,0.28227302,SE,Qwen/Qwen3-Embedding-0.6B
16,17,6,script-related,Lea was klaar met spaghetti koken. Voorzichtig opende ze het,pastapak,in één handbeweging.,0.25477394,SE,Qwen/Qwen3-Embedding-0.6B
17,18,6,script-unrelated,Lea begon de muren te verven. Voorzichtig opende ze het,pastapak,in één handbeweging.,0.24779652,SE,Qwen/Qwen3-Embedding-0.6B
18,19,7,control,Peter bereikte het theater. Even later liep hij naar de,loge,en ging zitten.,0.17277145,SE,Qwen/Qwen3-Embedding-0.6B
19,20,7,script-related,Peter verliet het theater. Even later liep hij naar de,loge,en ging zitten.,0.13302408,SE,Qwen/Qwen3-Embedding-0.6B
20,21,7,script-unrelated,Peter bereikte de supermarkt. Even later liep hij naar de,loge,en ging zitten.,0.23315378,SE,Qwen/Qwen3-Embedding-0.6B
21,22,8,control,Lisa betrad het station. Even later was ze op het,perron,en wachtte op de trein.,0.23112798,SE,Qwen/Qwen3-Embedding-0.6B
22,23,8,script-related,Lisa verliet het station. Even later was ze op het,perron,en wachtte op de trein.,0.1997724,SE,Qwen/Qwen3-Embedding-0.6B
23,24,8,script-unrelated,Lisa betrad het huis. Even later was ze op het,perron,en wachtte op de trein.,0.2034417,SE,Qwen/Qwen3-Embedding-0.6B
24,25,9,control,Tim begon in de sportschool te trainen. Meteen stapte hij op de,loopband,en rende als een gek.,0.08139812,SE,Qwen/Qwen3-Embedding-0.6B
25,26,9,script-related,Tim stopte in de sportschool met trainen. Meteen stapte hij op de,loopband,en rende als een gek.,0.11771259,SE,Qwen/Qwen3-Embedding-0.6B
26,27,9,script-unrelated,Tim begon zijn rijles. Meteen stapte hij op de,loopband,en rende als een gek.,0.16157168,SE,Qwen/Qwen3-Embedding-0.6B
27,28,10,control,Maria bereikte het vliegveld. Ze liep meteen naar de,check-in,om de koffer af te geven.,0.3472731,SE,Qwen/Qwen3-Embedding-0.6B
28,29,10,script-related,Maria verliet het vliegveld. Ze liep meteen naar de,check-in,om de koffer af te geven.,0.28522193,SE,Qwen/Qwen3-Embedding-0.6B
29,30,10,script-unrelated,Maria bereikte het winkelcentrum. Ze liep meteen naar de,check-in,om de koffer af te geven.,0.2911571,SE,Qwen/Qwen3-Embedding-0.6B
30,31,11,control,Lukas kwam naar het verjaardagsfeest. Na een tijdje overhandigde hij de,taart,en feliciteerde hij de jarige.,0.24505699,SE,Qwen/Qwen3-Embedding-0.6B
31,32,11,script-related,Lukas verliet het verjaardagsfeest. Na een tijdje overhandigde hij de,taart,en feliciteerde hij de jarige.,0.24485902,SE,Qwen/Qwen3-Embedding-0.6B
32,33,11,script-unrelated,Lukas kwam naar de les. Na een tijdje overhandigde hij de,taart,en feliciteerde hij de jarige.,0.23768733,SE,Qwen/Qwen3-Embedding-0.6B
33,34,12,control,Marie ging naar de kapper. Even later vroeg ze de,styliste,om een nieuwe coupe.,0.21222025,SE,Qwen/Qwen3-Embedding-0.6B
34,35,12,script-related,Marie verliet de kapper. Even later vroeg ze de,styliste,om een nieuwe coupe.,0.23759133,SE,Qwen/Qwen3-Embedding-0.6B
35,36,12,script-unrelated,Marie ging naar de uni. Even later vroeg ze de,styliste,om een nieuwe coupe.,0.17576294,SE,Qwen/Qwen3-Embedding-0.6B
36,37,13,control,Thorsten begon te douchen. Als eerste gebruikte hij de,shampoo,en daarna de douchegel.,0.30182076,SE,Qwen/Qwen3-Embedding-0.6B
37,38,13,script-related,Thorsten stopte met douchen. Als eerste gebruikte hij de,shampoo,en daarna de douchegel.,0.31954476,SE,Qwen/Qwen3-Embedding-0.6B
38,39,13,script-unrelated,Thorsten begon te barbecueën. Als eerste gebruikte hij de,shampoo,en daarna de douchegel.,0.1744235,SE,Qwen/Qwen3-Embedding-0.6B
39,40,14,control,Claudia betrad de bloemenwinkel. Snel vroeg ze om een,roos,voor een vriendin.,0.21568036,SE,Qwen/Qwen3-Embedding-0.6B
40,41,14,script-related,Claudia verliet de bloemenwinkel. Snel vroeg ze om een,roos,voor een vriendin.,0.228107,SE,Qwen/Qwen3-Embedding-0.6B
41,42,14,script-unrelated,Claudia betrad de dierenwinkel. Snel vroeg ze om een,roos,voor een vriendin.,0.2511724,SE,Qwen/Qwen3-Embedding-0.6B
42,43,15,control,Jonathan ging naar de begraafplaats. Peinzend bekeek hij de,grafsteen,en sprak een gebed uit.,0.26755854,SE,Qwen/Qwen3-Embedding-0.6B
43,44,15,script-related,Jonathan verliet de begraafplaats. Peinzend bekeek hij de,grafsteen,en sprak een gebed uit.,0.24200298,SE,Qwen/Qwen3-Embedding-0.6B
44,45,15,script-unrelated,Jonathan ging naar de keuken. Peinzend bekeek hij de,grafsteen,en sprak een gebed uit.,0.18296833,SE,Qwen/Qwen3-Embedding-0.6B
45,46,16,control,Lara ging de tuin in. Aandachtig onderzocht ze de,aarde,en gaf toen de bloemen water.,0.27683127,SE,Qwen/Qwen3-Embedding-0.6B
46,47,16,script-related,Lara verliet de tuin. Aandachtig onderzocht ze de,aarde,en gaf toen de bloemen water.,0.3092701,SE,Qwen/Qwen3-Embedding-0.6B
47,48,16,script-unrelated,Lara ging naar het fornuis. Aandachtig onderzocht ze de,aarde,en gaf toen de bloemen water.,0.2510383,SE,Qwen/Qwen3-Embedding-0.6B
48,49,17,control,Roman ging naar het museum. Nauwkeurig bekeek hij de,sculpturen,en was enthousiast.,0.20758891,SE,Qwen/Qwen3-Embedding-0.6B
49,50,17,script-related,Roman verliet het museum.  Nauwkeurig bekeek hij de,sculpturen,en was enthousiast.,0.26880515,SE,Qwen/Qwen3-Embedding-0.6B
50,51,17,script-unrelated,Roman ging naar de boekhandel. Nauwkeurig bekeek hij de,sculpturen,en was enthousiast.,0.12909514,SE,Qwen/Qwen3-Embedding-0.6B
51,52,18,control,Annika ging naar de banketbakker. Snel vroeg ze om een,taart,en betaalde meteen.,0.27844104,SE,Qwen/Qwen3-Embedding-0.6B
52,53,18,script-related,Annika verliet de banketbakker. Snel vroeg ze om een,taart,en betaalde meteen.,0.3074112,SE,Qwen/Qwen3-Embedding-0.6B
53,54,18,script-unrelated,Annika ging naar de boetiek. Snel vroeg ze om een,taart,en betaalde meteen.,0.31751698,SE,Qwen/Qwen3-Embedding-0.6B
54,55,19,control,Emil betrad de spa. Na een tijdje kreeg hij een,massage,en genoot ervan.,0.3051331,SE,Qwen/Qwen3-Embedding-0.6B
55,56,19,script-related,Emil verliet de spa. Na een tijdje kreeg hij een,massage,en genoot ervan.,0.2863238,SE,Qwen/Qwen3-Embedding-0.6B
56,57,19,script-unrelated,Emil betrad de apotheek. Na een tijdje kreeg hij een,massage,en genoot ervan.,0.31368542,SE,Qwen/Qwen3-Embedding-0.6B
57,58,20,control,Susanne betrad de manege. Snel legde ze het,zadel,op en reed weg.,0.3317088,SE,Qwen/Qwen3-Embedding-0.6B
58,59,20,script-related,Susanne verliet de manege. Snel legde ze het,zadel,op en reed weg.,0.26829854,SE,Qwen/Qwen3-Embedding-0.6B
59,60,20,script-unrelated,Susanne betrad de badkamer. Snel legde ze het,zadel,op en reed weg.,0.26691595,SE,Qwen/Qwen3-Embedding-0.6B
60,61,21,control,Martin kwam bij de veiligheidscontrole. Vlot opende hij de,koffer,en werd doorgelaten.,0.2966869,SE,Qwen/Qwen3-Embedding-0.6B
61,62,21,script-related,Martin verliet de veiligheidscontrole. Vlot opende hij de,koffer,en werd doorgelaten.,0.2479481,SE,Qwen/Qwen3-Embedding-0.6B
62,63,21,script-unrelated,Martin kwam bij de garage. Vlot opende hij de,koffer,en werd doorgelaten.,0.31273094,SE,Qwen/Qwen3-Embedding-0.6B
63,64,22,control,Jutta ging naar de hotelreceptie. Direct kreeg ze een,kamer,en bedankte vriendelijk.,0.2310153,SE,Qwen/Qwen3-Embedding-0.6B
64,65,22,script-related,Jutta verliet de hotelreceptie. Direct kreeg ze een,kamer,en bedankte vriendelijk.,0.26581064,SE,Qwen/Qwen3-Embedding-0.6B
65,66,22,script-unrelated,Jutta ging naar het postkantoor. Direct kreeg ze een,kamer,en bedankte vriendelijk.,0.21193679,SE,Qwen/Qwen3-Embedding-0.6B
66,67,23,control,Jens ging naar de tandarts. Angstig liep hij naar de,röntgen,en liet zich behandelen.,0.17456704,SE,Qwen/Qwen3-Embedding-0.6B
67,68,23,script-related,Jens verliet de tandarts. Angstig liep hij naar de,röntgen,en liet zich behandelen.,0.18046325,SE,Qwen/Qwen3-Embedding-0.6B
68,69,23,script-unrelated,Jens ging naar de douane. Angstig liep hij naar de,röntgen,en liet zich behandelen.,0.17736627,SE,Qwen/Qwen3-Embedding-0.6B
69,70,24,control,Elena begon te pokeren. Snel zette ze haar,geld,in en won.,0.28029144,SE,Qwen/Qwen3-Embedding-0.6B
70,71,24,script-related,Elena stopte met pokeren. Snel zette ze haar,geld,in en won.,0.27404997,SE,Qwen/Qwen3-Embedding-0.6B
71,72,24,script-unrelated,Elena begon te tekenen. Snel zette ze haar,geld,in en won.,0.22705579,SE,Qwen/Qwen3-Embedding-0.6B
72,73,25,control,Bruno begon zijn vakantie. Eindelijk kwam hij bij de,zee,aan en genoot van het weer.,0.20774207,SE,Qwen/Qwen3-Embedding-0.6B
73,74,25,script-related,Bruno beëindigde zijn vakantie. Eindelijk kwam hij bij de,zee,aan en genoot van het weer.,0.2558304,SE,Qwen/Qwen3-Embedding-0.6B
74,75,25,script-unrelated,Bruno begon zijn filmavond. Eindelijk kwam hij bij de,zee,aan en genoot van het weer.,0.15348814,SE,Qwen/Qwen3-Embedding-0.6B
75,76,26,control,Jana betrad het gemeentehuis. Meteen toonde ze haar,visum,en diende een aanvraag in.,0.22059123,SE,Qwen/Qwen3-Embedding-0.6B
76,77,26,script-related,Jana verliet het gemeentehuis. Meteen toonde ze haar,visum,en diende een aanvraag in.,0.20254305,SE,Qwen/Qwen3-Embedding-0.6B
77,78,26,script-unrelated,Jana betrad het tuincentrum. Meteen toonde ze haar,visum,en diende een aanvraag in.,0.26667306,SE,Qwen/Qwen3-Embedding-0.6B
78,79,27,control,Nico ging naar de kermis. Direct liep hij naar de,botsauto's,en reed een rondje.,0.19910309,SE,Qwen/Qwen3-Embedding-0.6B
79,80,27,script-related,Nico verliet de kermis. Direct liep hij naar de,botsauto's,en reed een rondje.,0.2534205,SE,Qwen/Qwen3-Embedding-0.6B
80,81,27,script-unrelated,Nico ging naar de pizzeria. Direct liep hij naar de,botsauto's,en reed een rondje.,0.22001271,SE,Qwen/Qwen3-Embedding-0.6B
81,82,28,control,Beate ging wandelen. Na een tijdje zag ze een,edelweiss,die ze meteen meenam.,0.31137532,SE,Qwen/Qwen3-Embedding-0.6B
82,83,28,script-related,Beate kwam terug van het wandelen. Na een tijdje zag ze een,edelweiss,die ze meteen meenam.,0.28834262,SE,Qwen/Qwen3-Embedding-0.6B
83,84,28,script-unrelated,Beate ging zwemmen. Na een tijdje zag ze een,edelweiss,die ze meteen meenam.,0.31332764,SE,Qwen/Qwen3-Embedding-0.6B
84,85,29,control,Hubert nam een taxi. Vriendelijk begroette hij de,chauffeur,en noemde zijn bestemming.,0.37583652,SE,Qwen/Qwen3-Embedding-0.6B
85,86,29,script-related,Hubert verliet de taxi. Vriendelijk begroette hij de,chauffeur,en noemde zijn bestemming.,0.31239307,SE,Qwen/Qwen3-Embedding-0.6B
86,87,29,script-unrelated,Hubert nam een vliegtuig. Vriendelijk begroette hij de,chauffeur,en noemde zijn bestemming.,0.28828835,SE,Qwen/Qwen3-Embedding-0.6B
87,88,30,control,Jenni begon te baden. Ze verdeelde meteen het,schuim,over haar lichaam.,0.24377714,SE,Qwen/Qwen3-Embedding-0.6B
88,89,30,script-related,Jenni stopte met baden. Ze verdeelde meteen het,schuim,over haar lichaam.,0.19314894,SE,Qwen/Qwen3-Embedding-0.6B
89,90,30,script-unrelated,Jenni begon de hoorcollege. Ze verdeelde meteen het,schuim,over haar lichaam.,0.31112427,SE,Qwen/Qwen3-Embedding-0.6B
90,91,31,control,Hans betrad de ijshal. Hij trok vlot zijn,schaatsen,aan en ging de baan op.,0.3233984,SE,Qwen/Qwen3-Embedding-0.6B
91,92,31,script-related,Hans verliet de ijshal. Hij trok vlot zijn,schaatsen,aan en ging de baan op.,0.30900592,SE,Qwen/Qwen3-Embedding-0.6B
92,93,31,script-unrelated,Hans betrad de klimhal. Hij trok vlot zijn,schaatsen,aan en ging de baan op.,0.36211514,SE,Qwen/Qwen3-Embedding-0.6B
93,94,32,control,Clara begon te bowlen. Vakkundig behaalde ze een,strike,en won het spel.,0.26248777,SE,Qwen/Qwen3-Embedding-0.6B
94,95,32,script-related,Clara stopte met bowlen. Vakkundig behaalde ze een,strike,en won het spel.,0.3008723,SE,Qwen/Qwen3-Embedding-0.6B
95,96,32,script-unrelated,Clara ging naar de schietbaan. Vakkundig behaalde ze een,strike,en won het spel.,0.2449555,SE,Qwen/Qwen3-Embedding-0.6B
96,97,33,control,Georg nam deel aan een brandweerinzet. Hij gebruikte meteen de,slang,en bluste het vuur.,0.15732029,SE,Qwen/Qwen3-Embedding-0.6B
97,98,33,script-related,Georg beëindigde een brandweerinzet. Hij gebruikte meteen de,slang,en bluste het vuur.,0.15216224,SE,Qwen/Qwen3-Embedding-0.6B
98,99,33,script-unrelated,Georg nam deel aan yoga. Hij gebruikte meteen de,slang,en bluste het vuur.,0.120983,SE,Qwen/Qwen3-Embedding-0.6B
99,100,34,control,Johanna begon de voetbalwedstrijd. Na korte tijd maakte ze een,doelpunt,en juichte luid.,0.3110617,SE,Qwen/Qwen3-Embedding-0.6B
100,101,34,script-related,Johanna beëindigde de voetbalwedstrijd. Na korte tijd maakte ze een,doelpunt,en juichte luid.,0.32508537,SE,Qwen/Qwen3-Embedding-0.6B
101,102,34,script-unrelated,Johanna begon de jacht. Na korte tijd maakte ze een,doelpunt,en juichte luid.,0.3100924,SE,Qwen/Qwen3-Embedding-0.6B
102,103,35,control,Jürgen betrad de slagerij. Hij vroeg meteen om een,steak,en betaalde.,0.22426867,SE,Qwen/Qwen3-Embedding-0.6B
103,104,35,script-related,Jürgen verliet de slagerij. Hij vroeg meteen om een,steak,en betaalde.,0.15546736,SE,Qwen/Qwen3-Embedding-0.6B
104,105,35,script-unrelated,Jürgen betrad de bakkerij. Hij vroeg meteen om een,steak,en betaalde.,0.2781352,SE,Qwen/Qwen3-Embedding-0.6B
105,106,36,control,Frauke betrad de dierentuin. Even later fotografeerde ze een,zebra,die aan het drinken was.,0.2873179,SE,Qwen/Qwen3-Embedding-0.6B
106,107,36,script-related,Frauke verliet de dierentuin. Even later fotografeerde ze een,zebra,die aan het drinken was.,0.2740314,SE,Qwen/Qwen3-Embedding-0.6B
107,108,36,script-unrelated,Frauke ging naar het stadion. Even later fotografeerde ze een,zebra,die aan het drinken was.,0.21096781,SE,Qwen/Qwen3-Embedding-0.6B
108,109,37,control,Bernd betrad de wasserette. Snel koos hij het,wasprogramma,en zette de machine aan.,0.20360175,SE,Qwen/Qwen3-Embedding-0.6B
109,110,37,script-related,Bernd verliet de wasserette. Snel koos hij het,wasprogramma,en zette de machine aan.,0.1637067,SE,Qwen/Qwen3-Embedding-0.6B
110,111,37,script-unrelated,Bernd betrad de kiosk. Snel koos hij het,wasprogramma,en zette de machine aan.,0.20162311,SE,Qwen/Qwen3-Embedding-0.6B
111,112,38,control,Nicole ging naar het circus. Al snel ging ze op de,tribune,zitten en bekeek het spektakel.,0.2017607,SE,Qwen/Qwen3-Embedding-0.6B
112,113,38,script-related,Nicole verliet het circus. Al snel ging ze op de,tribune,zitten en bekeek het spektakel.,0.20327914,SE,Qwen/Qwen3-Embedding-0.6B
113,114,38,script-unrelated,Nicole ging naar het kantoor. Al snel ging ze op de,tribune,zitten en bekeek het spektakel.,0.15845895,SE,Qwen/Qwen3-Embedding-0.6B
114,115,39,control,Viktor ging naar de sauna. Na een tijdje maakte hij een,opgieting,en ging liggen.,0.18743363,SE,Qwen/Qwen3-Embedding-0.6B
115,116,39,script-related,Viktor verliet de sauna. Na een tijdje maakte hij een,opgieting,en ging liggen.,0.16518034,SE,Qwen/Qwen3-Embedding-0.6B
116,117,39,script-unrelated,Viktor ging naar het lab. Na een tijdje maakte hij een,opgieting,en ging liggen.,0.21112406,SE,Qwen/Qwen3-Embedding-0.6B
117,118,40,control,Gabi ging naar de dierenarts. Een moment later vroeg ze de,assistente,om medicijnen.,0.21014413,SE,Qwen/Qwen3-Embedding-0.6B
118,119,40,script-related,Gabi verliet de dierenarts. Een moment later vroeg ze de,assistente,om medicijnen.,0.23418622,SE,Qwen/Qwen3-Embedding-0.6B
119,120,40,script-unrelated,Gabi ging naar de kleedkamer. Een moment later vroeg ze de,assistente,om medicijnen.,0.18356231,SE,Qwen/Qwen3-Embedding-0.6B
120,121,41,control,Jakob betrad de plaats delict. Kort daarna fotografeerde hij de,bloedspatten,en was verbaasd.,0.24956563,SE,Qwen/Qwen3-Embedding-0.6B
121,122,41,script-related,Jakob verliet de plaats delict. Kort daarna fotografeerde hij de,bloedspatten,en was verbaasd.,0.19104737,SE,Qwen/Qwen3-Embedding-0.6B
122,123,41,script-unrelated,Jakob betrad het tankstation. Kort daarna fotografeerde hij de,bloedspatten,en was verbaasd.,0.25412974,SE,Qwen/Qwen3-Embedding-0.6B
123,124,42,control,Peter begon bomen te kappen. Na een tijdje gebruikte hij de,bijl,en raakte gericht de stam.,0.3021093,SE,Qwen/Qwen3-Embedding-0.6B
124,125,42,script-related,Peter stopte met bomen kappen. Na een tijdje gebruikte hij de,bijl,en raakte gericht de stam.,0.25390658,SE,Qwen/Qwen3-Embedding-0.6B
125,126,42,script-unrelated,Peter begon de koets te rijden. Na een tijdje gebruikte hij de,bijl,en raakte gericht de stam.,0.3282398,SE,Qwen/Qwen3-Embedding-0.6B
126,127,43,control,Tom begon een kampvuur. Meteen stapelde hij het,hout,en stak het aan.,0.29262784,SE,Qwen/Qwen3-Embedding-0.6B
127,128,43,script-related,Tom beëindigde het kampvuur. Meteen stapelde hij het,hout,en stak het aan.,0.32150155,SE,Qwen/Qwen3-Embedding-0.6B
128,129,43,script-unrelated,Tom begon ontbijt te maken. Meteen stapelde hij het,hout,en stak het aan.,0.23411109,SE,Qwen/Qwen3-Embedding-0.6B
129,130,44,control,Kim ging naar de kerstmarkt. Kort daarna bereikte hij de,kerstkraampjes,en snuffelde naar cadeaus.,0.25419307,SE,Qwen/Qwen3-Embedding-0.6B
130,131,44,script-related,Kim verliet de kerstmarkt. Kort daarna bereikte hij de,kerstkraampjes,en snuffelde naar cadeaus.,0.26821864,SE,Qwen/Qwen3-Embedding-0.6B
131,132,44,script-unrelated,Kim ging naar het ziekenhuis. Kort daarna bereikte hij de,kerstkraampjes,en snuffelde naar cadeaus.,0.18564047,SE,Qwen/Qwen3-Embedding-0.6B
132,133,45,control,Michael begon zijn lunch te koken. Snel sneed hij de,groenten,en gooide het in de pot.,0.26306197,SE,Qwen/Qwen3-Embedding-0.6B
133,134,45,script-related,Michael was klaar met zijn lunch koken. Snel sneed hij de,groenten,en gooide het in de pot.,0.22671592,SE,Qwen/Qwen3-Embedding-0.6B
134,135,45,script-unrelated,Michael begon een taart te bakken. Snel sneed hij de,groenten,en gooide het in de pot.,0.26878566,SE,Qwen/Qwen3-Embedding-0.6B
135,136,46,control,Johan betrad het appartement. Meteen ging hij op het,bed,zitten en dacht na over de dag.,0.26762688,SE,Qwen/Qwen3-Embedding-0.6B
136,137,46,script-related,Johan verliet het appartement. Meteen ging hij op het,bed,zitten en dacht na over de dag.,0.19358999,SE,Qwen/Qwen3-Embedding-0.6B
137,138,46,script-unrelated,Johan betrad de bioscoop. Meteen ging hij op het,bed,zitten en dacht na over de dag.,0.2412918,SE,Qwen/Qwen3-Embedding-0.6B
138,139,47,control,Sabine betrad de school. Snel liep ze naar het,klaslokaal,en groette de leerlingen.,0.29830247,SE,Qwen/Qwen3-Embedding-0.6B
139,140,47,script-related,Sabine verliet de school. Snel liep ze naar het,klaslokaal,en groette de leerlingen.,0.25592953,SE,Qwen/Qwen3-Embedding-0.6B
140,141,47,script-unrelated,Sabine betrad de boerderij. Snel liep ze naar het,klaslokaal,en groette de leerlingen.,0.22069049,SE,Qwen/Qwen3-Embedding-0.6B
141,142,48,control,Kevin betrad de kerk. Voorzichtig pakte hij een,kaars,en stak hem aan.,0.38346717,SE,Qwen/Qwen3-Embedding-0.6B
142,143,48,script-related,Kevin verliet de kerk. Voorzichtig pakte hij een,kaars,en stak hem aan.,0.27004126,SE,Qwen/Qwen3-Embedding-0.6B
143,144,48,script-unrelated,Kevin betrad de huisartsenpraktijk. Voorzichtig pakte hij een,kaars,en stak hem aan.,0.2842954,SE,Qwen/Qwen3-Embedding-0.6B
144,145,49,control,Susi betrad het verblijf. Nauwkeurig beoordeelde ze het,kalf,en maakte aantekeningen.,0.25290236,SE,Qwen/Qwen3-Embedding-0.6B
145,146,49,script-related,Susi verliet het verblijf. Nauwkeurig beoordeelde ze het,kalf,en maakte aantekeningen.,0.23893736,SE,Qwen/Qwen3-Embedding-0.6B
146,147,49,script-unrelated,Susi betrad de bibliotheek. Nauwkeurig beoordeelde ze het,kalf,en maakte aantekeningen.,0.27513218,SE,Qwen/Qwen3-Embedding-0.6B
147,148,50,control,Thomas betrad de kroeg. Haastig riep hij de,ober,en bestelde een biertje.,0.3190607,SE,Qwen/Qwen3-Embedding-0.6B
148,149,50,script-related,Thomas verliet de kroeg. Haastig riep hij de,ober,en bestelde een biertje.,0.21448426,SE,Qwen/Qwen3-Embedding-0.6B
149,150,50,script-unrelated,Thomas begon spaghetti te koken. Haastig riep hij de,ober,en bestelde een biertje.,0.23632948,SE,Qwen/Qwen3-Embedding-0.6B
150,151,51,control,Lea begon de muren te verven. Ze koos snel een,kwast,uit en begon te verven.,0.24412134,SE,Qwen/Qwen3-Embedding-0.6B
151,152,51,script-related,Lea was klaar met de muren verven. Ze koos snel een,kwast,uit en begon te verven.,0.27435458,SE,Qwen/Qwen3-Embedding-0.6B
152,153,51,script-unrelated,Lea bereikte het theater. Ze koos snel een,kwast,uit en begon te verven.,0.26399004,SE,Qwen/Qwen3-Embedding-0.6B
153,154,52,control,Peter bereikte de supermarkt. Snel kocht hij wat,groenten,om 's avonds te koken.,0.29461014,SE,Qwen/Qwen3-Embedding-0.6B
154,155,52,script-related,Peter verliet de supermarkt. Snel kocht hij wat,groenten,om 's avonds te koken.,0.2933838,SE,Qwen/Qwen3-Embedding-0.6B
155,156,52,script-unrelated,Peter bereikte het station. Snel kocht hij wat,groenten,om 's avonds te koken.,0.25885475,SE,Qwen/Qwen3-Embedding-0.6B
156,157,53,control,Lisa betrad het huis. Kort daarna checkte ze de,koelkast,en zocht iets te eten.,0.2509498,SE,Qwen/Qwen3-Embedding-0.6B
157,158,53,script-related,Lisa verliet het huis. Kort daarna checkte ze de,koelkast,en zocht iets te eten.,0.24912502,SE,Qwen/Qwen3-Embedding-0.6B
158,159,53,script-unrelated,Lisa begon in de sportschool te trainen. Kort daarna checkte ze de,koelkast,en zocht iets te eten.,0.25699818,SE,Qwen/Qwen3-Embedding-0.6B
159,160,54,control,Tim begon zijn rijles. Gejaagd drukte hij op het,gaspedaal,en reed weg.,0.33477253,SE,Qwen/Qwen3-Embedding-0.6B
160,161,54,script-related,Tim beëindigde zijn rijles. Gejaagd drukte hij op het,gaspedaal,en reed weg.,0.33717948,SE,Qwen/Qwen3-Embedding-0.6B
161,162,54,script-unrelated,Tim ging naar het vliegveld. Gejaagd drukte hij op het,gaspedaal,en reed weg.,0.30981657,SE,Qwen/Qwen3-Embedding-0.6B
162,163,55,control,Maria bereikte het winkelcentrum. Meteen begroette ze de,verkoopster,en koos iets uit.,0.30070972,SE,Qwen/Qwen3-Embedding-0.6B
163,164,55,script-related,Maria verliet het winkelcentrum. Meteen begroette ze de,verkoopster,en koos iets uit.,0.32393607,SE,Qwen/Qwen3-Embedding-0.6B
164,165,55,script-unrelated,Maria bereikte het verjaardagsfeest. Meteen begroette ze de,verkoopster,en koos iets uit.,0.20203471,SE,Qwen/Qwen3-Embedding-0.6B
165,166,56,control,Lukas begon het college. Haastig begroette hij zijn,studenten,en begon.,0.3557615,SE,Qwen/Qwen3-Embedding-0.6B
166,167,56,script-related,Lukas beëindigde het college. Haastig begroette hij zijn,studenten,en begon.,0.3489442,SE,Qwen/Qwen3-Embedding-0.6B
167,168,56,script-unrelated,Lukas ging naar de kapper. Haastig begroette hij zijn,studenten,en begon.,0.18321487,SE,Qwen/Qwen3-Embedding-0.6B
168,169,57,control,Marie ging naar de uni. Haastig betrad ze de,collegezaal,en opende haar boek.,0.2630174,SE,Qwen/Qwen3-Embedding-0.6B
169,170,57,script-related,Marie verliet de uni. Haastig betrad ze de,collegezaal,en opende haar boek.,0.3013814,SE,Qwen/Qwen3-Embedding-0.6B
170,171,57,script-unrelated,Marie ging douchen. Haastig betrad ze de,collegezaal,en opende haar boek.,0.2600321,SE,Qwen/Qwen3-Embedding-0.6B
171,172,58,control,Thorsten begon te barbecueën. Voorzichtig plaatste hij de,aanmaakblokjes,en zocht de tang.,0.17609063,SE,Qwen/Qwen3-Embedding-0.6B
172,173,58,script-related,Thorsten stopte met barbecueën. Voorzichtig plaatste hij de,aanmaakblokjes,en zocht de tang.,0.20085326,SE,Qwen/Qwen3-Embedding-0.6B
173,174,58,script-unrelated,Thorsten betrad de bloemenwinkel. Voorzichtig plaatste hij de,aanmaakblokjes,en zocht de tang.,0.27239007,SE,Qwen/Qwen3-Embedding-0.6B
174,175,59,control,Claudia betrad de dierenwinkel. Een tijdje stond ze bij de,kooi,en dacht na over de koop.,0.27675486,SE,Qwen/Qwen3-Embedding-0.6B
175,176,59,script-related,Claudia verliet de dierenwinkel. Een tijdje stond ze bij de,kooi,en dacht na over de koop.,0.25761974,SE,Qwen/Qwen3-Embedding-0.6B
176,177,59,script-unrelated,Claudia betrad de begraafplaats. Een tijdje stond ze bij de,kooi,en dacht na over de koop.,0.2705953,SE,Qwen/Qwen3-Embedding-0.6B
177,178,60,control,Jonathan ging naar de keuken. Eerst reinigde hij de,oven,en daarna de koelkast.,0.22831425,SE,Qwen/Qwen3-Embedding-0.6B
178,179,60,script-related,Jonathan verliet de keuken. Eerst reinigde hij de,oven,en daarna de koelkast.,0.32909146,SE,Qwen/Qwen3-Embedding-0.6B
179,180,60,script-unrelated,Jonathan ging de tuin in. Eerst reinigde hij de,oven,en daarna de koelkast.,0.1779943,SE,Qwen/Qwen3-Embedding-0.6B
180,181,61,control,Lara liep naar het fornuis. Snel reinigde ze de,kookplaat,en daarna de afzuigkap.,0.26932997,SE,Qwen/Qwen3-Embedding-0.6B
181,182,61,script-related,Lara liep weg van het fornuis. Snel reinigde ze de,kookplaat,en daarna de afzuigkap.,0.25266674,SE,Qwen/Qwen3-Embedding-0.6B
182,183,61,script-unrelated,Lara ging naar het museum. Snel reinigde ze de,kookplaat,en daarna de afzuigkap.,0.17301413,SE,Qwen/Qwen3-Embedding-0.6B
183,184,62,control,Roman ging naar de boekhandel. Snel zocht hij een,roman,voor zijn vrouw.,0.34416533,SE,Qwen/Qwen3-Embedding-0.6B
184,185,62,script-related,Roman verliet de boekhandel. Snel zocht hij een,roman,voor zijn vrouw.,0.30270353,SE,Qwen/Qwen3-Embedding-0.6B
185,186,62,script-unrelated,Roman ging naar de banketbakker. Snel zocht hij een,roman,voor zijn vrouw.,0.3508443,SE,Qwen/Qwen3-Embedding-0.6B
186,187,63,control,Annika ging naar de boetiek. Ze zocht een tijdje naar,laarzen,en kocht ze toen.,0.26163307,SE,Qwen/Qwen3-Embedding-0.6B
187,188,63,script-related,Annika verliet de boetiek. Ze zocht een tijdje naar,laarzen,en kocht ze toen.,0.32484508,SE,Qwen/Qwen3-Embedding-0.6B
188,189,63,script-unrelated,Annika ging naar de spa. Ze zocht een tijdje naar,laarzen,en kocht ze toen.,0.24503903,SE,Qwen/Qwen3-Embedding-0.6B
189,190,64,control,Emil betrad de apotheek. Snel kocht hij het,medicijn,en ging toen naar huis.,0.42462093,SE,Qwen/Qwen3-Embedding-0.6B
190,191,64,script-related,Emil verliet de apotheek. Snel kocht hij het,medicijn,en ging toen naar huis.,0.39485866,SE,Qwen/Qwen3-Embedding-0.6B
191,192,64,script-unrelated,Emil betrad de manege. Snel kocht hij het,medicijn,en ging toen naar huis.,0.30178252,SE,Qwen/Qwen3-Embedding-0.6B
192,193,65,control,Susanne betrad de badkamer. Direct verwijderde ze haar,make-up,en poetste haar tanden.,0.20490746,SE,Qwen/Qwen3-Embedding-0.6B
193,194,65,script-related,Susanne verliet de badkamer. Direct verwijderde ze haar,make-up,en poetste haar tanden.,0.17442442,SE,Qwen/Qwen3-Embedding-0.6B
194,195,65,script-unrelated,Susanne ging naar de veiligheidscontrole. Direct verwijderde ze haar,make-up,en poetste haar tanden.,0.1760004,SE,Qwen/Qwen3-Embedding-0.6B
195,196,66,control,Martin kwam bij de garage. Meteen vroeg hij naar,banden,voor de winter.,0.23812795,SE,Qwen/Qwen3-Embedding-0.6B
196,197,66,script-related,Martin verliet de garage. Meteen vroeg hij naar,banden,voor de winter.,0.24795985,SE,Qwen/Qwen3-Embedding-0.6B
197,198,66,script-unrelated,Martin kwam bij de hotelreceptie. Meteen vroeg hij naar,banden,voor de winter.,0.20940948,SE,Qwen/Qwen3-Embedding-0.6B
198,199,67,control,Jutta ging naar het postkantoor. Meteen kreeg ze het,pakket,waarop ze had gewacht.,0.2193744,SE,Qwen/Qwen3-Embedding-0.6B
199,200,67,script-related,Jutta verliet het postkantoor. Meteen kreeg ze het,pakket,waarop ze had gewacht.,0.22190647,SE,Qwen/Qwen3-Embedding-0.6B
200,201,67,script-unrelated,Jutta ging naar de tandarts. Meteen kreeg ze het,pakket,waarop ze had gewacht.,0.20882009,SE,Qwen/Qwen3-Embedding-0.6B
201,202,68,control,Jens ging naar de douane. Snel toonde hij zijn,formulier,en keek de beambte aan.,0.22091563,SE,Qwen/Qwen3-Embedding-0.6B
202,203,68,script-related,Jens verliet de douane. Snel toonde hij zijn,formulier,en keek de beambte aan.,0.22623044,SE,Qwen/Qwen3-Embedding-0.6B
203,204,68,script-unrelated,Jens begon te pokeren. Snel toonde hij zijn,formulier,en keek de beambte aan.,0.17604378,SE,Qwen/Qwen3-Embedding-0.6B
204,205,69,control,Elena begon te tekenen. Meteen pakte ze het,potlood,en tekende een bloem.,0.22588603,SE,Qwen/Qwen3-Embedding-0.6B
205,206,69,script-related,Elena stopte met tekenen. Meteen pakte ze het,potlood,en tekende een bloem.,0.19917712,SE,Qwen/Qwen3-Embedding-0.6B
206,207,69,script-unrelated,Elena begon de vakantie. Meteen pakte ze het,potlood,en tekende een bloem.,0.2131284,SE,Qwen/Qwen3-Embedding-0.6B
207,208,70,control,Bruno begon zijn filmavond. Snel haalde hij de,popcorn,uit de keuken.,0.21085721,SE,Qwen/Qwen3-Embedding-0.6B
208,209,70,script-related,Bruno beëindigde zijn filmavond. Snel haalde hij de,popcorn,uit de keuken.,0.23527077,SE,Qwen/Qwen3-Embedding-0.6B
209,210,70,script-unrelated,Bruno betrad het gemeentehuis. Snel haalde hij de,popcorn,uit de keuken.,0.120083936,SE,Qwen/Qwen3-Embedding-0.6B
210,211,71,control,Jana betrad het tuincentrum. Na een tijdje vroeg ze om een,palmboom,voor het balkon.,0.35717902,SE,Qwen/Qwen3-Embedding-0.6B
211,212,71,script-related,Jana verliet het tuincentrum. Na een tijdje vroeg ze om een,palmboom,voor het balkon.,0.34971753,SE,Qwen/Qwen3-Embedding-0.6B
212,213,71,script-unrelated,Jana ging naar de kermis. Na een tijdje vroeg ze om een,palmboom,voor het balkon.,0.27082834,SE,Qwen/Qwen3-Embedding-0.6B
213,214,72,control,Nico ging naar de pizzeria. Hij greep meteen de,menukaart,en bestelde een margherita.,0.23884296,SE,Qwen/Qwen3-Embedding-0.6B
214,215,72,script-related,Nico verliet de pizzeria. Hij greep meteen de,menukaart,en bestelde een margherita.,0.27921873,SE,Qwen/Qwen3-Embedding-0.6B
215,216,72,script-unrelated,Nico ging wandelen. Hij greep meteen de,menukaart,en bestelde een margherita.,0.2833773,SE,Qwen/Qwen3-Embedding-0.6B
216,217,73,control,Beate ging zwemmen. Snel controleerde ze het,bassin,en zwom weg.,0.3418205,SE,Qwen/Qwen3-Embedding-0.6B
217,218,73,script-related,Beate kwam terug van het zwemmen. Snel controleerde ze het,bassin,en zwom weg.,0.25797215,SE,Qwen/Qwen3-Embedding-0.6B
218,219,73,script-unrelated,Beate ging met de taxi. Snel controleerde ze het,bassin,en zwom weg.,0.2608351,SE,Qwen/Qwen3-Embedding-0.6B
219,220,74,control,Hubert nam een vliegtuig. Vol enthousiasme genoot hij van de,hoogte,want hij hield van vliegen.,0.2808526,SE,Qwen/Qwen3-Embedding-0.6B
220,221,74,script-related,Hubert verliet het vliegtuig. Vol enthousiasme genoot hij van de,hoogte,want hij hield van vliegen.,0.22904782,SE,Qwen/Qwen3-Embedding-0.6B
221,222,74,script-unrelated,Hubert begon te baden. Vol enthousiasme genoot hij van de,hoogte,want hij hield van vliegen.,0.29592657,SE,Qwen/Qwen3-Embedding-0.6B
222,223,75,control,Jenni begon de les. Direct opende ze het,schoolbord,en begon te schrijven.,0.29578015,SE,Qwen/Qwen3-Embedding-0.6B
223,224,75,script-related,Jenni stopte de les. Direct opende ze het,schoolbord,en begon te schrijven.,0.25888395,SE,Qwen/Qwen3-Embedding-0.6B
224,225,75,script-unrelated,Jenni betrad de ijshal. Direct opende ze het,schoolbord,en begon te schrijven.,0.36447015,SE,Qwen/Qwen3-Embedding-0.6B
225,226,76,control,Hans betrad de klimhal. Even later greep hij het,touw,en spande het.,0.30248192,SE,Qwen/Qwen3-Embedding-0.6B
226,227,76,script-related,Hans verliet de klimhal. Even later greep hij het,touw,en spande het.,0.26820624,SE,Qwen/Qwen3-Embedding-0.6B
227,228,76,script-unrelated,Hans begon te bowlen. Even later greep hij het,touw,en spande het.,0.35635906,SE,Qwen/Qwen3-Embedding-0.6B
228,229,77,control,Clara ging naar de schietbaan. Ze kreeg meteen een,revolver,en begon op het doel te schieten.,0.20815337,SE,Qwen/Qwen3-Embedding-0.6B
229,230,77,script-related,Clara verliet de schietbaan. Ze kreeg meteen een,revolver,en begon op het doel te schieten.,0.22050254,SE,Qwen/Qwen3-Embedding-0.6B
230,231,77,script-unrelated,Clara ging op een brandweerinzet. Ze kreeg meteen een,revolver,en begon op het doel te schieten.,0.21477747,SE,Qwen/Qwen3-Embedding-0.6B
231,232,78,control,Georg nam deel aan de yogales. Na een tijdje ging hij op zijn,yogamat,zitten en deed een oefening.,0.33798233,SE,Qwen/Qwen3-Embedding-0.6B
232,233,78,script-related,Georg kwam terug van de yogales. Na een tijdje ging hij op zijn,yogamat,zitten en deed een oefening.,0.3223599,SE,Qwen/Qwen3-Embedding-0.6B
233,234,78,script-unrelated,Georg nam deel aan de voetbalwedstrijd. Na een tijdje ging hij op zijn,yogamat,zitten en deed een oefening.,0.23287225,SE,Qwen/Qwen3-Embedding-0.6B
234,235,79,control,Johanna begon de jacht. Na een tijdje zag ze de,jachthut,en liep erop af.,0.38353834,SE,Qwen/Qwen3-Embedding-0.6B
235,236,79,script-related,Johanna kwam terug van de jacht. Na een tijdje zag ze de,jachthut,en liep erop af.,0.33366168,SE,Qwen/Qwen3-Embedding-0.6B
236,237,79,script-unrelated,Johanna betrad de slagerij. Na een tijdje zag ze de,jachthut,en liep erop af.,0.3264928,SE,Qwen/Qwen3-Embedding-0.6B
237,238,80,control,Jürgen betrad de bakkerij. Even later wees hij naar de,croissant,en maakte zijn keuze.,0.23705705,SE,Qwen/Qwen3-Embedding-0.6B
238,239,80,script-related,Jürgen verliet de bakkerij. Even later wees hij naar de,croissant,en maakte zijn keuze.,0.13753903,SE,Qwen/Qwen3-Embedding-0.6B
239,240,80,script-unrelated,Jürgen betrad de dierentuin. Even later wees hij naar de,croissant,en maakte zijn keuze.,0.22701547,SE,Qwen/Qwen3-Embedding-0.6B
240,241,81,control,Frauke ging naar het stadion. Snel koos ze een,tribune,en ging zitten.,0.26241285,SE,Qwen/Qwen3-Embedding-0.6B
241,242,81,script-related,Frauke verliet het stadion. Snel koos ze een,tribune,en ging zitten.,0.25665474,SE,Qwen/Qwen3-Embedding-0.6B
242,243,81,script-unrelated,Frauke ging naar de wasserette. Snel koos ze een,tribune,en ging zitten.,0.2092447,SE,Qwen/Qwen3-Embedding-0.6B
243,244,82,control,Bernd betrad de kiosk. Hij kocht meteen een,krant,en ging weer naar huis.,0.24032505,SE,Qwen/Qwen3-Embedding-0.6B
244,245,82,script-related,Bernd verliet de kiosk. Hij kocht meteen een,krant,en ging weer naar huis.,0.2054195,SE,Qwen/Qwen3-Embedding-0.6B
245,246,82,script-unrelated,Bernd betrad het circus. Hij kocht meteen een,krant,en ging weer naar huis.,0.20506003,SE,Qwen/Qwen3-Embedding-0.6B
246,247,83,control,Nicole betrad het kantoor. Eerst liep ze naar het,bureau,en zette toen de computer aan.,0.27441797,SE,Qwen/Qwen3-Embedding-0.6B
247,248,83,script-related,Nicole verliet het kantoor. Eerst liep ze naar het,bureau,en zette toen de computer aan.,0.23733167,SE,Qwen/Qwen3-Embedding-0.6B
248,249,83,script-unrelated,Nicole betrad de sauna. Eerst liep ze naar het,bureau,en zette toen de computer aan.,0.20964482,SE,Qwen/Qwen3-Embedding-0.6B
249,250,84,control,Viktor ging naar het lab. Snel begon hij het,experiment,en maakte aantekeningen.,0.27174696,SE,Qwen/Qwen3-Embedding-0.6B
250,251,84,script-related,Viktor verliet het lab. Snel begon hij het,experiment,en maakte aantekeningen.,0.26834127,SE,Qwen/Qwen3-Embedding-0.6B
251,252,84,script-unrelated,Viktor ging naar de dierenarts. Snel begon hij het,experiment,en maakte aantekeningen.,0.17293021,SE,Qwen/Qwen3-Embedding-0.6B
252,253,85,control,Gabi ging naar de paskamer. Snel paste ze de,kleding,en ging naar de kassa.,0.19212016,SE,Qwen/Qwen3-Embedding-0.6B
253,254,85,script-related,Gabi verliet de paskamer. Snel paste ze de,kleding,en ging naar de kassa.,0.2310515,SE,Qwen/Qwen3-Embedding-0.6B
254,255,85,script-unrelated,Gabi betrad de plaats delict. Snel paste ze de,kleding,en ging naar de kassa.,0.28256622,SE,Qwen/Qwen3-Embedding-0.6B
255,256,86,control,Jakob betrad het tankstation. Hij zei meteen zijn,nummer,en betaalde.,0.2835134,SE,Qwen/Qwen3-Embedding-0.6B
256,257,86,script-related,Jakob verliet het tankstation. Hij zei meteen zijn,nummer,en betaalde.,0.22287971,SE,Qwen/Qwen3-Embedding-0.6B
257,258,86,script-unrelated,Jakob begon bomen te kappen. Hij zei meteen zijn,nummer,en betaalde.,0.2891719,SE,Qwen/Qwen3-Embedding-0.6B
258,259,87,control,Hilde begon de koets te besturen. Snel beklom ze de,koets,en daar ging ze.,0.3503142,SE,Qwen/Qwen3-Embedding-0.6B
259,260,87,script-related,Hilde was klaar met de koets besturen. Snel beklom ze de,koets,en daar ging ze.,0.34491652,SE,Qwen/Qwen3-Embedding-0.6B
260,261,87,script-unrelated,Hilde begon een kampvuur. Snel beklom ze de,koets,en daar ging ze.,0.25157934,SE,Qwen/Qwen3-Embedding-0.6B
261,262,88,control,Tom begon ontbijt te maken. Hij opende meteen de,boter,en maakte een boterham.,0.34750885,SE,Qwen/Qwen3-Embedding-0.6B
262,263,88,script-related,Tom stopte met ontbijt maken. Hij opende meteen de,boter,en maakte een boterham.,0.24238889,SE,Qwen/Qwen3-Embedding-0.6B
263,264,88,script-unrelated,Tom ging naar de kerstmarkt. Hij opende meteen de,boter,en maakte een boterham.,0.27390733,SE,Qwen/Qwen3-Embedding-0.6B
264,265,89,control,Kim ging naar het ziekenhuis. Meteen liep ze naar de,receptie,en vroeg de weg.,0.1747116,SE,Qwen/Qwen3-Embedding-0.6B
265,266,89,script-related,Kim verliet het ziekenhuis. Meteen liep ze naar de,receptie,en vroeg de weg.,0.14878461,SE,Qwen/Qwen3-Embedding-0.6B
266,267,89,script-unrelated,Kim begon haar lunch te koken. Meteen liep ze naar de,receptie,en vroeg de weg.,0.23575114,SE,Qwen/Qwen3-Embedding-0.6B
267,268,90,control,Michael begon een taart te bakken. Als eerste pakte hij een,garde,en klopte het eiwit stijf.,0.2232535,SE,Qwen/Qwen3-Embedding-0.6B
268,269,90,script-related,Michael was klaar met een taart bakken. Als eerste pakte hij een,garde,en klopte het eiwit stijf.,0.19987135,SE,Qwen/Qwen3-Embedding-0.6B
269,270,90,script-unrelated,Michael betrad het restaurant. Als eerste pakte hij een,garde,en klopte het eiwit stijf.,0.24300846,SE,Qwen/Qwen3-Embedding-0.6B
0,1,1,control,Johan betrad het restaurant. Even later opende hij de,menukaart,en kreeg een overzicht.,0.4791746437549591,WE,nlwiki_20180420_100d
1,2,1,script-related,Johan verliet het restaurant. Even later opende hij de,menukaart,en kreeg een overzicht.,0.4529707729816437,WE,nlwiki_20180420_100d
2,3,1,script-unrelated,Johan betrad het appartement. Even later opende hij de,menukaart,en kreeg een overzicht.,0.45184001326560974,WE,nlwiki_20180420_100d
3,4,2,control,Sabine betrad de bioscoop. Snel liep ze naar de,kassa,en kocht een kaartje.,0.4784449338912964,WE,nlwiki_20180420_100d
4,5,2,script-related,Sabine verliet de bioscoop. Snel liep ze naar de,kassa,en kocht een kaartje.,0.4587233066558838,WE,nlwiki_20180420_100d
5,6,2,script-unrelated,Sabine betrad de school. Snel liep ze naar de,kassa,en kocht een kaartje.,0.4258478283882141,WE,nlwiki_20180420_100d
6,7,3,control,Kevin betrad de boerderij. Zonder te aarzelen pakte hij een,mestvork,en begon te scheppen.,0.5169275403022766,WE,nlwiki_20180420_100d
7,8,3,script-related,Kevin verliet de boerderij. Zonder te aarzelen pakte hij een,mestvork,en begon te scheppen.,0.4986664354801178,WE,nlwiki_20180420_100d
8,9,3,script-unrelated,Kevin betrad de kerk. Zonder te aarzelen pakte hij een,mestvork,en begon te scheppen.,0.494991272687912,WE,nlwiki_20180420_100d
9,10,4,control,Susi betrad de huisartsenpraktijk. Vriendelijk sprak ze met de,doktersassistente,over de problematiek.,0.6350472569465637,WE,nlwiki_20180420_100d
10,11,4,script-related,Susi verliet de huisartsenpraktijk. Vriendelijk sprak ze met de,doktersassistente,over de problematiek.,0.6459746360778809,WE,nlwiki_20180420_100d
11,12,4,script-unrelated,Susi betrad het verblijf. Vriendelijk sprak ze met de,doktersassistente,over de problematiek.,0.5778786540031433,WE,nlwiki_20180420_100d
12,13,5,control,Roman betrad de bibliotheek. Kort daarna liep hij naar het,rek,en zocht een misdaadroman.,0.3249971270561218,WE,nlwiki_20180420_100d
13,14,5,script-related,Roman verliet de bibliotheek. Kort daarna liep hij naar het,rek,en zocht een misdaadroman.,0.31000182032585144,WE,nlwiki_20180420_100d
14,15,5,script-unrelated,Roman betrad de kroeg. Kort daarna liep hij naar het,rek,en zocht een misdaadroman.,0.36161646246910095,WE,nlwiki_20180420_100d
15,16,6,control,Lea begon spaghetti te koken. Voorzichtig opende ze het,pastapak,in één handbeweging.,,WE,nlwiki_20180420_100d
16,17,6,script-related,Lea was klaar met spaghetti koken. Voorzichtig opende ze het,pastapak,in één handbeweging.,,WE,nlwiki_20180420_100d
17,18,6,script-unrelated,Lea begon de muren te verven. Voorzichtig opende ze het,pastapak,in één handbeweging.,,WE,nlwiki_20180420_100d
18,19,7,control,Peter bereikte het theater. Even later liep hij naar de,loge,en ging zitten.,0.412373811006546,WE,nlwiki_20180420_100d
19,20,7,script-related,Peter verliet het theater. Even later liep hij naar de,loge,en ging zitten.,0.39683273434638977,WE,nlwiki_20180420_100d
20,21,7,script-unrelated,Peter bereikte de supermarkt. Even later liep hij naar de,loge,en ging zitten.,0.4077846109867096,WE,nlwiki_20180420_100d
21,22,8,control,Lisa betrad het station. Even later was ze op het,perron,en wachtte op de trein.,0.49111413955688477,WE,nlwiki_20180420_100d
22,23,8,script-related,Lisa verliet het station. Even later was ze op het,perron,en wachtte op de trein.,0.4839329421520233,WE,nlwiki_20180420_100d
23,24,8,script-unrelated,Lisa betrad het huis. Even later was ze op het,perron,en wachtte op de trein.,0.39557531476020813,WE,nlwiki_20180420_100d
24,25,9,control,Tim begon in de sportschool te trainen. Meteen stapte hij op de,loopband,en rende als een gek.,0.48996689915657043,WE,nlwiki_20180420_100d
25,26,9,script-related,Tim stopte in de sportschool met trainen. Meteen stapte hij op de,loopband,en rende als een gek.,0.5026525855064392,WE,nlwiki_20180420_100d
26,27,9,script-unrelated,Tim begon zijn rijles. Meteen stapte hij op de,loopband,en rende als een gek.,0.4619491994380951,WE,nlwiki_20180420_100d
27,28,10,control,Maria bereikte het vliegveld. Ze liep meteen naar de,check-in,om de koffer af te geven.,0.42959168553352356,WE,nlwiki_20180420_100d
28,29,10,script-related,Maria verliet het vliegveld. Ze liep meteen naar de,check-in,om de koffer af te geven.,0.4129658639431,WE,nlwiki_20180420_100d
29,30,10,script-unrelated,Maria bereikte het winkelcentrum. Ze liep meteen naar de,check-in,om de koffer af te geven.,0.45895513892173767,WE,nlwiki_20180420_100d
30,31,11,control,Lukas kwam naar het verjaardagsfeest. Na een tijdje overhandigde hij de,taart,en feliciteerde hij de jarige.,0.5240862369537354,WE,nlwiki_20180420_100d
31,32,11,script-related,Lukas verliet het verjaardagsfeest. Na een tijdje overhandigde hij de,taart,en feliciteerde hij de jarige.,0.5155687928199768,WE,nlwiki_20180420_100d
32,33,11,script-unrelated,Lukas kwam naar de les. Na een tijdje overhandigde hij de,taart,en feliciteerde hij de jarige.,0.5037714242935181,WE,nlwiki_20180420_100d
33,34,12,control,Marie ging naar de kapper. Even later vroeg ze de,styliste,om een nieuwe coupe.,0.49659258127212524,WE,nlwiki_20180420_100d
34,35,12,script-related,Marie verliet de kapper. Even later vroeg ze de,styliste,om een nieuwe coupe.,0.5348787903785706,WE,nlwiki_20180420_100d
35,36,12,script-unrelated,Marie ging naar de uni. Even later vroeg ze de,styliste,om een nieuwe coupe.,0.44106391072273254,WE,nlwiki_20180420_100d
36,37,13,control,Thorsten begon te douchen. Als eerste gebruikte hij de,shampoo,en daarna de douchegel.,0.4777924418449402,WE,nlwiki_20180420_100d
37,38,13,script-related,Thorsten stopte met douchen. Als eerste gebruikte hij de,shampoo,en daarna de douchegel.,0.49132782220840454,WE,nlwiki_20180420_100d
38,39,13,script-unrelated,Thorsten begon te barbecueën. Als eerste gebruikte hij de,shampoo,en daarna de douchegel.,0.45936328172683716,WE,nlwiki_20180420_100d
39,40,14,control,Claudia betrad de bloemenwinkel. Snel vroeg ze om een,roos,voor een vriendin.,0.5768152475357056,WE,nlwiki_20180420_100d
40,41,14,script-related,Claudia verliet de bloemenwinkel. Snel vroeg ze om een,roos,voor een vriendin.,0.5760039687156677,WE,nlwiki_20180420_100d
41,42,14,script-unrelated,Claudia betrad de dierenwinkel. Snel vroeg ze om een,roos,voor een vriendin.,0.5617426037788391,WE,nlwiki_20180420_100d
42,43,15,control,Jonathan ging naar de begraafplaats. Peinzend bekeek hij de,grafsteen,en sprak een gebed uit.,0.5680828094482422,WE,nlwiki_20180420_100d
43,44,15,script-related,Jonathan verliet de begraafplaats. Peinzend bekeek hij de,grafsteen,en sprak een gebed uit.,0.5956254005432129,WE,nlwiki_20180420_100d
44,45,15,script-unrelated,Jonathan ging naar de keuken. Peinzend bekeek hij de,grafsteen,en sprak een gebed uit.,0.46907103061676025,WE,nlwiki_20180420_100d
45,46,16,control,Lara ging de tuin in. Aandachtig onderzocht ze de,aarde,en gaf toen de bloemen water.,0.5403791666030884,WE,nlwiki_20180420_100d
46,47,16,script-related,Lara verliet de tuin. Aandachtig onderzocht ze de,aarde,en gaf toen de bloemen water.,0.5507922768592834,WE,nlwiki_20180420_100d
47,48,16,script-unrelated,Lara ging naar het fornuis. Aandachtig onderzocht ze de,aarde,en gaf toen de bloemen water.,0.5607500672340393,WE,nlwiki_20180420_100d
48,49,17,control,Roman ging naar het museum. Nauwkeurig bekeek hij de,sculpturen,en was enthousiast.,0.4892045557498932,WE,nlwiki_20180420_100d
49,50,17,script-related,Roman verliet het museum.  Nauwkeurig bekeek hij de,sculpturen,en was enthousiast.,0.502602219581604,WE,nlwiki_20180420_100d
50,51,17,script-unrelated,Roman ging naar de boekhandel. Nauwkeurig bekeek hij de,sculpturen,en was enthousiast.,0.4432632029056549,WE,nlwiki_20180420_100d
51,52,18,control,Annika ging naar de banketbakker. Snel vroeg ze om een,taart,en betaalde meteen.,0.5813478231430054,WE,nlwiki_20180420_100d
52,53,18,script-related,Annika verliet de banketbakker. Snel vroeg ze om een,taart,en betaalde meteen.,0.5815874338150024,WE,nlwiki_20180420_100d
53,54,18,script-unrelated,Annika ging naar de boetiek. Snel vroeg ze om een,taart,en betaalde meteen.,0.5588371753692627,WE,nlwiki_20180420_100d
54,55,19,control,Emil betrad de spa. Na een tijdje kreeg hij een,massage,en genoot ervan.,0.3889167606830597,WE,nlwiki_20180420_100d
55,56,19,script-related,Emil verliet de spa. Na een tijdje kreeg hij een,massage,en genoot ervan.,0.3690280020236969,WE,nlwiki_20180420_100d
56,57,19,script-unrelated,Emil betrad de apotheek. Na een tijdje kreeg hij een,massage,en genoot ervan.,0.43308961391448975,WE,nlwiki_20180420_100d
57,58,20,control,Susanne betrad de manege. Snel legde ze het,zadel,op en reed weg.,0.450457364320755,WE,nlwiki_20180420_100d
58,59,20,script-related,Susanne verliet de manege. Snel legde ze het,zadel,op en reed weg.,0.42689278721809387,WE,nlwiki_20180420_100d
59,60,20,script-unrelated,Susanne betrad de badkamer. Snel legde ze het,zadel,op en reed weg.,0.5070387721061707,WE,nlwiki_20180420_100d
60,61,21,control,Martin kwam bij de veiligheidscontrole. Vlot opende hij de,koffer,en werd doorgelaten.,0.448662132024765,WE,nlwiki_20180420_100d
61,62,21,script-related,Martin verliet de veiligheidscontrole. Vlot opende hij de,koffer,en werd doorgelaten.,0.4651431143283844,WE,nlwiki_20180420_100d
62,63,21,script-unrelated,Martin kwam bij de garage. Vlot opende hij de,koffer,en werd doorgelaten.,0.4762229025363922,WE,nlwiki_20180420_100d
63,64,22,control,Jutta ging naar de hotelreceptie. Direct kreeg ze een,kamer,en bedankte vriendelijk.,0.4697491228580475,WE,nlwiki_20180420_100d
64,65,22,script-related,Jutta verliet de hotelreceptie. Direct kreeg ze een,kamer,en bedankte vriendelijk.,0.4858197569847107,WE,nlwiki_20180420_100d
65,66,22,script-unrelated,Jutta ging naar het postkantoor. Direct kreeg ze een,kamer,en bedankte vriendelijk.,0.500048041343689,WE,nlwiki_20180420_100d
66,67,23,control,Jens ging naar de tandarts. Angstig liep hij naar de,röntgen,en liet zich behandelen.,0.4489579200744629,WE,nlwiki_20180420_100d
67,68,23,script-related,Jens verliet de tandarts. Angstig liep hij naar de,röntgen,en liet zich behandelen.,0.44272199273109436,WE,nlwiki_20180420_100d
68,69,23,script-unrelated,Jens ging naar de douane. Angstig liep hij naar de,röntgen,en liet zich behandelen.,0.4176684319972992,WE,nlwiki_20180420_100d
69,70,24,control,Elena begon te pokeren. Snel zette ze haar,geld,in en won.,0.6412380933761597,WE,nlwiki_20180420_100d
70,71,24,script-related,Elena stopte met pokeren. Snel zette ze haar,geld,in en won.,0.6330840587615967,WE,nlwiki_20180420_100d
71,72,24,script-unrelated,Elena begon te tekenen. Snel zette ze haar,geld,in en won.,0.5851442813873291,WE,nlwiki_20180420_100d
72,73,25,control,Bruno begon zijn vakantie. Eindelijk kwam hij bij de,zee,aan en genoot van het weer.,0.4185319244861603,WE,nlwiki_20180420_100d
73,74,25,script-related,Bruno beëindigde zijn vakantie. Eindelijk kwam hij bij de,zee,aan en genoot van het weer.,0.4179323613643646,WE,nlwiki_20180420_100d
74,75,25,script-unrelated,Bruno begon zijn filmavond. Eindelijk kwam hij bij de,zee,aan en genoot van het weer.,0.39196932315826416,WE,nlwiki_20180420_100d
75,76,26,control,Jana betrad het gemeentehuis. Meteen toonde ze haar,visum,en diende een aanvraag in.,0.41428402066230774,WE,nlwiki_20180420_100d
76,77,26,script-related,Jana verliet het gemeentehuis. Meteen toonde ze haar,visum,en diende een aanvraag in.,0.42061081528663635,WE,nlwiki_20180420_100d
77,78,26,script-unrelated,Jana betrad het tuincentrum. Meteen toonde ze haar,visum,en diende een aanvraag in.,0.45049017667770386,WE,nlwiki_20180420_100d
78,79,27,control,Nico ging naar de kermis. Direct liep hij naar de,botsauto's,en reed een rondje.,,WE,nlwiki_20180420_100d
79,80,27,script-related,Nico verliet de kermis. Direct liep hij naar de,botsauto's,en reed een rondje.,,WE,nlwiki_20180420_100d
80,81,27,script-unrelated,Nico ging naar de pizzeria. Direct liep hij naar de,botsauto's,en reed een rondje.,,WE,nlwiki_20180420_100d
81,82,28,control,Beate ging wandelen. Na een tijdje zag ze een,edelweiss,die ze meteen meenam.,0.4363233745098114,WE,nlwiki_20180420_100d
82,83,28,script-related,Beate kwam terug van het wandelen. Na een tijdje zag ze een,edelweiss,die ze meteen meenam.,0.44722750782966614,WE,nlwiki_20180420_100d
83,84,28,script-unrelated,Beate ging zwemmen. Na een tijdje zag ze een,edelweiss,die ze meteen meenam.,0.4282681345939636,WE,nlwiki_20180420_100d
84,85,29,control,Hubert nam een taxi. Vriendelijk begroette hij de,chauffeur,en noemde zijn bestemming.,0.6266611218452454,WE,nlwiki_20180420_100d
85,86,29,script-related,Hubert verliet de taxi. Vriendelijk begroette hij de,chauffeur,en noemde zijn bestemming.,0.6208714842796326,WE,nlwiki_20180420_100d
86,87,29,script-unrelated,Hubert nam een vliegtuig. Vriendelijk begroette hij de,chauffeur,en noemde zijn bestemming.,0.5950665473937988,WE,nlwiki_20180420_100d
87,88,30,control,Jenni begon te baden. Ze verdeelde meteen het,schuim,over haar lichaam.,0.44172027707099915,WE,nlwiki_20180420_100d
88,89,30,script-related,Jenni stopte met baden. Ze verdeelde meteen het,schuim,over haar lichaam.,0.45817965269088745,WE,nlwiki_20180420_100d
89,90,30,script-unrelated,Jenni begon de hoorcollege. Ze verdeelde meteen het,schuim,over haar lichaam.,0.39394429326057434,WE,nlwiki_20180420_100d
90,91,31,control,Hans betrad de ijshal. Hij trok vlot zijn,schaatsen,aan en ging de baan op.,0.507361888885498,WE,nlwiki_20180420_100d
91,92,31,script-related,Hans verliet de ijshal. Hij trok vlot zijn,schaatsen,aan en ging de baan op.,0.4828731119632721,WE,nlwiki_20180420_100d
92,93,31,script-unrelated,Hans betrad de klimhal. Hij trok vlot zijn,schaatsen,aan en ging de baan op.,0.43377113342285156,WE,nlwiki_20180420_100d
93,94,32,control,Clara begon te bowlen. Vakkundig behaalde ze een,strike,en won het spel.,0.41557180881500244,WE,nlwiki_20180420_100d
94,95,32,script-related,Clara stopte met bowlen. Vakkundig behaalde ze een,strike,en won het spel.,0.4299588203430176,WE,nlwiki_20180420_100d
95,96,32,script-unrelated,Clara ging naar de schietbaan. Vakkundig behaalde ze een,strike,en won het spel.,0.3617507219314575,WE,nlwiki_20180420_100d
96,97,33,control,Georg nam deel aan een brandweerinzet. Hij gebruikte meteen de,slang,en bluste het vuur.,0.41031014919281006,WE,nlwiki_20180420_100d
97,98,33,script-related,Georg beëindigde een brandweerinzet. Hij gebruikte meteen de,slang,en bluste het vuur.,0.4038529694080353,WE,nlwiki_20180420_100d
98,99,33,script-unrelated,Georg nam deel aan yoga. Hij gebruikte meteen de,slang,en bluste het vuur.,0.45198237895965576,WE,nlwiki_20180420_100d
99,100,34,control,Johanna begon de voetbalwedstrijd. Na korte tijd maakte ze een,doelpunt,en juichte luid.,0.5372830629348755,WE,nlwiki_20180420_100d
100,101,34,script-related,Johanna beëindigde de voetbalwedstrijd. Na korte tijd maakte ze een,doelpunt,en juichte luid.,0.5556371212005615,WE,nlwiki_20180420_100d
101,102,34,script-unrelated,Johanna begon de jacht. Na korte tijd maakte ze een,doelpunt,en juichte luid.,0.45969876646995544,WE,nlwiki_20180420_100d
102,103,35,control,Jürgen betrad de slagerij. Hij vroeg meteen om een,steak,en betaalde.,0.38900861144065857,WE,nlwiki_20180420_100d
103,104,35,script-related,Jürgen verliet de slagerij. Hij vroeg meteen om een,steak,en betaalde.,0.39436691999435425,WE,nlwiki_20180420_100d
104,105,35,script-unrelated,Jürgen betrad de bakkerij. Hij vroeg meteen om een,steak,en betaalde.,0.3579891324043274,WE,nlwiki_20180420_100d
105,106,36,control,Frauke betrad de dierentuin. Even later fotografeerde ze een,zebra,die aan het drinken was.,0.40871092677116394,WE,nlwiki_20180420_100d
106,107,36,script-related,Frauke verliet de dierentuin. Even later fotografeerde ze een,zebra,die aan het drinken was.,0.41234466433525085,WE,nlwiki_20180420_100d
107,108,36,script-unrelated,Frauke ging naar het stadion. Even later fotografeerde ze een,zebra,die aan het drinken was.,0.36407411098480225,WE,nlwiki_20180420_100d
108,109,37,control,Bernd betrad de wasserette. Snel koos hij het,wasprogramma,en zette de machine aan.,0.5682156682014465,WE,nlwiki_20180420_100d
109,110,37,script-related,Bernd verliet de wasserette. Snel koos hij het,wasprogramma,en zette de machine aan.,0.5491011738777161,WE,nlwiki_20180420_100d
110,111,37,script-unrelated,Bernd betrad de kiosk. Snel koos hij het,wasprogramma,en zette de machine aan.,0.5704907774925232,WE,nlwiki_20180420_100d
111,112,38,control,Nicole ging naar het circus. Al snel ging ze op de,tribune,zitten en bekeek het spektakel.,0.4340420067310333,WE,nlwiki_20180420_100d
112,113,38,script-related,Nicole verliet het circus. Al snel ging ze op de,tribune,zitten en bekeek het spektakel.,0.42906954884529114,WE,nlwiki_20180420_100d
113,114,38,script-unrelated,Nicole ging naar het kantoor. Al snel ging ze op de,tribune,zitten en bekeek het spektakel.,0.4542970061302185,WE,nlwiki_20180420_100d
114,115,39,control,Viktor ging naar de sauna. Na een tijdje maakte hij een,opgieting,en ging liggen.,,WE,nlwiki_20180420_100d
115,116,39,script-related,Viktor verliet de sauna. Na een tijdje maakte hij een,opgieting,en ging liggen.,,WE,nlwiki_20180420_100d
116,117,39,script-unrelated,Viktor ging naar het lab. Na een tijdje maakte hij een,opgieting,en ging liggen.,,WE,nlwiki_20180420_100d
117,118,40,control,Gabi ging naar de dierenarts. Een moment later vroeg ze de,assistente,om medicijnen.,0.5510950088500977,WE,nlwiki_20180420_100d
118,119,40,script-related,Gabi verliet de dierenarts. Een moment later vroeg ze de,assistente,om medicijnen.,0.5875271558761597,WE,nlwiki_20180420_100d
119,120,40,script-unrelated,Gabi ging naar de kleedkamer. Een moment later vroeg ze de,assistente,om medicijnen.,0.5331375002861023,WE,nlwiki_20180420_100d
120,121,41,control,Jakob betrad de plaats delict. Kort daarna fotografeerde hij de,bloedspatten,en was verbaasd.,0.6728844046592712,WE,nlwiki_20180420_100d
121,122,41,script-related,Jakob verliet de plaats delict. Kort daarna fotografeerde hij de,bloedspatten,en was verbaasd.,0.6593066453933716,WE,nlwiki_20180420_100d
122,123,41,script-unrelated,Jakob betrad het tankstation. Kort daarna fotografeerde hij de,bloedspatten,en was verbaasd.,0.6625406742095947,WE,nlwiki_20180420_100d
123,124,42,control,Peter begon bomen te kappen. Na een tijdje gebruikte hij de,bijl,en raakte gericht de stam.,0.6015824675559998,WE,nlwiki_20180420_100d
124,125,42,script-related,Peter stopte met bomen kappen. Na een tijdje gebruikte hij de,bijl,en raakte gericht de stam.,0.6266021728515625,WE,nlwiki_20180420_100d
125,126,42,script-unrelated,Peter begon de koets te rijden. Na een tijdje gebruikte hij de,bijl,en raakte gericht de stam.,0.5386040210723877,WE,nlwiki_20180420_100d
126,127,43,control,Tom begon een kampvuur. Meteen stapelde hij het,hout,en stak het aan.,0.5141242146492004,WE,nlwiki_20180420_100d
127,128,43,script-related,Tom beëindigde het kampvuur. Meteen stapelde hij het,hout,en stak het aan.,0.4931102991104126,WE,nlwiki_20180420_100d
128,129,43,script-unrelated,Tom begon ontbijt te maken. Meteen stapelde hij het,hout,en stak het aan.,0.5060034394264221,WE,nlwiki_20180420_100d
129,130,44,control,Kim ging naar de kerstmarkt. Kort daarna bereikte hij de,kerstkraampjes,en snuffelde naar cadeaus.,,WE,nlwiki_20180420_100d
130,131,44,script-related,Kim verliet de kerstmarkt. Kort daarna bereikte hij de,kerstkraampjes,en snuffelde naar cadeaus.,,WE,nlwiki_20180420_100d
131,132,44,script-unrelated,Kim ging naar het ziekenhuis. Kort daarna bereikte hij de,kerstkraampjes,en snuffelde naar cadeaus.,,WE,nlwiki_20180420_100d
132,133,45,control,Michael begon zijn lunch te koken. Snel sneed hij de,groenten,en gooide het in de pot.,0.49363210797309875,WE,nlwiki_20180420_100d
133,134,45,script-related,Michael was klaar met zijn lunch koken. Snel sneed hij de,groenten,en gooide het in de pot.,0.4849856495857239,WE,nlwiki_20180420_100d
134,135,45,script-unrelated,Michael begon een taart te bakken. Snel sneed hij de,groenten,en gooide het in de pot.,0.5088837742805481,WE,nlwiki_20180420_100d
135,136,46,control,Johan betrad het appartement. Meteen ging hij op het,bed,zitten en dacht na over de dag.,0.5209320187568665,WE,nlwiki_20180420_100d
136,137,46,script-related,Johan verliet het appartement. Meteen ging hij op het,bed,zitten en dacht na over de dag.,0.5244061350822449,WE,nlwiki_20180420_100d
137,138,46,script-unrelated,Johan betrad de bioscoop. Meteen ging hij op het,bed,zitten en dacht na over de dag.,0.45867377519607544,WE,nlwiki_20180420_100d
138,139,47,control,Sabine betrad de school. Snel liep ze naar het,klaslokaal,en groette de leerlingen.,0.5296207666397095,WE,nlwiki_20180420_100d
139,140,47,script-related,Sabine verliet de school. Snel liep ze naar het,klaslokaal,en groette de leerlingen.,0.5217763781547546,WE,nlwiki_20180420_100d
140,141,47,script-unrelated,Sabine betrad de boerderij. Snel liep ze naar het,klaslokaal,en groette de leerlingen.,0.5066733360290527,WE,nlwiki_20180420_100d
141,142,48,control,Kevin betrad de kerk. Voorzichtig pakte hij een,kaars,en stak hem aan.,0.48510223627090454,WE,nlwiki_20180420_100d
142,143,48,script-related,Kevin verliet de kerk. Voorzichtig pakte hij een,kaars,en stak hem aan.,0.4718051850795746,WE,nlwiki_20180420_100d
143,144,48,script-unrelated,Kevin betrad de huisartsenpraktijk. Voorzichtig pakte hij een,kaars,en stak hem aan.,0.4833682179450989,WE,nlwiki_20180420_100d
144,145,49,control,Susi betrad het verblijf. Nauwkeurig beoordeelde ze het,kalf,en maakte aantekeningen.,0.41428324580192566,WE,nlwiki_20180420_100d
145,146,49,script-related,Susi verliet het verblijf. Nauwkeurig beoordeelde ze het,kalf,en maakte aantekeningen.,0.40643051266670227,WE,nlwiki_20180420_100d
146,147,49,script-unrelated,Susi betrad de bibliotheek. Nauwkeurig beoordeelde ze het,kalf,en maakte aantekeningen.,0.39626309275627136,WE,nlwiki_20180420_100d
147,148,50,control,Thomas betrad de kroeg. Haastig riep hij de,ober,en bestelde een biertje.,0.4102887213230133,WE,nlwiki_20180420_100d
148,149,50,script-related,Thomas verliet de kroeg. Haastig riep hij de,ober,en bestelde een biertje.,0.4069035053253174,WE,nlwiki_20180420_100d
149,150,50,script-unrelated,Thomas begon spaghetti te koken. Haastig riep hij de,ober,en bestelde een biertje.,0.40073055028915405,WE,nlwiki_20180420_100d
150,151,51,control,Lea begon de muren te verven. Ze koos snel een,kwast,uit en begon te verven.,0.5490103363990784,WE,nlwiki_20180420_100d
151,152,51,script-related,Lea was klaar met de muren verven. Ze koos snel een,kwast,uit en begon te verven.,0.5637916922569275,WE,nlwiki_20180420_100d
152,153,51,script-unrelated,Lea bereikte het theater. Ze koos snel een,kwast,uit en begon te verven.,0.4687626361846924,WE,nlwiki_20180420_100d
153,154,52,control,Peter bereikte de supermarkt. Snel kocht hij wat,groenten,om 's avonds te koken.,0.4537510871887207,WE,nlwiki_20180420_100d
154,155,52,script-related,Peter verliet de supermarkt. Snel kocht hij wat,groenten,om 's avonds te koken.,0.44724419713020325,WE,nlwiki_20180420_100d
155,156,52,script-unrelated,Peter bereikte het station. Snel kocht hij wat,groenten,om 's avonds te koken.,0.3846808671951294,WE,nlwiki_20180420_100d
156,157,53,control,Lisa betrad het huis. Kort daarna checkte ze de,koelkast,en zocht iets te eten.,0.5125595331192017,WE,nlwiki_20180420_100d
157,158,53,script-related,Lisa verliet het huis. Kort daarna checkte ze de,koelkast,en zocht iets te eten.,0.4953186810016632,WE,nlwiki_20180420_100d
158,159,53,script-unrelated,Lisa begon in de sportschool te trainen. Kort daarna checkte ze de,koelkast,en zocht iets te eten.,0.49870193004608154,WE,nlwiki_20180420_100d
159,160,54,control,Tim begon zijn rijles. Gejaagd drukte hij op het,gaspedaal,en reed weg.,0.4961734712123871,WE,nlwiki_20180420_100d
160,161,54,script-related,Tim beëindigde zijn rijles. Gejaagd drukte hij op het,gaspedaal,en reed weg.,0.4891563653945923,WE,nlwiki_20180420_100d
161,162,54,script-unrelated,Tim ging naar het vliegveld. Gejaagd drukte hij op het,gaspedaal,en reed weg.,0.453648179769516,WE,nlwiki_20180420_100d
162,163,55,control,Maria bereikte het winkelcentrum. Meteen begroette ze de,verkoopster,en koos iets uit.,0.4404880106449127,WE,nlwiki_20180420_100d
163,164,55,script-related,Maria verliet het winkelcentrum. Meteen begroette ze de,verkoopster,en koos iets uit.,0.4802100956439972,WE,nlwiki_20180420_100d
164,165,55,script-unrelated,Maria bereikte het verjaardagsfeest. Meteen begroette ze de,verkoopster,en koos iets uit.,0.4196023941040039,WE,nlwiki_20180420_100d
165,166,56,control,Lukas begon het college. Haastig begroette hij zijn,studenten,en begon.,0.5624477863311768,WE,nlwiki_20180420_100d
166,167,56,script-related,Lukas beëindigde het college. Haastig begroette hij zijn,studenten,en begon.,0.5480617880821228,WE,nlwiki_20180420_100d
167,168,56,script-unrelated,Lukas ging naar de kapper. Haastig begroette hij zijn,studenten,en begon.,0.5181742906570435,WE,nlwiki_20180420_100d
168,169,57,control,Marie ging naar de uni. Haastig betrad ze de,collegezaal,en opende haar boek.,0.4953981935977936,WE,nlwiki_20180420_100d
169,170,57,script-related,Marie verliet de uni. Haastig betrad ze de,collegezaal,en opende haar boek.,0.4978024959564209,WE,nlwiki_20180420_100d
170,171,57,script-unrelated,Marie ging douchen. Haastig betrad ze de,collegezaal,en opende haar boek.,0.5169304609298706,WE,nlwiki_20180420_100d
171,172,58,control,Thorsten begon te barbecueën. Voorzichtig plaatste hij de,aanmaakblokjes,en zocht de tang.,0.6181141138076782,WE,nlwiki_20180420_100d
172,173,58,script-related,Thorsten stopte met barbecueën. Voorzichtig plaatste hij de,aanmaakblokjes,en zocht de tang.,0.6215193867683411,WE,nlwiki_20180420_100d
173,174,58,script-unrelated,Thorsten betrad de bloemenwinkel. Voorzichtig plaatste hij de,aanmaakblokjes,en zocht de tang.,0.5777543783187866,WE,nlwiki_20180420_100d
174,175,59,control,Claudia betrad de dierenwinkel. Een tijdje stond ze bij de,kooi,en dacht na over de koop.,0.5741522312164307,WE,nlwiki_20180420_100d
175,176,59,script-related,Claudia verliet de dierenwinkel. Een tijdje stond ze bij de,kooi,en dacht na over de koop.,0.5575492978096008,WE,nlwiki_20180420_100d
176,177,59,script-unrelated,Claudia betrad de begraafplaats. Een tijdje stond ze bij de,kooi,en dacht na over de koop.,0.5174835920333862,WE,nlwiki_20180420_100d
177,178,60,control,Jonathan ging naar de keuken. Eerst reinigde hij de,oven,en daarna de koelkast.,0.517585813999176,WE,nlwiki_20180420_100d
178,179,60,script-related,Jonathan verliet de keuken. Eerst reinigde hij de,oven,en daarna de koelkast.,0.525143563747406,WE,nlwiki_20180420_100d
179,180,60,script-unrelated,Jonathan ging de tuin in. Eerst reinigde hij de,oven,en daarna de koelkast.,0.46217983961105347,WE,nlwiki_20180420_100d
180,181,61,control,Lara liep naar het fornuis. Snel reinigde ze de,kookplaat,en daarna de afzuigkap.,0.5562508702278137,WE,nlwiki_20180420_100d
181,182,61,script-related,Lara liep weg van het fornuis. Snel reinigde ze de,kookplaat,en daarna de afzuigkap.,0.5424972176551819,WE,nlwiki_20180420_100d
182,183,61,script-unrelated,Lara ging naar het museum. Snel reinigde ze de,kookplaat,en daarna de afzuigkap.,0.44088369607925415,WE,nlwiki_20180420_100d
183,184,62,control,Roman ging naar de boekhandel. Snel zocht hij een,roman,voor zijn vrouw.,0.5925249457359314,WE,nlwiki_20180420_100d
184,185,62,script-related,Roman verliet de boekhandel. Snel zocht hij een,roman,voor zijn vrouw.,0.6098810434341431,WE,nlwiki_20180420_100d
185,186,62,script-unrelated,Roman ging naar de banketbakker. Snel zocht hij een,roman,voor zijn vrouw.,0.5494580864906311,WE,nlwiki_20180420_100d
186,187,63,control,Annika ging naar de boetiek. Ze zocht een tijdje naar,laarzen,en kocht ze toen.,0.4692457616329193,WE,nlwiki_20180420_100d
187,188,63,script-related,Annika verliet de boetiek. Ze zocht een tijdje naar,laarzen,en kocht ze toen.,0.4827635884284973,WE,nlwiki_20180420_100d
188,189,63,script-unrelated,Annika ging naar de spa. Ze zocht een tijdje naar,laarzen,en kocht ze toen.,0.44050332903862,WE,nlwiki_20180420_100d
189,190,64,control,Emil betrad de apotheek. Snel kocht hij het,medicijn,en ging toen naar huis.,0.46055328845977783,WE,nlwiki_20180420_100d
190,191,64,script-related,Emil verliet de apotheek. Snel kocht hij het,medicijn,en ging toen naar huis.,0.45746418833732605,WE,nlwiki_20180420_100d
191,192,64,script-unrelated,Emil betrad de manege. Snel kocht hij het,medicijn,en ging toen naar huis.,0.415117084980011,WE,nlwiki_20180420_100d
192,193,65,control,Susanne betrad de badkamer. Direct verwijderde ze haar,make-up,en poetste haar tanden.,0.4579523205757141,WE,nlwiki_20180420_100d
193,194,65,script-related,Susanne verliet de badkamer. Direct verwijderde ze haar,make-up,en poetste haar tanden.,0.46783074736595154,WE,nlwiki_20180420_100d
194,195,65,script-unrelated,Susanne ging naar de veiligheidscontrole. Direct verwijderde ze haar,make-up,en poetste haar tanden.,0.4385193884372711,WE,nlwiki_20180420_100d
195,196,66,control,Martin kwam bij de garage. Meteen vroeg hij naar,banden,voor de winter.,0.4737277925014496,WE,nlwiki_20180420_100d
196,197,66,script-related,Martin verliet de garage. Meteen vroeg hij naar,banden,voor de winter.,0.4774874150753021,WE,nlwiki_20180420_100d
197,198,66,script-unrelated,Martin kwam bij de hotelreceptie. Meteen vroeg hij naar,banden,voor de winter.,0.4540203809738159,WE,nlwiki_20180420_100d
198,199,67,control,Jutta ging naar het postkantoor. Meteen kreeg ze het,pakket,waarop ze had gewacht.,0.44298967719078064,WE,nlwiki_20180420_100d
199,200,67,script-related,Jutta verliet het postkantoor. Meteen kreeg ze het,pakket,waarop ze had gewacht.,0.43240323662757874,WE,nlwiki_20180420_100d
200,201,67,script-unrelated,Jutta ging naar de tandarts. Meteen kreeg ze het,pakket,waarop ze had gewacht.,0.4081064462661743,WE,nlwiki_20180420_100d
201,202,68,control,Jens ging naar de douane. Snel toonde hij zijn,formulier,en keek de beambte aan.,0.4369945526123047,WE,nlwiki_20180420_100d
202,203,68,script-related,Jens verliet de douane. Snel toonde hij zijn,formulier,en keek de beambte aan.,0.42795324325561523,WE,nlwiki_20180420_100d
203,204,68,script-unrelated,Jens begon te pokeren. Snel toonde hij zijn,formulier,en keek de beambte aan.,0.4252587556838989,WE,nlwiki_20180420_100d
204,205,69,control,Elena begon te tekenen. Meteen pakte ze het,potlood,en tekende een bloem.,0.42270633578300476,WE,nlwiki_20180420_100d
205,206,69,script-related,Elena stopte met tekenen. Meteen pakte ze het,potlood,en tekende een bloem.,0.4296838641166687,WE,nlwiki_20180420_100d
206,207,69,script-unrelated,Elena begon de vakantie. Meteen pakte ze het,potlood,en tekende een bloem.,0.3562135100364685,WE,nlwiki_20180420_100d
207,208,70,control,Bruno begon zijn filmavond. Snel haalde hij de,popcorn,uit de keuken.,0.4760277569293976,WE,nlwiki_20180420_100d
208,209,70,script-related,Bruno beëindigde zijn filmavond. Snel haalde hij de,popcorn,uit de keuken.,0.4338895082473755,WE,nlwiki_20180420_100d
209,210,70,script-unrelated,Bruno betrad het gemeentehuis. Snel haalde hij de,popcorn,uit de keuken.,0.43876034021377563,WE,nlwiki_20180420_100d
210,211,71,control,Jana betrad het tuincentrum. Na een tijdje vroeg ze om een,palmboom,voor het balkon.,0.4581712782382965,WE,nlwiki_20180420_100d
211,212,71,script-related,Jana verliet het tuincentrum. Na een tijdje vroeg ze om een,palmboom,voor het balkon.,0.43791231513023376,WE,nlwiki_20180420_100d
212,213,71,script-unrelated,Jana ging naar de kermis. Na een tijdje vroeg ze om een,palmboom,voor het balkon.,0.43356606364250183,WE,nlwiki_20180420_100d
213,214,72,control,Nico ging naar de pizzeria. Hij greep meteen de,menukaart,en bestelde een margherita.,0.40692397952079773,WE,nlwiki_20180420_100d
214,215,72,script-related,Nico verliet de pizzeria. Hij greep meteen de,menukaart,en bestelde een margherita.,0.4028504192829132,WE,nlwiki_20180420_100d
215,216,72,script-unrelated,Nico ging wandelen. Hij greep meteen de,menukaart,en bestelde een margherita.,0.3830471932888031,WE,nlwiki_20180420_100d
216,217,73,control,Beate ging zwemmen. Snel controleerde ze het,bassin,en zwom weg.,0.4335904121398926,WE,nlwiki_20180420_100d
217,218,73,script-related,Beate kwam terug van het zwemmen. Snel controleerde ze het,bassin,en zwom weg.,0.44395604729652405,WE,nlwiki_20180420_100d
218,219,73,script-unrelated,Beate ging met de taxi. Snel controleerde ze het,bassin,en zwom weg.,0.4057260751724243,WE,nlwiki_20180420_100d
219,220,74,control,Hubert nam een vliegtuig. Vol enthousiasme genoot hij van de,hoogte,want hij hield van vliegen.,0.4812391698360443,WE,nlwiki_20180420_100d
220,221,74,script-related,Hubert verliet het vliegtuig. Vol enthousiasme genoot hij van de,hoogte,want hij hield van vliegen.,0.4737391769886017,WE,nlwiki_20180420_100d
221,222,74,script-unrelated,Hubert begon te baden. Vol enthousiasme genoot hij van de,hoogte,want hij hield van vliegen.,0.4352753460407257,WE,nlwiki_20180420_100d
222,223,75,control,Jenni begon de les. Direct opende ze het,schoolbord,en begon te schrijven.,0.4691358506679535,WE,nlwiki_20180420_100d
223,224,75,script-related,Jenni stopte de les. Direct opende ze het,schoolbord,en begon te schrijven.,0.4663637578487396,WE,nlwiki_20180420_100d
224,225,75,script-unrelated,Jenni betrad de ijshal. Direct opende ze het,schoolbord,en begon te schrijven.,0.45893776416778564,WE,nlwiki_20180420_100d
225,226,76,control,Hans betrad de klimhal. Even later greep hij het,touw,en spande het.,0.46550264954566956,WE,nlwiki_20180420_100d
226,227,76,script-related,Hans verliet de klimhal. Even later greep hij het,touw,en spande het.,0.4576053023338318,WE,nlwiki_20180420_100d
227,228,76,script-unrelated,Hans begon te bowlen. Even later greep hij het,touw,en spande het.,0.5087773203849792,WE,nlwiki_20180420_100d
228,229,77,control,Clara ging naar de schietbaan. Ze kreeg meteen een,revolver,en begon op het doel te schieten.,0.4565839469432831,WE,nlwiki_20180420_100d
229,230,77,script-related,Clara verliet de schietbaan. Ze kreeg meteen een,revolver,en begon op het doel te schieten.,0.481467604637146,WE,nlwiki_20180420_100d
230,231,77,script-unrelated,Clara ging op een brandweerinzet. Ze kreeg meteen een,revolver,en begon op het doel te schieten.,0.45457181334495544,WE,nlwiki_20180420_100d
231,232,78,control,Georg nam deel aan de yogales. Na een tijdje ging hij op zijn,yogamat,zitten en deed een oefening.,,WE,nlwiki_20180420_100d
232,233,78,script-related,Georg kwam terug van de yogales. Na een tijdje ging hij op zijn,yogamat,zitten en deed een oefening.,,WE,nlwiki_20180420_100d
233,234,78,script-unrelated,Georg nam deel aan de voetbalwedstrijd. Na een tijdje ging hij op zijn,yogamat,zitten en deed een oefening.,,WE,nlwiki_20180420_100d
234,235,79,control,Johanna begon de jacht. Na een tijdje zag ze de,jachthut,en liep erop af.,0.47805753350257874,WE,nlwiki_20180420_100d
235,236,79,script-related,Johanna kwam terug van de jacht. Na een tijdje zag ze de,jachthut,en liep erop af.,0.4796312153339386,WE,nlwiki_20180420_100d
236,237,79,script-unrelated,Johanna betrad de slagerij. Na een tijdje zag ze de,jachthut,en liep erop af.,0.4970019459724426,WE,nlwiki_20180420_100d
237,238,80,control,Jürgen betrad de bakkerij. Even later wees hij naar de,croissant,en maakte zijn keuze.,0.42289745807647705,WE,nlwiki_20180420_100d
238,239,80,script-related,Jürgen verliet de bakkerij. Even later wees hij naar de,croissant,en maakte zijn keuze.,0.40843361616134644,WE,nlwiki_20180420_100d
239,240,80,script-unrelated,Jürgen betrad de dierentuin. Even later wees hij naar de,croissant,en maakte zijn keuze.,0.37612465023994446,WE,nlwiki_20180420_100d
240,241,81,control,Frauke ging naar het stadion. Snel koos ze een,tribune,en ging zitten.,0.48554232716560364,WE,nlwiki_20180420_100d
241,242,81,script-related,Frauke verliet het stadion. Snel koos ze een,tribune,en ging zitten.,0.4838571846485138,WE,nlwiki_20180420_100d
242,243,81,script-unrelated,Frauke ging naar de wasserette. Snel koos ze een,tribune,en ging zitten.,0.4290812015533447,WE,nlwiki_20180420_100d
243,244,82,control,Bernd betrad de kiosk. Hij kocht meteen een,krant,en ging weer naar huis.,0.5020263195037842,WE,nlwiki_20180420_100d
244,245,82,script-related,Bernd verliet de kiosk. Hij kocht meteen een,krant,en ging weer naar huis.,0.5034317970275879,WE,nlwiki_20180420_100d
245,246,82,script-unrelated,Bernd betrad het circus. Hij kocht meteen een,krant,en ging weer naar huis.,0.4617207646369934,WE,nlwiki_20180420_100d
246,247,83,control,Nicole betrad het kantoor. Eerst liep ze naar het,bureau,en zette toen de computer aan.,0.4269988536834717,WE,nlwiki_20180420_100d
247,248,83,script-related,Nicole verliet het kantoor. Eerst liep ze naar het,bureau,en zette toen de computer aan.,0.4288047254085541,WE,nlwiki_20180420_100d
248,249,83,script-unrelated,Nicole betrad de sauna. Eerst liep ze naar het,bureau,en zette toen de computer aan.,0.3747536540031433,WE,nlwiki_20180420_100d
249,250,84,control,Viktor ging naar het lab. Snel begon hij het,experiment,en maakte aantekeningen.,0.5466001629829407,WE,nlwiki_20180420_100d
250,251,84,script-related,Viktor verliet het lab. Snel begon hij het,experiment,en maakte aantekeningen.,0.5498989820480347,WE,nlwiki_20180420_100d
251,252,84,script-unrelated,Viktor ging naar de dierenarts. Snel begon hij het,experiment,en maakte aantekeningen.,0.5090600848197937,WE,nlwiki_20180420_100d
252,253,85,control,Gabi ging naar de paskamer. Snel paste ze de,kleding,en ging naar de kassa.,0.5476330518722534,WE,nlwiki_20180420_100d
253,254,85,script-related,Gabi verliet de paskamer. Snel paste ze de,kleding,en ging naar de kassa.,0.5487003326416016,WE,nlwiki_20180420_100d
254,255,85,script-unrelated,Gabi betrad de plaats delict. Snel paste ze de,kleding,en ging naar de kassa.,0.5022639036178589,WE,nlwiki_20180420_100d
255,256,86,control,Jakob betrad het tankstation. Hij zei meteen zijn,nummer,en betaalde.,0.5515250563621521,WE,nlwiki_20180420_100d
256,257,86,script-related,Jakob verliet het tankstation. Hij zei meteen zijn,nummer,en betaalde.,0.5548934936523438,WE,nlwiki_20180420_100d
257,258,86,script-unrelated,Jakob begon bomen te kappen. Hij zei meteen zijn,nummer,en betaalde.,0.48804083466529846,WE,nlwiki_20180420_100d
258,259,87,control,Hilde begon de koets te besturen. Snel beklom ze de,koets,en daar ging ze.,0.6657406687736511,WE,nlwiki_20180420_100d
259,260,87,script-related,Hilde was klaar met de koets besturen. Snel beklom ze de,koets,en daar ging ze.,0.6705700755119324,WE,nlwiki_20180420_100d
260,261,87,script-unrelated,Hilde begon een kampvuur. Snel beklom ze de,koets,en daar ging ze.,0.5892645120620728,WE,nlwiki_20180420_100d
261,262,88,control,Tom begon ontbijt te maken. Hij opende meteen de,boter,en maakte een boterham.,0.5073802471160889,WE,nlwiki_20180420_100d
262,263,88,script-related,Tom stopte met ontbijt maken. Hij opende meteen de,boter,en maakte een boterham.,0.5108132362365723,WE,nlwiki_20180420_100d
263,264,88,script-unrelated,Tom ging naar de kerstmarkt. Hij opende meteen de,boter,en maakte een boterham.,0.4189668893814087,WE,nlwiki_20180420_100d
264,265,89,control,Kim ging naar het ziekenhuis. Meteen liep ze naar de,receptie,en vroeg de weg.,0.4656807482242584,WE,nlwiki_20180420_100d
265,266,89,script-related,Kim verliet het ziekenhuis. Meteen liep ze naar de,receptie,en vroeg de weg.,0.4681057333946228,WE,nlwiki_20180420_100d
266,267,89,script-unrelated,Kim begon haar lunch te koken. Meteen liep ze naar de,receptie,en vroeg de weg.,0.5467529296875,WE,nlwiki_20180420_100d
267,268,90,control,Michael begon een taart te bakken. Als eerste pakte hij een,garde,en klopte het eiwit stijf.,0.466894268989563,WE,nlwiki_20180420_100d
268,269,90,script-related,Michael was klaar met een taart bakken. Als eerste pakte hij een,garde,en klopte het eiwit stijf.,0.47035232186317444,WE,nlwiki_20180420_100d
269,270,90,script-unrelated,Michael betrad het restaurant. Als eerste pakte hij een,garde,en klopte het eiwit stijf.,0.5125240087509155,WE,nlwiki_20180420_100d
0,1,1,control,Johan betrad het restaurant. Even later opende hij de,menukaart,en kreeg een overzicht.,0.4599660038948059,WE,nlwiki_20180420_300d
1,2,1,script-related,Johan verliet het restaurant. Even later opende hij de,menukaart,en kreeg een overzicht.,0.44175681471824646,WE,nlwiki_20180420_300d
2,3,1,script-unrelated,Johan betrad het appartement. Even later opende hij de,menukaart,en kreeg een overzicht.,0.4198228716850281,WE,nlwiki_20180420_300d
3,4,2,control,Sabine betrad de bioscoop. Snel liep ze naar de,kassa,en kocht een kaartje.,0.35358068346977234,WE,nlwiki_20180420_300d
4,5,2,script-related,Sabine verliet de bioscoop. Snel liep ze naar de,kassa,en kocht een kaartje.,0.34443381428718567,WE,nlwiki_20180420_300d
5,6,2,script-unrelated,Sabine betrad de school. Snel liep ze naar de,kassa,en kocht een kaartje.,0.291643351316452,WE,nlwiki_20180420_300d
6,7,3,control,Kevin betrad de boerderij. Zonder te aarzelen pakte hij een,mestvork,en begon te scheppen.,0.4776874780654907,WE,nlwiki_20180420_300d
7,8,3,script-related,Kevin verliet de boerderij. Zonder te aarzelen pakte hij een,mestvork,en begon te scheppen.,0.4744745194911957,WE,nlwiki_20180420_300d
8,9,3,script-unrelated,Kevin betrad de kerk. Zonder te aarzelen pakte hij een,mestvork,en begon te scheppen.,0.4609490931034088,WE,nlwiki_20180420_300d
9,10,4,control,Susi betrad de huisartsenpraktijk. Vriendelijk sprak ze met de,doktersassistente,over de problematiek.,0.5302565097808838,WE,nlwiki_20180420_300d
10,11,4,script-related,Susi verliet de huisartsenpraktijk. Vriendelijk sprak ze met de,doktersassistente,over de problematiek.,0.541151762008667,WE,nlwiki_20180420_300d
11,12,4,script-unrelated,Susi betrad het verblijf. Vriendelijk sprak ze met de,doktersassistente,over de problematiek.,0.47385016083717346,WE,nlwiki_20180420_300d
12,13,5,control,Roman betrad de bibliotheek. Kort daarna liep hij naar het,rek,en zocht een misdaadroman.,0.2350461333990097,WE,nlwiki_20180420_300d
13,14,5,script-related,Roman verliet de bibliotheek. Kort daarna liep hij naar het,rek,en zocht een misdaadroman.,0.2267889827489853,WE,nlwiki_20180420_300d
14,15,5,script-unrelated,Roman betrad de kroeg. Kort daarna liep hij naar het,rek,en zocht een misdaadroman.,0.23929248750209808,WE,nlwiki_20180420_300d
15,16,6,control,Lea begon spaghetti te koken. Voorzichtig opende ze het,pastapak,in één handbeweging.,,WE,nlwiki_20180420_300d
16,17,6,script-related,Lea was klaar met spaghetti koken. Voorzichtig opende ze het,pastapak,in één handbeweging.,,WE,nlwiki_20180420_300d
17,18,6,script-unrelated,Lea begon de muren te verven. Voorzichtig opende ze het,pastapak,in één handbeweging.,,WE,nlwiki_20180420_300d
18,19,7,control,Peter bereikte het theater. Even later liep hij naar de,loge,en ging zitten.,0.33093154430389404,WE,nlwiki_20180420_300d
19,20,7,script-related,Peter verliet het theater. Even later liep hij naar de,loge,en ging zitten.,0.32463812828063965,WE,nlwiki_20180420_300d
20,21,7,script-unrelated,Peter bereikte de supermarkt. Even later liep hij naar de,loge,en ging zitten.,0.3120196759700775,WE,nlwiki_20180420_300d
21,22,8,control,Lisa betrad het station. Even later was ze op het,perron,en wachtte op de trein.,0.39857959747314453,WE,nlwiki_20180420_300d
22,23,8,script-related,Lisa verliet het station. Even later was ze op het,perron,en wachtte op de trein.,0.3834651708602905,WE,nlwiki_20180420_300d
23,24,8,script-unrelated,Lisa betrad het huis. Even later was ze op het,perron,en wachtte op de trein.,0.3188720643520355,WE,nlwiki_20180420_300d
24,25,9,control,Tim begon in de sportschool te trainen. Meteen stapte hij op de,loopband,en rende als een gek.,0.4290351867675781,WE,nlwiki_20180420_300d
25,26,9,script-related,Tim stopte in de sportschool met trainen. Meteen stapte hij op de,loopband,en rende als een gek.,0.4444423317909241,WE,nlwiki_20180420_300d
26,27,9,script-unrelated,Tim begon zijn rijles. Meteen stapte hij op de,loopband,en rende als een gek.,0.39311128854751587,WE,nlwiki_20180420_300d
27,28,10,control,Maria bereikte het vliegveld. Ze liep meteen naar de,check-in,om de koffer af te geven.,0.4297019839286804,WE,nlwiki_20180420_300d
28,29,10,script-related,Maria verliet het vliegveld. Ze liep meteen naar de,check-in,om de koffer af te geven.,0.4194900393486023,WE,nlwiki_20180420_300d
29,30,10,script-unrelated,Maria bereikte het winkelcentrum. Ze liep meteen naar de,check-in,om de koffer af te geven.,0.4404064118862152,WE,nlwiki_20180420_300d
30,31,11,control,Lukas kwam naar het verjaardagsfeest. Na een tijdje overhandigde hij de,taart,en feliciteerde hij de jarige.,0.3986416459083557,WE,nlwiki_20180420_300d
31,32,11,script-related,Lukas verliet het verjaardagsfeest. Na een tijdje overhandigde hij de,taart,en feliciteerde hij de jarige.,0.38860082626342773,WE,nlwiki_20180420_300d
32,33,11,script-unrelated,Lukas kwam naar de les. Na een tijdje overhandigde hij de,taart,en feliciteerde hij de jarige.,0.36487290263175964,WE,nlwiki_20180420_300d
33,34,12,control,Marie ging naar de kapper. Even later vroeg ze de,styliste,om een nieuwe coupe.,0.43574362993240356,WE,nlwiki_20180420_300d
34,35,12,script-related,Marie verliet de kapper. Even later vroeg ze de,styliste,om een nieuwe coupe.,0.4489789605140686,WE,nlwiki_20180420_300d
35,36,12,script-unrelated,Marie ging naar de uni. Even later vroeg ze de,styliste,om een nieuwe coupe.,0.38544175028800964,WE,nlwiki_20180420_300d
36,37,13,control,Thorsten begon te douchen. Als eerste gebruikte hij de,shampoo,en daarna de douchegel.,0.38667917251586914,WE,nlwiki_20180420_300d
37,38,13,script-related,Thorsten stopte met douchen. Als eerste gebruikte hij de,shampoo,en daarna de douchegel.,0.39549708366394043,WE,nlwiki_20180420_300d
38,39,13,script-unrelated,Thorsten begon te barbecueën. Als eerste gebruikte hij de,shampoo,en daarna de douchegel.,0.3655458092689514,WE,nlwiki_20180420_300d
39,40,14,control,Claudia betrad de bloemenwinkel. Snel vroeg ze om een,roos,voor een vriendin.,0.42502856254577637,WE,nlwiki_20180420_300d
40,41,14,script-related,Claudia verliet de bloemenwinkel. Snel vroeg ze om een,roos,voor een vriendin.,0.4321669042110443,WE,nlwiki_20180420_300d
41,42,14,script-unrelated,Claudia betrad de dierenwinkel. Snel vroeg ze om een,roos,voor een vriendin.,0.4119287133216858,WE,nlwiki_20180420_300d
42,43,15,control,Jonathan ging naar de begraafplaats. Peinzend bekeek hij de,grafsteen,en sprak een gebed uit.,0.4560038149356842,WE,nlwiki_20180420_300d
43,44,15,script-related,Jonathan verliet de begraafplaats. Peinzend bekeek hij de,grafsteen,en sprak een gebed uit.,0.48330458998680115,WE,nlwiki_20180420_300d
44,45,15,script-unrelated,Jonathan ging naar de keuken. Peinzend bekeek hij de,grafsteen,en sprak een gebed uit.,0.3595086932182312,WE,nlwiki_20180420_300d
45,46,16,control,Lara ging de tuin in. Aandachtig onderzocht ze de,aarde,en gaf toen de bloemen water.,0.38212618231773376,WE,nlwiki_20180420_300d
46,47,16,script-related,Lara verliet de tuin. Aandachtig onderzocht ze de,aarde,en gaf toen de bloemen water.,0.39209771156311035,WE,nlwiki_20180420_300d
47,48,16,script-unrelated,Lara ging naar het fornuis. Aandachtig onderzocht ze de,aarde,en gaf toen de bloemen water.,0.3933872580528259,WE,nlwiki_20180420_300d
48,49,17,control,Roman ging naar het museum. Nauwkeurig bekeek hij de,sculpturen,en was enthousiast.,0.35266995429992676,WE,nlwiki_20180420_300d
49,50,17,script-related,Roman verliet het museum.  Nauwkeurig bekeek hij de,sculpturen,en was enthousiast.,0.3504501283168793,WE,nlwiki_20180420_300d
50,51,17,script-unrelated,Roman ging naar de boekhandel. Nauwkeurig bekeek hij de,sculpturen,en was enthousiast.,0.3282039761543274,WE,nlwiki_20180420_300d
51,52,18,control,Annika ging naar de banketbakker. Snel vroeg ze om een,taart,en betaalde meteen.,0.4079080820083618,WE,nlwiki_20180420_300d
52,53,18,script-related,Annika verliet de banketbakker. Snel vroeg ze om een,taart,en betaalde meteen.,0.41091278195381165,WE,nlwiki_20180420_300d
53,54,18,script-unrelated,Annika ging naar de boetiek. Snel vroeg ze om een,taart,en betaalde meteen.,0.3718172311782837,WE,nlwiki_20180420_300d
54,55,19,control,Emil betrad de spa. Na een tijdje kreeg hij een,massage,en genoot ervan.,0.2935258746147156,WE,nlwiki_20180420_300d
55,56,19,script-related,Emil verliet de spa. Na een tijdje kreeg hij een,massage,en genoot ervan.,0.28338003158569336,WE,nlwiki_20180420_300d
56,57,19,script-unrelated,Emil betrad de apotheek. Na een tijdje kreeg hij een,massage,en genoot ervan.,0.3204863965511322,WE,nlwiki_20180420_300d
57,58,20,control,Susanne betrad de manege. Snel legde ze het,zadel,op en reed weg.,0.2863820791244507,WE,nlwiki_20180420_300d
58,59,20,script-related,Susanne verliet de manege. Snel legde ze het,zadel,op en reed weg.,0.27464357018470764,WE,nlwiki_20180420_300d
59,60,20,script-unrelated,Susanne betrad de badkamer. Snel legde ze het,zadel,op en reed weg.,0.30614879727363586,WE,nlwiki_20180420_300d
60,61,21,control,Martin kwam bij de veiligheidscontrole. Vlot opende hij de,koffer,en werd doorgelaten.,0.3504515588283539,WE,nlwiki_20180420_300d
61,62,21,script-related,Martin verliet de veiligheidscontrole. Vlot opende hij de,koffer,en werd doorgelaten.,0.3567322790622711,WE,nlwiki_20180420_300d
62,63,21,script-unrelated,Martin kwam bij de garage. Vlot opende hij de,koffer,en werd doorgelaten.,0.376740962266922,WE,nlwiki_20180420_300d
63,64,22,control,Jutta ging naar de hotelreceptie. Direct kreeg ze een,kamer,en bedankte vriendelijk.,0.3538127839565277,WE,nlwiki_20180420_300d
64,65,22,script-related,Jutta verliet de hotelreceptie. Direct kreeg ze een,kamer,en bedankte vriendelijk.,0.3636035919189453,WE,nlwiki_20180420_300d
65,66,22,script-unrelated,Jutta ging naar het postkantoor. Direct kreeg ze een,kamer,en bedankte vriendelijk.,0.37582290172576904,WE,nlwiki_20180420_300d
66,67,23,control,Jens ging naar de tandarts. Angstig liep hij naar de,röntgen,en liet zich behandelen.,0.3709799349308014,WE,nlwiki_20180420_300d
67,68,23,script-related,Jens verliet de tandarts. Angstig liep hij naar de,röntgen,en liet zich behandelen.,0.3630627691745758,WE,nlwiki_20180420_300d
68,69,23,script-unrelated,Jens ging naar de douane. Angstig liep hij naar de,röntgen,en liet zich behandelen.,0.3532326817512512,WE,nlwiki_20180420_300d
69,70,24,control,Elena begon te pokeren. Snel zette ze haar,geld,in en won.,0.5280179977416992,WE,nlwiki_20180420_300d
70,71,24,script-related,Elena stopte met pokeren. Snel zette ze haar,geld,in en won.,0.512938916683197,WE,nlwiki_20180420_300d
71,72,24,script-unrelated,Elena begon te tekenen. Snel zette ze haar,geld,in en won.,0.4647473394870758,WE,nlwiki_20180420_300d
72,73,25,control,Bruno begon zijn vakantie. Eindelijk kwam hij bij de,zee,aan en genoot van het weer.,0.36047056317329407,WE,nlwiki_20180420_300d
73,74,25,script-related,Bruno beëindigde zijn vakantie. Eindelijk kwam hij bij de,zee,aan en genoot van het weer.,0.35084378719329834,WE,nlwiki_20180420_300d
74,75,25,script-unrelated,Bruno begon zijn filmavond. Eindelijk kwam hij bij de,zee,aan en genoot van het weer.,0.3178199529647827,WE,nlwiki_20180420_300d
75,76,26,control,Jana betrad het gemeentehuis. Meteen toonde ze haar,visum,en diende een aanvraag in.,0.33446982502937317,WE,nlwiki_20180420_300d
76,77,26,script-related,Jana verliet het gemeentehuis. Meteen toonde ze haar,visum,en diende een aanvraag in.,0.334585964679718,WE,nlwiki_20180420_300d
77,78,26,script-unrelated,Jana betrad het tuincentrum. Meteen toonde ze haar,visum,en diende een aanvraag in.,0.3434871435165405,WE,nlwiki_20180420_300d
78,79,27,control,Nico ging naar de kermis. Direct liep hij naar de,botsauto's,en reed een rondje.,,WE,nlwiki_20180420_300d
79,80,27,script-related,Nico verliet de kermis. Direct liep hij naar de,botsauto's,en reed een rondje.,,WE,nlwiki_20180420_300d
80,81,27,script-unrelated,Nico ging naar de pizzeria. Direct liep hij naar de,botsauto's,en reed een rondje.,,WE,nlwiki_20180420_300d
81,82,28,control,Beate ging wandelen. Na een tijdje zag ze een,edelweiss,die ze meteen meenam.,0.31256189942359924,WE,nlwiki_20180420_300d
82,83,28,script-related,Beate kwam terug van het wandelen. Na een tijdje zag ze een,edelweiss,die ze meteen meenam.,0.3251441419124603,WE,nlwiki_20180420_300d
83,84,28,script-unrelated,Beate ging zwemmen. Na een tijdje zag ze een,edelweiss,die ze meteen meenam.,0.2924259305000305,WE,nlwiki_20180420_300d
84,85,29,control,Hubert nam een taxi. Vriendelijk begroette hij de,chauffeur,en noemde zijn bestemming.,0.4756353199481964,WE,nlwiki_20180420_300d
85,86,29,script-related,Hubert verliet de taxi. Vriendelijk begroette hij de,chauffeur,en noemde zijn bestemming.,0.4812875986099243,WE,nlwiki_20180420_300d
86,87,29,script-unrelated,Hubert nam een vliegtuig. Vriendelijk begroette hij de,chauffeur,en noemde zijn bestemming.,0.44072774052619934,WE,nlwiki_20180420_300d
87,88,30,control,Jenni begon te baden. Ze verdeelde meteen het,schuim,over haar lichaam.,0.3285198211669922,WE,nlwiki_20180420_300d
88,89,30,script-related,Jenni stopte met baden. Ze verdeelde meteen het,schuim,over haar lichaam.,0.3261827826499939,WE,nlwiki_20180420_300d
89,90,30,script-unrelated,Jenni begon de hoorcollege. Ze verdeelde meteen het,schuim,over haar lichaam.,0.3031650185585022,WE,nlwiki_20180420_300d
90,91,31,control,Hans betrad de ijshal. Hij trok vlot zijn,schaatsen,aan en ging de baan op.,0.41562703251838684,WE,nlwiki_20180420_300d
91,92,31,script-related,Hans verliet de ijshal. Hij trok vlot zijn,schaatsen,aan en ging de baan op.,0.38558948040008545,WE,nlwiki_20180420_300d
92,93,31,script-unrelated,Hans betrad de klimhal. Hij trok vlot zijn,schaatsen,aan en ging de baan op.,0.3691350221633911,WE,nlwiki_20180420_300d
93,94,32,control,Clara begon te bowlen. Vakkundig behaalde ze een,strike,en won het spel.,0.3533938229084015,WE,nlwiki_20180420_300d
94,95,32,script-related,Clara stopte met bowlen. Vakkundig behaalde ze een,strike,en won het spel.,0.3485267758369446,WE,nlwiki_20180420_300d
95,96,32,script-unrelated,Clara ging naar de schietbaan. Vakkundig behaalde ze een,strike,en won het spel.,0.31072086095809937,WE,nlwiki_20180420_300d
96,97,33,control,Georg nam deel aan een brandweerinzet. Hij gebruikte meteen de,slang,en bluste het vuur.,0.28502511978149414,WE,nlwiki_20180420_300d
97,98,33,script-related,Georg beëindigde een brandweerinzet. Hij gebruikte meteen de,slang,en bluste het vuur.,0.2968467175960541,WE,nlwiki_20180420_300d
98,99,33,script-unrelated,Georg nam deel aan yoga. Hij gebruikte meteen de,slang,en bluste het vuur.,0.3207966685295105,WE,nlwiki_20180420_300d
99,100,34,control,Johanna begon de voetbalwedstrijd. Na korte tijd maakte ze een,doelpunt,en juichte luid.,0.43690165877342224,WE,nlwiki_20180420_300d
100,101,34,script-related,Johanna beëindigde de voetbalwedstrijd. Na korte tijd maakte ze een,doelpunt,en juichte luid.,0.4551165997982025,WE,nlwiki_20180420_300d
101,102,34,script-unrelated,Johanna begon de jacht. Na korte tijd maakte ze een,doelpunt,en juichte luid.,0.3807238042354584,WE,nlwiki_20180420_300d
102,103,35,control,Jürgen betrad de slagerij. Hij vroeg meteen om een,steak,en betaalde.,0.3390405774116516,WE,nlwiki_20180420_300d
103,104,35,script-related,Jürgen verliet de slagerij. Hij vroeg meteen om een,steak,en betaalde.,0.3308403193950653,WE,nlwiki_20180420_300d
104,105,35,script-unrelated,Jürgen betrad de bakkerij. Hij vroeg meteen om een,steak,en betaalde.,0.325244277715683,WE,nlwiki_20180420_300d
105,106,36,control,Frauke betrad de dierentuin. Even later fotografeerde ze een,zebra,die aan het drinken was.,0.2753521800041199,WE,nlwiki_20180420_300d
106,107,36,script-related,Frauke verliet de dierentuin. Even later fotografeerde ze een,zebra,die aan het drinken was.,0.28145095705986023,WE,nlwiki_20180420_300d
107,108,36,script-unrelated,Frauke ging naar het stadion. Even later fotografeerde ze een,zebra,die aan het drinken was.,0.22359396517276764,WE,nlwiki_20180420_300d
108,109,37,control,Bernd betrad de wasserette. Snel koos hij het,wasprogramma,en zette de machine aan.,0.5119307637214661,WE,nlwiki_20180420_300d
109,110,37,script-related,Bernd verliet de wasserette. Snel koos hij het,wasprogramma,en zette de machine aan.,0.5055296421051025,WE,nlwiki_20180420_300d
110,111,37,script-unrelated,Bernd betrad de kiosk. Snel koos hij het,wasprogramma,en zette de machine aan.,0.5099707245826721,WE,nlwiki_20180420_300d
111,112,38,control,Nicole ging naar het circus. Al snel ging ze op de,tribune,zitten en bekeek het spektakel.,0.3324781060218811,WE,nlwiki_20180420_300d
112,113,38,script-related,Nicole verliet het circus. Al snel ging ze op de,tribune,zitten en bekeek het spektakel.,0.3409457504749298,WE,nlwiki_20180420_300d
113,114,38,script-unrelated,Nicole ging naar het kantoor. Al snel ging ze op de,tribune,zitten en bekeek het spektakel.,0.344346821308136,WE,nlwiki_20180420_300d
114,115,39,control,Viktor ging naar de sauna. Na een tijdje maakte hij een,opgieting,en ging liggen.,,WE,nlwiki_20180420_300d
115,116,39,script-related,Viktor verliet de sauna. Na een tijdje maakte hij een,opgieting,en ging liggen.,,WE,nlwiki_20180420_300d
116,117,39,script-unrelated,Viktor ging naar het lab. Na een tijdje maakte hij een,opgieting,en ging liggen.,,WE,nlwiki_20180420_300d
117,118,40,control,Gabi ging naar de dierenarts. Een moment later vroeg ze de,assistente,om medicijnen.,0.4100676476955414,WE,nlwiki_20180420_300d
118,119,40,script-related,Gabi verliet de dierenarts. Een moment later vroeg ze de,assistente,om medicijnen.,0.4324435889720917,WE,nlwiki_20180420_300d
119,120,40,script-unrelated,Gabi ging naar de kleedkamer. Een moment later vroeg ze de,assistente,om medicijnen.,0.3865392208099365,WE,nlwiki_20180420_300d
120,121,41,control,Jakob betrad de plaats delict. Kort daarna fotografeerde hij de,bloedspatten,en was verbaasd.,0.627229630947113,WE,nlwiki_20180420_300d
121,122,41,script-related,Jakob verliet de plaats delict. Kort daarna fotografeerde hij de,bloedspatten,en was verbaasd.,0.6091498136520386,WE,nlwiki_20180420_300d
122,123,41,script-unrelated,Jakob betrad het tankstation. Kort daarna fotografeerde hij de,bloedspatten,en was verbaasd.,0.6040763854980469,WE,nlwiki_20180420_300d
123,124,42,control,Peter begon bomen te kappen. Na een tijdje gebruikte hij de,bijl,en raakte gericht de stam.,0.45020791888237,WE,nlwiki_20180420_300d
124,125,42,script-related,Peter stopte met bomen kappen. Na een tijdje gebruikte hij de,bijl,en raakte gericht de stam.,0.46036094427108765,WE,nlwiki_20180420_300d
125,126,42,script-unrelated,Peter begon de koets te rijden. Na een tijdje gebruikte hij de,bijl,en raakte gericht de stam.,0.4118899405002594,WE,nlwiki_20180420_300d
126,127,43,control,Tom begon een kampvuur. Meteen stapelde hij het,hout,en stak het aan.,0.3946879208087921,WE,nlwiki_20180420_300d
127,128,43,script-related,Tom beëindigde het kampvuur. Meteen stapelde hij het,hout,en stak het aan.,0.3840811252593994,WE,nlwiki_20180420_300d
128,129,43,script-unrelated,Tom begon ontbijt te maken. Meteen stapelde hij het,hout,en stak het aan.,0.3773358166217804,WE,nlwiki_20180420_300d
129,130,44,control,Kim ging naar de kerstmarkt. Kort daarna bereikte hij de,kerstkraampjes,en snuffelde naar cadeaus.,,WE,nlwiki_20180420_300d
130,131,44,script-related,Kim verliet de kerstmarkt. Kort daarna bereikte hij de,kerstkraampjes,en snuffelde naar cadeaus.,,WE,nlwiki_20180420_300d
131,132,44,script-unrelated,Kim ging naar het ziekenhuis. Kort daarna bereikte hij de,kerstkraampjes,en snuffelde naar cadeaus.,,WE,nlwiki_20180420_300d
132,133,45,control,Michael begon zijn lunch te koken. Snel sneed hij de,groenten,en gooide het in de pot.,0.4197925925254822,WE,nlwiki_20180420_300d
133,134,45,script-related,Michael was klaar met zijn lunch koken. Snel sneed hij de,groenten,en gooide het in de pot.,0.424368292093277,WE,nlwiki_20180420_300d
134,135,45,script-unrelated,Michael begon een taart te bakken. Snel sneed hij de,groenten,en gooide het in de pot.,0.4489906430244446,WE,nlwiki_20180420_300d
135,136,46,control,Johan betrad het appartement. Meteen ging hij op het,bed,zitten en dacht na over de dag.,0.3893848657608032,WE,nlwiki_20180420_300d
136,137,46,script-related,Johan verliet het appartement. Meteen ging hij op het,bed,zitten en dacht na over de dag.,0.4058256149291992,WE,nlwiki_20180420_300d
137,138,46,script-unrelated,Johan betrad de bioscoop. Meteen ging hij op het,bed,zitten en dacht na over de dag.,0.33126533031463623,WE,nlwiki_20180420_300d
138,139,47,control,Sabine betrad de school. Snel liep ze naar het,klaslokaal,en groette de leerlingen.,0.4164135158061981,WE,nlwiki_20180420_300d
139,140,47,script-related,Sabine verliet de school. Snel liep ze naar het,klaslokaal,en groette de leerlingen.,0.4047223925590515,WE,nlwiki_20180420_300d
140,141,47,script-unrelated,Sabine betrad de boerderij. Snel liep ze naar het,klaslokaal,en groette de leerlingen.,0.3985116481781006,WE,nlwiki_20180420_300d
141,142,48,control,Kevin betrad de kerk. Voorzichtig pakte hij een,kaars,en stak hem aan.,0.3460768759250641,WE,nlwiki_20180420_300d
142,143,48,script-related,Kevin verliet de kerk. Voorzichtig pakte hij een,kaars,en stak hem aan.,0.3308505415916443,WE,nlwiki_20180420_300d
143,144,48,script-unrelated,Kevin betrad de huisartsenpraktijk. Voorzichtig pakte hij een,kaars,en stak hem aan.,0.3410215675830841,WE,nlwiki_20180420_300d
144,145,49,control,Susi betrad het verblijf. Nauwkeurig beoordeelde ze het,kalf,en maakte aantekeningen.,0.30416861176490784,WE,nlwiki_20180420_300d
145,146,49,script-related,Susi verliet het verblijf. Nauwkeurig beoordeelde ze het,kalf,en maakte aantekeningen.,0.3024466037750244,WE,nlwiki_20180420_300d
146,147,49,script-unrelated,Susi betrad de bibliotheek. Nauwkeurig beoordeelde ze het,kalf,en maakte aantekeningen.,0.27862662076950073,WE,nlwiki_20180420_300d
147,148,50,control,Thomas betrad de kroeg. Haastig riep hij de,ober,en bestelde een biertje.,0.3133659064769745,WE,nlwiki_20180420_300d
148,149,50,script-related,Thomas verliet de kroeg. Haastig riep hij de,ober,en bestelde een biertje.,0.29493823647499084,WE,nlwiki_20180420_300d
149,150,50,script-unrelated,Thomas begon spaghetti te koken. Haastig riep hij de,ober,en bestelde een biertje.,0.2789311707019806,WE,nlwiki_20180420_300d
150,151,51,control,Lea begon de muren te verven. Ze koos snel een,kwast,uit en begon te verven.,0.35379111766815186,WE,nlwiki_20180420_300d
151,152,51,script-related,Lea was klaar met de muren verven. Ze koos snel een,kwast,uit en begon te verven.,0.36038684844970703,WE,nlwiki_20180420_300d
152,153,51,script-unrelated,Lea bereikte het theater. Ze koos snel een,kwast,uit en begon te verven.,0.28431418538093567,WE,nlwiki_20180420_300d
153,154,52,control,Peter bereikte de supermarkt. Snel kocht hij wat,groenten,om 's avonds te koken.,0.39279571175575256,WE,nlwiki_20180420_300d
154,155,52,script-related,Peter verliet de supermarkt. Snel kocht hij wat,groenten,om 's avonds te koken.,0.3844813108444214,WE,nlwiki_20180420_300d
155,156,52,script-unrelated,Peter bereikte het station. Snel kocht hij wat,groenten,om 's avonds te koken.,0.3634348511695862,WE,nlwiki_20180420_300d
156,157,53,control,Lisa betrad het huis. Kort daarna checkte ze de,koelkast,en zocht iets te eten.,0.3537292778491974,WE,nlwiki_20180420_300d
157,158,53,script-related,Lisa verliet het huis. Kort daarna checkte ze de,koelkast,en zocht iets te eten.,0.3499152660369873,WE,nlwiki_20180420_300d
158,159,53,script-unrelated,Lisa begon in de sportschool te trainen. Kort daarna checkte ze de,koelkast,en zocht iets te eten.,0.37081724405288696,WE,nlwiki_20180420_300d
159,160,54,control,Tim begon zijn rijles. Gejaagd drukte hij op het,gaspedaal,en reed weg.,0.4179331958293915,WE,nlwiki_20180420_300d
160,161,54,script-related,Tim beëindigde zijn rijles. Gejaagd drukte hij op het,gaspedaal,en reed weg.,0.41685381531715393,WE,nlwiki_20180420_300d
161,162,54,script-unrelated,Tim ging naar het vliegveld. Gejaagd drukte hij op het,gaspedaal,en reed weg.,0.39102619886398315,WE,nlwiki_20180420_300d
162,163,55,control,Maria bereikte het winkelcentrum. Meteen begroette ze de,verkoopster,en koos iets uit.,0.34503450989723206,WE,nlwiki_20180420_300d
163,164,55,script-related,Maria verliet het winkelcentrum. Meteen begroette ze de,verkoopster,en koos iets uit.,0.366081565618515,WE,nlwiki_20180420_300d
164,165,55,script-unrelated,Maria bereikte het verjaardagsfeest. Meteen begroette ze de,verkoopster,en koos iets uit.,0.35549941658973694,WE,nlwiki_20180420_300d
165,166,56,control,Lukas begon het college. Haastig begroette hij zijn,studenten,en begon.,0.45141738653182983,WE,nlwiki_20180420_300d
166,167,56,script-related,Lukas beëindigde het college. Haastig begroette hij zijn,studenten,en begon.,0.4430108666419983,WE,nlwiki_20180420_300d
167,168,56,script-unrelated,Lukas ging naar de kapper. Haastig begroette hij zijn,studenten,en begon.,0.39395666122436523,WE,nlwiki_20180420_300d
168,169,57,control,Marie ging naar de uni. Haastig betrad ze de,collegezaal,en opende haar boek.,0.3850514590740204,WE,nlwiki_20180420_300d
169,170,57,script-related,Marie verliet de uni. Haastig betrad ze de,collegezaal,en opende haar boek.,0.37622275948524475,WE,nlwiki_20180420_300d
170,171,57,script-unrelated,Marie ging douchen. Haastig betrad ze de,collegezaal,en opende haar boek.,0.4079478979110718,WE,nlwiki_20180420_300d
171,172,58,control,Thorsten begon te barbecueën. Voorzichtig plaatste hij de,aanmaakblokjes,en zocht de tang.,0.5650502443313599,WE,nlwiki_20180420_300d
172,173,58,script-related,Thorsten stopte met barbecueën. Voorzichtig plaatste hij de,aanmaakblokjes,en zocht de tang.,0.5591316819190979,WE,nlwiki_20180420_300d
173,174,58,script-unrelated,Thorsten betrad de bloemenwinkel. Voorzichtig plaatste hij de,aanmaakblokjes,en zocht de tang.,0.5209012627601624,WE,nlwiki_20180420_300d
174,175,59,control,Claudia betrad de dierenwinkel. Een tijdje stond ze bij de,kooi,en dacht na over de koop.,0.39776673913002014,WE,nlwiki_20180420_300d
175,176,59,script-related,Claudia verliet de dierenwinkel. Een tijdje stond ze bij de,kooi,en dacht na over de koop.,0.38627615571022034,WE,nlwiki_20180420_300d
176,177,59,script-unrelated,Claudia betrad de begraafplaats. Een tijdje stond ze bij de,kooi,en dacht na over de koop.,0.36199039220809937,WE,nlwiki_20180420_300d
177,178,60,control,Jonathan ging naar de keuken. Eerst reinigde hij de,oven,en daarna de koelkast.,0.3462251126766205,WE,nlwiki_20180420_300d
178,179,60,script-related,Jonathan verliet de keuken. Eerst reinigde hij de,oven,en daarna de koelkast.,0.35032761096954346,WE,nlwiki_20180420_300d
179,180,60,script-unrelated,Jonathan ging de tuin in. Eerst reinigde hij de,oven,en daarna de koelkast.,0.3005293011665344,WE,nlwiki_20180420_300d
180,181,61,control,Lara liep naar het fornuis. Snel reinigde ze de,kookplaat,en daarna de afzuigkap.,0.4826452136039734,WE,nlwiki_20180420_300d
181,182,61,script-related,Lara liep weg van het fornuis. Snel reinigde ze de,kookplaat,en daarna de afzuigkap.,0.48803889751434326,WE,nlwiki_20180420_300d
182,183,61,script-unrelated,Lara ging naar het museum. Snel reinigde ze de,kookplaat,en daarna de afzuigkap.,0.36977192759513855,WE,nlwiki_20180420_300d
183,184,62,control,Roman ging naar de boekhandel. Snel zocht hij een,roman,voor zijn vrouw.,0.5361684560775757,WE,nlwiki_20180420_300d
184,185,62,script-related,Roman verliet de boekhandel. Snel zocht hij een,roman,voor zijn vrouw.,0.5624967217445374,WE,nlwiki_20180420_300d
185,186,62,script-unrelated,Roman ging naar de banketbakker. Snel zocht hij een,roman,voor zijn vrouw.,0.5152127742767334,WE,nlwiki_20180420_300d
186,187,63,control,Annika ging naar de boetiek. Ze zocht een tijdje naar,laarzen,en kocht ze toen.,0.362744003534317,WE,nlwiki_20180420_300d
187,188,63,script-related,Annika verliet de boetiek. Ze zocht een tijdje naar,laarzen,en kocht ze toen.,0.37546655535697937,WE,nlwiki_20180420_300d
188,189,63,script-unrelated,Annika ging naar de spa. Ze zocht een tijdje naar,laarzen,en kocht ze toen.,0.3302449584007263,WE,nlwiki_20180420_300d
189,190,64,control,Emil betrad de apotheek. Snel kocht hij het,medicijn,en ging toen naar huis.,0.3873234689235687,WE,nlwiki_20180420_300d
190,191,64,script-related,Emil verliet de apotheek. Snel kocht hij het,medicijn,en ging toen naar huis.,0.37095364928245544,WE,nlwiki_20180420_300d
191,192,64,script-unrelated,Emil betrad de manege. Snel kocht hij het,medicijn,en ging toen naar huis.,0.3208591639995575,WE,nlwiki_20180420_300d
192,193,65,control,Susanne betrad de badkamer. Direct verwijderde ze haar,make-up,en poetste haar tanden.,0.38589614629745483,WE,nlwiki_20180420_300d
193,194,65,script-related,Susanne verliet de badkamer. Direct verwijderde ze haar,make-up,en poetste haar tanden.,0.4056907296180725,WE,nlwiki_20180420_300d
194,195,65,script-unrelated,Susanne ging naar de veiligheidscontrole. Direct verwijderde ze haar,make-up,en poetste haar tanden.,0.3795311152935028,WE,nlwiki_20180420_300d
195,196,66,control,Martin kwam bij de garage. Meteen vroeg hij naar,banden,voor de winter.,0.36489853262901306,WE,nlwiki_20180420_300d
196,197,66,script-related,Martin verliet de garage. Meteen vroeg hij naar,banden,voor de winter.,0.379953533411026,WE,nlwiki_20180420_300d
197,198,66,script-unrelated,Martin kwam bij de hotelreceptie. Meteen vroeg hij naar,banden,voor de winter.,0.3540952503681183,WE,nlwiki_20180420_300d
198,199,67,control,Jutta ging naar het postkantoor. Meteen kreeg ze het,pakket,waarop ze had gewacht.,0.33206719160079956,WE,nlwiki_20180420_300d
199,200,67,script-related,Jutta verliet het postkantoor. Meteen kreeg ze het,pakket,waarop ze had gewacht.,0.3278449773788452,WE,nlwiki_20180420_300d
200,201,67,script-unrelated,Jutta ging naar de tandarts. Meteen kreeg ze het,pakket,waarop ze had gewacht.,0.3050916790962219,WE,nlwiki_20180420_300d
201,202,68,control,Jens ging naar de douane. Snel toonde hij zijn,formulier,en keek de beambte aan.,0.3386600613594055,WE,nlwiki_20180420_300d
202,203,68,script-related,Jens verliet de douane. Snel toonde hij zijn,formulier,en keek de beambte aan.,0.3357755243778229,WE,nlwiki_20180420_300d
203,204,68,script-unrelated,Jens begon te pokeren. Snel toonde hij zijn,formulier,en keek de beambte aan.,0.3298749327659607,WE,nlwiki_20180420_300d
204,205,69,control,Elena begon te tekenen. Meteen pakte ze het,potlood,en tekende een bloem.,0.3101820647716522,WE,nlwiki_20180420_300d
205,206,69,script-related,Elena stopte met tekenen. Meteen pakte ze het,potlood,en tekende een bloem.,0.3292001485824585,WE,nlwiki_20180420_300d
206,207,69,script-unrelated,Elena begon de vakantie. Meteen pakte ze het,potlood,en tekende een bloem.,0.2696487307548523,WE,nlwiki_20180420_300d
207,208,70,control,Bruno begon zijn filmavond. Snel haalde hij de,popcorn,uit de keuken.,0.31935352087020874,WE,nlwiki_20180420_300d
208,209,70,script-related,Bruno beëindigde zijn filmavond. Snel haalde hij de,popcorn,uit de keuken.,0.2953282594680786,WE,nlwiki_20180420_300d
209,210,70,script-unrelated,Bruno betrad het gemeentehuis. Snel haalde hij de,popcorn,uit de keuken.,0.3147694170475006,WE,nlwiki_20180420_300d
210,211,71,control,Jana betrad het tuincentrum. Na een tijdje vroeg ze om een,palmboom,voor het balkon.,0.3216897249221802,WE,nlwiki_20180420_300d
211,212,71,script-related,Jana verliet het tuincentrum. Na een tijdje vroeg ze om een,palmboom,voor het balkon.,0.3168145716190338,WE,nlwiki_20180420_300d
212,213,71,script-unrelated,Jana ging naar de kermis. Na een tijdje vroeg ze om een,palmboom,voor het balkon.,0.3158969283103943,WE,nlwiki_20180420_300d
213,214,72,control,Nico ging naar de pizzeria. Hij greep meteen de,menukaart,en bestelde een margherita.,0.402812123298645,WE,nlwiki_20180420_300d
214,215,72,script-related,Nico verliet de pizzeria. Hij greep meteen de,menukaart,en bestelde een margherita.,0.3944506347179413,WE,nlwiki_20180420_300d
215,216,72,script-unrelated,Nico ging wandelen. Hij greep meteen de,menukaart,en bestelde een margherita.,0.3703126907348633,WE,nlwiki_20180420_300d
216,217,73,control,Beate ging zwemmen. Snel controleerde ze het,bassin,en zwom weg.,0.3461496829986572,WE,nlwiki_20180420_300d
217,218,73,script-related,Beate kwam terug van het zwemmen. Snel controleerde ze het,bassin,en zwom weg.,0.34633129835128784,WE,nlwiki_20180420_300d
218,219,73,script-unrelated,Beate ging met de taxi. Snel controleerde ze het,bassin,en zwom weg.,0.318226158618927,WE,nlwiki_20180420_300d
219,220,74,control,Hubert nam een vliegtuig. Vol enthousiasme genoot hij van de,hoogte,want hij hield van vliegen.,0.329409658908844,WE,nlwiki_20180420_300d
220,221,74,script-related,Hubert verliet het vliegtuig. Vol enthousiasme genoot hij van de,hoogte,want hij hield van vliegen.,0.3188837766647339,WE,nlwiki_20180420_300d
221,222,74,script-unrelated,Hubert begon te baden. Vol enthousiasme genoot hij van de,hoogte,want hij hield van vliegen.,0.3164730966091156,WE,nlwiki_20180420_300d
222,223,75,control,Jenni begon de les. Direct opende ze het,schoolbord,en begon te schrijven.,0.3827424645423889,WE,nlwiki_20180420_300d
223,224,75,script-related,Jenni stopte de les. Direct opende ze het,schoolbord,en begon te schrijven.,0.37996265292167664,WE,nlwiki_20180420_300d
224,225,75,script-unrelated,Jenni betrad de ijshal. Direct opende ze het,schoolbord,en begon te schrijven.,0.36509379744529724,WE,nlwiki_20180420_300d
225,226,76,control,Hans betrad de klimhal. Even later greep hij het,touw,en spande het.,0.3458494246006012,WE,nlwiki_20180420_300d
226,227,76,script-related,Hans verliet de klimhal. Even later greep hij het,touw,en spande het.,0.35279202461242676,WE,nlwiki_20180420_300d
227,228,76,script-unrelated,Hans begon te bowlen. Even later greep hij het,touw,en spande het.,0.38749393820762634,WE,nlwiki_20180420_300d
228,229,77,control,Clara ging naar de schietbaan. Ze kreeg meteen een,revolver,en begon op het doel te schieten.,0.35227295756340027,WE,nlwiki_20180420_300d
229,230,77,script-related,Clara verliet de schietbaan. Ze kreeg meteen een,revolver,en begon op het doel te schieten.,0.3743067979812622,WE,nlwiki_20180420_300d
230,231,77,script-unrelated,Clara ging op een brandweerinzet. Ze kreeg meteen een,revolver,en begon op het doel te schieten.,0.3187967836856842,WE,nlwiki_20180420_300d
231,232,78,control,Georg nam deel aan de yogales. Na een tijdje ging hij op zijn,yogamat,zitten en deed een oefening.,,WE,nlwiki_20180420_300d
232,233,78,script-related,Georg kwam terug van de yogales. Na een tijdje ging hij op zijn,yogamat,zitten en deed een oefening.,,WE,nlwiki_20180420_300d
233,234,78,script-unrelated,Georg nam deel aan de voetbalwedstrijd. Na een tijdje ging hij op zijn,yogamat,zitten en deed een oefening.,,WE,nlwiki_20180420_300d
234,235,79,control,Johanna begon de jacht. Na een tijdje zag ze de,jachthut,en liep erop af.,0.4046608507633209,WE,nlwiki_20180420_300d
235,236,79,script-related,Johanna kwam terug van de jacht. Na een tijdje zag ze de,jachthut,en liep erop af.,0.4159964323043823,WE,nlwiki_20180420_300d
236,237,79,script-unrelated,Johanna betrad de slagerij. Na een tijdje zag ze de,jachthut,en liep erop af.,0.41742217540740967,WE,nlwiki_20180420_300d
237,238,80,control,Jürgen betrad de bakkerij. Even later wees hij naar de,croissant,en maakte zijn keuze.,0.3740902543067932,WE,nlwiki_20180420_300d
238,239,80,script-related,Jürgen verliet de bakkerij. Even later wees hij naar de,croissant,en maakte zijn keuze.,0.3672090768814087,WE,nlwiki_20180420_300d
239,240,80,script-unrelated,Jürgen betrad de dierentuin. Even later wees hij naar de,croissant,en maakte zijn keuze.,0.34835177659988403,WE,nlwiki_20180420_300d
240,241,81,control,Frauke ging naar het stadion. Snel koos ze een,tribune,en ging zitten.,0.4178948402404785,WE,nlwiki_20180420_300d
241,242,81,script-related,Frauke verliet het stadion. Snel koos ze een,tribune,en ging zitten.,0.4336288571357727,WE,nlwiki_20180420_300d
242,243,81,script-unrelated,Frauke ging naar de wasserette. Snel koos ze een,tribune,en ging zitten.,0.3380177319049835,WE,nlwiki_20180420_300d
243,244,82,control,Bernd betrad de kiosk. Hij kocht meteen een,krant,en ging weer naar huis.,0.41699227690696716,WE,nlwiki_20180420_300d
244,245,82,script-related,Bernd verliet de kiosk. Hij kocht meteen een,krant,en ging weer naar huis.,0.4194769859313965,WE,nlwiki_20180420_300d
245,246,82,script-unrelated,Bernd betrad het circus. Hij kocht meteen een,krant,en ging weer naar huis.,0.38175737857818604,WE,nlwiki_20180420_300d
246,247,83,control,Nicole betrad het kantoor. Eerst liep ze naar het,bureau,en zette toen de computer aan.,0.3386329412460327,WE,nlwiki_20180420_300d
247,248,83,script-related,Nicole verliet het kantoor. Eerst liep ze naar het,bureau,en zette toen de computer aan.,0.33306246995925903,WE,nlwiki_20180420_300d
248,249,83,script-unrelated,Nicole betrad de sauna. Eerst liep ze naar het,bureau,en zette toen de computer aan.,0.3072341978549957,WE,nlwiki_20180420_300d
249,250,84,control,Viktor ging naar het lab. Snel begon hij het,experiment,en maakte aantekeningen.,0.42999929189682007,WE,nlwiki_20180420_300d
250,251,84,script-related,Viktor verliet het lab. Snel begon hij het,experiment,en maakte aantekeningen.,0.4435403347015381,WE,nlwiki_20180420_300d
251,252,84,script-unrelated,Viktor ging naar de dierenarts. Snel begon hij het,experiment,en maakte aantekeningen.,0.3776569068431854,WE,nlwiki_20180420_300d
252,253,85,control,Gabi ging naar de paskamer. Snel paste ze de,kleding,en ging naar de kassa.,0.4330713450908661,WE,nlwiki_20180420_300d
253,254,85,script-related,Gabi verliet de paskamer. Snel paste ze de,kleding,en ging naar de kassa.,0.436400443315506,WE,nlwiki_20180420_300d
254,255,85,script-unrelated,Gabi betrad de plaats delict. Snel paste ze de,kleding,en ging naar de kassa.,0.41978394985198975,WE,nlwiki_20180420_300d
255,256,86,control,Jakob betrad het tankstation. Hij zei meteen zijn,nummer,en betaalde.,0.4114322066307068,WE,nlwiki_20180420_300d
256,257,86,script-related,Jakob verliet het tankstation. Hij zei meteen zijn,nummer,en betaalde.,0.41318151354789734,WE,nlwiki_20180420_300d
257,258,86,script-unrelated,Jakob begon bomen te kappen. Hij zei meteen zijn,nummer,en betaalde.,0.3675309419631958,WE,nlwiki_20180420_300d
258,259,87,control,Hilde begon de koets te besturen. Snel beklom ze de,koets,en daar ging ze.,0.5533665418624878,WE,nlwiki_20180420_300d
259,260,87,script-related,Hilde was klaar met de koets besturen. Snel beklom ze de,koets,en daar ging ze.,0.5576278567314148,WE,nlwiki_20180420_300d
260,261,87,script-unrelated,Hilde begon een kampvuur. Snel beklom ze de,koets,en daar ging ze.,0.40595924854278564,WE,nlwiki_20180420_300d
261,262,88,control,Tom begon ontbijt te maken. Hij opende meteen de,boter,en maakte een boterham.,0.3706881105899811,WE,nlwiki_20180420_300d
262,263,88,script-related,Tom stopte met ontbijt maken. Hij opende meteen de,boter,en maakte een boterham.,0.3662939667701721,WE,nlwiki_20180420_300d
263,264,88,script-unrelated,Tom ging naar de kerstmarkt. Hij opende meteen de,boter,en maakte een boterham.,0.32953253388404846,WE,nlwiki_20180420_300d
264,265,89,control,Kim ging naar het ziekenhuis. Meteen liep ze naar de,receptie,en vroeg de weg.,0.3379181921482086,WE,nlwiki_20180420_300d
265,266,89,script-related,Kim verliet het ziekenhuis. Meteen liep ze naar de,receptie,en vroeg de weg.,0.3336150050163269,WE,nlwiki_20180420_300d
266,267,89,script-unrelated,Kim begon haar lunch te koken. Meteen liep ze naar de,receptie,en vroeg de weg.,0.43866991996765137,WE,nlwiki_20180420_300d
267,268,90,control,Michael begon een taart te bakken. Als eerste pakte hij een,garde,en klopte het eiwit stijf.,0.3495120406150818,WE,nlwiki_20180420_300d
268,269,90,script-related,Michael was klaar met een taart bakken. Als eerste pakte hij een,garde,en klopte het eiwit stijf.,0.3582276701927185,WE,nlwiki_20180420_300d
269,270,90,script-unrelated,Michael betrad het restaurant. Als eerste pakte hij een,garde,en klopte het eiwit stijf.,0.37900832295417786,WE,nlwiki_20180420_300d
0,1,1,control,Johan betrad het restaurant. Even later opende hij de,menukaart,en kreeg een overzicht.,0.49554672837257385,CWE,nlwiki_20180420_100d
1,2,1,script-related,Johan verliet het restaurant. Even later opende hij de,menukaart,en kreeg een overzicht.,0.4509882926940918,CWE,nlwiki_20180420_100d
2,3,1,script-unrelated,Johan betrad het appartement. Even later opende hij de,menukaart,en kreeg een overzicht.,0.4536893665790558,CWE,nlwiki_20180420_100d
3,4,2,control,Sabine betrad de bioscoop. Snel liep ze naar de,kassa,en kocht een kaartje.,0.5106361508369446,CWE,nlwiki_20180420_100d
4,5,2,script-related,Sabine verliet de bioscoop. Snel liep ze naar de,kassa,en kocht een kaartje.,0.4701700508594513,CWE,nlwiki_20180420_100d
5,6,2,script-unrelated,Sabine betrad de school. Snel liep ze naar de,kassa,en kocht een kaartje.,0.4143395721912384,CWE,nlwiki_20180420_100d
6,7,3,control,Kevin betrad de boerderij. Zonder te aarzelen pakte hij een,mestvork,en begon te scheppen.,0.48683831095695496,CWE,nlwiki_20180420_100d
7,8,3,script-related,Kevin verliet de boerderij. Zonder te aarzelen pakte hij een,mestvork,en begon te scheppen.,0.4486011564731598,CWE,nlwiki_20180420_100d
8,9,3,script-unrelated,Kevin betrad de kerk. Zonder te aarzelen pakte hij een,mestvork,en begon te scheppen.,0.44428524374961853,CWE,nlwiki_20180420_100d
9,10,4,control,Susi betrad de huisartsenpraktijk. Vriendelijk sprak ze met de,doktersassistente,over de problematiek.,0.6210417747497559,CWE,nlwiki_20180420_100d
10,11,4,script-related,Susi verliet de huisartsenpraktijk. Vriendelijk sprak ze met de,doktersassistente,over de problematiek.,0.6393014788627625,CWE,nlwiki_20180420_100d
11,12,4,script-unrelated,Susi betrad het verblijf. Vriendelijk sprak ze met de,doktersassistente,over de problematiek.,0.5250540375709534,CWE,nlwiki_20180420_100d
12,13,5,control,Roman betrad de bibliotheek. Kort daarna liep hij naar het,rek,en zocht een misdaadroman.,0.32148444652557373,CWE,nlwiki_20180420_100d
13,14,5,script-related,Roman verliet de bibliotheek. Kort daarna liep hij naar het,rek,en zocht een misdaadroman.,0.29348883032798767,CWE,nlwiki_20180420_100d
14,15,5,script-unrelated,Roman betrad de kroeg. Kort daarna liep hij naar het,rek,en zocht een misdaadroman.,0.3847283124923706,CWE,nlwiki_20180420_100d
15,16,6,control,Lea begon spaghetti te koken. Voorzichtig opende ze het,pastapak,in één handbeweging.,,CWE,nlwiki_20180420_100d
16,17,6,script-related,Lea was klaar met spaghetti koken. Voorzichtig opende ze het,pastapak,in één handbeweging.,,CWE,nlwiki_20180420_100d
17,18,6,script-unrelated,Lea begon de muren te verven. Voorzichtig opende ze het,pastapak,in één handbeweging.,,CWE,nlwiki_20180420_100d
18,19,7,control,Peter bereikte het theater. Even later liep hij naar de,loge,en ging zitten.,0.38245251774787903,CWE,nlwiki_20180420_100d
19,20,7,script-related,Peter verliet het theater. Even later liep hij naar de,loge,en ging zitten.,0.35761433839797974,CWE,nlwiki_20180420_100d
20,21,7,script-unrelated,Peter bereikte de supermarkt. Even later liep hij naar de,loge,en ging zitten.,0.3708752691745758,CWE,nlwiki_20180420_100d
21,22,8,control,Lisa betrad het station. Even later was ze op het,perron,en wachtte op de trein.,0.5918025970458984,CWE,nlwiki_20180420_100d
22,23,8,script-related,Lisa verliet het station. Even later was ze op het,perron,en wachtte op de trein.,0.5696496367454529,CWE,nlwiki_20180420_100d
23,24,8,script-unrelated,Lisa betrad het huis. Even later was ze op het,perron,en wachtte op de trein.,0.3867035508155823,CWE,nlwiki_20180420_100d
24,25,9,control,Tim begon in de sportschool te trainen. Meteen stapte hij op de,loopband,en rende als een gek.,0.49750471115112305,CWE,nlwiki_20180420_100d
25,26,9,script-related,Tim stopte in de sportschool met trainen. Meteen stapte hij op de,loopband,en rende als een gek.,0.502558708190918,CWE,nlwiki_20180420_100d
26,27,9,script-unrelated,Tim begon zijn rijles. Meteen stapte hij op de,loopband,en rende als een gek.,0.4355525076389313,CWE,nlwiki_20180420_100d
27,28,10,control,Maria bereikte het vliegveld. Ze liep meteen naar de,check-in,om de koffer af te geven.,0.4002199172973633,CWE,nlwiki_20180420_100d
28,29,10,script-related,Maria verliet het vliegveld. Ze liep meteen naar de,check-in,om de koffer af te geven.,0.36643967032432556,CWE,nlwiki_20180420_100d
29,30,10,script-unrelated,Maria bereikte het winkelcentrum. Ze liep meteen naar de,check-in,om de koffer af te geven.,0.4548615515232086,CWE,nlwiki_20180420_100d
30,31,11,control,Lukas kwam naar het verjaardagsfeest. Na een tijdje overhandigde hij de,taart,en feliciteerde hij de jarige.,0.5281715393066406,CWE,nlwiki_20180420_100d
31,32,11,script-related,Lukas verliet het verjaardagsfeest. Na een tijdje overhandigde hij de,taart,en feliciteerde hij de jarige.,0.49548736214637756,CWE,nlwiki_20180420_100d
32,33,11,script-unrelated,Lukas kwam naar de les. Na een tijdje overhandigde hij de,taart,en feliciteerde hij de jarige.,0.5043559670448303,CWE,nlwiki_20180420_100d
33,34,12,control,Marie ging naar de kapper. Even later vroeg ze de,styliste,om een nieuwe coupe.,0.5119960308074951,CWE,nlwiki_20180420_100d
34,35,12,script-related,Marie verliet de kapper. Even later vroeg ze de,styliste,om een nieuwe coupe.,0.5274479985237122,CWE,nlwiki_20180420_100d
35,36,12,script-unrelated,Marie ging naar de uni. Even later vroeg ze de,styliste,om een nieuwe coupe.,0.39611029624938965,CWE,nlwiki_20180420_100d
36,37,13,control,Thorsten begon te douchen. Als eerste gebruikte hij de,shampoo,en daarna de douchegel.,0.49543291330337524,CWE,nlwiki_20180420_100d
37,38,13,script-related,Thorsten stopte met douchen. Als eerste gebruikte hij de,shampoo,en daarna de douchegel.,0.5254378914833069,CWE,nlwiki_20180420_100d
38,39,13,script-unrelated,Thorsten begon te barbecueën. Als eerste gebruikte hij de,shampoo,en daarna de douchegel.,0.463571697473526,CWE,nlwiki_20180420_100d
39,40,14,control,Claudia betrad de bloemenwinkel. Snel vroeg ze om een,roos,voor een vriendin.,0.5326876044273376,CWE,nlwiki_20180420_100d
40,41,14,script-related,Claudia verliet de bloemenwinkel. Snel vroeg ze om een,roos,voor een vriendin.,0.5215086936950684,CWE,nlwiki_20180420_100d
41,42,14,script-unrelated,Claudia betrad de dierenwinkel. Snel vroeg ze om een,roos,voor een vriendin.,0.5071160793304443,CWE,nlwiki_20180420_100d
42,43,15,control,Jonathan ging naar de begraafplaats. Peinzend bekeek hij de,grafsteen,en sprak een gebed uit.,0.6439621448516846,CWE,nlwiki_20180420_100d
43,44,15,script-related,Jonathan verliet de begraafplaats. Peinzend bekeek hij de,grafsteen,en sprak een gebed uit.,0.6452991366386414,CWE,nlwiki_20180420_100d
44,45,15,script-unrelated,Jonathan ging naar de keuken. Peinzend bekeek hij de,grafsteen,en sprak een gebed uit.,0.45312392711639404,CWE,nlwiki_20180420_100d
45,46,16,control,Lara ging de tuin in. Aandachtig onderzocht ze de,aarde,en gaf toen de bloemen water.,0.4947015047073364,CWE,nlwiki_20180420_100d
46,47,16,script-related,Lara verliet de tuin. Aandachtig onderzocht ze de,aarde,en gaf toen de bloemen water.,0.492571085691452,CWE,nlwiki_20180420_100d
47,48,16,script-unrelated,Lara ging naar het fornuis. Aandachtig onderzocht ze de,aarde,en gaf toen de bloemen water.,0.5021812915802002,CWE,nlwiki_20180420_100d
48,49,17,control,Roman ging naar het museum. Nauwkeurig bekeek hij de,sculpturen,en was enthousiast.,0.5218240022659302,CWE,nlwiki_20180420_100d
49,50,17,script-related,Roman verliet het museum.  Nauwkeurig bekeek hij de,sculpturen,en was enthousiast.,0.5167019963264465,CWE,nlwiki_20180420_100d
50,51,17,script-unrelated,Roman ging naar de boekhandel. Nauwkeurig bekeek hij de,sculpturen,en was enthousiast.,0.4320676624774933,CWE,nlwiki_20180420_100d
51,52,18,control,Annika ging naar de banketbakker. Snel vroeg ze om een,taart,en betaalde meteen.,0.5444530844688416,CWE,nlwiki_20180420_100d
52,53,18,script-related,Annika verliet de banketbakker. Snel vroeg ze om een,taart,en betaalde meteen.,0.520476758480072,CWE,nlwiki_20180420_100d
53,54,18,script-unrelated,Annika ging naar de boetiek. Snel vroeg ze om een,taart,en betaalde meteen.,0.5035804510116577,CWE,nlwiki_20180420_100d
54,55,19,control,Emil betrad de spa. Na een tijdje kreeg hij een,massage,en genoot ervan.,0.3658754527568817,CWE,nlwiki_20180420_100d
55,56,19,script-related,Emil verliet de spa. Na een tijdje kreeg hij een,massage,en genoot ervan.,0.3216547966003418,CWE,nlwiki_20180420_100d
56,57,19,script-unrelated,Emil betrad de apotheek. Na een tijdje kreeg hij een,massage,en genoot ervan.,0.45473626255989075,CWE,nlwiki_20180420_100d
57,58,20,control,Susanne betrad de manege. Snel legde ze het,zadel,op en reed weg.,0.4526444971561432,CWE,nlwiki_20180420_100d
58,59,20,script-related,Susanne verliet de manege. Snel legde ze het,zadel,op en reed weg.,0.4111788272857666,CWE,nlwiki_20180420_100d
59,60,20,script-unrelated,Susanne betrad de badkamer. Snel legde ze het,zadel,op en reed weg.,0.5411635637283325,CWE,nlwiki_20180420_100d
60,61,21,control,Martin kwam bij de veiligheidscontrole. Vlot opende hij de,koffer,en werd doorgelaten.,0.42867255210876465,CWE,nlwiki_20180420_100d
61,62,21,script-related,Martin verliet de veiligheidscontrole. Vlot opende hij de,koffer,en werd doorgelaten.,0.4258262515068054,CWE,nlwiki_20180420_100d
62,63,21,script-unrelated,Martin kwam bij de garage. Vlot opende hij de,koffer,en werd doorgelaten.,0.5264014005661011,CWE,nlwiki_20180420_100d
63,64,22,control,Jutta ging naar de hotelreceptie. Direct kreeg ze een,kamer,en bedankte vriendelijk.,0.4017193913459778,CWE,nlwiki_20180420_100d
64,65,22,script-related,Jutta verliet de hotelreceptie. Direct kreeg ze een,kamer,en bedankte vriendelijk.,0.4296208322048187,CWE,nlwiki_20180420_100d
65,66,22,script-unrelated,Jutta ging naar het postkantoor. Direct kreeg ze een,kamer,en bedankte vriendelijk.,0.46723127365112305,CWE,nlwiki_20180420_100d
66,67,23,control,Jens ging naar de tandarts. Angstig liep hij naar de,röntgen,en liet zich behandelen.,0.40227246284484863,CWE,nlwiki_20180420_100d
67,68,23,script-related,Jens verliet de tandarts. Angstig liep hij naar de,röntgen,en liet zich behandelen.,0.38980045914649963,CWE,nlwiki_20180420_100d
68,69,23,script-unrelated,Jens ging naar de douane. Angstig liep hij naar de,röntgen,en liet zich behandelen.,0.33615759015083313,CWE,nlwiki_20180420_100d
69,70,24,control,Elena begon te pokeren. Snel zette ze haar,geld,in en won.,0.6332836747169495,CWE,nlwiki_20180420_100d
70,71,24,script-related,Elena stopte met pokeren. Snel zette ze haar,geld,in en won.,0.6420222520828247,CWE,nlwiki_20180420_100d
71,72,24,script-unrelated,Elena begon te tekenen. Snel zette ze haar,geld,in en won.,0.5222609043121338,CWE,nlwiki_20180420_100d
72,73,25,control,Bruno begon zijn vakantie. Eindelijk kwam hij bij de,zee,aan en genoot van het weer.,0.3910757601261139,CWE,nlwiki_20180420_100d
73,74,25,script-related,Bruno beëindigde zijn vakantie. Eindelijk kwam hij bij de,zee,aan en genoot van het weer.,0.39262655377388,CWE,nlwiki_20180420_100d
74,75,25,script-unrelated,Bruno begon zijn filmavond. Eindelijk kwam hij bij de,zee,aan en genoot van het weer.,0.34110918641090393,CWE,nlwiki_20180420_100d
75,76,26,control,Jana betrad het gemeentehuis. Meteen toonde ze haar,visum,en diende een aanvraag in.,0.35076552629470825,CWE,nlwiki_20180420_100d
76,77,26,script-related,Jana verliet het gemeentehuis. Meteen toonde ze haar,visum,en diende een aanvraag in.,0.3588356077671051,CWE,nlwiki_20180420_100d
77,78,26,script-unrelated,Jana betrad het tuincentrum. Meteen toonde ze haar,visum,en diende een aanvraag in.,0.4171326458454132,CWE,nlwiki_20180420_100d
78,79,27,control,Nico ging naar de kermis. Direct liep hij naar de,botsauto's,en reed een rondje.,,CWE,nlwiki_20180420_100d
79,80,27,script-related,Nico verliet de kermis. Direct liep hij naar de,botsauto's,en reed een rondje.,,CWE,nlwiki_20180420_100d
80,81,27,script-unrelated,Nico ging naar de pizzeria. Direct liep hij naar de,botsauto's,en reed een rondje.,,CWE,nlwiki_20180420_100d
81,82,28,control,Beate ging wandelen. Na een tijdje zag ze een,edelweiss,die ze meteen meenam.,0.3451596796512604,CWE,nlwiki_20180420_100d
82,83,28,script-related,Beate kwam terug van het wandelen. Na een tijdje zag ze een,edelweiss,die ze meteen meenam.,0.3763245940208435,CWE,nlwiki_20180420_100d
83,84,28,script-unrelated,Beate ging zwemmen. Na een tijdje zag ze een,edelweiss,die ze meteen meenam.,0.3303331136703491,CWE,nlwiki_20180420_100d
84,85,29,control,Hubert nam een taxi. Vriendelijk begroette hij de,chauffeur,en noemde zijn bestemming.,0.6388672590255737,CWE,nlwiki_20180420_100d
85,86,29,script-related,Hubert verliet de taxi. Vriendelijk begroette hij de,chauffeur,en noemde zijn bestemming.,0.6374180316925049,CWE,nlwiki_20180420_100d
86,87,29,script-unrelated,Hubert nam een vliegtuig. Vriendelijk begroette hij de,chauffeur,en noemde zijn bestemming.,0.588015079498291,CWE,nlwiki_20180420_100d
87,88,30,control,Jenni begon te baden. Ze verdeelde meteen het,schuim,over haar lichaam.,0.4290885627269745,CWE,nlwiki_20180420_100d
88,89,30,script-related,Jenni stopte met baden. Ze verdeelde meteen het,schuim,over haar lichaam.,0.44703176617622375,CWE,nlwiki_20180420_100d
89,90,30,script-unrelated,Jenni begon de hoorcollege. Ze verdeelde meteen het,schuim,over haar lichaam.,0.353902667760849,CWE,nlwiki_20180420_100d
90,91,31,control,Hans betrad de ijshal. Hij trok vlot zijn,schaatsen,aan en ging de baan op.,0.5499315857887268,CWE,nlwiki_20180420_100d
91,92,31,script-related,Hans verliet de ijshal. Hij trok vlot zijn,schaatsen,aan en ging de baan op.,0.5104076862335205,CWE,nlwiki_20180420_100d
92,93,31,script-unrelated,Hans betrad de klimhal. Hij trok vlot zijn,schaatsen,aan en ging de baan op.,0.4196624159812927,CWE,nlwiki_20180420_100d
93,94,32,control,Clara begon te bowlen. Vakkundig behaalde ze een,strike,en won het spel.,0.4194219708442688,CWE,nlwiki_20180420_100d
94,95,32,script-related,Clara stopte met bowlen. Vakkundig behaalde ze een,strike,en won het spel.,0.4234737753868103,CWE,nlwiki_20180420_100d
95,96,32,script-unrelated,Clara ging naar de schietbaan. Vakkundig behaalde ze een,strike,en won het spel.,0.3590299189090729,CWE,nlwiki_20180420_100d
96,97,33,control,Georg nam deel aan een brandweerinzet. Hij gebruikte meteen de,slang,en bluste het vuur.,0.3563435673713684,CWE,nlwiki_20180420_100d
97,98,33,script-related,Georg beëindigde een brandweerinzet. Hij gebruikte meteen de,slang,en bluste het vuur.,0.30544668436050415,CWE,nlwiki_20180420_100d
98,99,33,script-unrelated,Georg nam deel aan yoga. Hij gebruikte meteen de,slang,en bluste het vuur.,0.46599307656288147,CWE,nlwiki_20180420_100d
99,100,34,control,Johanna begon de voetbalwedstrijd. Na korte tijd maakte ze een,doelpunt,en juichte luid.,0.604219377040863,CWE,nlwiki_20180420_100d
100,101,34,script-related,Johanna beëindigde de voetbalwedstrijd. Na korte tijd maakte ze een,doelpunt,en juichte luid.,0.6327475905418396,CWE,nlwiki_20180420_100d
101,102,34,script-unrelated,Johanna begon de jacht. Na korte tijd maakte ze een,doelpunt,en juichte luid.,0.47291210293769836,CWE,nlwiki_20180420_100d
102,103,35,control,Jürgen betrad de slagerij. Hij vroeg meteen om een,steak,en betaalde.,0.4170478880405426,CWE,nlwiki_20180420_100d
103,104,35,script-related,Jürgen verliet de slagerij. Hij vroeg meteen om een,steak,en betaalde.,0.43551889061927795,CWE,nlwiki_20180420_100d
104,105,35,script-unrelated,Jürgen betrad de bakkerij. Hij vroeg meteen om een,steak,en betaalde.,0.35861697793006897,CWE,nlwiki_20180420_100d
105,106,36,control,Frauke betrad de dierentuin. Even later fotografeerde ze een,zebra,die aan het drinken was.,0.3916087746620178,CWE,nlwiki_20180420_100d
106,107,36,script-related,Frauke verliet de dierentuin. Even later fotografeerde ze een,zebra,die aan het drinken was.,0.3950746953487396,CWE,nlwiki_20180420_100d
107,108,36,script-unrelated,Frauke ging naar het stadion. Even later fotografeerde ze een,zebra,die aan het drinken was.,0.2920038402080536,CWE,nlwiki_20180420_100d
108,109,37,control,Bernd betrad de wasserette. Snel koos hij het,wasprogramma,en zette de machine aan.,0.5371290445327759,CWE,nlwiki_20180420_100d
109,110,37,script-related,Bernd verliet de wasserette. Snel koos hij het,wasprogramma,en zette de machine aan.,0.500644326210022,CWE,nlwiki_20180420_100d
110,111,37,script-unrelated,Bernd betrad de kiosk. Snel koos hij het,wasprogramma,en zette de machine aan.,0.5279076099395752,CWE,nlwiki_20180420_100d
111,112,38,control,Nicole ging naar het circus. Al snel ging ze op de,tribune,zitten en bekeek het spektakel.,0.4192451536655426,CWE,nlwiki_20180420_100d
112,113,38,script-related,Nicole verliet het circus. Al snel ging ze op de,tribune,zitten en bekeek het spektakel.,0.4205187261104584,CWE,nlwiki_20180420_100d
113,114,38,script-unrelated,Nicole ging naar het kantoor. Al snel ging ze op de,tribune,zitten en bekeek het spektakel.,0.45779651403427124,CWE,nlwiki_20180420_100d
114,115,39,control,Viktor ging naar de sauna. Na een tijdje maakte hij een,opgieting,en ging liggen.,,CWE,nlwiki_20180420_100d
115,116,39,script-related,Viktor verliet de sauna. Na een tijdje maakte hij een,opgieting,en ging liggen.,,CWE,nlwiki_20180420_100d
116,117,39,script-unrelated,Viktor ging naar het lab. Na een tijdje maakte hij een,opgieting,en ging liggen.,,CWE,nlwiki_20180420_100d
117,118,40,control,Gabi ging naar de dierenarts. Een moment later vroeg ze de,assistente,om medicijnen.,0.6263169646263123,CWE,nlwiki_20180420_100d
118,119,40,script-related,Gabi verliet de dierenarts. Een moment later vroeg ze de,assistente,om medicijnen.,0.6429094672203064,CWE,nlwiki_20180420_100d
119,120,40,script-unrelated,Gabi ging naar de kleedkamer. Een moment later vroeg ze de,assistente,om medicijnen.,0.5934587121009827,CWE,nlwiki_20180420_100d
120,121,41,control,Jakob betrad de plaats delict. Kort daarna fotografeerde hij de,bloedspatten,en was verbaasd.,0.6845431923866272,CWE,nlwiki_20180420_100d
121,122,41,script-related,Jakob verliet de plaats delict. Kort daarna fotografeerde hij de,bloedspatten,en was verbaasd.,0.6681891083717346,CWE,nlwiki_20180420_100d
122,123,41,script-unrelated,Jakob betrad het tankstation. Kort daarna fotografeerde hij de,bloedspatten,en was verbaasd.,0.6635936498641968,CWE,nlwiki_20180420_100d
123,124,42,control,Peter begon bomen te kappen. Na een tijdje gebruikte hij de,bijl,en raakte gericht de stam.,0.5963948369026184,CWE,nlwiki_20180420_100d
124,125,42,script-related,Peter stopte met bomen kappen. Na een tijdje gebruikte hij de,bijl,en raakte gericht de stam.,0.6076110005378723,CWE,nlwiki_20180420_100d
125,126,42,script-unrelated,Peter begon de koets te rijden. Na een tijdje gebruikte hij de,bijl,en raakte gericht de stam.,0.49579858779907227,CWE,nlwiki_20180420_100d
126,127,43,control,Tom begon een kampvuur. Meteen stapelde hij het,hout,en stak het aan.,0.4871857464313507,CWE,nlwiki_20180420_100d
127,128,43,script-related,Tom beëindigde het kampvuur. Meteen stapelde hij het,hout,en stak het aan.,0.4612666964530945,CWE,nlwiki_20180420_100d
128,129,43,script-unrelated,Tom begon ontbijt te maken. Meteen stapelde hij het,hout,en stak het aan.,0.48875123262405396,CWE,nlwiki_20180420_100d
129,130,44,control,Kim ging naar de kerstmarkt. Kort daarna bereikte hij de,kerstkraampjes,en snuffelde naar cadeaus.,,CWE,nlwiki_20180420_100d
130,131,44,script-related,Kim verliet de kerstmarkt. Kort daarna bereikte hij de,kerstkraampjes,en snuffelde naar cadeaus.,,CWE,nlwiki_20180420_100d
131,132,44,script-unrelated,Kim ging naar het ziekenhuis. Kort daarna bereikte hij de,kerstkraampjes,en snuffelde naar cadeaus.,,CWE,nlwiki_20180420_100d
132,133,45,control,Michael begon zijn lunch te koken. Snel sneed hij de,groenten,en gooide het in de pot.,0.5633208155632019,CWE,nlwiki_20180420_100d
133,134,45,script-related,Michael was klaar met zijn lunch koken. Snel sneed hij de,groenten,en gooide het in de pot.,0.572071373462677,CWE,nlwiki_20180420_100d
134,135,45,script-unrelated,Michael begon een taart te bakken. Snel sneed hij de,groenten,en gooide het in de pot.,0.5786636471748352,CWE,nlwiki_20180420_100d
135,136,46,control,Johan betrad het appartement. Meteen ging hij op het,bed,zitten en dacht na over de dag.,0.5976969599723816,CWE,nlwiki_20180420_100d
136,137,46,script-related,Johan verliet het appartement. Meteen ging hij op het,bed,zitten en dacht na over de dag.,0.5896205306053162,CWE,nlwiki_20180420_100d
137,138,46,script-unrelated,Johan betrad de bioscoop. Meteen ging hij op het,bed,zitten en dacht na over de dag.,0.47314849495887756,CWE,nlwiki_20180420_100d
138,139,47,control,Sabine betrad de school. Snel liep ze naar het,klaslokaal,en groette de leerlingen.,0.5286725163459778,CWE,nlwiki_20180420_100d
139,140,47,script-related,Sabine verliet de school. Snel liep ze naar het,klaslokaal,en groette de leerlingen.,0.5054113864898682,CWE,nlwiki_20180420_100d
140,141,47,script-unrelated,Sabine betrad de boerderij. Snel liep ze naar het,klaslokaal,en groette de leerlingen.,0.479292631149292,CWE,nlwiki_20180420_100d
141,142,48,control,Kevin betrad de kerk. Voorzichtig pakte hij een,kaars,en stak hem aan.,0.5053033828735352,CWE,nlwiki_20180420_100d
142,143,48,script-related,Kevin verliet de kerk. Voorzichtig pakte hij een,kaars,en stak hem aan.,0.4846813678741455,CWE,nlwiki_20180420_100d
143,144,48,script-unrelated,Kevin betrad de huisartsenpraktijk. Voorzichtig pakte hij een,kaars,en stak hem aan.,0.49735188484191895,CWE,nlwiki_20180420_100d
144,145,49,control,Susi betrad het verblijf. Nauwkeurig beoordeelde ze het,kalf,en maakte aantekeningen.,0.3529285788536072,CWE,nlwiki_20180420_100d
145,146,49,script-related,Susi verliet het verblijf. Nauwkeurig beoordeelde ze het,kalf,en maakte aantekeningen.,0.3386134207248688,CWE,nlwiki_20180420_100d
146,147,49,script-unrelated,Susi betrad de bibliotheek. Nauwkeurig beoordeelde ze het,kalf,en maakte aantekeningen.,0.31010153889656067,CWE,nlwiki_20180420_100d
147,148,50,control,Thomas betrad de kroeg. Haastig riep hij de,ober,en bestelde een biertje.,0.37478160858154297,CWE,nlwiki_20180420_100d
148,149,50,script-related,Thomas verliet de kroeg. Haastig riep hij de,ober,en bestelde een biertje.,0.3700753450393677,CWE,nlwiki_20180420_100d
149,150,50,script-unrelated,Thomas begon spaghetti te koken. Haastig riep hij de,ober,en bestelde een biertje.,0.35840892791748047,CWE,nlwiki_20180420_100d
150,151,51,control,Lea begon de muren te verven. Ze koos snel een,kwast,uit en begon te verven.,0.5492916107177734,CWE,nlwiki_20180420_100d
151,152,51,script-related,Lea was klaar met de muren verven. Ze koos snel een,kwast,uit en begon te verven.,0.558841347694397,CWE,nlwiki_20180420_100d
152,153,51,script-unrelated,Lea bereikte het theater. Ze koos snel een,kwast,uit en begon te verven.,0.418183833360672,CWE,nlwiki_20180420_100d
153,154,52,control,Peter bereikte de supermarkt. Snel kocht hij wat,groenten,om 's avonds te koken.,0.46839669346809387,CWE,nlwiki_20180420_100d
154,155,52,script-related,Peter verliet de supermarkt. Snel kocht hij wat,groenten,om 's avonds te koken.,0.45816123485565186,CWE,nlwiki_20180420_100d
155,156,52,script-unrelated,Peter bereikte het station. Snel kocht hij wat,groenten,om 's avonds te koken.,0.3706298768520355,CWE,nlwiki_20180420_100d
156,157,53,control,Lisa betrad het huis. Kort daarna checkte ze de,koelkast,en zocht iets te eten.,0.5078717470169067,CWE,nlwiki_20180420_100d
157,158,53,script-related,Lisa verliet het huis. Kort daarna checkte ze de,koelkast,en zocht iets te eten.,0.47682318091392517,CWE,nlwiki_20180420_100d
158,159,53,script-unrelated,Lisa begon in de sportschool te trainen. Kort daarna checkte ze de,koelkast,en zocht iets te eten.,0.46551239490509033,CWE,nlwiki_20180420_100d
159,160,54,control,Tim begon zijn rijles. Gejaagd drukte hij op het,gaspedaal,en reed weg.,0.5196272134780884,CWE,nlwiki_20180420_100d
160,161,54,script-related,Tim beëindigde zijn rijles. Gejaagd drukte hij op het,gaspedaal,en reed weg.,0.49684903025627136,CWE,nlwiki_20180420_100d
161,162,54,script-unrelated,Tim ging naar het vliegveld. Gejaagd drukte hij op het,gaspedaal,en reed weg.,0.437442809343338,CWE,nlwiki_20180420_100d
162,163,55,control,Maria bereikte het winkelcentrum. Meteen begroette ze de,verkoopster,en koos iets uit.,0.43564555048942566,CWE,nlwiki_20180420_100d
163,164,55,script-related,Maria verliet het winkelcentrum. Meteen begroette ze de,verkoopster,en koos iets uit.,0.49920010566711426,CWE,nlwiki_20180420_100d
164,165,55,script-unrelated,Maria bereikte het verjaardagsfeest. Meteen begroette ze de,verkoopster,en koos iets uit.,0.39466068148612976,CWE,nlwiki_20180420_100d
165,166,56,control,Lukas begon het college. Haastig begroette hij zijn,studenten,en begon.,0.5710262060165405,CWE,nlwiki_20180420_100d
166,167,56,script-related,Lukas beëindigde het college. Haastig begroette hij zijn,studenten,en begon.,0.547990083694458,CWE,nlwiki_20180420_100d
167,168,56,script-unrelated,Lukas ging naar de kapper. Haastig begroette hij zijn,studenten,en begon.,0.503235936164856,CWE,nlwiki_20180420_100d
168,169,57,control,Marie ging naar de uni. Haastig betrad ze de,collegezaal,en opende haar boek.,0.4267585575580597,CWE,nlwiki_20180420_100d
169,170,57,script-related,Marie verliet de uni. Haastig betrad ze de,collegezaal,en opende haar boek.,0.42681238055229187,CWE,nlwiki_20180420_100d
170,171,57,script-unrelated,Marie ging douchen. Haastig betrad ze de,collegezaal,en opende haar boek.,0.48271599411964417,CWE,nlwiki_20180420_100d
171,172,58,control,Thorsten begon te barbecueën. Voorzichtig plaatste hij de,aanmaakblokjes,en zocht de tang.,0.627119779586792,CWE,nlwiki_20180420_100d
172,173,58,script-related,Thorsten stopte met barbecueën. Voorzichtig plaatste hij de,aanmaakblokjes,en zocht de tang.,0.6369467377662659,CWE,nlwiki_20180420_100d
173,174,58,script-unrelated,Thorsten betrad de bloemenwinkel. Voorzichtig plaatste hij de,aanmaakblokjes,en zocht de tang.,0.5892687439918518,CWE,nlwiki_20180420_100d
174,175,59,control,Claudia betrad de dierenwinkel. Een tijdje stond ze bij de,kooi,en dacht na over de koop.,0.5805460810661316,CWE,nlwiki_20180420_100d
175,176,59,script-related,Claudia verliet de dierenwinkel. Een tijdje stond ze bij de,kooi,en dacht na over de koop.,0.5399606823921204,CWE,nlwiki_20180420_100d
176,177,59,script-unrelated,Claudia betrad de begraafplaats. Een tijdje stond ze bij de,kooi,en dacht na over de koop.,0.4598129987716675,CWE,nlwiki_20180420_100d
177,178,60,control,Jonathan ging naar de keuken. Eerst reinigde hij de,oven,en daarna de koelkast.,0.6178743839263916,CWE,nlwiki_20180420_100d
178,179,60,script-related,Jonathan verliet de keuken. Eerst reinigde hij de,oven,en daarna de koelkast.,0.6007213592529297,CWE,nlwiki_20180420_100d
179,180,60,script-unrelated,Jonathan ging de tuin in. Eerst reinigde hij de,oven,en daarna de koelkast.,0.5190011858940125,CWE,nlwiki_20180420_100d
180,181,61,control,Lara liep naar het fornuis. Snel reinigde ze de,kookplaat,en daarna de afzuigkap.,0.6897983551025391,CWE,nlwiki_20180420_100d
181,182,61,script-related,Lara liep weg van het fornuis. Snel reinigde ze de,kookplaat,en daarna de afzuigkap.,0.6471582055091858,CWE,nlwiki_20180420_100d
182,183,61,script-unrelated,Lara ging naar het museum. Snel reinigde ze de,kookplaat,en daarna de afzuigkap.,0.49422818422317505,CWE,nlwiki_20180420_100d
183,184,62,control,Roman ging naar de boekhandel. Snel zocht hij een,roman,voor zijn vrouw.,0.44368499517440796,CWE,nlwiki_20180420_100d
184,185,62,script-related,Roman verliet de boekhandel. Snel zocht hij een,roman,voor zijn vrouw.,0.43252816796302795,CWE,nlwiki_20180420_100d
185,186,62,script-unrelated,Roman ging naar de banketbakker. Snel zocht hij een,roman,voor zijn vrouw.,0.3525634706020355,CWE,nlwiki_20180420_100d
186,187,63,control,Annika ging naar de boetiek. Ze zocht een tijdje naar,laarzen,en kocht ze toen.,0.46079155802726746,CWE,nlwiki_20180420_100d
187,188,63,script-related,Annika verliet de boetiek. Ze zocht een tijdje naar,laarzen,en kocht ze toen.,0.4508506655693054,CWE,nlwiki_20180420_100d
188,189,63,script-unrelated,Annika ging naar de spa. Ze zocht een tijdje naar,laarzen,en kocht ze toen.,0.39698174595832825,CWE,nlwiki_20180420_100d
189,190,64,control,Emil betrad de apotheek. Snel kocht hij het,medicijn,en ging toen naar huis.,0.44940170645713806,CWE,nlwiki_20180420_100d
190,191,64,script-related,Emil verliet de apotheek. Snel kocht hij het,medicijn,en ging toen naar huis.,0.44044482707977295,CWE,nlwiki_20180420_100d
191,192,64,script-unrelated,Emil betrad de manege. Snel kocht hij het,medicijn,en ging toen naar huis.,0.37180671095848083,CWE,nlwiki_20180420_100d
192,193,65,control,Susanne betrad de badkamer. Direct verwijderde ze haar,make-up,en poetste haar tanden.,0.35133975744247437,CWE,nlwiki_20180420_100d
193,194,65,script-related,Susanne verliet de badkamer. Direct verwijderde ze haar,make-up,en poetste haar tanden.,0.3755325973033905,CWE,nlwiki_20180420_100d
194,195,65,script-unrelated,Susanne ging naar de veiligheidscontrole. Direct verwijderde ze haar,make-up,en poetste haar tanden.,0.3365100026130676,CWE,nlwiki_20180420_100d
195,196,66,control,Martin kwam bij de garage. Meteen vroeg hij naar,banden,voor de winter.,0.4606199264526367,CWE,nlwiki_20180420_100d
196,197,66,script-related,Martin verliet de garage. Meteen vroeg hij naar,banden,voor de winter.,0.4692775309085846,CWE,nlwiki_20180420_100d
197,198,66,script-unrelated,Martin kwam bij de hotelreceptie. Meteen vroeg hij naar,banden,voor de winter.,0.4176443815231323,CWE,nlwiki_20180420_100d
198,199,67,control,Jutta ging naar het postkantoor. Meteen kreeg ze het,pakket,waarop ze had gewacht.,0.43596452474594116,CWE,nlwiki_20180420_100d
199,200,67,script-related,Jutta verliet het postkantoor. Meteen kreeg ze het,pakket,waarop ze had gewacht.,0.41120269894599915,CWE,nlwiki_20180420_100d
200,201,67,script-unrelated,Jutta ging naar de tandarts. Meteen kreeg ze het,pakket,waarop ze had gewacht.,0.37083593010902405,CWE,nlwiki_20180420_100d
201,202,68,control,Jens ging naar de douane. Snel toonde hij zijn,formulier,en keek de beambte aan.,0.44840672612190247,CWE,nlwiki_20180420_100d
202,203,68,script-related,Jens verliet de douane. Snel toonde hij zijn,formulier,en keek de beambte aan.,0.422981858253479,CWE,nlwiki_20180420_100d
203,204,68,script-unrelated,Jens begon te pokeren. Snel toonde hij zijn,formulier,en keek de beambte aan.,0.38432183861732483,CWE,nlwiki_20180420_100d
204,205,69,control,Elena begon te tekenen. Meteen pakte ze het,potlood,en tekende een bloem.,0.45421791076660156,CWE,nlwiki_20180420_100d
205,206,69,script-related,Elena stopte met tekenen. Meteen pakte ze het,potlood,en tekende een bloem.,0.4459371268749237,CWE,nlwiki_20180420_100d
206,207,69,script-unrelated,Elena begon de vakantie. Meteen pakte ze het,potlood,en tekende een bloem.,0.37160417437553406,CWE,nlwiki_20180420_100d
207,208,70,control,Bruno begon zijn filmavond. Snel haalde hij de,popcorn,uit de keuken.,0.5077586770057678,CWE,nlwiki_20180420_100d
208,209,70,script-related,Bruno beëindigde zijn filmavond. Snel haalde hij de,popcorn,uit de keuken.,0.43676963448524475,CWE,nlwiki_20180420_100d
209,210,70,script-unrelated,Bruno betrad het gemeentehuis. Snel haalde hij de,popcorn,uit de keuken.,0.44037315249443054,CWE,nlwiki_20180420_100d
210,211,71,control,Jana betrad het tuincentrum. Na een tijdje vroeg ze om een,palmboom,voor het balkon.,0.43856143951416016,CWE,nlwiki_20180420_100d
211,212,71,script-related,Jana verliet het tuincentrum. Na een tijdje vroeg ze om een,palmboom,voor het balkon.,0.3821818232536316,CWE,nlwiki_20180420_100d
212,213,71,script-unrelated,Jana ging naar de kermis. Na een tijdje vroeg ze om een,palmboom,voor het balkon.,0.39767736196517944,CWE,nlwiki_20180420_100d
213,214,72,control,Nico ging naar de pizzeria. Hij greep meteen de,menukaart,en bestelde een margherita.,0.4313126504421234,CWE,nlwiki_20180420_100d
214,215,72,script-related,Nico verliet de pizzeria. Hij greep meteen de,menukaart,en bestelde een margherita.,0.4014923572540283,CWE,nlwiki_20180420_100d
215,216,72,script-unrelated,Nico ging wandelen. Hij greep meteen de,menukaart,en bestelde een margherita.,0.3738618493080139,CWE,nlwiki_20180420_100d
216,217,73,control,Beate ging zwemmen. Snel controleerde ze het,bassin,en zwom weg.,0.4052652418613434,CWE,nlwiki_20180420_100d
217,218,73,script-related,Beate kwam terug van het zwemmen. Snel controleerde ze het,bassin,en zwom weg.,0.4175063967704773,CWE,nlwiki_20180420_100d
218,219,73,script-unrelated,Beate ging met de taxi. Snel controleerde ze het,bassin,en zwom weg.,0.35299384593963623,CWE,nlwiki_20180420_100d
219,220,74,control,Hubert nam een vliegtuig. Vol enthousiasme genoot hij van de,hoogte,want hij hield van vliegen.,0.41387292742729187,CWE,nlwiki_20180420_100d
220,221,74,script-related,Hubert verliet het vliegtuig. Vol enthousiasme genoot hij van de,hoogte,want hij hield van vliegen.,0.3885165750980377,CWE,nlwiki_20180420_100d
221,222,74,script-unrelated,Hubert begon te baden. Vol enthousiasme genoot hij van de,hoogte,want hij hield van vliegen.,0.3148777484893799,CWE,nlwiki_20180420_100d
222,223,75,control,Jenni begon de les. Direct opende ze het,schoolbord,en begon te schrijven.,0.4307580888271332,CWE,nlwiki_20180420_100d
223,224,75,script-related,Jenni stopte de les. Direct opende ze het,schoolbord,en begon te schrijven.,0.4259510636329651,CWE,nlwiki_20180420_100d
224,225,75,script-unrelated,Jenni betrad de ijshal. Direct opende ze het,schoolbord,en begon te schrijven.,0.40868663787841797,CWE,nlwiki_20180420_100d
225,226,76,control,Hans betrad de klimhal. Even later greep hij het,touw,en spande het.,0.4622393846511841,CWE,nlwiki_20180420_100d
226,227,76,script-related,Hans verliet de klimhal. Even later greep hij het,touw,en spande het.,0.4497508108615875,CWE,nlwiki_20180420_100d
227,228,76,script-unrelated,Hans begon te bowlen. Even later greep hij het,touw,en spande het.,0.5111351609230042,CWE,nlwiki_20180420_100d
228,229,77,control,Clara ging naar de schietbaan. Ze kreeg meteen een,revolver,en begon op het doel te schieten.,0.46021586656570435,CWE,nlwiki_20180420_100d
229,230,77,script-related,Clara verliet de schietbaan. Ze kreeg meteen een,revolver,en begon op het doel te schieten.,0.48795807361602783,CWE,nlwiki_20180420_100d
230,231,77,script-unrelated,Clara ging op een brandweerinzet. Ze kreeg meteen een,revolver,en begon op het doel te schieten.,0.4059465825557709,CWE,nlwiki_20180420_100d
231,232,78,control,Georg nam deel aan de yogales. Na een tijdje ging hij op zijn,yogamat,zitten en deed een oefening.,,CWE,nlwiki_20180420_100d
232,233,78,script-related,Georg kwam terug van de yogales. Na een tijdje ging hij op zijn,yogamat,zitten en deed een oefening.,,CWE,nlwiki_20180420_100d
233,234,78,script-unrelated,Georg nam deel aan de voetbalwedstrijd. Na een tijdje ging hij op zijn,yogamat,zitten en deed een oefening.,,CWE,nlwiki_20180420_100d
234,235,79,control,Johanna begon de jacht. Na een tijdje zag ze de,jachthut,en liep erop af.,0.4330543577671051,CWE,nlwiki_20180420_100d
235,236,79,script-related,Johanna kwam terug van de jacht. Na een tijdje zag ze de,jachthut,en liep erop af.,0.456383615732193,CWE,nlwiki_20180420_100d
236,237,79,script-unrelated,Johanna betrad de slagerij. Na een tijdje zag ze de,jachthut,en liep erop af.,0.47071313858032227,CWE,nlwiki_20180420_100d
237,238,80,control,Jürgen betrad de bakkerij. Even later wees hij naar de,croissant,en maakte zijn keuze.,0.40393877029418945,CWE,nlwiki_20180420_100d
238,239,80,script-related,Jürgen verliet de bakkerij. Even later wees hij naar de,croissant,en maakte zijn keuze.,0.4270266890525818,CWE,nlwiki_20180420_100d
239,240,80,script-unrelated,Jürgen betrad de dierentuin. Even later wees hij naar de,croissant,en maakte zijn keuze.,0.32133615016937256,CWE,nlwiki_20180420_100d
240,241,81,control,Frauke ging naar het stadion. Snel koos ze een,tribune,en ging zitten.,0.5492010116577148,CWE,nlwiki_20180420_100d
241,242,81,script-related,Frauke verliet het stadion. Snel koos ze een,tribune,en ging zitten.,0.47773149609565735,CWE,nlwiki_20180420_100d
242,243,81,script-unrelated,Frauke ging naar de wasserette. Snel koos ze een,tribune,en ging zitten.,0.4491939842700958,CWE,nlwiki_20180420_100d
243,244,82,control,Bernd betrad de kiosk. Hij kocht meteen een,krant,en ging weer naar huis.,0.49974092841148376,CWE,nlwiki_20180420_100d
244,245,82,script-related,Bernd verliet de kiosk. Hij kocht meteen een,krant,en ging weer naar huis.,0.5023823380470276,CWE,nlwiki_20180420_100d
245,246,82,script-unrelated,Bernd betrad het circus. Hij kocht meteen een,krant,en ging weer naar huis.,0.4482558071613312,CWE,nlwiki_20180420_100d
246,247,83,control,Nicole betrad het kantoor. Eerst liep ze naar het,bureau,en zette toen de computer aan.,0.44560250639915466,CWE,nlwiki_20180420_100d
247,248,83,script-related,Nicole verliet het kantoor. Eerst liep ze naar het,bureau,en zette toen de computer aan.,0.4450901448726654,CWE,nlwiki_20180420_100d
248,249,83,script-unrelated,Nicole betrad de sauna. Eerst liep ze naar het,bureau,en zette toen de computer aan.,0.34170860052108765,CWE,nlwiki_20180420_100d
249,250,84,control,Viktor ging naar het lab. Snel begon hij het,experiment,en maakte aantekeningen.,0.543727695941925,CWE,nlwiki_20180420_100d
250,251,84,script-related,Viktor verliet het lab. Snel begon hij het,experiment,en maakte aantekeningen.,0.5539663434028625,CWE,nlwiki_20180420_100d
251,252,84,script-unrelated,Viktor ging naar de dierenarts. Snel begon hij het,experiment,en maakte aantekeningen.,0.468162477016449,CWE,nlwiki_20180420_100d
252,253,85,control,Gabi ging naar de paskamer. Snel paste ze de,kleding,en ging naar de kassa.,0.5431926250457764,CWE,nlwiki_20180420_100d
253,254,85,script-related,Gabi verliet de paskamer. Snel paste ze de,kleding,en ging naar de kassa.,0.5175281167030334,CWE,nlwiki_20180420_100d
254,255,85,script-unrelated,Gabi betrad de plaats delict. Snel paste ze de,kleding,en ging naar de kassa.,0.463041216135025,CWE,nlwiki_20180420_100d
255,256,86,control,Jakob betrad het tankstation. Hij zei meteen zijn,nummer,en betaalde.,0.5446792244911194,CWE,nlwiki_20180420_100d
256,257,86,script-related,Jakob verliet het tankstation. Hij zei meteen zijn,nummer,en betaalde.,0.5486968159675598,CWE,nlwiki_20180420_100d
257,258,86,script-unrelated,Jakob begon bomen te kappen. Hij zei meteen zijn,nummer,en betaalde.,0.47187569737434387,CWE,nlwiki_20180420_100d
258,259,87,control,Hilde begon de koets te besturen. Snel beklom ze de,koets,en daar ging ze.,0.7191576361656189,CWE,nlwiki_20180420_100d
259,260,87,script-related,Hilde was klaar met de koets besturen. Snel beklom ze de,koets,en daar ging ze.,0.7403514385223389,CWE,nlwiki_20180420_100d
260,261,87,script-unrelated,Hilde begon een kampvuur. Snel beklom ze de,koets,en daar ging ze.,0.5560905337333679,CWE,nlwiki_20180420_100d
261,262,88,control,Tom begon ontbijt te maken. Hij opende meteen de,boter,en maakte een boterham.,0.5337761640548706,CWE,nlwiki_20180420_100d
262,263,88,script-related,Tom stopte met ontbijt maken. Hij opende meteen de,boter,en maakte een boterham.,0.5471182465553284,CWE,nlwiki_20180420_100d
263,264,88,script-unrelated,Tom ging naar de kerstmarkt. Hij opende meteen de,boter,en maakte een boterham.,0.40499186515808105,CWE,nlwiki_20180420_100d
264,265,89,control,Kim ging naar het ziekenhuis. Meteen liep ze naar de,receptie,en vroeg de weg.,0.4509892165660858,CWE,nlwiki_20180420_100d
265,266,89,script-related,Kim verliet het ziekenhuis. Meteen liep ze naar de,receptie,en vroeg de weg.,0.44457125663757324,CWE,nlwiki_20180420_100d
266,267,89,script-unrelated,Kim begon haar lunch te koken. Meteen liep ze naar de,receptie,en vroeg de weg.,0.5848449468612671,CWE,nlwiki_20180420_100d
267,268,90,control,Michael begon een taart te bakken. Als eerste pakte hij een,garde,en klopte het eiwit stijf.,0.4002026319503784,CWE,nlwiki_20180420_100d
268,269,90,script-related,Michael was klaar met een taart bakken. Als eerste pakte hij een,garde,en klopte het eiwit stijf.,0.3859989047050476,CWE,nlwiki_20180420_100d
269,270,90,script-unrelated,Michael betrad het restaurant. Als eerste pakte hij een,garde,en klopte het eiwit stijf.,0.484049528837204,CWE,nlwiki_20180420_100d
0,1,1,control,Johan betrad het restaurant. Even later opende hij de,menukaart,en kreeg een overzicht.,0.4429270923137665,CWE,nlwiki_20180420_300d
1,2,1,script-related,Johan verliet het restaurant. Even later opende hij de,menukaart,en kreeg een overzicht.,0.41676607728004456,CWE,nlwiki_20180420_300d
2,3,1,script-unrelated,Johan betrad het appartement. Even later opende hij de,menukaart,en kreeg een overzicht.,0.38446861505508423,CWE,nlwiki_20180420_300d
3,4,2,control,Sabine betrad de bioscoop. Snel liep ze naar de,kassa,en kocht een kaartje.,0.36821553111076355,CWE,nlwiki_20180420_300d
4,5,2,script-related,Sabine verliet de bioscoop. Snel liep ze naar de,kassa,en kocht een kaartje.,0.3533472716808319,CWE,nlwiki_20180420_300d
5,6,2,script-unrelated,Sabine betrad de school. Snel liep ze naar de,kassa,en kocht een kaartje.,0.26150888204574585,CWE,nlwiki_20180420_300d
6,7,3,control,Kevin betrad de boerderij. Zonder te aarzelen pakte hij een,mestvork,en begon te scheppen.,0.42249324917793274,CWE,nlwiki_20180420_300d
7,8,3,script-related,Kevin verliet de boerderij. Zonder te aarzelen pakte hij een,mestvork,en begon te scheppen.,0.4180629253387451,CWE,nlwiki_20180420_300d
8,9,3,script-unrelated,Kevin betrad de kerk. Zonder te aarzelen pakte hij een,mestvork,en begon te scheppen.,0.3930794596672058,CWE,nlwiki_20180420_300d
9,10,4,control,Susi betrad de huisartsenpraktijk. Vriendelijk sprak ze met de,doktersassistente,over de problematiek.,0.4998021721839905,CWE,nlwiki_20180420_300d
10,11,4,script-related,Susi verliet de huisartsenpraktijk. Vriendelijk sprak ze met de,doktersassistente,over de problematiek.,0.5214087963104248,CWE,nlwiki_20180420_300d
11,12,4,script-unrelated,Susi betrad het verblijf. Vriendelijk sprak ze met de,doktersassistente,over de problematiek.,0.4036411941051483,CWE,nlwiki_20180420_300d
12,13,5,control,Roman betrad de bibliotheek. Kort daarna liep hij naar het,rek,en zocht een misdaadroman.,0.22300292551517487,CWE,nlwiki_20180420_300d
13,14,5,script-related,Roman verliet de bibliotheek. Kort daarna liep hij naar het,rek,en zocht een misdaadroman.,0.20972871780395508,CWE,nlwiki_20180420_300d
14,15,5,script-unrelated,Roman betrad de kroeg. Kort daarna liep hij naar het,rek,en zocht een misdaadroman.,0.2300683856010437,CWE,nlwiki_20180420_300d
15,16,6,control,Lea begon spaghetti te koken. Voorzichtig opende ze het,pastapak,in één handbeweging.,,CWE,nlwiki_20180420_300d
16,17,6,script-related,Lea was klaar met spaghetti koken. Voorzichtig opende ze het,pastapak,in één handbeweging.,,CWE,nlwiki_20180420_300d
17,18,6,script-unrelated,Lea begon de muren te verven. Voorzichtig opende ze het,pastapak,in één handbeweging.,,CWE,nlwiki_20180420_300d
18,19,7,control,Peter bereikte het theater. Even later liep hij naar de,loge,en ging zitten.,0.2854219675064087,CWE,nlwiki_20180420_300d
19,20,7,script-related,Peter verliet het theater. Even later liep hij naar de,loge,en ging zitten.,0.2764092683792114,CWE,nlwiki_20180420_300d
20,21,7,script-unrelated,Peter bereikte de supermarkt. Even later liep hij naar de,loge,en ging zitten.,0.2564884126186371,CWE,nlwiki_20180420_300d
21,22,8,control,Lisa betrad het station. Even later was ze op het,perron,en wachtte op de trein.,0.4698347747325897,CWE,nlwiki_20180420_300d
22,23,8,script-related,Lisa verliet het station. Even later was ze op het,perron,en wachtte op de trein.,0.4426615238189697,CWE,nlwiki_20180420_300d
23,24,8,script-unrelated,Lisa betrad het huis. Even later was ze op het,perron,en wachtte op de trein.,0.3157839775085449,CWE,nlwiki_20180420_300d
24,25,9,control,Tim begon in de sportschool te trainen. Meteen stapte hij op de,loopband,en rende als een gek.,0.4117824137210846,CWE,nlwiki_20180420_300d
25,26,9,script-related,Tim stopte in de sportschool met trainen. Meteen stapte hij op de,loopband,en rende als een gek.,0.4297138750553131,CWE,nlwiki_20180420_300d
26,27,9,script-unrelated,Tim begon zijn rijles. Meteen stapte hij op de,loopband,en rende als een gek.,0.34103691577911377,CWE,nlwiki_20180420_300d
27,28,10,control,Maria bereikte het vliegveld. Ze liep meteen naar de,check-in,om de koffer af te geven.,0.37825074791908264,CWE,nlwiki_20180420_300d
28,29,10,script-related,Maria verliet het vliegveld. Ze liep meteen naar de,check-in,om de koffer af te geven.,0.3625473082065582,CWE,nlwiki_20180420_300d
29,30,10,script-unrelated,Maria bereikte het winkelcentrum. Ze liep meteen naar de,check-in,om de koffer af te geven.,0.3914428949356079,CWE,nlwiki_20180420_300d
30,31,11,control,Lukas kwam naar het verjaardagsfeest. Na een tijdje overhandigde hij de,taart,en feliciteerde hij de jarige.,0.3858964145183563,CWE,nlwiki_20180420_300d
31,32,11,script-related,Lukas verliet het verjaardagsfeest. Na een tijdje overhandigde hij de,taart,en feliciteerde hij de jarige.,0.3618459403514862,CWE,nlwiki_20180420_300d
32,33,11,script-unrelated,Lukas kwam naar de les. Na een tijdje overhandigde hij de,taart,en feliciteerde hij de jarige.,0.35134559869766235,CWE,nlwiki_20180420_300d
33,34,12,control,Marie ging naar de kapper. Even later vroeg ze de,styliste,om een nieuwe coupe.,0.4352429211139679,CWE,nlwiki_20180420_300d
34,35,12,script-related,Marie verliet de kapper. Even later vroeg ze de,styliste,om een nieuwe coupe.,0.43770429491996765,CWE,nlwiki_20180420_300d
35,36,12,script-unrelated,Marie ging naar de uni. Even later vroeg ze de,styliste,om een nieuwe coupe.,0.34135952591896057,CWE,nlwiki_20180420_300d
36,37,13,control,Thorsten begon te douchen. Als eerste gebruikte hij de,shampoo,en daarna de douchegel.,0.3979160785675049,CWE,nlwiki_20180420_300d
37,38,13,script-related,Thorsten stopte met douchen. Als eerste gebruikte hij de,shampoo,en daarna de douchegel.,0.4235409200191498,CWE,nlwiki_20180420_300d
38,39,13,script-unrelated,Thorsten begon te barbecueën. Als eerste gebruikte hij de,shampoo,en daarna de douchegel.,0.3591102063655853,CWE,nlwiki_20180420_300d
39,40,14,control,Claudia betrad de bloemenwinkel. Snel vroeg ze om een,roos,voor een vriendin.,0.3603322505950928,CWE,nlwiki_20180420_300d
40,41,14,script-related,Claudia verliet de bloemenwinkel. Snel vroeg ze om een,roos,voor een vriendin.,0.3734578788280487,CWE,nlwiki_20180420_300d
41,42,14,script-unrelated,Claudia betrad de dierenwinkel. Snel vroeg ze om een,roos,voor een vriendin.,0.3359242081642151,CWE,nlwiki_20180420_300d
42,43,15,control,Jonathan ging naar de begraafplaats. Peinzend bekeek hij de,grafsteen,en sprak een gebed uit.,0.49787306785583496,CWE,nlwiki_20180420_300d
43,44,15,script-related,Jonathan verliet de begraafplaats. Peinzend bekeek hij de,grafsteen,en sprak een gebed uit.,0.5189350843429565,CWE,nlwiki_20180420_300d
44,45,15,script-unrelated,Jonathan ging naar de keuken. Peinzend bekeek hij de,grafsteen,en sprak een gebed uit.,0.3145855665206909,CWE,nlwiki_20180420_300d
45,46,16,control,Lara ging de tuin in. Aandachtig onderzocht ze de,aarde,en gaf toen de bloemen water.,0.35327577590942383,CWE,nlwiki_20180420_300d
46,47,16,script-related,Lara verliet de tuin. Aandachtig onderzocht ze de,aarde,en gaf toen de bloemen water.,0.35990285873413086,CWE,nlwiki_20180420_300d
47,48,16,script-unrelated,Lara ging naar het fornuis. Aandachtig onderzocht ze de,aarde,en gaf toen de bloemen water.,0.3550669252872467,CWE,nlwiki_20180420_300d
48,49,17,control,Roman ging naar het museum. Nauwkeurig bekeek hij de,sculpturen,en was enthousiast.,0.33724379539489746,CWE,nlwiki_20180420_300d
49,50,17,script-related,Roman verliet het museum.  Nauwkeurig bekeek hij de,sculpturen,en was enthousiast.,0.3242923617362976,CWE,nlwiki_20180420_300d
50,51,17,script-unrelated,Roman ging naar de boekhandel. Nauwkeurig bekeek hij de,sculpturen,en was enthousiast.,0.2871187925338745,CWE,nlwiki_20180420_300d
51,52,18,control,Annika ging naar de banketbakker. Snel vroeg ze om een,taart,en betaalde meteen.,0.3750835359096527,CWE,nlwiki_20180420_300d
52,53,18,script-related,Annika verliet de banketbakker. Snel vroeg ze om een,taart,en betaalde meteen.,0.375403493642807,CWE,nlwiki_20180420_300d
53,54,18,script-unrelated,Annika ging naar de boetiek. Snel vroeg ze om een,taart,en betaalde meteen.,0.30966469645500183,CWE,nlwiki_20180420_300d
54,55,19,control,Emil betrad de spa. Na een tijdje kreeg hij een,massage,en genoot ervan.,0.2819678783416748,CWE,nlwiki_20180420_300d
55,56,19,script-related,Emil verliet de spa. Na een tijdje kreeg hij een,massage,en genoot ervan.,0.26176249980926514,CWE,nlwiki_20180420_300d
56,57,19,script-unrelated,Emil betrad de apotheek. Na een tijdje kreeg hij een,massage,en genoot ervan.,0.32599982619285583,CWE,nlwiki_20180420_300d
57,58,20,control,Susanne betrad de manege. Snel legde ze het,zadel,op en reed weg.,0.2669193148612976,CWE,nlwiki_20180420_300d
58,59,20,script-related,Susanne verliet de manege. Snel legde ze het,zadel,op en reed weg.,0.24904188513755798,CWE,nlwiki_20180420_300d
59,60,20,script-unrelated,Susanne betrad de badkamer. Snel legde ze het,zadel,op en reed weg.,0.2937675416469574,CWE,nlwiki_20180420_300d
60,61,21,control,Martin kwam bij de veiligheidscontrole. Vlot opende hij de,koffer,en werd doorgelaten.,0.29296332597732544,CWE,nlwiki_20180420_300d
61,62,21,script-related,Martin verliet de veiligheidscontrole. Vlot opende hij de,koffer,en werd doorgelaten.,0.29578697681427,CWE,nlwiki_20180420_300d
62,63,21,script-unrelated,Martin kwam bij de garage. Vlot opende hij de,koffer,en werd doorgelaten.,0.3820611238479614,CWE,nlwiki_20180420_300d
63,64,22,control,Jutta ging naar de hotelreceptie. Direct kreeg ze een,kamer,en bedankte vriendelijk.,0.290831595659256,CWE,nlwiki_20180420_300d
64,65,22,script-related,Jutta verliet de hotelreceptie. Direct kreeg ze een,kamer,en bedankte vriendelijk.,0.30881232023239136,CWE,nlwiki_20180420_300d
65,66,22,script-unrelated,Jutta ging naar het postkantoor. Direct kreeg ze een,kamer,en bedankte vriendelijk.,0.33260390162467957,CWE,nlwiki_20180420_300d
66,67,23,control,Jens ging naar de tandarts. Angstig liep hij naar de,röntgen,en liet zich behandelen.,0.34520667791366577,CWE,nlwiki_20180420_300d
67,68,23,script-related,Jens verliet de tandarts. Angstig liep hij naar de,röntgen,en liet zich behandelen.,0.32402247190475464,CWE,nlwiki_20180420_300d
68,69,23,script-unrelated,Jens ging naar de douane. Angstig liep hij naar de,röntgen,en liet zich behandelen.,0.3128536641597748,CWE,nlwiki_20180420_300d
69,70,24,control,Elena begon te pokeren. Snel zette ze haar,geld,in en won.,0.5206001996994019,CWE,nlwiki_20180420_300d
70,71,24,script-related,Elena stopte met pokeren. Snel zette ze haar,geld,in en won.,0.5203668475151062,CWE,nlwiki_20180420_300d
71,72,24,script-unrelated,Elena begon te tekenen. Snel zette ze haar,geld,in en won.,0.40263354778289795,CWE,nlwiki_20180420_300d
72,73,25,control,Bruno begon zijn vakantie. Eindelijk kwam hij bij de,zee,aan en genoot van het weer.,0.3297634720802307,CWE,nlwiki_20180420_300d
73,74,25,script-related,Bruno beëindigde zijn vakantie. Eindelijk kwam hij bij de,zee,aan en genoot van het weer.,0.3160366714000702,CWE,nlwiki_20180420_300d
74,75,25,script-unrelated,Bruno begon zijn filmavond. Eindelijk kwam hij bij de,zee,aan en genoot van het weer.,0.25132808089256287,CWE,nlwiki_20180420_300d
75,76,26,control,Jana betrad het gemeentehuis. Meteen toonde ze haar,visum,en diende een aanvraag in.,0.3031318485736847,CWE,nlwiki_20180420_300d
76,77,26,script-related,Jana verliet het gemeentehuis. Meteen toonde ze haar,visum,en diende een aanvraag in.,0.30625906586647034,CWE,nlwiki_20180420_300d
77,78,26,script-unrelated,Jana betrad het tuincentrum. Meteen toonde ze haar,visum,en diende een aanvraag in.,0.3200559616088867,CWE,nlwiki_20180420_300d
78,79,27,control,Nico ging naar de kermis. Direct liep hij naar de,botsauto's,en reed een rondje.,,CWE,nlwiki_20180420_300d
79,80,27,script-related,Nico verliet de kermis. Direct liep hij naar de,botsauto's,en reed een rondje.,,CWE,nlwiki_20180420_300d
80,81,27,script-unrelated,Nico ging naar de pizzeria. Direct liep hij naar de,botsauto's,en reed een rondje.,,CWE,nlwiki_20180420_300d
81,82,28,control,Beate ging wandelen. Na een tijdje zag ze een,edelweiss,die ze meteen meenam.,0.23274394869804382,CWE,nlwiki_20180420_300d
82,83,28,script-related,Beate kwam terug van het wandelen. Na een tijdje zag ze een,edelweiss,die ze meteen meenam.,0.24982285499572754,CWE,nlwiki_20180420_300d
83,84,28,script-unrelated,Beate ging zwemmen. Na een tijdje zag ze een,edelweiss,die ze meteen meenam.,0.199570432305336,CWE,nlwiki_20180420_300d
84,85,29,control,Hubert nam een taxi. Vriendelijk begroette hij de,chauffeur,en noemde zijn bestemming.,0.48846253752708435,CWE,nlwiki_20180420_300d
85,86,29,script-related,Hubert verliet de taxi. Vriendelijk begroette hij de,chauffeur,en noemde zijn bestemming.,0.5056227445602417,CWE,nlwiki_20180420_300d
86,87,29,script-unrelated,Hubert nam een vliegtuig. Vriendelijk begroette hij de,chauffeur,en noemde zijn bestemming.,0.44555339217185974,CWE,nlwiki_20180420_300d
87,88,30,control,Jenni begon te baden. Ze verdeelde meteen het,schuim,over haar lichaam.,0.29524877667427063,CWE,nlwiki_20180420_300d
88,89,30,script-related,Jenni stopte met baden. Ze verdeelde meteen het,schuim,over haar lichaam.,0.3013954162597656,CWE,nlwiki_20180420_300d
89,90,30,script-unrelated,Jenni begon de hoorcollege. Ze verdeelde meteen het,schuim,over haar lichaam.,0.258596807718277,CWE,nlwiki_20180420_300d
90,91,31,control,Hans betrad de ijshal. Hij trok vlot zijn,schaatsen,aan en ging de baan op.,0.42057478427886963,CWE,nlwiki_20180420_300d
91,92,31,script-related,Hans verliet de ijshal. Hij trok vlot zijn,schaatsen,aan en ging de baan op.,0.37884530425071716,CWE,nlwiki_20180420_300d
92,93,31,script-unrelated,Hans betrad de klimhal. Hij trok vlot zijn,schaatsen,aan en ging de baan op.,0.35665783286094666,CWE,nlwiki_20180420_300d
93,94,32,control,Clara begon te bowlen. Vakkundig behaalde ze een,strike,en won het spel.,0.34641993045806885,CWE,nlwiki_20180420_300d
94,95,32,script-related,Clara stopte met bowlen. Vakkundig behaalde ze een,strike,en won het spel.,0.33247295022010803,CWE,nlwiki_20180420_300d
95,96,32,script-unrelated,Clara ging naar de schietbaan. Vakkundig behaalde ze een,strike,en won het spel.,0.28045663237571716,CWE,nlwiki_20180420_300d
96,97,33,control,Georg nam deel aan een brandweerinzet. Hij gebruikte meteen de,slang,en bluste het vuur.,0.2214399129152298,CWE,nlwiki_20180420_300d
97,98,33,script-related,Georg beëindigde een brandweerinzet. Hij gebruikte meteen de,slang,en bluste het vuur.,0.23067903518676758,CWE,nlwiki_20180420_300d
98,99,33,script-unrelated,Georg nam deel aan yoga. Hij gebruikte meteen de,slang,en bluste het vuur.,0.3090527355670929,CWE,nlwiki_20180420_300d
99,100,34,control,Johanna begon de voetbalwedstrijd. Na korte tijd maakte ze een,doelpunt,en juichte luid.,0.4651283919811249,CWE,nlwiki_20180420_300d
100,101,34,script-related,Johanna beëindigde de voetbalwedstrijd. Na korte tijd maakte ze een,doelpunt,en juichte luid.,0.4927408993244171,CWE,nlwiki_20180420_300d
101,102,34,script-unrelated,Johanna begon de jacht. Na korte tijd maakte ze een,doelpunt,en juichte luid.,0.37615084648132324,CWE,nlwiki_20180420_300d
102,103,35,control,Jürgen betrad de slagerij. Hij vroeg meteen om een,steak,en betaalde.,0.359299898147583,CWE,nlwiki_20180420_300d
103,104,35,script-related,Jürgen verliet de slagerij. Hij vroeg meteen om een,steak,en betaalde.,0.352763831615448,CWE,nlwiki_20180420_300d
104,105,35,script-unrelated,Jürgen betrad de bakkerij. Hij vroeg meteen om een,steak,en betaalde.,0.3332611322402954,CWE,nlwiki_20180420_300d
105,106,36,control,Frauke betrad de dierentuin. Even later fotografeerde ze een,zebra,die aan het drinken was.,0.24976402521133423,CWE,nlwiki_20180420_300d
106,107,36,script-related,Frauke verliet de dierentuin. Even later fotografeerde ze een,zebra,die aan het drinken was.,0.2573198676109314,CWE,nlwiki_20180420_300d
107,108,36,script-unrelated,Frauke ging naar het stadion. Even later fotografeerde ze een,zebra,die aan het drinken was.,0.1675233244895935,CWE,nlwiki_20180420_300d
108,109,37,control,Bernd betrad de wasserette. Snel koos hij het,wasprogramma,en zette de machine aan.,0.4623379409313202,CWE,nlwiki_20180420_300d
109,110,37,script-related,Bernd verliet de wasserette. Snel koos hij het,wasprogramma,en zette de machine aan.,0.45244258642196655,CWE,nlwiki_20180420_300d
110,111,37,script-unrelated,Bernd betrad de kiosk. Snel koos hij het,wasprogramma,en zette de machine aan.,0.44592344760894775,CWE,nlwiki_20180420_300d
111,112,38,control,Nicole ging naar het circus. Al snel ging ze op de,tribune,zitten en bekeek het spektakel.,0.2883206903934479,CWE,nlwiki_20180420_300d
112,113,38,script-related,Nicole verliet het circus. Al snel ging ze op de,tribune,zitten en bekeek het spektakel.,0.3110176920890808,CWE,nlwiki_20180420_300d
113,114,38,script-unrelated,Nicole ging naar het kantoor. Al snel ging ze op de,tribune,zitten en bekeek het spektakel.,0.313911497592926,CWE,nlwiki_20180420_300d
114,115,39,control,Viktor ging naar de sauna. Na een tijdje maakte hij een,opgieting,en ging liggen.,,CWE,nlwiki_20180420_300d
115,116,39,script-related,Viktor verliet de sauna. Na een tijdje maakte hij een,opgieting,en ging liggen.,,CWE,nlwiki_20180420_300d
116,117,39,script-unrelated,Viktor ging naar het lab. Na een tijdje maakte hij een,opgieting,en ging liggen.,,CWE,nlwiki_20180420_300d
117,118,40,control,Gabi ging naar de dierenarts. Een moment later vroeg ze de,assistente,om medicijnen.,0.4494980573654175,CWE,nlwiki_20180420_300d
118,119,40,script-related,Gabi verliet de dierenarts. Een moment later vroeg ze de,assistente,om medicijnen.,0.4543555974960327,CWE,nlwiki_20180420_300d
119,120,40,script-unrelated,Gabi ging naar de kleedkamer. Een moment later vroeg ze de,assistente,om medicijnen.,0.41648390889167786,CWE,nlwiki_20180420_300d
120,121,41,control,Jakob betrad de plaats delict. Kort daarna fotografeerde hij de,bloedspatten,en was verbaasd.,0.6197788715362549,CWE,nlwiki_20180420_300d
121,122,41,script-related,Jakob verliet de plaats delict. Kort daarna fotografeerde hij de,bloedspatten,en was verbaasd.,0.5987818837165833,CWE,nlwiki_20180420_300d
122,123,41,script-unrelated,Jakob betrad het tankstation. Kort daarna fotografeerde hij de,bloedspatten,en was verbaasd.,0.56056809425354,CWE,nlwiki_20180420_300d
123,124,42,control,Peter begon bomen te kappen. Na een tijdje gebruikte hij de,bijl,en raakte gericht de stam.,0.4528936743736267,CWE,nlwiki_20180420_300d
124,125,42,script-related,Peter stopte met bomen kappen. Na een tijdje gebruikte hij de,bijl,en raakte gericht de stam.,0.4458312392234802,CWE,nlwiki_20180420_300d
125,126,42,script-unrelated,Peter begon de koets te rijden. Na een tijdje gebruikte hij de,bijl,en raakte gericht de stam.,0.3985103964805603,CWE,nlwiki_20180420_300d
126,127,43,control,Tom begon een kampvuur. Meteen stapelde hij het,hout,en stak het aan.,0.3737421929836273,CWE,nlwiki_20180420_300d
127,128,43,script-related,Tom beëindigde het kampvuur. Meteen stapelde hij het,hout,en stak het aan.,0.3628852367401123,CWE,nlwiki_20180420_300d
128,129,43,script-unrelated,Tom begon ontbijt te maken. Meteen stapelde hij het,hout,en stak het aan.,0.35517948865890503,CWE,nlwiki_20180420_300d
129,130,44,control,Kim ging naar de kerstmarkt. Kort daarna bereikte hij de,kerstkraampjes,en snuffelde naar cadeaus.,,CWE,nlwiki_20180420_300d
130,131,44,script-related,Kim verliet de kerstmarkt. Kort daarna bereikte hij de,kerstkraampjes,en snuffelde naar cadeaus.,,CWE,nlwiki_20180420_300d
131,132,44,script-unrelated,Kim ging naar het ziekenhuis. Kort daarna bereikte hij de,kerstkraampjes,en snuffelde naar cadeaus.,,CWE,nlwiki_20180420_300d
132,133,45,control,Michael begon zijn lunch te koken. Snel sneed hij de,groenten,en gooide het in de pot.,0.45896628499031067,CWE,nlwiki_20180420_300d
133,134,45,script-related,Michael was klaar met zijn lunch koken. Snel sneed hij de,groenten,en gooide het in de pot.,0.47543948888778687,CWE,nlwiki_20180420_300d
134,135,45,script-unrelated,Michael begon een taart te bakken. Snel sneed hij de,groenten,en gooide het in de pot.,0.48993563652038574,CWE,nlwiki_20180420_300d
135,136,46,control,Johan betrad het appartement. Meteen ging hij op het,bed,zitten en dacht na over de dag.,0.40554559230804443,CWE,nlwiki_20180420_300d
136,137,46,script-related,Johan verliet het appartement. Meteen ging hij op het,bed,zitten en dacht na over de dag.,0.42992910742759705,CWE,nlwiki_20180420_300d
137,138,46,script-unrelated,Johan betrad de bioscoop. Meteen ging hij op het,bed,zitten en dacht na over de dag.,0.2887592017650604,CWE,nlwiki_20180420_300d
138,139,47,control,Sabine betrad de school. Snel liep ze naar het,klaslokaal,en groette de leerlingen.,0.4186179041862488,CWE,nlwiki_20180420_300d
139,140,47,script-related,Sabine verliet de school. Snel liep ze naar het,klaslokaal,en groette de leerlingen.,0.39422523975372314,CWE,nlwiki_20180420_300d
140,141,47,script-unrelated,Sabine betrad de boerderij. Snel liep ze naar het,klaslokaal,en groette de leerlingen.,0.38528797030448914,CWE,nlwiki_20180420_300d
141,142,48,control,Kevin betrad de kerk. Voorzichtig pakte hij een,kaars,en stak hem aan.,0.3273026943206787,CWE,nlwiki_20180420_300d
142,143,48,script-related,Kevin verliet de kerk. Voorzichtig pakte hij een,kaars,en stak hem aan.,0.30680838227272034,CWE,nlwiki_20180420_300d
143,144,48,script-unrelated,Kevin betrad de huisartsenpraktijk. Voorzichtig pakte hij een,kaars,en stak hem aan.,0.31563088297843933,CWE,nlwiki_20180420_300d
144,145,49,control,Susi betrad het verblijf. Nauwkeurig beoordeelde ze het,kalf,en maakte aantekeningen.,0.24543944001197815,CWE,nlwiki_20180420_300d
145,146,49,script-related,Susi verliet het verblijf. Nauwkeurig beoordeelde ze het,kalf,en maakte aantekeningen.,0.24302910268306732,CWE,nlwiki_20180420_300d
146,147,49,script-unrelated,Susi betrad de bibliotheek. Nauwkeurig beoordeelde ze het,kalf,en maakte aantekeningen.,0.19602569937705994,CWE,nlwiki_20180420_300d
147,148,50,control,Thomas betrad de kroeg. Haastig riep hij de,ober,en bestelde een biertje.,0.32056722044944763,CWE,nlwiki_20180420_300d
148,149,50,script-related,Thomas verliet de kroeg. Haastig riep hij de,ober,en bestelde een biertje.,0.29493626952171326,CWE,nlwiki_20180420_300d
149,150,50,script-unrelated,Thomas begon spaghetti te koken. Haastig riep hij de,ober,en bestelde een biertje.,0.26277872920036316,CWE,nlwiki_20180420_300d
150,151,51,control,Lea begon de muren te verven. Ze koos snel een,kwast,uit en begon te verven.,0.33600229024887085,CWE,nlwiki_20180420_300d
151,152,51,script-related,Lea was klaar met de muren verven. Ze koos snel een,kwast,uit en begon te verven.,0.34099215269088745,CWE,nlwiki_20180420_300d
152,153,51,script-unrelated,Lea bereikte het theater. Ze koos snel een,kwast,uit en begon te verven.,0.21820330619812012,CWE,nlwiki_20180420_300d
153,154,52,control,Peter bereikte de supermarkt. Snel kocht hij wat,groenten,om 's avonds te koken.,0.40790942311286926,CWE,nlwiki_20180420_300d
154,155,52,script-related,Peter verliet de supermarkt. Snel kocht hij wat,groenten,om 's avonds te koken.,0.39407384395599365,CWE,nlwiki_20180420_300d
155,156,52,script-unrelated,Peter bereikte het station. Snel kocht hij wat,groenten,om 's avonds te koken.,0.3577060103416443,CWE,nlwiki_20180420_300d
156,157,53,control,Lisa betrad het huis. Kort daarna checkte ze de,koelkast,en zocht iets te eten.,0.32541990280151367,CWE,nlwiki_20180420_300d
157,158,53,script-related,Lisa verliet het huis. Kort daarna checkte ze de,koelkast,en zocht iets te eten.,0.3207271993160248,CWE,nlwiki_20180420_300d
158,159,53,script-unrelated,Lisa begon in de sportschool te trainen. Kort daarna checkte ze de,koelkast,en zocht iets te eten.,0.3449728190898895,CWE,nlwiki_20180420_300d
159,160,54,control,Tim begon zijn rijles. Gejaagd drukte hij op het,gaspedaal,en reed weg.,0.35588422417640686,CWE,nlwiki_20180420_300d
160,161,54,script-related,Tim beëindigde zijn rijles. Gejaagd drukte hij op het,gaspedaal,en reed weg.,0.35226649045944214,CWE,nlwiki_20180420_300d
161,162,54,script-unrelated,Tim ging naar het vliegveld. Gejaagd drukte hij op het,gaspedaal,en reed weg.,0.32529211044311523,CWE,nlwiki_20180420_300d
162,163,55,control,Maria bereikte het winkelcentrum. Meteen begroette ze de,verkoopster,en koos iets uit.,0.31535252928733826,CWE,nlwiki_20180420_300d
163,164,55,script-related,Maria verliet het winkelcentrum. Meteen begroette ze de,verkoopster,en koos iets uit.,0.3513333201408386,CWE,nlwiki_20180420_300d
164,165,55,script-unrelated,Maria bereikte het verjaardagsfeest. Meteen begroette ze de,verkoopster,en koos iets uit.,0.33287644386291504,CWE,nlwiki_20180420_300d
165,166,56,control,Lukas begon het college. Haastig begroette hij zijn,studenten,en begon.,0.4324647784233093,CWE,nlwiki_20180420_300d
166,167,56,script-related,Lukas beëindigde het college. Haastig begroette hij zijn,studenten,en begon.,0.42186883091926575,CWE,nlwiki_20180420_300d
167,168,56,script-unrelated,Lukas ging naar de kapper. Haastig begroette hij zijn,studenten,en begon.,0.3601195812225342,CWE,nlwiki_20180420_300d
168,169,57,control,Marie ging naar de uni. Haastig betrad ze de,collegezaal,en opende haar boek.,0.3234778642654419,CWE,nlwiki_20180420_300d
169,170,57,script-related,Marie verliet de uni. Haastig betrad ze de,collegezaal,en opende haar boek.,0.3065444827079773,CWE,nlwiki_20180420_300d
170,171,57,script-unrelated,Marie ging douchen. Haastig betrad ze de,collegezaal,en opende haar boek.,0.37190723419189453,CWE,nlwiki_20180420_300d
171,172,58,control,Thorsten begon te barbecueën. Voorzichtig plaatste hij de,aanmaakblokjes,en zocht de tang.,0.5191929340362549,CWE,nlwiki_20180420_300d
172,173,58,script-related,Thorsten stopte met barbecueën. Voorzichtig plaatste hij de,aanmaakblokjes,en zocht de tang.,0.5304096341133118,CWE,nlwiki_20180420_300d
173,174,58,script-unrelated,Thorsten betrad de bloemenwinkel. Voorzichtig plaatste hij de,aanmaakblokjes,en zocht de tang.,0.47396668791770935,CWE,nlwiki_20180420_300d
174,175,59,control,Claudia betrad de dierenwinkel. Een tijdje stond ze bij de,kooi,en dacht na over de koop.,0.3964152932167053,CWE,nlwiki_20180420_300d
175,176,59,script-related,Claudia verliet de dierenwinkel. Een tijdje stond ze bij de,kooi,en dacht na over de koop.,0.37456533312797546,CWE,nlwiki_20180420_300d
176,177,59,script-unrelated,Claudia betrad de begraafplaats. Een tijdje stond ze bij de,kooi,en dacht na over de koop.,0.32659944891929626,CWE,nlwiki_20180420_300d
177,178,60,control,Jonathan ging naar de keuken. Eerst reinigde hij de,oven,en daarna de koelkast.,0.41033196449279785,CWE,nlwiki_20180420_300d
178,179,60,script-related,Jonathan verliet de keuken. Eerst reinigde hij de,oven,en daarna de koelkast.,0.4056513011455536,CWE,nlwiki_20180420_300d
179,180,60,script-unrelated,Jonathan ging de tuin in. Eerst reinigde hij de,oven,en daarna de koelkast.,0.32971689105033875,CWE,nlwiki_20180420_300d
180,181,61,control,Lara liep naar het fornuis. Snel reinigde ze de,kookplaat,en daarna de afzuigkap.,0.5985708236694336,CWE,nlwiki_20180420_300d
181,182,61,script-related,Lara liep weg van het fornuis. Snel reinigde ze de,kookplaat,en daarna de afzuigkap.,0.5765824317932129,CWE,nlwiki_20180420_300d
182,183,61,script-unrelated,Lara ging naar het museum. Snel reinigde ze de,kookplaat,en daarna de afzuigkap.,0.4022921919822693,CWE,nlwiki_20180420_300d
183,184,62,control,Roman ging naar de boekhandel. Snel zocht hij een,roman,voor zijn vrouw.,0.33080437779426575,CWE,nlwiki_20180420_300d
184,185,62,script-related,Roman verliet de boekhandel. Snel zocht hij een,roman,voor zijn vrouw.,0.3399183750152588,CWE,nlwiki_20180420_300d
185,186,62,script-unrelated,Roman ging naar de banketbakker. Snel zocht hij een,roman,voor zijn vrouw.,0.28577569127082825,CWE,nlwiki_20180420_300d
186,187,63,control,Annika ging naar de boetiek. Ze zocht een tijdje naar,laarzen,en kocht ze toen.,0.37502628564834595,CWE,nlwiki_20180420_300d
187,188,63,script-related,Annika verliet de boetiek. Ze zocht een tijdje naar,laarzen,en kocht ze toen.,0.3557799160480499,CWE,nlwiki_20180420_300d
188,189,63,script-unrelated,Annika ging naar de spa. Ze zocht een tijdje naar,laarzen,en kocht ze toen.,0.31147274374961853,CWE,nlwiki_20180420_300d
189,190,64,control,Emil betrad de apotheek. Snel kocht hij het,medicijn,en ging toen naar huis.,0.3744686245918274,CWE,nlwiki_20180420_300d
190,191,64,script-related,Emil verliet de apotheek. Snel kocht hij het,medicijn,en ging toen naar huis.,0.35186874866485596,CWE,nlwiki_20180420_300d
191,192,64,script-unrelated,Emil betrad de manege. Snel kocht hij het,medicijn,en ging toen naar huis.,0.27217602729797363,CWE,nlwiki_20180420_300d
192,193,65,control,Susanne betrad de badkamer. Direct verwijderde ze haar,make-up,en poetste haar tanden.,0.2853084206581116,CWE,nlwiki_20180420_300d
193,194,65,script-related,Susanne verliet de badkamer. Direct verwijderde ze haar,make-up,en poetste haar tanden.,0.32231685519218445,CWE,nlwiki_20180420_300d
194,195,65,script-unrelated,Susanne ging naar de veiligheidscontrole. Direct verwijderde ze haar,make-up,en poetste haar tanden.,0.28133851289749146,CWE,nlwiki_20180420_300d
195,196,66,control,Martin kwam bij de garage. Meteen vroeg hij naar,banden,voor de winter.,0.319152295589447,CWE,nlwiki_20180420_300d
196,197,66,script-related,Martin verliet de garage. Meteen vroeg hij naar,banden,voor de winter.,0.34450602531433105,CWE,nlwiki_20180420_300d
197,198,66,script-unrelated,Martin kwam bij de hotelreceptie. Meteen vroeg hij naar,banden,voor de winter.,0.2933836281299591,CWE,nlwiki_20180420_300d
198,199,67,control,Jutta ging naar het postkantoor. Meteen kreeg ze het,pakket,waarop ze had gewacht.,0.30063194036483765,CWE,nlwiki_20180420_300d
199,200,67,script-related,Jutta verliet het postkantoor. Meteen kreeg ze het,pakket,waarop ze had gewacht.,0.28135910630226135,CWE,nlwiki_20180420_300d
200,201,67,script-unrelated,Jutta ging naar de tandarts. Meteen kreeg ze het,pakket,waarop ze had gewacht.,0.25729212164878845,CWE,nlwiki_20180420_300d
201,202,68,control,Jens ging naar de douane. Snel toonde hij zijn,formulier,en keek de beambte aan.,0.3276687562465668,CWE,nlwiki_20180420_300d
202,203,68,script-related,Jens verliet de douane. Snel toonde hij zijn,formulier,en keek de beambte aan.,0.3199629783630371,CWE,nlwiki_20180420_300d
203,204,68,script-unrelated,Jens begon te pokeren. Snel toonde hij zijn,formulier,en keek de beambte aan.,0.2932943105697632,CWE,nlwiki_20180420_300d
204,205,69,control,Elena begon te tekenen. Meteen pakte ze het,potlood,en tekende een bloem.,0.3127304017543793,CWE,nlwiki_20180420_300d
205,206,69,script-related,Elena stopte met tekenen. Meteen pakte ze het,potlood,en tekende een bloem.,0.33483564853668213,CWE,nlwiki_20180420_300d
206,207,69,script-unrelated,Elena begon de vakantie. Meteen pakte ze het,potlood,en tekende een bloem.,0.25627031922340393,CWE,nlwiki_20180420_300d
207,208,70,control,Bruno begon zijn filmavond. Snel haalde hij de,popcorn,uit de keuken.,0.33452069759368896,CWE,nlwiki_20180420_300d
208,209,70,script-related,Bruno beëindigde zijn filmavond. Snel haalde hij de,popcorn,uit de keuken.,0.2951682209968567,CWE,nlwiki_20180420_300d
209,210,70,script-unrelated,Bruno betrad het gemeentehuis. Snel haalde hij de,popcorn,uit de keuken.,0.3118937909603119,CWE,nlwiki_20180420_300d
210,211,71,control,Jana betrad het tuincentrum. Na een tijdje vroeg ze om een,palmboom,voor het balkon.,0.28539612889289856,CWE,nlwiki_20180420_300d
211,212,71,script-related,Jana verliet het tuincentrum. Na een tijdje vroeg ze om een,palmboom,voor het balkon.,0.275305837392807,CWE,nlwiki_20180420_300d
212,213,71,script-unrelated,Jana ging naar de kermis. Na een tijdje vroeg ze om een,palmboom,voor het balkon.,0.2856922447681427,CWE,nlwiki_20180420_300d
213,214,72,control,Nico ging naar de pizzeria. Hij greep meteen de,menukaart,en bestelde een margherita.,0.4095340371131897,CWE,nlwiki_20180420_300d
214,215,72,script-related,Nico verliet de pizzeria. Hij greep meteen de,menukaart,en bestelde een margherita.,0.37414857745170593,CWE,nlwiki_20180420_300d
215,216,72,script-unrelated,Nico ging wandelen. Hij greep meteen de,menukaart,en bestelde een margherita.,0.33965644240379333,CWE,nlwiki_20180420_300d
216,217,73,control,Beate ging zwemmen. Snel controleerde ze het,bassin,en zwom weg.,0.32198673486709595,CWE,nlwiki_20180420_300d
217,218,73,script-related,Beate kwam terug van het zwemmen. Snel controleerde ze het,bassin,en zwom weg.,0.32786181569099426,CWE,nlwiki_20180420_300d
218,219,73,script-unrelated,Beate ging met de taxi. Snel controleerde ze het,bassin,en zwom weg.,0.2709983289241791,CWE,nlwiki_20180420_300d
219,220,74,control,Hubert nam een vliegtuig. Vol enthousiasme genoot hij van de,hoogte,want hij hield van vliegen.,0.25795164704322815,CWE,nlwiki_20180420_300d
220,221,74,script-related,Hubert verliet het vliegtuig. Vol enthousiasme genoot hij van de,hoogte,want hij hield van vliegen.,0.23254482448101044,CWE,nlwiki_20180420_300d
221,222,74,script-unrelated,Hubert begon te baden. Vol enthousiasme genoot hij van de,hoogte,want hij hield van vliegen.,0.2149282544851303,CWE,nlwiki_20180420_300d
222,223,75,control,Jenni begon de les. Direct opende ze het,schoolbord,en begon te schrijven.,0.341187983751297,CWE,nlwiki_20180420_300d
223,224,75,script-related,Jenni stopte de les. Direct opende ze het,schoolbord,en begon te schrijven.,0.33821940422058105,CWE,nlwiki_20180420_300d
224,225,75,script-unrelated,Jenni betrad de ijshal. Direct opende ze het,schoolbord,en begon te schrijven.,0.3027646839618683,CWE,nlwiki_20180420_300d
225,226,76,control,Hans betrad de klimhal. Even later greep hij het,touw,en spande het.,0.30543234944343567,CWE,nlwiki_20180420_300d
226,227,76,script-related,Hans verliet de klimhal. Even later greep hij het,touw,en spande het.,0.32018032670021057,CWE,nlwiki_20180420_300d
227,228,76,script-unrelated,Hans begon te bowlen. Even later greep hij het,touw,en spande het.,0.3651958107948303,CWE,nlwiki_20180420_300d
228,229,77,control,Clara ging naar de schietbaan. Ze kreeg meteen een,revolver,en begon op het doel te schieten.,0.3256593942642212,CWE,nlwiki_20180420_300d
229,230,77,script-related,Clara verliet de schietbaan. Ze kreeg meteen een,revolver,en begon op het doel te schieten.,0.3619712293148041,CWE,nlwiki_20180420_300d
230,231,77,script-unrelated,Clara ging op een brandweerinzet. Ze kreeg meteen een,revolver,en begon op het doel te schieten.,0.23748698830604553,CWE,nlwiki_20180420_300d
231,232,78,control,Georg nam deel aan de yogales. Na een tijdje ging hij op zijn,yogamat,zitten en deed een oefening.,,CWE,nlwiki_20180420_300d
232,233,78,script-related,Georg kwam terug van de yogales. Na een tijdje ging hij op zijn,yogamat,zitten en deed een oefening.,,CWE,nlwiki_20180420_300d
233,234,78,script-unrelated,Georg nam deel aan de voetbalwedstrijd. Na een tijdje ging hij op zijn,yogamat,zitten en deed een oefening.,,CWE,nlwiki_20180420_300d
234,235,79,control,Johanna begon de jacht. Na een tijdje zag ze de,jachthut,en liep erop af.,0.3561224043369293,CWE,nlwiki_20180420_300d
235,236,79,script-related,Johanna kwam terug van de jacht. Na een tijdje zag ze de,jachthut,en liep erop af.,0.3953164219856262,CWE,nlwiki_20180420_300d
236,237,79,script-unrelated,Johanna betrad de slagerij. Na een tijdje zag ze de,jachthut,en liep erop af.,0.3756677210330963,CWE,nlwiki_20180420_300d
237,238,80,control,Jürgen betrad de bakkerij. Even later wees hij naar de,croissant,en maakte zijn keuze.,0.33176422119140625,CWE,nlwiki_20180420_300d
238,239,80,script-related,Jürgen verliet de bakkerij. Even later wees hij naar de,croissant,en maakte zijn keuze.,0.36225518584251404,CWE,nlwiki_20180420_300d
239,240,80,script-unrelated,Jürgen betrad de dierentuin. Even later wees hij naar de,croissant,en maakte zijn keuze.,0.2909325957298279,CWE,nlwiki_20180420_300d
240,241,81,control,Frauke ging naar het stadion. Snel koos ze een,tribune,en ging zitten.,0.4513183832168579,CWE,nlwiki_20180420_300d
241,242,81,script-related,Frauke verliet het stadion. Snel koos ze een,tribune,en ging zitten.,0.43431124091148376,CWE,nlwiki_20180420_300d
242,243,81,script-unrelated,Frauke ging naar de wasserette. Snel koos ze een,tribune,en ging zitten.,0.32961663603782654,CWE,nlwiki_20180420_300d
243,244,82,control,Bernd betrad de kiosk. Hij kocht meteen een,krant,en ging weer naar huis.,0.3828192949295044,CWE,nlwiki_20180420_300d
244,245,82,script-related,Bernd verliet de kiosk. Hij kocht meteen een,krant,en ging weer naar huis.,0.39019837975502014,CWE,nlwiki_20180420_300d
245,246,82,script-unrelated,Bernd betrad het circus. Hij kocht meteen een,krant,en ging weer naar huis.,0.34362196922302246,CWE,nlwiki_20180420_300d
246,247,83,control,Nicole betrad het kantoor. Eerst liep ze naar het,bureau,en zette toen de computer aan.,0.34162598848342896,CWE,nlwiki_20180420_300d
247,248,83,script-related,Nicole verliet het kantoor. Eerst liep ze naar het,bureau,en zette toen de computer aan.,0.33551380038261414,CWE,nlwiki_20180420_300d
248,249,83,script-unrelated,Nicole betrad de sauna. Eerst liep ze naar het,bureau,en zette toen de computer aan.,0.28200724720954895,CWE,nlwiki_20180420_300d
249,250,84,control,Viktor ging naar het lab. Snel begon hij het,experiment,en maakte aantekeningen.,0.40786105394363403,CWE,nlwiki_20180420_300d
250,251,84,script-related,Viktor verliet het lab. Snel begon hij het,experiment,en maakte aantekeningen.,0.4453151822090149,CWE,nlwiki_20180420_300d
251,252,84,script-unrelated,Viktor ging naar de dierenarts. Snel begon hij het,experiment,en maakte aantekeningen.,0.3036651015281677,CWE,nlwiki_20180420_300d
252,253,85,control,Gabi ging naar de paskamer. Snel paste ze de,kleding,en ging naar de kassa.,0.39183178544044495,CWE,nlwiki_20180420_300d
253,254,85,script-related,Gabi verliet de paskamer. Snel paste ze de,kleding,en ging naar de kassa.,0.38453003764152527,CWE,nlwiki_20180420_300d
254,255,85,script-unrelated,Gabi betrad de plaats delict. Snel paste ze de,kleding,en ging naar de kassa.,0.3735330402851105,CWE,nlwiki_20180420_300d
255,256,86,control,Jakob betrad het tankstation. Hij zei meteen zijn,nummer,en betaalde.,0.37055379152297974,CWE,nlwiki_20180420_300d
256,257,86,script-related,Jakob verliet het tankstation. Hij zei meteen zijn,nummer,en betaalde.,0.37968459725379944,CWE,nlwiki_20180420_300d
257,258,86,script-unrelated,Jakob begon bomen te kappen. Hij zei meteen zijn,nummer,en betaalde.,0.3231031000614166,CWE,nlwiki_20180420_300d
258,259,87,control,Hilde begon de koets te besturen. Snel beklom ze de,koets,en daar ging ze.,0.6422700881958008,CWE,nlwiki_20180420_300d
259,260,87,script-related,Hilde was klaar met de koets besturen. Snel beklom ze de,koets,en daar ging ze.,0.6591530442237854,CWE,nlwiki_20180420_300d
260,261,87,script-unrelated,Hilde begon een kampvuur. Snel beklom ze de,koets,en daar ging ze.,0.3740885853767395,CWE,nlwiki_20180420_300d
261,262,88,control,Tom begon ontbijt te maken. Hij opende meteen de,boter,en maakte een boterham.,0.359915554523468,CWE,nlwiki_20180420_300d
262,263,88,script-related,Tom stopte met ontbijt maken. Hij opende meteen de,boter,en maakte een boterham.,0.36596226692199707,CWE,nlwiki_20180420_300d
263,264,88,script-unrelated,Tom ging naar de kerstmarkt. Hij opende meteen de,boter,en maakte een boterham.,0.31854310631752014,CWE,nlwiki_20180420_300d
264,265,89,control,Kim ging naar het ziekenhuis. Meteen liep ze naar de,receptie,en vroeg de weg.,0.27869534492492676,CWE,nlwiki_20180420_300d
265,266,89,script-related,Kim verliet het ziekenhuis. Meteen liep ze naar de,receptie,en vroeg de weg.,0.27149444818496704,CWE,nlwiki_20180420_300d
266,267,89,script-unrelated,Kim begon haar lunch te koken. Meteen liep ze naar de,receptie,en vroeg de weg.,0.44888877868652344,CWE,nlwiki_20180420_300d
267,268,90,control,Michael begon een taart te bakken. Als eerste pakte hij een,garde,en klopte het eiwit stijf.,0.2966669201850891,CWE,nlwiki_20180420_300d
268,269,90,script-related,Michael was klaar met een taart bakken. Als eerste pakte hij een,garde,en klopte het eiwit stijf.,0.2979339063167572,CWE,nlwiki_20180420_300d
269,270,90,script-unrelated,Michael betrad het restaurant. Als eerste pakte hij een,garde,en klopte het eiwit stijf.,0.33562153577804565,CWE,nlwiki_20180420_300d
