,ItemNum,Condition,context,target,continuation,semantic_association,implementation,model
0,1,control,Johann betrat das Restaurant. Wenig später öffnete er die,Speisekarte,und verschaffte sich einen Überblick.,0.76996756,SE,jinaai/jina-embeddings-v2-base-de
1,1,script-related,Johann verließ das Restaurant. Wenig später öffnete er die,Speisekarte,und verschaffte sich einen Überblick.,0.5691497,SE,jinaai/jina-embeddings-v2-base-de
2,1,script-unrelated,Johann betrat die Wohnung. Wenig später öffnete er die,Speisekarte,und verschaffte sich einen Überblick.,0.6755236,SE,jinaai/jina-embeddings-v2-base-de
3,2,control,Sabine betrat das Kino. Schnell ging sie zur,Kasse,und kaufte eine Karte.,0.51058817,SE,jinaai/jina-embeddings-v2-base-de
4,2,script-related,Sabine verließ das Kino. Schnell ging sie zur,Kasse,und kaufte eine Karte.,0.44566923,SE,jinaai/jina-embeddings-v2-base-de
5,2,script-unrelated,Sabine betrat die Schule. Schnell ging sie zur,Kasse,und kaufte eine Karte.,0.6724845,SE,jinaai/jina-embeddings-v2-base-de
6,3,control,Kevin betrat den Bauernhof. Ohne zu zögern nahm er eine,Mistgabel,und fing an zu schaufeln.,0.65698487,SE,jinaai/jina-embeddings-v2-base-de
7,3,script-related,Kevin verließ den Bauernhof. Ohne zu zögern nahm er eine,Mistgabel,und fing an zu schaufeln.,0.6156412,SE,jinaai/jina-embeddings-v2-base-de
8,3,script-unrelated,Kevin betrat die Kirche. Ohne zu zögern nahm er eine,Mistgabel,und fing an zu schaufeln.,0.520572,SE,jinaai/jina-embeddings-v2-base-de
9,4,control,Susi betrat die Arztpraxis. Freundlich sprach sie mit der,Arzthelferin,über die Problematik.,0.81567127,SE,jinaai/jina-embeddings-v2-base-de
10,4,script-related,Susi verließ die Arztpraxis. Freundlich sprach sie mit der,Arzthelferin,über die Problematik.,0.582357,SE,jinaai/jina-embeddings-v2-base-de
11,4,script-unrelated,Susi betrat das Gehege. Freundlich sprach sie mit der,Arzthelferin,über die Problematik.,0.5264841,SE,jinaai/jina-embeddings-v2-base-de
12,5,control,Roman betrat die Bücherei. Kurz danach ging er zum,Regal,und suchte einen Krimi.,0.6214724,SE,jinaai/jina-embeddings-v2-base-de
13,5,script-related,Roman verließ die Bücherei. Kurz danach ging er zum,Regal,und suchte einen Krimi.,0.2766178,SE,jinaai/jina-embeddings-v2-base-de
14,5,script-unrelated,Roman betrat die Kneipe. Kurz danach ging er zum,Regal,und suchte einen Krimi.,0.2860458,SE,jinaai/jina-embeddings-v2-base-de
15,6,control,Lea begann damit Spaghetti zu kochen. Vorsichtig öffnete sie die,Nudelpackung,mit einem Handgriff.,0.48701683,SE,jinaai/jina-embeddings-v2-base-de
16,6,script-related,Lea war fertig damit Spaghetti zu kochen. Vorsichtig öffnete sie die,Nudelpackung,mit einem Handgriff.,0.49091503,SE,jinaai/jina-embeddings-v2-base-de
17,6,script-unrelated,Lea begann die Wände zu streichen. Vorsichtig öffnete sie die,Nudelpackung,mit einem Handgriff.,0.72718245,SE,jinaai/jina-embeddings-v2-base-de
18,7,control,Peter erreichte das Theater. Wenig später ging er zur,Loge,und setzte sich.,0.7526395,SE,jinaai/jina-embeddings-v2-base-de
19,7,script-related,Peter verließ das Theater. Wenig später ging er zur,Loge,und setzte sich.,0.6228081,SE,jinaai/jina-embeddings-v2-base-de
20,7,script-unrelated,Peter erreichte den Supermarkt. Wenig später ging er zur,Loge,und setzte sich.,0.5173563,SE,jinaai/jina-embeddings-v2-base-de
21,8,control,Lisa betrat den Bahnhof. Wenig später war sie am,Gleis,und wartete auf den Zug.,0.86549866,SE,jinaai/jina-embeddings-v2-base-de
22,8,script-related,Lisa verließ den Bahnhof. Wenig später war sie am,Gleis,und wartete auf den Zug.,0.38533062,SE,jinaai/jina-embeddings-v2-base-de
23,8,script-unrelated,Lisa betrat das Haus. Wenig später war sie am,Gleis,und wartete auf den Zug.,0.891066,SE,jinaai/jina-embeddings-v2-base-de
24,9,control,Tim begann im Fitnessstudio zu trainieren. Umgehend war er auf dem,Laufband,und rann wie verrückt.,0.6995639,SE,jinaai/jina-embeddings-v2-base-de
25,9,script-related,Tim hörte auf im Fitnessstudio zu trainieren. Umgehend war er auf dem,Laufband,und rann wie verrückt.,0.5998924,SE,jinaai/jina-embeddings-v2-base-de
26,9,script-unrelated,Tim begann seine Fahrstunde. Umgehend war er auf dem,Laufband,und rann wie verrückt.,0.419583,SE,jinaai/jina-embeddings-v2-base-de
27,10,control,Maria erreichte den Flughafen. Sofort ging sie zum,Check-in,um den Koffer aufzugeben.,0.37998298,SE,jinaai/jina-embeddings-v2-base-de
28,10,script-related,Maria verließ den Flughafen. Sofort ging sie zum,Check-in,um den Koffer aufzugeben.,0.66215086,SE,jinaai/jina-embeddings-v2-base-de
29,10,script-unrelated,Maria erreichte das Einkaufszentrum. Sofort ging sie zum,Check-in,um den Koffer aufzugeben.,0.5058401,SE,jinaai/jina-embeddings-v2-base-de
30,11,control,Lukas kam zur Geburtstagsfeier. Nach einer Weile überreichte er den,Kuchen,und gratulierte.,0.355784,SE,jinaai/jina-embeddings-v2-base-de
31,11,script-related,Lukas verließ die Geburtstagsfeier. Nach einer Weile überreichte er den,Kuchen,und gratulierte.,0.6425461,SE,jinaai/jina-embeddings-v2-base-de
32,11,script-unrelated,Lukas kam zum Unterricht. Nach einer Weile überreichte er den,Kuchen,und gratulierte.,0.5649199,SE,jinaai/jina-embeddings-v2-base-de
33,12,control,Marie ging zum Friseur. Nach einem kurzen Moment fragte sie die,Stylistin,nach einem neuen Schnitt.,0.57845664,SE,jinaai/jina-embeddings-v2-base-de
34,12,script-related,Marie verließ den Friseur. Nach einem kurzen Moment fragte sie die,Stylistin,nach einem neuen Schnitt.,0.4390114,SE,jinaai/jina-embeddings-v2-base-de
35,12,script-unrelated,Marie ging zur Uni. Nach einem kurzen Moment fragte sie die,Stylistin,nach einem neuen Schnitt.,0.58088946,SE,jinaai/jina-embeddings-v2-base-de
36,13,control,Thorsten begann zu duschen. Als erstes benutzte er das,Shampoo,und dann das Duschgel.,0.5657723,SE,jinaai/jina-embeddings-v2-base-de
37,13,script-related,Thorsten hörte auf zu duschen. Als erstes benutzte er das,Shampoo,und dann das Duschgel.,0.7989583,SE,jinaai/jina-embeddings-v2-base-de
38,13,script-unrelated,Thorsten begann zu grillen. Als erstes benutzte er das,Shampoo,und dann das Duschgel.,0.5318533,SE,jinaai/jina-embeddings-v2-base-de
39,14,control,Claudia betrat den Blumenladen. Schnell fragte sie nach einer,Rose,für eine Freundin.,0.73737717,SE,jinaai/jina-embeddings-v2-base-de
40,14,script-related,Claudia verließ den Blumenladen. Schnell fragte sie nach einer,Rose,für eine Freundin.,0.72288287,SE,jinaai/jina-embeddings-v2-base-de
41,14,script-unrelated,Claudia betrat das Tiergeschäft. Schnell fragte sie nach einer,Rose,für eine Freundin.,0.60462713,SE,jinaai/jina-embeddings-v2-base-de
42,15,control,Jonathan ging zum Friedhof. Nachdenklich betrachtete er den,Grabstein,und sprach ein Gebet.,0.7318215,SE,jinaai/jina-embeddings-v2-base-de
43,15,script-related,Jonathan verließ den Friedhof. Nachdenklich betrachtete er den,Grabstein,und sprach ein Gebet.,0.75527686,SE,jinaai/jina-embeddings-v2-base-de
44,15,script-unrelated,Jonathan ging in die Küche. Nachdenklich betrachtete er den,Grabstein,und sprach ein Gebet.,0.5601567,SE,jinaai/jina-embeddings-v2-base-de
45,16,control,Lara ging in den Garten. Genau prüfte sie die,Erde,und goss dann die Blumen.,0.75211215,SE,jinaai/jina-embeddings-v2-base-de
46,16,script-related,Lara verließ den Garten. Genau prüfte sie die,Erde,und goss dann die Blumen.,0.67293626,SE,jinaai/jina-embeddings-v2-base-de
47,16,script-unrelated,Lara ging zum Herd. Genau prüfte sie die,Erde,und goss dann die Blumen.,0.66068417,SE,jinaai/jina-embeddings-v2-base-de
48,17,control,Roman ging ins Museum. Akribisch betrachtete er die,Skulpturen,und war begeistert.,0.4580916,SE,jinaai/jina-embeddings-v2-base-de
49,17,script-related,Roman verließ das Museum. Akribisch betrachtete er die,Skulpturen,und war begeistert.,0.38912776,SE,jinaai/jina-embeddings-v2-base-de
50,17,script-unrelated,Roman ging in die Buchhandlung. Akribisch betrachtete er die,Skulpturen,und war begeistert.,0.3892373,SE,jinaai/jina-embeddings-v2-base-de
51,18,control,Annika ging zum Konditor. Schnell fragte sie nach einem,Kuchen,und bezahlte sofort.,0.6644673,SE,jinaai/jina-embeddings-v2-base-de
52,18,script-related,Annika verließ den Konditor. Schnell fragte sie nach einem,Kuchen,und bezahlte sofort.,0.2660103,SE,jinaai/jina-embeddings-v2-base-de
53,18,script-unrelated,Annika ging in die Boutique. Schnell fragte sie nach einem,Kuchen,und bezahlte sofort.,0.5378524,SE,jinaai/jina-embeddings-v2-base-de
54,19,control,Emil betrat das Spa. Nach einer Weile bekam er eine,Massage,und genoss sie.,0.5473275,SE,jinaai/jina-embeddings-v2-base-de
55,19,script-related,Emil verließ das Spa. Nach einer Weile bekam er eine,Massage,und genoss sie.,0.49413383,SE,jinaai/jina-embeddings-v2-base-de
56,19,script-unrelated,Emil betrat die Apotheke. Nach einer Weile bekam er eine,Massage,und genoss sie.,0.4069363,SE,jinaai/jina-embeddings-v2-base-de
57,20,control,Susanne betrat die Reitschule. Schnell setzte sie den,Sattel,auf und ritt los.,0.487305,SE,jinaai/jina-embeddings-v2-base-de
58,20,script-related,Susanne verließ die Reitschule. Schnell setzte sie den,Sattel,auf und ritt los.,0.3494446,SE,jinaai/jina-embeddings-v2-base-de
59,20,script-unrelated,Susanne betrat das Bad. Schnell setzte sie den,Sattel,auf und ritt los.,0.64588857,SE,jinaai/jina-embeddings-v2-base-de
60,21,control,Martin kam zur Sicherheitskontrolle. Zügig öffnete er den,Koffer,und wurde durchgewunken.,0.6983934,SE,jinaai/jina-embeddings-v2-base-de
61,21,script-related,Martin verließ die Sicherheitskontrolle. Zügig öffnete er den,Koffer,und wurde durchgewunken.,0.69187635,SE,jinaai/jina-embeddings-v2-base-de
62,21,script-unrelated,Martin kam zur Autowerkstatt. Zügig öffnete er den,Koffer,und wurde durchgewunken.,0.44491133,SE,jinaai/jina-embeddings-v2-base-de
63,22,control,Jutta ging zur Hotelrezeption. Sofort bekam sie ein,Zimmer,und dankte freundlich.,0.5471408,SE,jinaai/jina-embeddings-v2-base-de
64,22,script-related,Jutta verließ die Hotelrezeption. Sofort bekam sie ein,Zimmer,und dankte freundlich.,0.6076649,SE,jinaai/jina-embeddings-v2-base-de
65,22,script-unrelated,Jutta ging zur Post. Sofort bekam sie ein,Zimmer,und dankte freundlich.,0.6937533,SE,jinaai/jina-embeddings-v2-base-de
66,23,control,Jens ging zum Zahnarzt. Ängstlich ging er zum,Röntgen,und ließ sich behandeln.,0.55816776,SE,jinaai/jina-embeddings-v2-base-de
67,23,script-related,Jens verließ den Zahnarzt. Ängstlich ging er zum,Röntgen,und ließ sich behandeln.,0.633277,SE,jinaai/jina-embeddings-v2-base-de
68,23,script-unrelated,Jens ging zur Zollstelle. Ängstlich ging er zum,Röntgen,und ließ sich behandeln.,0.6384534,SE,jinaai/jina-embeddings-v2-base-de
69,24,control,Elena begann Poker zu spielen. Schnell setzte sie ihr,Geld,und gewann.,0.6215293,SE,jinaai/jina-embeddings-v2-base-de
70,24,script-related,Elena hörte auf Poker zu spielen. Schnell setzte sie ihr,Geld,und gewann.,0.5984787,SE,jinaai/jina-embeddings-v2-base-de
71,24,script-unrelated,Elena begann zu zeichnen. Schnell setzte sie ihr,Geld,und gewann.,0.55271584,SE,jinaai/jina-embeddings-v2-base-de
72,25,control,Bruno begann seinen Urlaub. Endlich kam er am,Meer,an und genoss das Wetter.,0.70061284,SE,jinaai/jina-embeddings-v2-base-de
73,25,script-related,Bruno beendete seinen Urlaub. Endlich kam er am,Meer,an und genoss das Wetter.,0.60819584,SE,jinaai/jina-embeddings-v2-base-de
74,25,script-unrelated,Bruno begann seinen Filmabend. Endlich kam er am,Meer,an und genoss das Wetter.,0.86260194,SE,jinaai/jina-embeddings-v2-base-de
75,26,control,Jana betrat das Bürgeramt. Umgehend zeigte sie ihr,Visum,und stellte einen Antrag.,0.7221706,SE,jinaai/jina-embeddings-v2-base-de
76,26,script-related,Jana verließ das Bürgeramt. Umgehend zeigte sie ihr,Visum,und stellte einen Antrag.,0.5798246,SE,jinaai/jina-embeddings-v2-base-de
77,26,script-unrelated,Jana betrat das Gartencenter. Umgehend zeigte sie ihr,Visum,und stellte einen Antrag.,0.6590862,SE,jinaai/jina-embeddings-v2-base-de
78,27,control,Nico fuhr auf die Kirmes. Sofort ging er zum,Auto-Scooter,und fuhr eine Runde.,0.66602,SE,jinaai/jina-embeddings-v2-base-de
79,27,script-related,Nico verließ die Kirmes. Sofort ging er zum,Auto-Scooter,und fuhr eine Runde.,0.5942853,SE,jinaai/jina-embeddings-v2-base-de
80,27,script-unrelated,Nico fuhr zur Pizzeria. Sofort ging er zum,Auto-Scooter,und fuhr eine Runde.,0.5837582,SE,jinaai/jina-embeddings-v2-base-de
81,28,control,Beate ging Wandern. Nach einer Weile sah sie ein,Edelweiß,das sie gleich mitnahm.,0.4494514,SE,jinaai/jina-embeddings-v2-base-de
82,28,script-related,Beate kam zurück vom Wandern. Nach einer Weile sah sie ein,Edelweiß,das sie gleich mitnahm.,0.29925826,SE,jinaai/jina-embeddings-v2-base-de
83,28,script-unrelated,Beate ging schwimmen. Nach einer Weile sah sie ein,Edelweiß,das sie gleich mitnahm.,0.60641086,SE,jinaai/jina-embeddings-v2-base-de
84,29,control,Hubert nahm ein Taxi. Freundlich begrüßte er den,Fahrer,und nannte sein Ziel.,0.45808163,SE,jinaai/jina-embeddings-v2-base-de
85,29,script-related,Hubert verließ das Taxi. Freundlich begrüßte er den,Fahrer,und nannte sein Ziel.,0.5724897,SE,jinaai/jina-embeddings-v2-base-de
86,29,script-unrelated,Hubert nahm ein Flugzeug. Freundlich begrüßte er den,Fahrer,und nannte sein Ziel.,0.39196622,SE,jinaai/jina-embeddings-v2-base-de
87,30,control,Jenni begann zu baden. Sofort verteilte sie den,Schaum,auf ihrem Körper.,0.7698488,SE,jinaai/jina-embeddings-v2-base-de
88,30,script-related,Jenni hörte auf zu baden. Sofort verteilte sie den,Schaum,auf ihrem Körper.,0.794079,SE,jinaai/jina-embeddings-v2-base-de
89,30,script-unrelated,Jenni begann die Vorlesung. Sofort verteilte sie den,Schaum,auf ihrem Körper.,0.6832539,SE,jinaai/jina-embeddings-v2-base-de
90,31,control,Hans betrat die Eishalle. Flott schnürte er seine,Schlittschuhe,und ging auf die Bahn.,0.7668328,SE,jinaai/jina-embeddings-v2-base-de
91,31,script-related,Hans verließ die Eishalle. Flott schnürte er seine,Schlittschuhe,und ging auf die Bahn.,0.367648,SE,jinaai/jina-embeddings-v2-base-de
92,31,script-unrelated,Hans betrat die Kletterhalle. Flott schnürte er seine,Schlittschuhe,und ging auf die Bahn.,0.553334,SE,jinaai/jina-embeddings-v2-base-de
93,32,control,Clara begann zu bowlen. Gekonnt erzielte sie einen,Strike,und gewann das Spiel.,0.49813625,SE,jinaai/jina-embeddings-v2-base-de
94,32,script-related,Clara hörte auf zu bowlen. Gekonnt erzielte sie einen,Strike,und gewann das Spiel.,0.56474364,SE,jinaai/jina-embeddings-v2-base-de
95,32,script-unrelated,Clara ging zum Schießstand. Gekonnt erzielte sie einen,Strike,und gewann das Spiel.,0.7186122,SE,jinaai/jina-embeddings-v2-base-de
96,33,control,Georg nahm teil an einem Feuerwehreinsatz. Sofort benutzte er den,Schlauch,und löschte das Feuer.,0.49046358,SE,jinaai/jina-embeddings-v2-base-de
97,33,script-related,Georg beendete einen Feuerwehreinsatz. Sofort benutzte er den,Schlauch,und löschte das Feuer.,0.46338305,SE,jinaai/jina-embeddings-v2-base-de
98,33,script-unrelated,Georg nahm teil an Yoga. Sofort benutzte er den,Schlauch,und löschte das Feuer.,0.3009948,SE,jinaai/jina-embeddings-v2-base-de
99,34,control,Johanna begann das Fußballspiel. Nach kurzer Zeit machte sie ein,Tor,und jubelte laut.,0.52258235,SE,jinaai/jina-embeddings-v2-base-de
100,34,script-related,Johanna beendete das Fußballspiel. Nach kurzer Zeit machte sie ein,Tor,und jubelte laut.,0.6111384,SE,jinaai/jina-embeddings-v2-base-de
101,34,script-unrelated,Johanna begann die Jagd. Nach kurzer Zeit machte sie ein,Tor,und jubelte laut.,0.49652743,SE,jinaai/jina-embeddings-v2-base-de
102,35,control,Jürgen betrat die Metzgerei. Sofort fragte er nach einem,Steak,und bezahlte.,0.4340555,SE,jinaai/jina-embeddings-v2-base-de
103,35,script-related,Jürgen verließ die Metzgerei. Sofort fragte er nach einem,Steak,und bezahlte.,0.5005889,SE,jinaai/jina-embeddings-v2-base-de
104,35,script-unrelated,Jürgen betrat die Bäckerei. Sofort fragte er nach einem,Steak,und bezahlte.,0.5204805,SE,jinaai/jina-embeddings-v2-base-de
105,36,control,Frauke betrat den Zoo. Wenig später fotografierte sie ein,Zebra,beim Trinken.,0.6668236,SE,jinaai/jina-embeddings-v2-base-de
106,36,script-related,Frauke verließ den Zoo. Wenig später fotografierte sie ein,Zebra,beim Trinken.,0.54457945,SE,jinaai/jina-embeddings-v2-base-de
107,36,script-unrelated,Frauke ging ins Stadion. Wenig später fotografierte sie ein,Zebra,beim Trinken.,0.69000113,SE,jinaai/jina-embeddings-v2-base-de
108,37,control,Bernd betrat den Waschsalon. Schnell wählte er das,Waschprogramm,und lies es laufen.,0.64673704,SE,jinaai/jina-embeddings-v2-base-de
109,37,script-related,Bernd verließ den Waschsalon. Schnell wählte er das,Waschprogramm,und lies es laufen.,0.5456578,SE,jinaai/jina-embeddings-v2-base-de
110,37,script-unrelated,Bernd betrat den Kiosk. Schnell wählte er das,Waschprogramm,und lies es laufen.,0.35801697,SE,jinaai/jina-embeddings-v2-base-de
111,38,control,Nicole ging in den Zirkus. Bald setzte sie sich auf die,Tribüne,und schaute sich das Spektakel an.,0.32768658,SE,jinaai/jina-embeddings-v2-base-de
112,38,script-related,Nicole verließ den Zirkus. Bald setzte sie sich auf die,Tribüne,und schaute sich das Spektakel an.,0.44609782,SE,jinaai/jina-embeddings-v2-base-de
113,38,script-unrelated,Nicole ging ins Büro. Bald setzte sie sich auf die,Tribüne,und schaute sich das Spektakel an.,0.57487947,SE,jinaai/jina-embeddings-v2-base-de
114,39,control,Viktor ging in die Sauna. Nach einer Weile machte er einen,Aufguss,und legte sich hin.,0.26939514,SE,jinaai/jina-embeddings-v2-base-de
115,39,script-related,Viktor verließ die Sauna. Nach einer Weile machte er einen,Aufguss,und legte sich hin.,0.652328,SE,jinaai/jina-embeddings-v2-base-de
116,39,script-unrelated,Viktor ging ins Labor. Nach einer Weile machte er einen,Aufguss,und legte sich hin.,0.62044966,SE,jinaai/jina-embeddings-v2-base-de
117,40,control,Gabi ging zum Tierarzt. Einen Moment später fragte sie die,Arzthelferin,nach Medikamenten.,0.7136916,SE,jinaai/jina-embeddings-v2-base-de
118,40,script-related,Gabi verließ den Tierarzt. Einen Moment später fragte sie die,Arzthelferin,nach Medikamenten.,0.6169537,SE,jinaai/jina-embeddings-v2-base-de
119,40,script-unrelated,Gabi ging in die Umkleide. Einen Moment später fragte sie die,Arzthelferin,nach Medikamenten.,0.61325026,SE,jinaai/jina-embeddings-v2-base-de
120,41,control,Jakob betrat den Tatort. Kurz darauf fotografierte er die,Blutspritzer,und war erstaunt.,0.26567963,SE,jinaai/jina-embeddings-v2-base-de
121,41,script-related,Jakob verließ den Tatort. Kurz darauf fotografierte er die,Blutspritzer,und war erstaunt.,0.33961853,SE,jinaai/jina-embeddings-v2-base-de
122,41,script-unrelated,Jakob betrat die Tankstelle. Kurz darauf fotografierte er die,Blutspritzer,und war erstaunt.,0.24464029,SE,jinaai/jina-embeddings-v2-base-de
123,42,control,Peter begann Bäume zu fällen. Nach einer Weile benutzte sie die,Axt,und traf gezielt den Stamm.,0.65464306,SE,jinaai/jina-embeddings-v2-base-de
124,42,script-related,Peter hörte auf Bäume zu fällen. Nach einer Weile benutzte sie die,Axt,und traf gezielt den Stamm.,0.3532577,SE,jinaai/jina-embeddings-v2-base-de
125,42,script-unrelated,Peter begann die Kutsche zu fahren. Nach einer Weile benutzte sie die,Axt,und traf gezielt den Stamm.,0.5826013,SE,jinaai/jina-embeddings-v2-base-de
126,43,control,Tom begann ein Lagerfeuer. Sofort stapelte er das,Holz,und zündete es an.,0.31230602,SE,jinaai/jina-embeddings-v2-base-de
127,43,script-related,Tom beendete das Lagerfeuer. Sofort stapelte er das,Holz,und zündete es an.,0.41326416,SE,jinaai/jina-embeddings-v2-base-de
128,43,script-unrelated,Tom begann Frühstück zu machen. Sofort stapelte er das,Holz,und zündete es an.,0.5803585,SE,jinaai/jina-embeddings-v2-base-de
129,44,control,Kim ging zum Weihnachtsmarkt. Kurz darauf erreichte er die,Weihnachtskiosks,und stöberte nach Geschenken.,0.4346484,SE,jinaai/jina-embeddings-v2-base-de
130,44,script-related,Kim verließ den Weihnachtsmarkt. Kurz darauf erreichte er die,Weihnachtskiosks,und stöberte nach Geschenken.,0.3462414,SE,jinaai/jina-embeddings-v2-base-de
131,44,script-unrelated,Kim ging ins Krankenhaus. Kurz darauf erreichte er die,Weihnachtskiosks,und stöberte nach Geschenken.,0.402775,SE,jinaai/jina-embeddings-v2-base-de
132,45,control,Michael begann sein Mittagessen zu kochen. Schnell schnitt er das,Gemüse,und warf es in den Topf.,0.46824685,SE,jinaai/jina-embeddings-v2-base-de
133,45,script-related,Michael war fertig sein Mittagessen zu kochen. Schnell schnitt er das,Gemüse,und warf es in den Topf.,0.39981732,SE,jinaai/jina-embeddings-v2-base-de
134,45,script-unrelated,Michael begann einen Kuchen zu backen. Schnell schnitt er das,Gemüse,und warf es in den Topf.,0.48374152,SE,jinaai/jina-embeddings-v2-base-de
135,46,control,Johann betrat die Wohnung. Sofort setzte er sich aufs,Bett,und dachte über den Tag nach.,0.4882695,SE,jinaai/jina-embeddings-v2-base-de
136,46,script-related,Johann verließ die Wohnung. Sofort setzte er sich aufs,Bett,und dachte über den Tag nach.,0.6498339,SE,jinaai/jina-embeddings-v2-base-de
137,46,script-unrelated,Johann betrat das Kino. Sofort setzte er sich aufs,Bett,und dachte über den Tag nach.,0.6597721,SE,jinaai/jina-embeddings-v2-base-de
138,47,control,Sabine betrat die Schule. Schnell ging sie zum,Klassensaal,und grüßte die Schüler.,0.6808269,SE,jinaai/jina-embeddings-v2-base-de
139,47,script-related,Sabine verließ die Schule. Schnell ging sie zum,Klassensaal,und grüßte die Schüler.,0.35726565,SE,jinaai/jina-embeddings-v2-base-de
140,47,script-unrelated,Sabine betrat den Bauernhof. Schnell ging sie zum,Klassensaal,und grüßte die Schüler.,0.40149105,SE,jinaai/jina-embeddings-v2-base-de
141,48,control,Kevin betrat die Kirche. Vorsichtig nahm er eine,Kerze,und zündete sie an.,0.7661543,SE,jinaai/jina-embeddings-v2-base-de
142,48,script-related,Kevin verließ die Kirche. Vorsichtig nahm er eine,Kerze,und zündete sie an.,0.4382327,SE,jinaai/jina-embeddings-v2-base-de
143,48,script-unrelated,Kevin betrat die Arztpraxis. Vorsichtig nahm er eine,Kerze,und zündete sie an.,0.76077926,SE,jinaai/jina-embeddings-v2-base-de
144,49,control,Susi betrat das Gehege. Präzise begutachtete sie das,Kalb,und machte sich Notizen.,0.7336281,SE,jinaai/jina-embeddings-v2-base-de
145,49,script-related,Susi verließ das Gehege. Präzise begutachtete sie das,Kalb,und machte sich Notizen.,0.51042974,SE,jinaai/jina-embeddings-v2-base-de
146,49,script-unrelated,Susi betrat die Bücherei. Präzise begutachtete sie das,Kalb,und machte sich Notizen.,0.56924623,SE,jinaai/jina-embeddings-v2-base-de
147,50,control,Thomas betrat die Kneipe. In Eile rief er den,Kellner,und bestellte ein Bier.,0.50644463,SE,jinaai/jina-embeddings-v2-base-de
148,50,script-related,Thomas verließ die Kneipe. In Eile rief er den,Kellner,und bestellte ein Bier.,0.36744797,SE,jinaai/jina-embeddings-v2-base-de
149,50,script-unrelated,Thomas begann Spaghetti zu kochen. In Eile rief er den,Kellner,und bestellte ein Bier.,0.4613416,SE,jinaai/jina-embeddings-v2-base-de
150,51,control,Lea begann die Wände zu streichen. Schnell wählte sie einen,Pinsel,und fing an zu streichen.,0.41119772,SE,jinaai/jina-embeddings-v2-base-de
151,51,script-related,Lea war fertig die Wände zu streichen. Schnell wählte sie einen,Pinsel,und fing an zu streichen.,0.46716702,SE,jinaai/jina-embeddings-v2-base-de
152,51,script-unrelated,Lea erreichte das Theater. Schnell wählte sie einen,Pinsel,und fing an zu streichen.,0.51824546,SE,jinaai/jina-embeddings-v2-base-de
153,52,control,Peter erreichte den Supermarkt. Schnell kaufte er etwas,Gemüse,zum Kochen am Abend.,0.53602946,SE,jinaai/jina-embeddings-v2-base-de
154,52,script-related,Peter verließ den Supermarkt. Schnell kaufte er etwas,Gemüse,zum Kochen am Abend.,0.5227278,SE,jinaai/jina-embeddings-v2-base-de
155,52,script-unrelated,Peter erreichte den Bahnhof. Schnell kaufte er etwas,Gemüse,zum Kochen am Abend.,0.42352822,SE,jinaai/jina-embeddings-v2-base-de
156,53,control,Lisa betrat das Haus. Kurz danach checkte sie den,Kühlschrank,und suchte etwas zu essen.,0.514065,SE,jinaai/jina-embeddings-v2-base-de
157,53,script-related,Lisa verließ das Haus. Kurz danach checkte sie den,Kühlschrank,und suchte etwas zu essen.,0.49328512,SE,jinaai/jina-embeddings-v2-base-de
158,53,script-unrelated,Lisa begann im Fitnessstudio zu trainieren. Kurz danach checkte sie den,Kühlschrank,und suchte etwas zu essen.,0.5025875,SE,jinaai/jina-embeddings-v2-base-de
159,54,control,Tim begann seine Fahrstunde. Hektisch drückte er aufs,Gaspedal,und fuhr los.,0.6341681,SE,jinaai/jina-embeddings-v2-base-de
160,54,script-related,Tim beendete seine Fahrstunde. Hektisch drückte er aufs,Gaspedal,und fuhr los.,0.5915502,SE,jinaai/jina-embeddings-v2-base-de
161,54,script-unrelated,Tim ging zum Flughafen. Hektisch drückte er aufs,Gaspedal,und fuhr los.,0.7830859,SE,jinaai/jina-embeddings-v2-base-de
162,55,control,Maria erreichte das Einkaufszentrum. Sofort begrüßte sie die,Verkäuferin,und suchte etwas aus.,0.26353118,SE,jinaai/jina-embeddings-v2-base-de
163,55,script-related,Maria verließ das Einkaufszentrum. Sofort begrüßte sie die,Verkäuferin,und suchte etwas aus.,0.21821113,SE,jinaai/jina-embeddings-v2-base-de
164,55,script-unrelated,Maria erreichte die Geburtstagsfeier. Sofort begrüßte sie die,Verkäuferin,und suchte etwas aus.,0.42725778,SE,jinaai/jina-embeddings-v2-base-de
165,56,control,Lukas begann die Vorlesung. Eilig begrüßte er seine,Studenten,und fing an.,0.43246982,SE,jinaai/jina-embeddings-v2-base-de
166,56,script-related,Lukas beendete die Vorlesung. Eilig begrüßte er seine,Studenten,und fing an.,0.38389102,SE,jinaai/jina-embeddings-v2-base-de
167,56,script-unrelated,Lukas ging zum Friseur. Eilig begrüßte er seine,Studenten,und fing an.,0.6276683,SE,jinaai/jina-embeddings-v2-base-de
168,57,control,Marie ging zur Uni. In Eile betrat sie den,Hörsaal,und öffnete ihr Buch.,0.56825364,SE,jinaai/jina-embeddings-v2-base-de
169,57,script-related,Marie verließ die Uni. In Eile betrat sie den,Hörsaal,und öffnete ihr Buch.,0.48644897,SE,jinaai/jina-embeddings-v2-base-de
170,57,script-unrelated,Marie ging duschen. In Eile betrat sie den,Hörsaal,und öffnete ihr Buch.,0.76685715,SE,jinaai/jina-embeddings-v2-base-de
171,58,control,Thorsten begann zu grillen. Behutsam platzierte er den,Grillanzünder,und suchte die Zange.,0.7589624,SE,jinaai/jina-embeddings-v2-base-de
172,58,script-related,Thorsten hörte auf zu grillen. Behutsam platzierte er den,Grillanzünder,und suchte die Zange.,0.5351508,SE,jinaai/jina-embeddings-v2-base-de
173,58,script-unrelated,Thorsten betrat den Blumenladen. Behutsam platzierte er den,Grillanzünder,und suchte die Zange.,0.4637804,SE,jinaai/jina-embeddings-v2-base-de
174,59,control,Claudia betrat das Tiergeschäft. Eine Zeit lang stand sie am,Käfig,und dachte über den Kauf nach.,0.8321658,SE,jinaai/jina-embeddings-v2-base-de
175,59,script-related,Claudia verließ das Tiergeschäft. Eine Zeit lang stand sie am,Käfig,und dachte über den Kauf nach.,0.83262664,SE,jinaai/jina-embeddings-v2-base-de
176,59,script-unrelated,Claudia betrat den Friedhof. Eine Zeit lang stand sie am,Käfig,und dachte über den Kauf nach.,0.5011963,SE,jinaai/jina-embeddings-v2-base-de
177,60,control,Jonathan ging in die Küche. Eine Weile säuberte er den,Ofen,und danach den Kühlschrank.,0.5596438,SE,jinaai/jina-embeddings-v2-base-de
178,60,script-related,Jonathan verließ die Küche. Eine Weile säuberte er den,Ofen,und danach den Kühlschrank.,0.5067611,SE,jinaai/jina-embeddings-v2-base-de
179,60,script-unrelated,Jonathan ging in den Garten. Eine Weile säuberte er den,Ofen,und danach den Kühlschrank.,0.70475316,SE,jinaai/jina-embeddings-v2-base-de
180,61,control,Lara ging zum Herd. Schnell reinigte sie die,Herdplatte,und dann die Abzugshaube.,0.74221337,SE,jinaai/jina-embeddings-v2-base-de
181,61,script-related,Lara ging weg vom Herd. Schnell reinigte sie die,Herdplatte,und dann die Abzugshaube.,0.8686284,SE,jinaai/jina-embeddings-v2-base-de
182,61,script-unrelated,Lara ging ins Museum. Schnell reinigte sie die,Herdplatte,und dann die Abzugshaube.,0.7972269,SE,jinaai/jina-embeddings-v2-base-de
183,62,control,Roman ging in die Buchhandlung. Schnell suchte er einen,Roman,für seine Frau.,0.6524727,SE,jinaai/jina-embeddings-v2-base-de
184,62,script-related,Roman verließ die Buchhandlung. Schnell suchte er einen,Roman,für seine Frau.,0.71587807,SE,jinaai/jina-embeddings-v2-base-de
185,62,script-unrelated,Roman ging zum Konditor. Schnell suchte er einen,Roman,für seine Frau.,0.65281594,SE,jinaai/jina-embeddings-v2-base-de
186,63,control,Annika ging in die Boutique. Eine Zeit lang suchte sie nach,Stiefeln,und kaufte sie dann.,0.72542423,SE,jinaai/jina-embeddings-v2-base-de
187,63,script-related,Annika verließ die Boutique. Eine Zeit lang suchte sie nach,Stiefeln,und kaufte sie dann.,0.5370098,SE,jinaai/jina-embeddings-v2-base-de
188,63,script-unrelated,Annika ging ins Spa. Eine Zeit lang suchte sie nach,Stiefeln,und kaufte sie dann.,0.6793935,SE,jinaai/jina-embeddings-v2-base-de
189,64,control,Emil betrat die Apotheke. Schnell kaufte er das,Medikament,und ging dann nach Hause.,0.49973735,SE,jinaai/jina-embeddings-v2-base-de
190,64,script-related,Emil verließ die Apotheke. Schnell kaufte er das,Medikament,und ging dann nach Hause.,0.59957266,SE,jinaai/jina-embeddings-v2-base-de
191,64,script-unrelated,Emil betrat die Reitschule. Schnell kaufte er das,Medikament,und ging dann nach Hause.,0.5420586,SE,jinaai/jina-embeddings-v2-base-de
192,65,control,Susanne betrat das Bad. Sofort entfernte sie ihr,Makeup,und putzte sich die Zähne.,0.86611617,SE,jinaai/jina-embeddings-v2-base-de
193,65,script-related,Susanne verließ das Bad. Sofort entfernte sie ihr,Makeup,und putzte sich die Zähne.,0.7649545,SE,jinaai/jina-embeddings-v2-base-de
194,65,script-unrelated,Susanne ging zur Sicherheitskontrolle. Sofort entfernte sie ihr,Makeup,und putzte sich die Zähne.,0.6355087,SE,jinaai/jina-embeddings-v2-base-de
195,66,control,Martin kam zur Autowerkstatt. Umgehend fragte er nach den,Reifen,für den Winter.,0.58641267,SE,jinaai/jina-embeddings-v2-base-de
196,66,script-related,Martin verließ die Autowerkstatt. Umgehend fragte er nach den,Reifen,für den Winter.,0.6192355,SE,jinaai/jina-embeddings-v2-base-de
197,66,script-unrelated,Martin kam zur Hotelrezeption. Umgehend fragte er nach den,Reifen,für den Winter.,0.73565614,SE,jinaai/jina-embeddings-v2-base-de
198,67,control,Jutta ging zur Post. Umgehend bekam sie das,Paket,auf das sie gewartet hatte.,0.6483882,SE,jinaai/jina-embeddings-v2-base-de
199,67,script-related,Jutta verließ die Post. Umgehend bekam sie das,Paket,auf das sie gewartet hatte.,0.7743227,SE,jinaai/jina-embeddings-v2-base-de
200,67,script-unrelated,Jutta ging zum Zahnarzt. Umgehend bekam sie das,Paket,auf das sie gewartet hatte.,0.77085567,SE,jinaai/jina-embeddings-v2-base-de
201,68,control,Jens ging zur Zollstelle. Schnell zeigte er sein,Formular,und schaute den Beamten an.,0.5269716,SE,jinaai/jina-embeddings-v2-base-de
202,68,script-related,Jens verließ die Zollstelle. Schnell zeigte er sein,Formular,und schaute den Beamten an.,0.56615335,SE,jinaai/jina-embeddings-v2-base-de
203,68,script-unrelated,Jens begann Poker zu spielen. Schnell zeigte er sein,Formular,und schaute den Beamten an.,0.80485845,SE,jinaai/jina-embeddings-v2-base-de
204,69,control,Elena begann zu zeichnen. Umgehend nahm sie den,Stift,und zeichnete eine Blume.,0.6889514,SE,jinaai/jina-embeddings-v2-base-de
205,69,script-related,Elena hörte auf zu zeichnen. Umgehend nahm sie den,Stift,und zeichnete eine Blume.,0.69006103,SE,jinaai/jina-embeddings-v2-base-de
206,69,script-unrelated,Elena begann den Urlaub. Umgehend nahm sie den,Stift,und zeichnete eine Blume.,0.63396543,SE,jinaai/jina-embeddings-v2-base-de
207,70,control,Bruno begann seinen Filmabend. Schnell besorgte er das,Popcorn,aus der Küche.,0.75147134,SE,jinaai/jina-embeddings-v2-base-de
208,70,script-related,Bruno beendete seinen Filmabend. Schnell besorgte er das,Popcorn,aus der Küche.,0.5272834,SE,jinaai/jina-embeddings-v2-base-de
209,70,script-unrelated,Bruno betrat das Bürgeramt. Schnell besorgte er das,Popcorn,aus der Küche.,0.7353273,SE,jinaai/jina-embeddings-v2-base-de
210,71,control,Jana betrat das Gartencenter. Nach einer Weile fragte sie nach einer,Palme,für den Balkon.,0.7701766,SE,jinaai/jina-embeddings-v2-base-de
211,71,script-related,Jana verließ das Gartencenter. Nach einer Weile fragte sie nach einer,Palme,für den Balkon.,0.78718513,SE,jinaai/jina-embeddings-v2-base-de
212,71,script-unrelated,Jana ging auf die Kirmes. Nach einer Weile fragte sie nach einer,Palme,für den Balkon.,0.6240792,SE,jinaai/jina-embeddings-v2-base-de
213,72,control,Nico fuhr zur Pizzeria. Sofort griff er die,Speisekarte,und bestellte eine Margherita.,0.62818867,SE,jinaai/jina-embeddings-v2-base-de
214,72,script-related,Nico verließ die Pizzeria. Sofort griff er die,Speisekarte,und bestellte eine Margherita.,0.6554781,SE,jinaai/jina-embeddings-v2-base-de
215,72,script-unrelated,Nico fuhr wandern. Sofort griff er die,Speisekarte,und bestellte eine Margherita.,0.47077474,SE,jinaai/jina-embeddings-v2-base-de
216,73,control,Beate ging Schwimmen. Schnell prüfte sie das,Becken,und schwamm los.,0.64451146,SE,jinaai/jina-embeddings-v2-base-de
217,73,script-related,Beate kam zurück vom Schwimmen. Schnell prüfte sie das,Becken,und schwamm los.,0.7535105,SE,jinaai/jina-embeddings-v2-base-de
218,73,script-unrelated,Beate fuhr mit dem Taxi. Schnell prüfte sie das,Becken,und schwamm los.,0.36201826,SE,jinaai/jina-embeddings-v2-base-de
219,74,control,Hubert nahm ein Flugzeug. Voller Begeisterung genoss er die,Höhe,denn er liebte das Fliegen.,0.7856672,SE,jinaai/jina-embeddings-v2-base-de
220,74,script-related,Hubert verließ das Flugzeug. Voller Begeisterung genoss er die,Höhe,denn er liebte das Fliegen.,0.61293733,SE,jinaai/jina-embeddings-v2-base-de
221,74,script-unrelated,Hubert begann zu baden. Voller Begeisterung genoss er die,Höhe,denn er liebte das Fliegen.,0.6612019,SE,jinaai/jina-embeddings-v2-base-de
222,75,control,Jenni begann den Unterricht. Sofort öffnete sie die,Tafel,und begann zu schreiben.,0.54818064,SE,jinaai/jina-embeddings-v2-base-de
223,75,script-related,Jenni hörte auf mit dem Unterricht. Sofort öffnete sie die,Tafel,und begann zu schreiben.,0.6087374,SE,jinaai/jina-embeddings-v2-base-de
224,75,script-unrelated,Jenni betrat die Eishalle. Sofort öffnete sie die,Tafel,und begann zu schreiben.,0.66623193,SE,jinaai/jina-embeddings-v2-base-de
225,76,control,Hans betrat die Kletterhalle. Wenig später griff er das,Seil,und spannte es ein.,0.48147535,SE,jinaai/jina-embeddings-v2-base-de
226,76,script-related,Hans verließ die Kletterhalle. Wenig später griff er das,Seil,und spannte es ein.,0.5797089,SE,jinaai/jina-embeddings-v2-base-de
227,76,script-unrelated,Hans begann zu bowlen. Wenig später griff er das,Seil,und spannte es ein.,0.4762706,SE,jinaai/jina-embeddings-v2-base-de
228,77,control,Clara ging zum Schießstand. Sofort bekam sie einen,Revolver,und begann auf das Ziel zu schießen.,0.6912846,SE,jinaai/jina-embeddings-v2-base-de
229,77,script-related,Clara verließ den Schießstand. Sofort bekam sie einen,Revolver,und begann auf das Ziel zu schießen.,0.64771295,SE,jinaai/jina-embeddings-v2-base-de
230,77,script-unrelated,Clara ging auf einen Feuerwehreinsatz. Sofort bekam sie einen,Revolver,und begann auf das Ziel zu schießen.,0.74888253,SE,jinaai/jina-embeddings-v2-base-de
231,78,control,Georg nahm teil an Yoga. Nach einer Weile setzte er sich auf seine,Yogamatte,und machte eine Übung.,0.49250525,SE,jinaai/jina-embeddings-v2-base-de
232,78,script-related,Georg kam zurück vom Yoga. Nach einer Weile setzte er sich auf seine,Yogamatte,und machte eine Übung.,0.47613394,SE,jinaai/jina-embeddings-v2-base-de
233,78,script-unrelated,Georg nahm teil am Fußballspiel. Nach einer Weile setzte er sich auf seine,Yogamatte,und machte eine Übung.,0.3998709,SE,jinaai/jina-embeddings-v2-base-de
234,79,control,Johanna begann die Jagd. Nach einer Weile erblickte sie den,Hochsitz,und ging darauf zu.,0.5251487,SE,jinaai/jina-embeddings-v2-base-de
235,79,script-related,Johanna kam zurück von der Jagd. Nach einer Weile erblickte sie den,Hochsitz,und ging darauf zu.,0.49590567,SE,jinaai/jina-embeddings-v2-base-de
236,79,script-unrelated,Johanna betrat die Metzgerei. Nach einer Weile erblickte sie den,Hochsitz,und ging darauf zu.,0.34146422,SE,jinaai/jina-embeddings-v2-base-de
237,80,control,Jürgen betrat die Bäckerei. Wenig später zeigte er auf das,Croissant,und wählte aus.,0.85276,SE,jinaai/jina-embeddings-v2-base-de
238,80,script-related,Jürgen verließ die Bäckerei. Wenig später zeigte er auf das,Croissant,und wählte aus.,0.6320766,SE,jinaai/jina-embeddings-v2-base-de
239,80,script-unrelated,Jürgen betrat den Zoo. Wenig später zeigte er auf das,Croissant,und wählte aus.,0.6873021,SE,jinaai/jina-embeddings-v2-base-de
240,81,control,Frauke ging ins Stadion. Schnell wählte sie eine,Tribüne,und setzte sich.,0.4073764,SE,jinaai/jina-embeddings-v2-base-de
241,81,script-related,Frauke verließ das Stadion. Schnell wählte sie eine,Tribüne,und setzte sich.,0.39366353,SE,jinaai/jina-embeddings-v2-base-de
242,81,script-unrelated,Frauke ging zum Waschsalon. Schnell wählte sie eine,Tribüne,und setzte sich.,0.4661083,SE,jinaai/jina-embeddings-v2-base-de
243,82,control,Bernd betrat den Kiosk. Sofort kaufte er eine,Zeitung,und ging wieder heim.,0.4256436,SE,jinaai/jina-embeddings-v2-base-de
244,82,script-related,Bernd verließ den Kiosk. Sofort kaufte er eine,Zeitung,und ging wieder heim.,0.56050295,SE,jinaai/jina-embeddings-v2-base-de
245,82,script-unrelated,Bernd betrat den Zirkus. Sofort kaufte er eine,Zeitung,und ging wieder heim.,0.50517416,SE,jinaai/jina-embeddings-v2-base-de
246,83,control,Nicole betrat das Büro. Zuerst ging sie zum,Schreibtisch,und schaltete dann den Computer ein.,0.8204099,SE,jinaai/jina-embeddings-v2-base-de
247,83,script-related,Nicole verließ das Büro. Zuerst ging sie zum,Schreibtisch,und schaltete dann den Computer ein.,0.7826969,SE,jinaai/jina-embeddings-v2-base-de
248,83,script-unrelated,Nicole betrat die Sauna. Zuerst ging sie zum,Schreibtisch,und schaltete dann den Computer ein.,0.55720234,SE,jinaai/jina-embeddings-v2-base-de
249,84,control,Viktor ging ins Labor. Schnell begann er das,Experiment,und machte sich Notizen.,0.3889996,SE,jinaai/jina-embeddings-v2-base-de
250,84,script-related,Viktor verließ das Labor. Schnell begann er das,Experiment,und machte sich Notizen.,0.48021817,SE,jinaai/jina-embeddings-v2-base-de
251,84,script-unrelated,Viktor ging zum Tierarzt. Schnell begann er das,Experiment,und machte sich Notizen.,0.47818124,SE,jinaai/jina-embeddings-v2-base-de
252,85,control,Gabi ging in die Umkleide. Schnell probierte sie die,Kleidung,an und ging zur Kasse.,0.42153382,SE,jinaai/jina-embeddings-v2-base-de
253,85,script-related,Gabi verließ die Umkleide. Schnell probierte sie die,Kleidung,an und ging zur Kasse.,0.4315547,SE,jinaai/jina-embeddings-v2-base-de
254,85,script-unrelated,Gabi betrat den Tatort. Schnell probierte sie die,Kleidung,an und ging zur Kasse.,0.43215778,SE,jinaai/jina-embeddings-v2-base-de
255,86,control,Jakob betrat die Tankstelle. Sofort sagte er seine,Nummer,und bezahlte.,0.5379204,SE,jinaai/jina-embeddings-v2-base-de
256,86,script-related,Jakob verließ die Tankstelle. Sofort sagte er seine,Nummer,und bezahlte.,0.4391449,SE,jinaai/jina-embeddings-v2-base-de
257,86,script-unrelated,Jakob begann Bäume zu fällen. Sofort sagte er seine,Nummer,und bezahlte.,0.3428093,SE,jinaai/jina-embeddings-v2-base-de
258,87,control,Hilde begann die Kutsche zu fahren. Schnell bestieg sie den,Kutschbock,und los ging es.,0.64465547,SE,jinaai/jina-embeddings-v2-base-de
259,87,script-related,Hilde war fertig die Kutsche zu fahren. Schnell bestieg sie den,Kutschbock,und los ging es.,0.5355574,SE,jinaai/jina-embeddings-v2-base-de
260,87,script-unrelated,Hilde begann ein Lagerfeuer. Schnell bestieg sie den,Kutschbock,und los ging es.,0.6601411,SE,jinaai/jina-embeddings-v2-base-de
261,88,control,Tom begann Frühstück zu machen. Sofort öffnete er die,Butter,und machte sich ein Brot.,0.67472863,SE,jinaai/jina-embeddings-v2-base-de
262,88,script-related,Tom hörte auf Frühstück zu machen. Sofort öffnete er die,Butter,und machte sich ein Brot.,0.6476886,SE,jinaai/jina-embeddings-v2-base-de
263,88,script-unrelated,Tom ging zum Weihnachtsmarkt. Sofort öffnete er die,Butter,und machte sich ein Brot.,0.62625164,SE,jinaai/jina-embeddings-v2-base-de
264,89,control,Kim ging ins Krankenhaus. Gleich ging sie zur,Rezeption,und fragte nach dem Weg.,0.8236838,SE,jinaai/jina-embeddings-v2-base-de
265,89,script-related,Kim verließ das Krankenhaus. Gleich ging sie zur,Rezeption,und fragte nach dem Weg.,0.5905664,SE,jinaai/jina-embeddings-v2-base-de
266,89,script-unrelated,Kim fing an sein Mittagessen zu kochen. Gleich ging sie zur,Rezeption,und fragte nach dem Weg.,0.5205536,SE,jinaai/jina-embeddings-v2-base-de
267,90,control,Michael fing an damit einen Kuchen zu backen. Als erstes nahm er einen,Schneebesen,und schlug Eiweiß steif.,0.44056338,SE,jinaai/jina-embeddings-v2-base-de
268,90,script-related,Michael war fertig damit einen Kuchen zu backen. Als erstes nahm er einen,Schneebesen,und schlug Eiweiß steif.,0.6621711,SE,jinaai/jina-embeddings-v2-base-de
269,90,script-unrelated,Michael betrat das Restaurant. Als erstes nahm er einen,Schneebesen,und schlug Eiweiß steif.,0.5177611,SE,jinaai/jina-embeddings-v2-base-de
0,1,control,Johann betrat das Restaurant. Wenig später öffnete er die,Speisekarte,und verschaffte sich einen Überblick.,0.82037514,SE,intfloat/multilingual-e5-large
1,1,script-related,Johann verließ das Restaurant. Wenig später öffnete er die,Speisekarte,und verschaffte sich einen Überblick.,0.8126732,SE,intfloat/multilingual-e5-large
2,1,script-unrelated,Johann betrat die Wohnung. Wenig später öffnete er die,Speisekarte,und verschaffte sich einen Überblick.,0.7862256,SE,intfloat/multilingual-e5-large
3,2,control,Sabine betrat das Kino. Schnell ging sie zur,Kasse,und kaufte eine Karte.,0.75977415,SE,intfloat/multilingual-e5-large
4,2,script-related,Sabine verließ das Kino. Schnell ging sie zur,Kasse,und kaufte eine Karte.,0.7622873,SE,intfloat/multilingual-e5-large
5,2,script-unrelated,Sabine betrat die Schule. Schnell ging sie zur,Kasse,und kaufte eine Karte.,0.7654363,SE,intfloat/multilingual-e5-large
6,3,control,Kevin betrat den Bauernhof. Ohne zu zögern nahm er eine,Mistgabel,und fing an zu schaufeln.,0.76454896,SE,intfloat/multilingual-e5-large
7,3,script-related,Kevin verließ den Bauernhof. Ohne zu zögern nahm er eine,Mistgabel,und fing an zu schaufeln.,0.75651354,SE,intfloat/multilingual-e5-large
8,3,script-unrelated,Kevin betrat die Kirche. Ohne zu zögern nahm er eine,Mistgabel,und fing an zu schaufeln.,0.75714386,SE,intfloat/multilingual-e5-large
9,4,control,Susi betrat die Arztpraxis. Freundlich sprach sie mit der,Arzthelferin,über die Problematik.,0.82865494,SE,intfloat/multilingual-e5-large
10,4,script-related,Susi verließ die Arztpraxis. Freundlich sprach sie mit der,Arzthelferin,über die Problematik.,0.82290936,SE,intfloat/multilingual-e5-large
11,4,script-unrelated,Susi betrat das Gehege. Freundlich sprach sie mit der,Arzthelferin,über die Problematik.,0.78320336,SE,intfloat/multilingual-e5-large
12,5,control,Roman betrat die Bücherei. Kurz danach ging er zum,Regal,und suchte einen Krimi.,0.74163353,SE,intfloat/multilingual-e5-large
13,5,script-related,Roman verließ die Bücherei. Kurz danach ging er zum,Regal,und suchte einen Krimi.,0.7355637,SE,intfloat/multilingual-e5-large
14,5,script-unrelated,Roman betrat die Kneipe. Kurz danach ging er zum,Regal,und suchte einen Krimi.,0.74703175,SE,intfloat/multilingual-e5-large
15,6,control,Lea begann damit Spaghetti zu kochen. Vorsichtig öffnete sie die,Nudelpackung,mit einem Handgriff.,0.7831069,SE,intfloat/multilingual-e5-large
16,6,script-related,Lea war fertig damit Spaghetti zu kochen. Vorsichtig öffnete sie die,Nudelpackung,mit einem Handgriff.,0.78718317,SE,intfloat/multilingual-e5-large
17,6,script-unrelated,Lea begann die Wände zu streichen. Vorsichtig öffnete sie die,Nudelpackung,mit einem Handgriff.,0.75541914,SE,intfloat/multilingual-e5-large
18,7,control,Peter erreichte das Theater. Wenig später ging er zur,Loge,und setzte sich.,0.75542367,SE,intfloat/multilingual-e5-large
19,7,script-related,Peter verließ das Theater. Wenig später ging er zur,Loge,und setzte sich.,0.7600777,SE,intfloat/multilingual-e5-large
20,7,script-unrelated,Peter erreichte den Supermarkt. Wenig später ging er zur,Loge,und setzte sich.,0.743175,SE,intfloat/multilingual-e5-large
21,8,control,Lisa betrat den Bahnhof. Wenig später war sie am,Gleis,und wartete auf den Zug.,0.76776046,SE,intfloat/multilingual-e5-large
22,8,script-related,Lisa verließ den Bahnhof. Wenig später war sie am,Gleis,und wartete auf den Zug.,0.76548976,SE,intfloat/multilingual-e5-large
23,8,script-unrelated,Lisa betrat das Haus. Wenig später war sie am,Gleis,und wartete auf den Zug.,0.76876014,SE,intfloat/multilingual-e5-large
24,9,control,Tim begann im Fitnessstudio zu trainieren. Umgehend war er auf dem,Laufband,und rann wie verrückt.,0.788689,SE,intfloat/multilingual-e5-large
25,9,script-related,Tim hörte auf im Fitnessstudio zu trainieren. Umgehend war er auf dem,Laufband,und rann wie verrückt.,0.78910625,SE,intfloat/multilingual-e5-large
26,9,script-unrelated,Tim begann seine Fahrstunde. Umgehend war er auf dem,Laufband,und rann wie verrückt.,0.77896553,SE,intfloat/multilingual-e5-large
27,10,control,Maria erreichte den Flughafen. Sofort ging sie zum,Check-in,um den Koffer aufzugeben.,0.7803588,SE,intfloat/multilingual-e5-large
28,10,script-related,Maria verließ den Flughafen. Sofort ging sie zum,Check-in,um den Koffer aufzugeben.,0.77424467,SE,intfloat/multilingual-e5-large
29,10,script-unrelated,Maria erreichte das Einkaufszentrum. Sofort ging sie zum,Check-in,um den Koffer aufzugeben.,0.77792966,SE,intfloat/multilingual-e5-large
30,11,control,Lukas kam zur Geburtstagsfeier. Nach einer Weile überreichte er den,Kuchen,und gratulierte.,0.80171055,SE,intfloat/multilingual-e5-large
31,11,script-related,Lukas verließ die Geburtstagsfeier. Nach einer Weile überreichte er den,Kuchen,und gratulierte.,0.798338,SE,intfloat/multilingual-e5-large
32,11,script-unrelated,Lukas kam zum Unterricht. Nach einer Weile überreichte er den,Kuchen,und gratulierte.,0.7979756,SE,intfloat/multilingual-e5-large
33,12,control,Marie ging zum Friseur. Nach einem kurzen Moment fragte sie die,Stylistin,nach einem neuen Schnitt.,0.7847953,SE,intfloat/multilingual-e5-large
34,12,script-related,Marie verließ den Friseur. Nach einem kurzen Moment fragte sie die,Stylistin,nach einem neuen Schnitt.,0.7820471,SE,intfloat/multilingual-e5-large
35,12,script-unrelated,Marie ging zur Uni. Nach einem kurzen Moment fragte sie die,Stylistin,nach einem neuen Schnitt.,0.760682,SE,intfloat/multilingual-e5-large
36,13,control,Thorsten begann zu duschen. Als erstes benutzte er das,Shampoo,und dann das Duschgel.,0.7936194,SE,intfloat/multilingual-e5-large
37,13,script-related,Thorsten hörte auf zu duschen. Als erstes benutzte er das,Shampoo,und dann das Duschgel.,0.7947318,SE,intfloat/multilingual-e5-large
38,13,script-unrelated,Thorsten begann zu grillen. Als erstes benutzte er das,Shampoo,und dann das Duschgel.,0.7630164,SE,intfloat/multilingual-e5-large
39,14,control,Claudia betrat den Blumenladen. Schnell fragte sie nach einer,Rose,für eine Freundin.,0.7403023,SE,intfloat/multilingual-e5-large
40,14,script-related,Claudia verließ den Blumenladen. Schnell fragte sie nach einer,Rose,für eine Freundin.,0.7343623,SE,intfloat/multilingual-e5-large
41,14,script-unrelated,Claudia betrat das Tiergeschäft. Schnell fragte sie nach einer,Rose,für eine Freundin.,0.73015386,SE,intfloat/multilingual-e5-large
42,15,control,Jonathan ging zum Friedhof. Nachdenklich betrachtete er den,Grabstein,und sprach ein Gebet.,0.7819382,SE,intfloat/multilingual-e5-large
43,15,script-related,Jonathan verließ den Friedhof. Nachdenklich betrachtete er den,Grabstein,und sprach ein Gebet.,0.7788575,SE,intfloat/multilingual-e5-large
44,15,script-unrelated,Jonathan ging in die Küche. Nachdenklich betrachtete er den,Grabstein,und sprach ein Gebet.,0.74892616,SE,intfloat/multilingual-e5-large
45,16,control,Lara ging in den Garten. Genau prüfte sie die,Erde,und goss dann die Blumen.,0.770478,SE,intfloat/multilingual-e5-large
46,16,script-related,Lara verließ den Garten. Genau prüfte sie die,Erde,und goss dann die Blumen.,0.7666054,SE,intfloat/multilingual-e5-large
47,16,script-unrelated,Lara ging zum Herd. Genau prüfte sie die,Erde,und goss dann die Blumen.,0.7606075,SE,intfloat/multilingual-e5-large
48,17,control,Roman ging ins Museum. Akribisch betrachtete er die,Skulpturen,und war begeistert.,0.8104129,SE,intfloat/multilingual-e5-large
49,17,script-related,Roman verließ das Museum. Akribisch betrachtete er die,Skulpturen,und war begeistert.,0.8050439,SE,intfloat/multilingual-e5-large
50,17,script-unrelated,Roman ging in die Buchhandlung. Akribisch betrachtete er die,Skulpturen,und war begeistert.,0.792933,SE,intfloat/multilingual-e5-large
51,18,control,Annika ging zum Konditor. Schnell fragte sie nach einem,Kuchen,und bezahlte sofort.,0.80266726,SE,intfloat/multilingual-e5-large
52,18,script-related,Annika verließ den Konditor. Schnell fragte sie nach einem,Kuchen,und bezahlte sofort.,0.79119724,SE,intfloat/multilingual-e5-large
53,18,script-unrelated,Annika ging in die Boutique. Schnell fragte sie nach einem,Kuchen,und bezahlte sofort.,0.77271384,SE,intfloat/multilingual-e5-large
54,19,control,Emil betrat das Spa. Nach einer Weile bekam er eine,Massage,und genoss sie.,0.7834384,SE,intfloat/multilingual-e5-large
55,19,script-related,Emil verließ das Spa. Nach einer Weile bekam er eine,Massage,und genoss sie.,0.77556366,SE,intfloat/multilingual-e5-large
56,19,script-unrelated,Emil betrat die Apotheke. Nach einer Weile bekam er eine,Massage,und genoss sie.,0.7735918,SE,intfloat/multilingual-e5-large
57,20,control,Susanne betrat die Reitschule. Schnell setzte sie den,Sattel,auf und ritt los.,0.75383127,SE,intfloat/multilingual-e5-large
58,20,script-related,Susanne verließ die Reitschule. Schnell setzte sie den,Sattel,auf und ritt los.,0.7564331,SE,intfloat/multilingual-e5-large
59,20,script-unrelated,Susanne betrat das Bad. Schnell setzte sie den,Sattel,auf und ritt los.,0.74489003,SE,intfloat/multilingual-e5-large
60,21,control,Martin kam zur Sicherheitskontrolle. Zügig öffnete er den,Koffer,und wurde durchgewunken.,0.784145,SE,intfloat/multilingual-e5-large
61,21,script-related,Martin verließ die Sicherheitskontrolle. Zügig öffnete er den,Koffer,und wurde durchgewunken.,0.781178,SE,intfloat/multilingual-e5-large
62,21,script-unrelated,Martin kam zur Autowerkstatt. Zügig öffnete er den,Koffer,und wurde durchgewunken.,0.76521313,SE,intfloat/multilingual-e5-large
63,22,control,Jutta ging zur Hotelrezeption. Sofort bekam sie ein,Zimmer,und dankte freundlich.,0.7598182,SE,intfloat/multilingual-e5-large
64,22,script-related,Jutta verließ die Hotelrezeption. Sofort bekam sie ein,Zimmer,und dankte freundlich.,0.7536188,SE,intfloat/multilingual-e5-large
65,22,script-unrelated,Jutta ging zur Post. Sofort bekam sie ein,Zimmer,und dankte freundlich.,0.7605619,SE,intfloat/multilingual-e5-large
66,23,control,Jens ging zum Zahnarzt. Ängstlich ging er zum,Röntgen,und ließ sich behandeln.,0.8091241,SE,intfloat/multilingual-e5-large
67,23,script-related,Jens verließ den Zahnarzt. Ängstlich ging er zum,Röntgen,und ließ sich behandeln.,0.7975952,SE,intfloat/multilingual-e5-large
68,23,script-unrelated,Jens ging zur Zollstelle. Ängstlich ging er zum,Röntgen,und ließ sich behandeln.,0.7865966,SE,intfloat/multilingual-e5-large
69,24,control,Elena begann Poker zu spielen. Schnell setzte sie ihr,Geld,und gewann.,0.76573384,SE,intfloat/multilingual-e5-large
70,24,script-related,Elena hörte auf Poker zu spielen. Schnell setzte sie ihr,Geld,und gewann.,0.76163065,SE,intfloat/multilingual-e5-large
71,24,script-unrelated,Elena begann zu zeichnen. Schnell setzte sie ihr,Geld,und gewann.,0.7514107,SE,intfloat/multilingual-e5-large
72,25,control,Bruno begann seinen Urlaub. Endlich kam er am,Meer,an und genoss das Wetter.,0.7477169,SE,intfloat/multilingual-e5-large
73,25,script-related,Bruno beendete seinen Urlaub. Endlich kam er am,Meer,an und genoss das Wetter.,0.74911433,SE,intfloat/multilingual-e5-large
74,25,script-unrelated,Bruno begann seinen Filmabend. Endlich kam er am,Meer,an und genoss das Wetter.,0.7452193,SE,intfloat/multilingual-e5-large
75,26,control,Jana betrat das Bürgeramt. Umgehend zeigte sie ihr,Visum,und stellte einen Antrag.,0.764788,SE,intfloat/multilingual-e5-large
76,26,script-related,Jana verließ das Bürgeramt. Umgehend zeigte sie ihr,Visum,und stellte einen Antrag.,0.75844437,SE,intfloat/multilingual-e5-large
77,26,script-unrelated,Jana betrat das Gartencenter. Umgehend zeigte sie ihr,Visum,und stellte einen Antrag.,0.7430787,SE,intfloat/multilingual-e5-large
78,27,control,Nico fuhr auf die Kirmes. Sofort ging er zum,Auto-Scooter,und fuhr eine Runde.,0.7738683,SE,intfloat/multilingual-e5-large
79,27,script-related,Nico verließ die Kirmes. Sofort ging er zum,Auto-Scooter,und fuhr eine Runde.,0.7637372,SE,intfloat/multilingual-e5-large
80,27,script-unrelated,Nico fuhr zur Pizzeria. Sofort ging er zum,Auto-Scooter,und fuhr eine Runde.,0.76940024,SE,intfloat/multilingual-e5-large
81,28,control,Beate ging Wandern. Nach einer Weile sah sie ein,Edelweiß,das sie gleich mitnahm.,0.7701836,SE,intfloat/multilingual-e5-large
82,28,script-related,Beate kam zurück vom Wandern. Nach einer Weile sah sie ein,Edelweiß,das sie gleich mitnahm.,0.7705205,SE,intfloat/multilingual-e5-large
83,28,script-unrelated,Beate ging schwimmen. Nach einer Weile sah sie ein,Edelweiß,das sie gleich mitnahm.,0.7619097,SE,intfloat/multilingual-e5-large
84,29,control,Hubert nahm ein Taxi. Freundlich begrüßte er den,Fahrer,und nannte sein Ziel.,0.8122096,SE,intfloat/multilingual-e5-large
85,29,script-related,Hubert verließ das Taxi. Freundlich begrüßte er den,Fahrer,und nannte sein Ziel.,0.8080015,SE,intfloat/multilingual-e5-large
86,29,script-unrelated,Hubert nahm ein Flugzeug. Freundlich begrüßte er den,Fahrer,und nannte sein Ziel.,0.8014717,SE,intfloat/multilingual-e5-large
87,30,control,Jenni begann zu baden. Sofort verteilte sie den,Schaum,auf ihrem Körper.,0.75671977,SE,intfloat/multilingual-e5-large
88,30,script-related,Jenni hörte auf zu baden. Sofort verteilte sie den,Schaum,auf ihrem Körper.,0.7594189,SE,intfloat/multilingual-e5-large
89,30,script-unrelated,Jenni begann die Vorlesung. Sofort verteilte sie den,Schaum,auf ihrem Körper.,0.75143564,SE,intfloat/multilingual-e5-large
90,31,control,Hans betrat die Eishalle. Flott schnürte er seine,Schlittschuhe,und ging auf die Bahn.,0.7751003,SE,intfloat/multilingual-e5-large
91,31,script-related,Hans verließ die Eishalle. Flott schnürte er seine,Schlittschuhe,und ging auf die Bahn.,0.7783515,SE,intfloat/multilingual-e5-large
92,31,script-unrelated,Hans betrat die Kletterhalle. Flott schnürte er seine,Schlittschuhe,und ging auf die Bahn.,0.77811855,SE,intfloat/multilingual-e5-large
93,32,control,Clara begann zu bowlen. Gekonnt erzielte sie einen,Strike,und gewann das Spiel.,0.76578903,SE,intfloat/multilingual-e5-large
94,32,script-related,Clara hörte auf zu bowlen. Gekonnt erzielte sie einen,Strike,und gewann das Spiel.,0.7605964,SE,intfloat/multilingual-e5-large
95,32,script-unrelated,Clara ging zum Schießstand. Gekonnt erzielte sie einen,Strike,und gewann das Spiel.,0.7589451,SE,intfloat/multilingual-e5-large
96,33,control,Georg nahm teil an einem Feuerwehreinsatz. Sofort benutzte er den,Schlauch,und löschte das Feuer.,0.764146,SE,intfloat/multilingual-e5-large
97,33,script-related,Georg beendete einen Feuerwehreinsatz. Sofort benutzte er den,Schlauch,und löschte das Feuer.,0.764517,SE,intfloat/multilingual-e5-large
98,33,script-unrelated,Georg nahm teil an Yoga. Sofort benutzte er den,Schlauch,und löschte das Feuer.,0.7516988,SE,intfloat/multilingual-e5-large
99,34,control,Johanna begann das Fußballspiel. Nach kurzer Zeit machte sie ein,Tor,und jubelte laut.,0.73466444,SE,intfloat/multilingual-e5-large
100,34,script-related,Johanna beendete das Fußballspiel. Nach kurzer Zeit machte sie ein,Tor,und jubelte laut.,0.72668225,SE,intfloat/multilingual-e5-large
101,34,script-unrelated,Johanna begann die Jagd. Nach kurzer Zeit machte sie ein,Tor,und jubelte laut.,0.7392064,SE,intfloat/multilingual-e5-large
102,35,control,Jürgen betrat die Metzgerei. Sofort fragte er nach einem,Steak,und bezahlte.,0.7659689,SE,intfloat/multilingual-e5-large
103,35,script-related,Jürgen verließ die Metzgerei. Sofort fragte er nach einem,Steak,und bezahlte.,0.7557382,SE,intfloat/multilingual-e5-large
104,35,script-unrelated,Jürgen betrat die Bäckerei. Sofort fragte er nach einem,Steak,und bezahlte.,0.7487028,SE,intfloat/multilingual-e5-large
105,36,control,Frauke betrat den Zoo. Wenig später fotografierte sie ein,Zebra,beim Trinken.,0.7787131,SE,intfloat/multilingual-e5-large
106,36,script-related,Frauke verließ den Zoo. Wenig später fotografierte sie ein,Zebra,beim Trinken.,0.7686617,SE,intfloat/multilingual-e5-large
107,36,script-unrelated,Frauke ging ins Stadion. Wenig später fotografierte sie ein,Zebra,beim Trinken.,0.7278564,SE,intfloat/multilingual-e5-large
108,37,control,Bernd betrat den Waschsalon. Schnell wählte er das,Waschprogramm,und lies es laufen.,0.8283257,SE,intfloat/multilingual-e5-large
109,37,script-related,Bernd verließ den Waschsalon. Schnell wählte er das,Waschprogramm,und lies es laufen.,0.820483,SE,intfloat/multilingual-e5-large
110,37,script-unrelated,Bernd betrat den Kiosk. Schnell wählte er das,Waschprogramm,und lies es laufen.,0.7816824,SE,intfloat/multilingual-e5-large
111,38,control,Nicole ging in den Zirkus. Bald setzte sie sich auf die,Tribüne,und schaute sich das Spektakel an.,0.7789876,SE,intfloat/multilingual-e5-large
112,38,script-related,Nicole verließ den Zirkus. Bald setzte sie sich auf die,Tribüne,und schaute sich das Spektakel an.,0.77701545,SE,intfloat/multilingual-e5-large
113,38,script-unrelated,Nicole ging ins Büro. Bald setzte sie sich auf die,Tribüne,und schaute sich das Spektakel an.,0.7789324,SE,intfloat/multilingual-e5-large
114,39,control,Viktor ging in die Sauna. Nach einer Weile machte er einen,Aufguss,und legte sich hin.,0.78697467,SE,intfloat/multilingual-e5-large
115,39,script-related,Viktor verließ die Sauna. Nach einer Weile machte er einen,Aufguss,und legte sich hin.,0.7731151,SE,intfloat/multilingual-e5-large
116,39,script-unrelated,Viktor ging ins Labor. Nach einer Weile machte er einen,Aufguss,und legte sich hin.,0.7834641,SE,intfloat/multilingual-e5-large
117,40,control,Gabi ging zum Tierarzt. Einen Moment später fragte sie die,Arzthelferin,nach Medikamenten.,0.79226196,SE,intfloat/multilingual-e5-large
118,40,script-related,Gabi verließ den Tierarzt. Einen Moment später fragte sie die,Arzthelferin,nach Medikamenten.,0.7948389,SE,intfloat/multilingual-e5-large
119,40,script-unrelated,Gabi ging in die Umkleide. Einen Moment später fragte sie die,Arzthelferin,nach Medikamenten.,0.7843375,SE,intfloat/multilingual-e5-large
120,41,control,Jakob betrat den Tatort. Kurz darauf fotografierte er die,Blutspritzer,und war erstaunt.,0.79174185,SE,intfloat/multilingual-e5-large
121,41,script-related,Jakob verließ den Tatort. Kurz darauf fotografierte er die,Blutspritzer,und war erstaunt.,0.7853275,SE,intfloat/multilingual-e5-large
122,41,script-unrelated,Jakob betrat die Tankstelle. Kurz darauf fotografierte er die,Blutspritzer,und war erstaunt.,0.7864009,SE,intfloat/multilingual-e5-large
123,42,control,Peter begann Bäume zu fällen. Nach einer Weile benutzte sie die,Axt,und traf gezielt den Stamm.,0.7496472,SE,intfloat/multilingual-e5-large
124,42,script-related,Peter hörte auf Bäume zu fällen. Nach einer Weile benutzte sie die,Axt,und traf gezielt den Stamm.,0.75350785,SE,intfloat/multilingual-e5-large
125,42,script-unrelated,Peter begann die Kutsche zu fahren. Nach einer Weile benutzte sie die,Axt,und traf gezielt den Stamm.,0.7423209,SE,intfloat/multilingual-e5-large
126,43,control,Tom begann ein Lagerfeuer. Sofort stapelte er das,Holz,und zündete es an.,0.7766175,SE,intfloat/multilingual-e5-large
127,43,script-related,Tom beendete das Lagerfeuer. Sofort stapelte er das,Holz,und zündete es an.,0.7755206,SE,intfloat/multilingual-e5-large
128,43,script-unrelated,Tom begann Frühstück zu machen. Sofort stapelte er das,Holz,und zündete es an.,0.75766575,SE,intfloat/multilingual-e5-large
129,44,control,Kim ging zum Weihnachtsmarkt. Kurz darauf erreichte er die,Weihnachtskiosks,und stöberte nach Geschenken.,0.8177069,SE,intfloat/multilingual-e5-large
130,44,script-related,Kim verließ den Weihnachtsmarkt. Kurz darauf erreichte er die,Weihnachtskiosks,und stöberte nach Geschenken.,0.8134169,SE,intfloat/multilingual-e5-large
131,44,script-unrelated,Kim ging ins Krankenhaus. Kurz darauf erreichte er die,Weihnachtskiosks,und stöberte nach Geschenken.,0.7714529,SE,intfloat/multilingual-e5-large
132,45,control,Michael begann sein Mittagessen zu kochen. Schnell schnitt er das,Gemüse,und warf es in den Topf.,0.8049265,SE,intfloat/multilingual-e5-large
133,45,script-related,Michael war fertig sein Mittagessen zu kochen. Schnell schnitt er das,Gemüse,und warf es in den Topf.,0.8119987,SE,intfloat/multilingual-e5-large
134,45,script-unrelated,Michael begann einen Kuchen zu backen. Schnell schnitt er das,Gemüse,und warf es in den Topf.,0.7949073,SE,intfloat/multilingual-e5-large
135,46,control,Johann betrat die Wohnung. Sofort setzte er sich aufs,Bett,und dachte über den Tag nach.,0.75731766,SE,intfloat/multilingual-e5-large
136,46,script-related,Johann verließ die Wohnung. Sofort setzte er sich aufs,Bett,und dachte über den Tag nach.,0.7576639,SE,intfloat/multilingual-e5-large
137,46,script-unrelated,Johann betrat das Kino. Sofort setzte er sich aufs,Bett,und dachte über den Tag nach.,0.7334293,SE,intfloat/multilingual-e5-large
138,47,control,Sabine betrat die Schule. Schnell ging sie zum,Klassensaal,und grüßte die Schüler.,0.7996318,SE,intfloat/multilingual-e5-large
139,47,script-related,Sabine verließ die Schule. Schnell ging sie zum,Klassensaal,und grüßte die Schüler.,0.7897953,SE,intfloat/multilingual-e5-large
140,47,script-unrelated,Sabine betrat den Bauernhof. Schnell ging sie zum,Klassensaal,und grüßte die Schüler.,0.7521686,SE,intfloat/multilingual-e5-large
141,48,control,Kevin betrat die Kirche. Vorsichtig nahm er eine,Kerze,und zündete sie an.,0.760237,SE,intfloat/multilingual-e5-large
142,48,script-related,Kevin verließ die Kirche. Vorsichtig nahm er eine,Kerze,und zündete sie an.,0.75718385,SE,intfloat/multilingual-e5-large
143,48,script-unrelated,Kevin betrat die Arztpraxis. Vorsichtig nahm er eine,Kerze,und zündete sie an.,0.7505548,SE,intfloat/multilingual-e5-large
144,49,control,Susi betrat das Gehege. Präzise begutachtete sie das,Kalb,und machte sich Notizen.,0.75558484,SE,intfloat/multilingual-e5-large
145,49,script-related,Susi verließ das Gehege. Präzise begutachtete sie das,Kalb,und machte sich Notizen.,0.75666904,SE,intfloat/multilingual-e5-large
146,49,script-unrelated,Susi betrat die Bücherei. Präzise begutachtete sie das,Kalb,und machte sich Notizen.,0.7441556,SE,intfloat/multilingual-e5-large
147,50,control,Thomas betrat die Kneipe. In Eile rief er den,Kellner,und bestellte ein Bier.,0.7877805,SE,intfloat/multilingual-e5-large
148,50,script-related,Thomas verließ die Kneipe. In Eile rief er den,Kellner,und bestellte ein Bier.,0.77083844,SE,intfloat/multilingual-e5-large
149,50,script-unrelated,Thomas begann Spaghetti zu kochen. In Eile rief er den,Kellner,und bestellte ein Bier.,0.7634743,SE,intfloat/multilingual-e5-large
150,51,control,Lea begann die Wände zu streichen. Schnell wählte sie einen,Pinsel,und fing an zu streichen.,0.7591001,SE,intfloat/multilingual-e5-large
151,51,script-related,Lea war fertig die Wände zu streichen. Schnell wählte sie einen,Pinsel,und fing an zu streichen.,0.76386464,SE,intfloat/multilingual-e5-large
152,51,script-unrelated,Lea erreichte das Theater. Schnell wählte sie einen,Pinsel,und fing an zu streichen.,0.74426603,SE,intfloat/multilingual-e5-large
153,52,control,Peter erreichte den Supermarkt. Schnell kaufte er etwas,Gemüse,zum Kochen am Abend.,0.7918569,SE,intfloat/multilingual-e5-large
154,52,script-related,Peter verließ den Supermarkt. Schnell kaufte er etwas,Gemüse,zum Kochen am Abend.,0.80029833,SE,intfloat/multilingual-e5-large
155,52,script-unrelated,Peter erreichte den Bahnhof. Schnell kaufte er etwas,Gemüse,zum Kochen am Abend.,0.7710693,SE,intfloat/multilingual-e5-large
156,53,control,Lisa betrat das Haus. Kurz danach checkte sie den,Kühlschrank,und suchte etwas zu essen.,0.80915713,SE,intfloat/multilingual-e5-large
157,53,script-related,Lisa verließ das Haus. Kurz danach checkte sie den,Kühlschrank,und suchte etwas zu essen.,0.8090521,SE,intfloat/multilingual-e5-large
158,53,script-unrelated,Lisa begann im Fitnessstudio zu trainieren. Kurz danach checkte sie den,Kühlschrank,und suchte etwas zu essen.,0.8001292,SE,intfloat/multilingual-e5-large
159,54,control,Tim begann seine Fahrstunde. Hektisch drückte er aufs,Gaspedal,und fuhr los.,0.7755729,SE,intfloat/multilingual-e5-large
160,54,script-related,Tim beendete seine Fahrstunde. Hektisch drückte er aufs,Gaspedal,und fuhr los.,0.77405846,SE,intfloat/multilingual-e5-large
161,54,script-unrelated,Tim ging zum Flughafen. Hektisch drückte er aufs,Gaspedal,und fuhr los.,0.7761565,SE,intfloat/multilingual-e5-large
162,55,control,Maria erreichte das Einkaufszentrum. Sofort begrüßte sie die,Verkäuferin,und suchte etwas aus.,0.8144068,SE,intfloat/multilingual-e5-large
163,55,script-related,Maria verließ das Einkaufszentrum. Sofort begrüßte sie die,Verkäuferin,und suchte etwas aus.,0.81288314,SE,intfloat/multilingual-e5-large
164,55,script-unrelated,Maria erreichte die Geburtstagsfeier. Sofort begrüßte sie die,Verkäuferin,und suchte etwas aus.,0.781839,SE,intfloat/multilingual-e5-large
165,56,control,Lukas begann die Vorlesung. Eilig begrüßte er seine,Studenten,und fing an.,0.81407183,SE,intfloat/multilingual-e5-large
166,56,script-related,Lukas beendete die Vorlesung. Eilig begrüßte er seine,Studenten,und fing an.,0.81108236,SE,intfloat/multilingual-e5-large
167,56,script-unrelated,Lukas ging zum Friseur. Eilig begrüßte er seine,Studenten,und fing an.,0.78842735,SE,intfloat/multilingual-e5-large
168,57,control,Marie ging zur Uni. In Eile betrat sie den,Hörsaal,und öffnete ihr Buch.,0.7555884,SE,intfloat/multilingual-e5-large
169,57,script-related,Marie verließ die Uni. In Eile betrat sie den,Hörsaal,und öffnete ihr Buch.,0.7648844,SE,intfloat/multilingual-e5-large
170,57,script-unrelated,Marie ging duschen. In Eile betrat sie den,Hörsaal,und öffnete ihr Buch.,0.75985175,SE,intfloat/multilingual-e5-large
171,58,control,Thorsten begann zu grillen. Behutsam platzierte er den,Grillanzünder,und suchte die Zange.,0.81003904,SE,intfloat/multilingual-e5-large
172,58,script-related,Thorsten hörte auf zu grillen. Behutsam platzierte er den,Grillanzünder,und suchte die Zange.,0.799193,SE,intfloat/multilingual-e5-large
173,58,script-unrelated,Thorsten betrat den Blumenladen. Behutsam platzierte er den,Grillanzünder,und suchte die Zange.,0.75439924,SE,intfloat/multilingual-e5-large
174,59,control,Claudia betrat das Tiergeschäft. Eine Zeit lang stand sie am,Käfig,und dachte über den Kauf nach.,0.7647421,SE,intfloat/multilingual-e5-large
175,59,script-related,Claudia verließ das Tiergeschäft. Eine Zeit lang stand sie am,Käfig,und dachte über den Kauf nach.,0.7633365,SE,intfloat/multilingual-e5-large
176,59,script-unrelated,Claudia betrat den Friedhof. Eine Zeit lang stand sie am,Käfig,und dachte über den Kauf nach.,0.76156425,SE,intfloat/multilingual-e5-large
177,60,control,Jonathan ging in die Küche. Eine Weile säuberte er den,Ofen,und danach den Kühlschrank.,0.77532226,SE,intfloat/multilingual-e5-large
178,60,script-related,Jonathan verließ die Küche. Eine Weile säuberte er den,Ofen,und danach den Kühlschrank.,0.77055687,SE,intfloat/multilingual-e5-large
179,60,script-unrelated,Jonathan ging in den Garten. Eine Weile säuberte er den,Ofen,und danach den Kühlschrank.,0.7578012,SE,intfloat/multilingual-e5-large
180,61,control,Lara ging zum Herd. Schnell reinigte sie die,Herdplatte,und dann die Abzugshaube.,0.80680746,SE,intfloat/multilingual-e5-large
181,61,script-related,Lara ging weg vom Herd. Schnell reinigte sie die,Herdplatte,und dann die Abzugshaube.,0.8016578,SE,intfloat/multilingual-e5-large
182,61,script-unrelated,Lara ging ins Museum. Schnell reinigte sie die,Herdplatte,und dann die Abzugshaube.,0.7649767,SE,intfloat/multilingual-e5-large
183,62,control,Roman ging in die Buchhandlung. Schnell suchte er einen,Roman,für seine Frau.,0.7997441,SE,intfloat/multilingual-e5-large
184,62,script-related,Roman verließ die Buchhandlung. Schnell suchte er einen,Roman,für seine Frau.,0.7949009,SE,intfloat/multilingual-e5-large
185,62,script-unrelated,Roman ging zum Konditor. Schnell suchte er einen,Roman,für seine Frau.,0.7930478,SE,intfloat/multilingual-e5-large
186,63,control,Annika ging in die Boutique. Eine Zeit lang suchte sie nach,Stiefeln,und kaufte sie dann.,0.7811012,SE,intfloat/multilingual-e5-large
187,63,script-related,Annika verließ die Boutique. Eine Zeit lang suchte sie nach,Stiefeln,und kaufte sie dann.,0.77538323,SE,intfloat/multilingual-e5-large
188,63,script-unrelated,Annika ging ins Spa. Eine Zeit lang suchte sie nach,Stiefeln,und kaufte sie dann.,0.77087826,SE,intfloat/multilingual-e5-large
189,64,control,Emil betrat die Apotheke. Schnell kaufte er das,Medikament,und ging dann nach Hause.,0.7992934,SE,intfloat/multilingual-e5-large
190,64,script-related,Emil verließ die Apotheke. Schnell kaufte er das,Medikament,und ging dann nach Hause.,0.7964728,SE,intfloat/multilingual-e5-large
191,64,script-unrelated,Emil betrat die Reitschule. Schnell kaufte er das,Medikament,und ging dann nach Hause.,0.7525564,SE,intfloat/multilingual-e5-large
192,65,control,Susanne betrat das Bad. Sofort entfernte sie ihr,Makeup,und putzte sich die Zähne.,0.7630291,SE,intfloat/multilingual-e5-large
193,65,script-related,Susanne verließ das Bad. Sofort entfernte sie ihr,Makeup,und putzte sich die Zähne.,0.75591046,SE,intfloat/multilingual-e5-large
194,65,script-unrelated,Susanne ging zur Sicherheitskontrolle. Sofort entfernte sie ihr,Makeup,und putzte sich die Zähne.,0.7603806,SE,intfloat/multilingual-e5-large
195,66,control,Martin kam zur Autowerkstatt. Umgehend fragte er nach den,Reifen,für den Winter.,0.7865186,SE,intfloat/multilingual-e5-large
196,66,script-related,Martin verließ die Autowerkstatt. Umgehend fragte er nach den,Reifen,für den Winter.,0.779147,SE,intfloat/multilingual-e5-large
197,66,script-unrelated,Martin kam zur Hotelrezeption. Umgehend fragte er nach den,Reifen,für den Winter.,0.7698567,SE,intfloat/multilingual-e5-large
198,67,control,Jutta ging zur Post. Umgehend bekam sie das,Paket,auf das sie gewartet hatte.,0.802903,SE,intfloat/multilingual-e5-large
199,67,script-related,Jutta verließ die Post. Umgehend bekam sie das,Paket,auf das sie gewartet hatte.,0.79534006,SE,intfloat/multilingual-e5-large
200,67,script-unrelated,Jutta ging zum Zahnarzt. Umgehend bekam sie das,Paket,auf das sie gewartet hatte.,0.7813343,SE,intfloat/multilingual-e5-large
201,68,control,Jens ging zur Zollstelle. Schnell zeigte er sein,Formular,und schaute den Beamten an.,0.7830308,SE,intfloat/multilingual-e5-large
202,68,script-related,Jens verließ die Zollstelle. Schnell zeigte er sein,Formular,und schaute den Beamten an.,0.7698743,SE,intfloat/multilingual-e5-large
203,68,script-unrelated,Jens begann Poker zu spielen. Schnell zeigte er sein,Formular,und schaute den Beamten an.,0.7469758,SE,intfloat/multilingual-e5-large
204,69,control,Elena begann zu zeichnen. Umgehend nahm sie den,Stift,und zeichnete eine Blume.,0.7612101,SE,intfloat/multilingual-e5-large
205,69,script-related,Elena hörte auf zu zeichnen. Umgehend nahm sie den,Stift,und zeichnete eine Blume.,0.760969,SE,intfloat/multilingual-e5-large
206,69,script-unrelated,Elena begann den Urlaub. Umgehend nahm sie den,Stift,und zeichnete eine Blume.,0.7569797,SE,intfloat/multilingual-e5-large
207,70,control,Bruno begann seinen Filmabend. Schnell besorgte er das,Popcorn,aus der Küche.,0.7688614,SE,intfloat/multilingual-e5-large
208,70,script-related,Bruno beendete seinen Filmabend. Schnell besorgte er das,Popcorn,aus der Küche.,0.76468056,SE,intfloat/multilingual-e5-large
209,70,script-unrelated,Bruno betrat das Bürgeramt. Schnell besorgte er das,Popcorn,aus der Küche.,0.7422014,SE,intfloat/multilingual-e5-large
210,71,control,Jana betrat das Gartencenter. Nach einer Weile fragte sie nach einer,Palme,für den Balkon.,0.7516092,SE,intfloat/multilingual-e5-large
211,71,script-related,Jana verließ das Gartencenter. Nach einer Weile fragte sie nach einer,Palme,für den Balkon.,0.74737597,SE,intfloat/multilingual-e5-large
212,71,script-unrelated,Jana ging auf die Kirmes. Nach einer Weile fragte sie nach einer,Palme,für den Balkon.,0.7421926,SE,intfloat/multilingual-e5-large
213,72,control,Nico fuhr zur Pizzeria. Sofort griff er die,Speisekarte,und bestellte eine Margherita.,0.7892661,SE,intfloat/multilingual-e5-large
214,72,script-related,Nico verließ die Pizzeria. Sofort griff er die,Speisekarte,und bestellte eine Margherita.,0.79172474,SE,intfloat/multilingual-e5-large
215,72,script-unrelated,Nico fuhr wandern. Sofort griff er die,Speisekarte,und bestellte eine Margherita.,0.7591686,SE,intfloat/multilingual-e5-large
216,73,control,Beate ging Schwimmen. Schnell prüfte sie das,Becken,und schwamm los.,0.79821706,SE,intfloat/multilingual-e5-large
217,73,script-related,Beate kam zurück vom Schwimmen. Schnell prüfte sie das,Becken,und schwamm los.,0.8011899,SE,intfloat/multilingual-e5-large
218,73,script-unrelated,Beate fuhr mit dem Taxi. Schnell prüfte sie das,Becken,und schwamm los.,0.75211227,SE,intfloat/multilingual-e5-large
219,74,control,Hubert nahm ein Flugzeug. Voller Begeisterung genoss er die,Höhe,denn er liebte das Fliegen.,0.778693,SE,intfloat/multilingual-e5-large
220,74,script-related,Hubert verließ das Flugzeug. Voller Begeisterung genoss er die,Höhe,denn er liebte das Fliegen.,0.7750461,SE,intfloat/multilingual-e5-large
221,74,script-unrelated,Hubert begann zu baden. Voller Begeisterung genoss er die,Höhe,denn er liebte das Fliegen.,0.78264236,SE,intfloat/multilingual-e5-large
222,75,control,Jenni begann den Unterricht. Sofort öffnete sie die,Tafel,und begann zu schreiben.,0.7644598,SE,intfloat/multilingual-e5-large
223,75,script-related,Jenni hörte auf mit dem Unterricht. Sofort öffnete sie die,Tafel,und begann zu schreiben.,0.76745576,SE,intfloat/multilingual-e5-large
224,75,script-unrelated,Jenni betrat die Eishalle. Sofort öffnete sie die,Tafel,und begann zu schreiben.,0.75833666,SE,intfloat/multilingual-e5-large
225,76,control,Hans betrat die Kletterhalle. Wenig später griff er das,Seil,und spannte es ein.,0.7622403,SE,intfloat/multilingual-e5-large
226,76,script-related,Hans verließ die Kletterhalle. Wenig später griff er das,Seil,und spannte es ein.,0.7615608,SE,intfloat/multilingual-e5-large
227,76,script-unrelated,Hans begann zu bowlen. Wenig später griff er das,Seil,und spannte es ein.,0.75880134,SE,intfloat/multilingual-e5-large
228,77,control,Clara ging zum Schießstand. Sofort bekam sie einen,Revolver,und begann auf das Ziel zu schießen.,0.7619669,SE,intfloat/multilingual-e5-large
229,77,script-related,Clara verließ den Schießstand. Sofort bekam sie einen,Revolver,und begann auf das Ziel zu schießen.,0.7616007,SE,intfloat/multilingual-e5-large
230,77,script-unrelated,Clara ging auf einen Feuerwehreinsatz. Sofort bekam sie einen,Revolver,und begann auf das Ziel zu schießen.,0.7442653,SE,intfloat/multilingual-e5-large
231,78,control,Georg nahm teil an Yoga. Nach einer Weile setzte er sich auf seine,Yogamatte,und machte eine Übung.,0.81467074,SE,intfloat/multilingual-e5-large
232,78,script-related,Georg kam zurück vom Yoga. Nach einer Weile setzte er sich auf seine,Yogamatte,und machte eine Übung.,0.8186273,SE,intfloat/multilingual-e5-large
233,78,script-unrelated,Georg nahm teil am Fußballspiel. Nach einer Weile setzte er sich auf seine,Yogamatte,und machte eine Übung.,0.76608557,SE,intfloat/multilingual-e5-large
234,79,control,Johanna begann die Jagd. Nach einer Weile erblickte sie den,Hochsitz,und ging darauf zu.,0.7590208,SE,intfloat/multilingual-e5-large
235,79,script-related,Johanna kam zurück von der Jagd. Nach einer Weile erblickte sie den,Hochsitz,und ging darauf zu.,0.76711684,SE,intfloat/multilingual-e5-large
236,79,script-unrelated,Johanna betrat die Metzgerei. Nach einer Weile erblickte sie den,Hochsitz,und ging darauf zu.,0.75929123,SE,intfloat/multilingual-e5-large
237,80,control,Jürgen betrat die Bäckerei. Wenig später zeigte er auf das,Croissant,und wählte aus.,0.77676046,SE,intfloat/multilingual-e5-large
238,80,script-related,Jürgen verließ die Bäckerei. Wenig später zeigte er auf das,Croissant,und wählte aus.,0.7688014,SE,intfloat/multilingual-e5-large
239,80,script-unrelated,Jürgen betrat den Zoo. Wenig später zeigte er auf das,Croissant,und wählte aus.,0.74645644,SE,intfloat/multilingual-e5-large
240,81,control,Frauke ging ins Stadion. Schnell wählte sie eine,Tribüne,und setzte sich.,0.7968297,SE,intfloat/multilingual-e5-large
241,81,script-related,Frauke verließ das Stadion. Schnell wählte sie eine,Tribüne,und setzte sich.,0.7876045,SE,intfloat/multilingual-e5-large
242,81,script-unrelated,Frauke ging zum Waschsalon. Schnell wählte sie eine,Tribüne,und setzte sich.,0.75915366,SE,intfloat/multilingual-e5-large
243,82,control,Bernd betrat den Kiosk. Sofort kaufte er eine,Zeitung,und ging wieder heim.,0.7882853,SE,intfloat/multilingual-e5-large
244,82,script-related,Bernd verließ den Kiosk. Sofort kaufte er eine,Zeitung,und ging wieder heim.,0.79303247,SE,intfloat/multilingual-e5-large
245,82,script-unrelated,Bernd betrat den Zirkus. Sofort kaufte er eine,Zeitung,und ging wieder heim.,0.778064,SE,intfloat/multilingual-e5-large
246,83,control,Nicole betrat das Büro. Zuerst ging sie zum,Schreibtisch,und schaltete dann den Computer ein.,0.8134708,SE,intfloat/multilingual-e5-large
247,83,script-related,Nicole verließ das Büro. Zuerst ging sie zum,Schreibtisch,und schaltete dann den Computer ein.,0.8111748,SE,intfloat/multilingual-e5-large
248,83,script-unrelated,Nicole betrat die Sauna. Zuerst ging sie zum,Schreibtisch,und schaltete dann den Computer ein.,0.77675176,SE,intfloat/multilingual-e5-large
249,84,control,Viktor ging ins Labor. Schnell begann er das,Experiment,und machte sich Notizen.,0.8075115,SE,intfloat/multilingual-e5-large
250,84,script-related,Viktor verließ das Labor. Schnell begann er das,Experiment,und machte sich Notizen.,0.79770875,SE,intfloat/multilingual-e5-large
251,84,script-unrelated,Viktor ging zum Tierarzt. Schnell begann er das,Experiment,und machte sich Notizen.,0.7752707,SE,intfloat/multilingual-e5-large
252,85,control,Gabi ging in die Umkleide. Schnell probierte sie die,Kleidung,an und ging zur Kasse.,0.7962096,SE,intfloat/multilingual-e5-large
253,85,script-related,Gabi verließ die Umkleide. Schnell probierte sie die,Kleidung,an und ging zur Kasse.,0.78853697,SE,intfloat/multilingual-e5-large
254,85,script-unrelated,Gabi betrat den Tatort. Schnell probierte sie die,Kleidung,an und ging zur Kasse.,0.75788575,SE,intfloat/multilingual-e5-large
255,86,control,Jakob betrat die Tankstelle. Sofort sagte er seine,Nummer,und bezahlte.,0.7844002,SE,intfloat/multilingual-e5-large
256,86,script-related,Jakob verließ die Tankstelle. Sofort sagte er seine,Nummer,und bezahlte.,0.78994495,SE,intfloat/multilingual-e5-large
257,86,script-unrelated,Jakob begann Bäume zu fällen. Sofort sagte er seine,Nummer,und bezahlte.,0.7723851,SE,intfloat/multilingual-e5-large
258,87,control,Hilde begann die Kutsche zu fahren. Schnell bestieg sie den,Kutschbock,und los ging es.,0.7917381,SE,intfloat/multilingual-e5-large
259,87,script-related,Hilde war fertig die Kutsche zu fahren. Schnell bestieg sie den,Kutschbock,und los ging es.,0.7829311,SE,intfloat/multilingual-e5-large
260,87,script-unrelated,Hilde begann ein Lagerfeuer. Schnell bestieg sie den,Kutschbock,und los ging es.,0.7732826,SE,intfloat/multilingual-e5-large
261,88,control,Tom begann Frühstück zu machen. Sofort öffnete er die,Butter,und machte sich ein Brot.,0.7548183,SE,intfloat/multilingual-e5-large
262,88,script-related,Tom hörte auf Frühstück zu machen. Sofort öffnete er die,Butter,und machte sich ein Brot.,0.74784225,SE,intfloat/multilingual-e5-large
263,88,script-unrelated,Tom ging zum Weihnachtsmarkt. Sofort öffnete er die,Butter,und machte sich ein Brot.,0.7393546,SE,intfloat/multilingual-e5-large
264,89,control,Kim ging ins Krankenhaus. Gleich ging sie zur,Rezeption,und fragte nach dem Weg.,0.77635473,SE,intfloat/multilingual-e5-large
265,89,script-related,Kim verließ das Krankenhaus. Gleich ging sie zur,Rezeption,und fragte nach dem Weg.,0.77777964,SE,intfloat/multilingual-e5-large
266,89,script-unrelated,Kim fing an sein Mittagessen zu kochen. Gleich ging sie zur,Rezeption,und fragte nach dem Weg.,0.76408136,SE,intfloat/multilingual-e5-large
267,90,control,Michael fing an damit einen Kuchen zu backen. Als erstes nahm er einen,Schneebesen,und schlug Eiweiß steif.,0.75898314,SE,intfloat/multilingual-e5-large
268,90,script-related,Michael war fertig damit einen Kuchen zu backen. Als erstes nahm er einen,Schneebesen,und schlug Eiweiß steif.,0.7645278,SE,intfloat/multilingual-e5-large
269,90,script-unrelated,Michael betrat das Restaurant. Als erstes nahm er einen,Schneebesen,und schlug Eiweiß steif.,0.7545238,SE,intfloat/multilingual-e5-large
0,1,control,Johann betrat das Restaurant. Wenig später öffnete er die,Speisekarte,und verschaffte sich einen Überblick.,0.5481595,SE,Gameselo/STS-multilingual-mpnet-base-v2
1,1,script-related,Johann verließ das Restaurant. Wenig später öffnete er die,Speisekarte,und verschaffte sich einen Überblick.,0.56966007,SE,Gameselo/STS-multilingual-mpnet-base-v2
2,1,script-unrelated,Johann betrat die Wohnung. Wenig später öffnete er die,Speisekarte,und verschaffte sich einen Überblick.,0.46690112,SE,Gameselo/STS-multilingual-mpnet-base-v2
3,2,control,Sabine betrat das Kino. Schnell ging sie zur,Kasse,und kaufte eine Karte.,0.6402107,SE,Gameselo/STS-multilingual-mpnet-base-v2
4,2,script-related,Sabine verließ das Kino. Schnell ging sie zur,Kasse,und kaufte eine Karte.,0.63503057,SE,Gameselo/STS-multilingual-mpnet-base-v2
5,2,script-unrelated,Sabine betrat die Schule. Schnell ging sie zur,Kasse,und kaufte eine Karte.,0.61482555,SE,Gameselo/STS-multilingual-mpnet-base-v2
6,3,control,Kevin betrat den Bauernhof. Ohne zu zögern nahm er eine,Mistgabel,und fing an zu schaufeln.,0.54946744,SE,Gameselo/STS-multilingual-mpnet-base-v2
7,3,script-related,Kevin verließ den Bauernhof. Ohne zu zögern nahm er eine,Mistgabel,und fing an zu schaufeln.,0.540783,SE,Gameselo/STS-multilingual-mpnet-base-v2
8,3,script-unrelated,Kevin betrat die Kirche. Ohne zu zögern nahm er eine,Mistgabel,und fing an zu schaufeln.,0.5174915,SE,Gameselo/STS-multilingual-mpnet-base-v2
9,4,control,Susi betrat die Arztpraxis. Freundlich sprach sie mit der,Arzthelferin,über die Problematik.,0.76872635,SE,Gameselo/STS-multilingual-mpnet-base-v2
10,4,script-related,Susi verließ die Arztpraxis. Freundlich sprach sie mit der,Arzthelferin,über die Problematik.,0.73273766,SE,Gameselo/STS-multilingual-mpnet-base-v2
11,4,script-unrelated,Susi betrat das Gehege. Freundlich sprach sie mit der,Arzthelferin,über die Problematik.,0.7019571,SE,Gameselo/STS-multilingual-mpnet-base-v2
12,5,control,Roman betrat die Bücherei. Kurz danach ging er zum,Regal,und suchte einen Krimi.,0.51418126,SE,Gameselo/STS-multilingual-mpnet-base-v2
13,5,script-related,Roman verließ die Bücherei. Kurz danach ging er zum,Regal,und suchte einen Krimi.,0.5728422,SE,Gameselo/STS-multilingual-mpnet-base-v2
14,5,script-unrelated,Roman betrat die Kneipe. Kurz danach ging er zum,Regal,und suchte einen Krimi.,0.6240315,SE,Gameselo/STS-multilingual-mpnet-base-v2
15,6,control,Lea begann damit Spaghetti zu kochen. Vorsichtig öffnete sie die,Nudelpackung,mit einem Handgriff.,0.6084418,SE,Gameselo/STS-multilingual-mpnet-base-v2
16,6,script-related,Lea war fertig damit Spaghetti zu kochen. Vorsichtig öffnete sie die,Nudelpackung,mit einem Handgriff.,0.64960957,SE,Gameselo/STS-multilingual-mpnet-base-v2
17,6,script-unrelated,Lea begann die Wände zu streichen. Vorsichtig öffnete sie die,Nudelpackung,mit einem Handgriff.,0.5546943,SE,Gameselo/STS-multilingual-mpnet-base-v2
18,7,control,Peter erreichte das Theater. Wenig später ging er zur,Loge,und setzte sich.,0.442751,SE,Gameselo/STS-multilingual-mpnet-base-v2
19,7,script-related,Peter verließ das Theater. Wenig später ging er zur,Loge,und setzte sich.,0.49860108,SE,Gameselo/STS-multilingual-mpnet-base-v2
20,7,script-unrelated,Peter erreichte den Supermarkt. Wenig später ging er zur,Loge,und setzte sich.,0.44749227,SE,Gameselo/STS-multilingual-mpnet-base-v2
21,8,control,Lisa betrat den Bahnhof. Wenig später war sie am,Gleis,und wartete auf den Zug.,0.49000514,SE,Gameselo/STS-multilingual-mpnet-base-v2
22,8,script-related,Lisa verließ den Bahnhof. Wenig später war sie am,Gleis,und wartete auf den Zug.,0.4958553,SE,Gameselo/STS-multilingual-mpnet-base-v2
23,8,script-unrelated,Lisa betrat das Haus. Wenig später war sie am,Gleis,und wartete auf den Zug.,0.48784265,SE,Gameselo/STS-multilingual-mpnet-base-v2
24,9,control,Tim begann im Fitnessstudio zu trainieren. Umgehend war er auf dem,Laufband,und rann wie verrückt.,0.59882796,SE,Gameselo/STS-multilingual-mpnet-base-v2
25,9,script-related,Tim hörte auf im Fitnessstudio zu trainieren. Umgehend war er auf dem,Laufband,und rann wie verrückt.,0.62049264,SE,Gameselo/STS-multilingual-mpnet-base-v2
26,9,script-unrelated,Tim begann seine Fahrstunde. Umgehend war er auf dem,Laufband,und rann wie verrückt.,0.6601837,SE,Gameselo/STS-multilingual-mpnet-base-v2
27,10,control,Maria erreichte den Flughafen. Sofort ging sie zum,Check-in,um den Koffer aufzugeben.,0.40543547,SE,Gameselo/STS-multilingual-mpnet-base-v2
28,10,script-related,Maria verließ den Flughafen. Sofort ging sie zum,Check-in,um den Koffer aufzugeben.,0.43037224,SE,Gameselo/STS-multilingual-mpnet-base-v2
29,10,script-unrelated,Maria erreichte das Einkaufszentrum. Sofort ging sie zum,Check-in,um den Koffer aufzugeben.,0.42583692,SE,Gameselo/STS-multilingual-mpnet-base-v2
30,11,control,Lukas kam zur Geburtstagsfeier. Nach einer Weile überreichte er den,Kuchen,und gratulierte.,0.58425635,SE,Gameselo/STS-multilingual-mpnet-base-v2
31,11,script-related,Lukas verließ die Geburtstagsfeier. Nach einer Weile überreichte er den,Kuchen,und gratulierte.,0.6183022,SE,Gameselo/STS-multilingual-mpnet-base-v2
32,11,script-unrelated,Lukas kam zum Unterricht. Nach einer Weile überreichte er den,Kuchen,und gratulierte.,0.612856,SE,Gameselo/STS-multilingual-mpnet-base-v2
33,12,control,Marie ging zum Friseur. Nach einem kurzen Moment fragte sie die,Stylistin,nach einem neuen Schnitt.,0.5036134,SE,Gameselo/STS-multilingual-mpnet-base-v2
34,12,script-related,Marie verließ den Friseur. Nach einem kurzen Moment fragte sie die,Stylistin,nach einem neuen Schnitt.,0.5315816,SE,Gameselo/STS-multilingual-mpnet-base-v2
35,12,script-unrelated,Marie ging zur Uni. Nach einem kurzen Moment fragte sie die,Stylistin,nach einem neuen Schnitt.,0.44887367,SE,Gameselo/STS-multilingual-mpnet-base-v2
36,13,control,Thorsten begann zu duschen. Als erstes benutzte er das,Shampoo,und dann das Duschgel.,0.6562724,SE,Gameselo/STS-multilingual-mpnet-base-v2
37,13,script-related,Thorsten hörte auf zu duschen. Als erstes benutzte er das,Shampoo,und dann das Duschgel.,0.7043575,SE,Gameselo/STS-multilingual-mpnet-base-v2
38,13,script-unrelated,Thorsten begann zu grillen. Als erstes benutzte er das,Shampoo,und dann das Duschgel.,0.5798588,SE,Gameselo/STS-multilingual-mpnet-base-v2
39,14,control,Claudia betrat den Blumenladen. Schnell fragte sie nach einer,Rose,für eine Freundin.,0.6812282,SE,Gameselo/STS-multilingual-mpnet-base-v2
40,14,script-related,Claudia verließ den Blumenladen. Schnell fragte sie nach einer,Rose,für eine Freundin.,0.6907677,SE,Gameselo/STS-multilingual-mpnet-base-v2
41,14,script-unrelated,Claudia betrat das Tiergeschäft. Schnell fragte sie nach einer,Rose,für eine Freundin.,0.7069942,SE,Gameselo/STS-multilingual-mpnet-base-v2
42,15,control,Jonathan ging zum Friedhof. Nachdenklich betrachtete er den,Grabstein,und sprach ein Gebet.,0.49543127,SE,Gameselo/STS-multilingual-mpnet-base-v2
43,15,script-related,Jonathan verließ den Friedhof. Nachdenklich betrachtete er den,Grabstein,und sprach ein Gebet.,0.5503895,SE,Gameselo/STS-multilingual-mpnet-base-v2
44,15,script-unrelated,Jonathan ging in die Küche. Nachdenklich betrachtete er den,Grabstein,und sprach ein Gebet.,0.4730516,SE,Gameselo/STS-multilingual-mpnet-base-v2
45,16,control,Lara ging in den Garten. Genau prüfte sie die,Erde,und goss dann die Blumen.,0.64918953,SE,Gameselo/STS-multilingual-mpnet-base-v2
46,16,script-related,Lara verließ den Garten. Genau prüfte sie die,Erde,und goss dann die Blumen.,0.6753472,SE,Gameselo/STS-multilingual-mpnet-base-v2
47,16,script-unrelated,Lara ging zum Herd. Genau prüfte sie die,Erde,und goss dann die Blumen.,0.64451367,SE,Gameselo/STS-multilingual-mpnet-base-v2
48,17,control,Roman ging ins Museum. Akribisch betrachtete er die,Skulpturen,und war begeistert.,0.49137488,SE,Gameselo/STS-multilingual-mpnet-base-v2
49,17,script-related,Roman verließ das Museum. Akribisch betrachtete er die,Skulpturen,und war begeistert.,0.5848672,SE,Gameselo/STS-multilingual-mpnet-base-v2
50,17,script-unrelated,Roman ging in die Buchhandlung. Akribisch betrachtete er die,Skulpturen,und war begeistert.,0.4183453,SE,Gameselo/STS-multilingual-mpnet-base-v2
51,18,control,Annika ging zum Konditor. Schnell fragte sie nach einem,Kuchen,und bezahlte sofort.,0.64669645,SE,Gameselo/STS-multilingual-mpnet-base-v2
52,18,script-related,Annika verließ den Konditor. Schnell fragte sie nach einem,Kuchen,und bezahlte sofort.,0.6866393,SE,Gameselo/STS-multilingual-mpnet-base-v2
53,18,script-unrelated,Annika ging in die Boutique. Schnell fragte sie nach einem,Kuchen,und bezahlte sofort.,0.5866709,SE,Gameselo/STS-multilingual-mpnet-base-v2
54,19,control,Emil betrat das Spa. Nach einer Weile bekam er eine,Massage,und genoss sie.,0.6775884,SE,Gameselo/STS-multilingual-mpnet-base-v2
55,19,script-related,Emil verließ das Spa. Nach einer Weile bekam er eine,Massage,und genoss sie.,0.66343176,SE,Gameselo/STS-multilingual-mpnet-base-v2
56,19,script-unrelated,Emil betrat die Apotheke. Nach einer Weile bekam er eine,Massage,und genoss sie.,0.58468986,SE,Gameselo/STS-multilingual-mpnet-base-v2
57,20,control,Susanne betrat die Reitschule. Schnell setzte sie den,Sattel,auf und ritt los.,0.73302215,SE,Gameselo/STS-multilingual-mpnet-base-v2
58,20,script-related,Susanne verließ die Reitschule. Schnell setzte sie den,Sattel,auf und ritt los.,0.6922189,SE,Gameselo/STS-multilingual-mpnet-base-v2
59,20,script-unrelated,Susanne betrat das Bad. Schnell setzte sie den,Sattel,auf und ritt los.,0.6595346,SE,Gameselo/STS-multilingual-mpnet-base-v2
60,21,control,Martin kam zur Sicherheitskontrolle. Zügig öffnete er den,Koffer,und wurde durchgewunken.,0.52012914,SE,Gameselo/STS-multilingual-mpnet-base-v2
61,21,script-related,Martin verließ die Sicherheitskontrolle. Zügig öffnete er den,Koffer,und wurde durchgewunken.,0.53629625,SE,Gameselo/STS-multilingual-mpnet-base-v2
62,21,script-unrelated,Martin kam zur Autowerkstatt. Zügig öffnete er den,Koffer,und wurde durchgewunken.,0.44012293,SE,Gameselo/STS-multilingual-mpnet-base-v2
63,22,control,Jutta ging zur Hotelrezeption. Sofort bekam sie ein,Zimmer,und dankte freundlich.,0.60195166,SE,Gameselo/STS-multilingual-mpnet-base-v2
64,22,script-related,Jutta verließ die Hotelrezeption. Sofort bekam sie ein,Zimmer,und dankte freundlich.,0.65569615,SE,Gameselo/STS-multilingual-mpnet-base-v2
65,22,script-unrelated,Jutta ging zur Post. Sofort bekam sie ein,Zimmer,und dankte freundlich.,0.5991998,SE,Gameselo/STS-multilingual-mpnet-base-v2
66,23,control,Jens ging zum Zahnarzt. Ängstlich ging er zum,Röntgen,und ließ sich behandeln.,0.4354553,SE,Gameselo/STS-multilingual-mpnet-base-v2
67,23,script-related,Jens verließ den Zahnarzt. Ängstlich ging er zum,Röntgen,und ließ sich behandeln.,0.50309795,SE,Gameselo/STS-multilingual-mpnet-base-v2
68,23,script-unrelated,Jens ging zur Zollstelle. Ängstlich ging er zum,Röntgen,und ließ sich behandeln.,0.49061,SE,Gameselo/STS-multilingual-mpnet-base-v2
69,24,control,Elena begann Poker zu spielen. Schnell setzte sie ihr,Geld,und gewann.,0.58297133,SE,Gameselo/STS-multilingual-mpnet-base-v2
70,24,script-related,Elena hörte auf Poker zu spielen. Schnell setzte sie ihr,Geld,und gewann.,0.59136885,SE,Gameselo/STS-multilingual-mpnet-base-v2
71,24,script-unrelated,Elena begann zu zeichnen. Schnell setzte sie ihr,Geld,und gewann.,0.5294612,SE,Gameselo/STS-multilingual-mpnet-base-v2
72,25,control,Bruno begann seinen Urlaub. Endlich kam er am,Meer,an und genoss das Wetter.,0.6305877,SE,Gameselo/STS-multilingual-mpnet-base-v2
73,25,script-related,Bruno beendete seinen Urlaub. Endlich kam er am,Meer,an und genoss das Wetter.,0.65961987,SE,Gameselo/STS-multilingual-mpnet-base-v2
74,25,script-unrelated,Bruno begann seinen Filmabend. Endlich kam er am,Meer,an und genoss das Wetter.,0.59567225,SE,Gameselo/STS-multilingual-mpnet-base-v2
75,26,control,Jana betrat das Bürgeramt. Umgehend zeigte sie ihr,Visum,und stellte einen Antrag.,0.5771786,SE,Gameselo/STS-multilingual-mpnet-base-v2
76,26,script-related,Jana verließ das Bürgeramt. Umgehend zeigte sie ihr,Visum,und stellte einen Antrag.,0.5618971,SE,Gameselo/STS-multilingual-mpnet-base-v2
77,26,script-unrelated,Jana betrat das Gartencenter. Umgehend zeigte sie ihr,Visum,und stellte einen Antrag.,0.558994,SE,Gameselo/STS-multilingual-mpnet-base-v2
78,27,control,Nico fuhr auf die Kirmes. Sofort ging er zum,Auto-Scooter,und fuhr eine Runde.,0.6536224,SE,Gameselo/STS-multilingual-mpnet-base-v2
79,27,script-related,Nico verließ die Kirmes. Sofort ging er zum,Auto-Scooter,und fuhr eine Runde.,0.5949422,SE,Gameselo/STS-multilingual-mpnet-base-v2
80,27,script-unrelated,Nico fuhr zur Pizzeria. Sofort ging er zum,Auto-Scooter,und fuhr eine Runde.,0.5365984,SE,Gameselo/STS-multilingual-mpnet-base-v2
81,28,control,Beate ging Wandern. Nach einer Weile sah sie ein,Edelweiß,das sie gleich mitnahm.,0.64374423,SE,Gameselo/STS-multilingual-mpnet-base-v2
82,28,script-related,Beate kam zurück vom Wandern. Nach einer Weile sah sie ein,Edelweiß,das sie gleich mitnahm.,0.64368725,SE,Gameselo/STS-multilingual-mpnet-base-v2
83,28,script-unrelated,Beate ging schwimmen. Nach einer Weile sah sie ein,Edelweiß,das sie gleich mitnahm.,0.6295002,SE,Gameselo/STS-multilingual-mpnet-base-v2
84,29,control,Hubert nahm ein Taxi. Freundlich begrüßte er den,Fahrer,und nannte sein Ziel.,0.60411817,SE,Gameselo/STS-multilingual-mpnet-base-v2
85,29,script-related,Hubert verließ das Taxi. Freundlich begrüßte er den,Fahrer,und nannte sein Ziel.,0.6014658,SE,Gameselo/STS-multilingual-mpnet-base-v2
86,29,script-unrelated,Hubert nahm ein Flugzeug. Freundlich begrüßte er den,Fahrer,und nannte sein Ziel.,0.5465744,SE,Gameselo/STS-multilingual-mpnet-base-v2
87,30,control,Jenni begann zu baden. Sofort verteilte sie den,Schaum,auf ihrem Körper.,0.69644535,SE,Gameselo/STS-multilingual-mpnet-base-v2
88,30,script-related,Jenni hörte auf zu baden. Sofort verteilte sie den,Schaum,auf ihrem Körper.,0.66478443,SE,Gameselo/STS-multilingual-mpnet-base-v2
89,30,script-unrelated,Jenni begann die Vorlesung. Sofort verteilte sie den,Schaum,auf ihrem Körper.,0.67157155,SE,Gameselo/STS-multilingual-mpnet-base-v2
90,31,control,Hans betrat die Eishalle. Flott schnürte er seine,Schlittschuhe,und ging auf die Bahn.,0.5843613,SE,Gameselo/STS-multilingual-mpnet-base-v2
91,31,script-related,Hans verließ die Eishalle. Flott schnürte er seine,Schlittschuhe,und ging auf die Bahn.,0.5626766,SE,Gameselo/STS-multilingual-mpnet-base-v2
92,31,script-unrelated,Hans betrat die Kletterhalle. Flott schnürte er seine,Schlittschuhe,und ging auf die Bahn.,0.53171164,SE,Gameselo/STS-multilingual-mpnet-base-v2
93,32,control,Clara begann zu bowlen. Gekonnt erzielte sie einen,Strike,und gewann das Spiel.,0.6715849,SE,Gameselo/STS-multilingual-mpnet-base-v2
94,32,script-related,Clara hörte auf zu bowlen. Gekonnt erzielte sie einen,Strike,und gewann das Spiel.,0.6579596,SE,Gameselo/STS-multilingual-mpnet-base-v2
95,32,script-unrelated,Clara ging zum Schießstand. Gekonnt erzielte sie einen,Strike,und gewann das Spiel.,0.69921064,SE,Gameselo/STS-multilingual-mpnet-base-v2
96,33,control,Georg nahm teil an einem Feuerwehreinsatz. Sofort benutzte er den,Schlauch,und löschte das Feuer.,0.54325,SE,Gameselo/STS-multilingual-mpnet-base-v2
97,33,script-related,Georg beendete einen Feuerwehreinsatz. Sofort benutzte er den,Schlauch,und löschte das Feuer.,0.5872589,SE,Gameselo/STS-multilingual-mpnet-base-v2
98,33,script-unrelated,Georg nahm teil an Yoga. Sofort benutzte er den,Schlauch,und löschte das Feuer.,0.5020772,SE,Gameselo/STS-multilingual-mpnet-base-v2
99,34,control,Johanna begann das Fußballspiel. Nach kurzer Zeit machte sie ein,Tor,und jubelte laut.,0.5168045,SE,Gameselo/STS-multilingual-mpnet-base-v2
100,34,script-related,Johanna beendete das Fußballspiel. Nach kurzer Zeit machte sie ein,Tor,und jubelte laut.,0.5778918,SE,Gameselo/STS-multilingual-mpnet-base-v2
101,34,script-unrelated,Johanna begann die Jagd. Nach kurzer Zeit machte sie ein,Tor,und jubelte laut.,0.6635774,SE,Gameselo/STS-multilingual-mpnet-base-v2
102,35,control,Jürgen betrat die Metzgerei. Sofort fragte er nach einem,Steak,und bezahlte.,0.55075926,SE,Gameselo/STS-multilingual-mpnet-base-v2
103,35,script-related,Jürgen verließ die Metzgerei. Sofort fragte er nach einem,Steak,und bezahlte.,0.5923904,SE,Gameselo/STS-multilingual-mpnet-base-v2
104,35,script-unrelated,Jürgen betrat die Bäckerei. Sofort fragte er nach einem,Steak,und bezahlte.,0.5697144,SE,Gameselo/STS-multilingual-mpnet-base-v2
105,36,control,Frauke betrat den Zoo. Wenig später fotografierte sie ein,Zebra,beim Trinken.,0.5045096,SE,Gameselo/STS-multilingual-mpnet-base-v2
106,36,script-related,Frauke verließ den Zoo. Wenig später fotografierte sie ein,Zebra,beim Trinken.,0.5116354,SE,Gameselo/STS-multilingual-mpnet-base-v2
107,36,script-unrelated,Frauke ging ins Stadion. Wenig später fotografierte sie ein,Zebra,beim Trinken.,0.34513283,SE,Gameselo/STS-multilingual-mpnet-base-v2
108,37,control,Bernd betrat den Waschsalon. Schnell wählte er das,Waschprogramm,und lies es laufen.,0.76171196,SE,Gameselo/STS-multilingual-mpnet-base-v2
109,37,script-related,Bernd verließ den Waschsalon. Schnell wählte er das,Waschprogramm,und lies es laufen.,0.7517089,SE,Gameselo/STS-multilingual-mpnet-base-v2
110,37,script-unrelated,Bernd betrat den Kiosk. Schnell wählte er das,Waschprogramm,und lies es laufen.,0.670006,SE,Gameselo/STS-multilingual-mpnet-base-v2
111,38,control,Nicole ging in den Zirkus. Bald setzte sie sich auf die,Tribüne,und schaute sich das Spektakel an.,0.64240336,SE,Gameselo/STS-multilingual-mpnet-base-v2
112,38,script-related,Nicole verließ den Zirkus. Bald setzte sie sich auf die,Tribüne,und schaute sich das Spektakel an.,0.67194325,SE,Gameselo/STS-multilingual-mpnet-base-v2
113,38,script-unrelated,Nicole ging ins Büro. Bald setzte sie sich auf die,Tribüne,und schaute sich das Spektakel an.,0.45607644,SE,Gameselo/STS-multilingual-mpnet-base-v2
114,39,control,Viktor ging in die Sauna. Nach einer Weile machte er einen,Aufguss,und legte sich hin.,0.5900016,SE,Gameselo/STS-multilingual-mpnet-base-v2
115,39,script-related,Viktor verließ die Sauna. Nach einer Weile machte er einen,Aufguss,und legte sich hin.,0.642726,SE,Gameselo/STS-multilingual-mpnet-base-v2
116,39,script-unrelated,Viktor ging ins Labor. Nach einer Weile machte er einen,Aufguss,und legte sich hin.,0.49255142,SE,Gameselo/STS-multilingual-mpnet-base-v2
117,40,control,Gabi ging zum Tierarzt. Einen Moment später fragte sie die,Arzthelferin,nach Medikamenten.,0.60647476,SE,Gameselo/STS-multilingual-mpnet-base-v2
118,40,script-related,Gabi verließ den Tierarzt. Einen Moment später fragte sie die,Arzthelferin,nach Medikamenten.,0.62265944,SE,Gameselo/STS-multilingual-mpnet-base-v2
119,40,script-unrelated,Gabi ging in die Umkleide. Einen Moment später fragte sie die,Arzthelferin,nach Medikamenten.,0.5792009,SE,Gameselo/STS-multilingual-mpnet-base-v2
120,41,control,Jakob betrat den Tatort. Kurz darauf fotografierte er die,Blutspritzer,und war erstaunt.,0.552517,SE,Gameselo/STS-multilingual-mpnet-base-v2
121,41,script-related,Jakob verließ den Tatort. Kurz darauf fotografierte er die,Blutspritzer,und war erstaunt.,0.540194,SE,Gameselo/STS-multilingual-mpnet-base-v2
122,41,script-unrelated,Jakob betrat die Tankstelle. Kurz darauf fotografierte er die,Blutspritzer,und war erstaunt.,0.5352827,SE,Gameselo/STS-multilingual-mpnet-base-v2
123,42,control,Peter begann Bäume zu fällen. Nach einer Weile benutzte sie die,Axt,und traf gezielt den Stamm.,0.6254524,SE,Gameselo/STS-multilingual-mpnet-base-v2
124,42,script-related,Peter hörte auf Bäume zu fällen. Nach einer Weile benutzte sie die,Axt,und traf gezielt den Stamm.,0.5826192,SE,Gameselo/STS-multilingual-mpnet-base-v2
125,42,script-unrelated,Peter begann die Kutsche zu fahren. Nach einer Weile benutzte sie die,Axt,und traf gezielt den Stamm.,0.5423414,SE,Gameselo/STS-multilingual-mpnet-base-v2
126,43,control,Tom begann ein Lagerfeuer. Sofort stapelte er das,Holz,und zündete es an.,0.71474826,SE,Gameselo/STS-multilingual-mpnet-base-v2
127,43,script-related,Tom beendete das Lagerfeuer. Sofort stapelte er das,Holz,und zündete es an.,0.71990246,SE,Gameselo/STS-multilingual-mpnet-base-v2
128,43,script-unrelated,Tom begann Frühstück zu machen. Sofort stapelte er das,Holz,und zündete es an.,0.4584099,SE,Gameselo/STS-multilingual-mpnet-base-v2
129,44,control,Kim ging zum Weihnachtsmarkt. Kurz darauf erreichte er die,Weihnachtskiosks,und stöberte nach Geschenken.,0.6099201,SE,Gameselo/STS-multilingual-mpnet-base-v2
130,44,script-related,Kim verließ den Weihnachtsmarkt. Kurz darauf erreichte er die,Weihnachtskiosks,und stöberte nach Geschenken.,0.59875214,SE,Gameselo/STS-multilingual-mpnet-base-v2
131,44,script-unrelated,Kim ging ins Krankenhaus. Kurz darauf erreichte er die,Weihnachtskiosks,und stöberte nach Geschenken.,0.3654377,SE,Gameselo/STS-multilingual-mpnet-base-v2
132,45,control,Michael begann sein Mittagessen zu kochen. Schnell schnitt er das,Gemüse,und warf es in den Topf.,0.49960193,SE,Gameselo/STS-multilingual-mpnet-base-v2
133,45,script-related,Michael war fertig sein Mittagessen zu kochen. Schnell schnitt er das,Gemüse,und warf es in den Topf.,0.4997199,SE,Gameselo/STS-multilingual-mpnet-base-v2
134,45,script-unrelated,Michael begann einen Kuchen zu backen. Schnell schnitt er das,Gemüse,und warf es in den Topf.,0.45551023,SE,Gameselo/STS-multilingual-mpnet-base-v2
135,46,control,Johann betrat die Wohnung. Sofort setzte er sich aufs,Bett,und dachte über den Tag nach.,0.50656277,SE,Gameselo/STS-multilingual-mpnet-base-v2
136,46,script-related,Johann verließ die Wohnung. Sofort setzte er sich aufs,Bett,und dachte über den Tag nach.,0.52749,SE,Gameselo/STS-multilingual-mpnet-base-v2
137,46,script-unrelated,Johann betrat das Kino. Sofort setzte er sich aufs,Bett,und dachte über den Tag nach.,0.5118707,SE,Gameselo/STS-multilingual-mpnet-base-v2
138,47,control,Sabine betrat die Schule. Schnell ging sie zum,Klassensaal,und grüßte die Schüler.,0.6327477,SE,Gameselo/STS-multilingual-mpnet-base-v2
139,47,script-related,Sabine verließ die Schule. Schnell ging sie zum,Klassensaal,und grüßte die Schüler.,0.5769872,SE,Gameselo/STS-multilingual-mpnet-base-v2
140,47,script-unrelated,Sabine betrat den Bauernhof. Schnell ging sie zum,Klassensaal,und grüßte die Schüler.,0.53513974,SE,Gameselo/STS-multilingual-mpnet-base-v2
141,48,control,Kevin betrat die Kirche. Vorsichtig nahm er eine,Kerze,und zündete sie an.,0.54524225,SE,Gameselo/STS-multilingual-mpnet-base-v2
142,48,script-related,Kevin verließ die Kirche. Vorsichtig nahm er eine,Kerze,und zündete sie an.,0.5569074,SE,Gameselo/STS-multilingual-mpnet-base-v2
143,48,script-unrelated,Kevin betrat die Arztpraxis. Vorsichtig nahm er eine,Kerze,und zündete sie an.,0.5674961,SE,Gameselo/STS-multilingual-mpnet-base-v2
144,49,control,Susi betrat das Gehege. Präzise begutachtete sie das,Kalb,und machte sich Notizen.,0.71172273,SE,Gameselo/STS-multilingual-mpnet-base-v2
145,49,script-related,Susi verließ das Gehege. Präzise begutachtete sie das,Kalb,und machte sich Notizen.,0.6952703,SE,Gameselo/STS-multilingual-mpnet-base-v2
146,49,script-unrelated,Susi betrat die Bücherei. Präzise begutachtete sie das,Kalb,und machte sich Notizen.,0.6742272,SE,Gameselo/STS-multilingual-mpnet-base-v2
147,50,control,Thomas betrat die Kneipe. In Eile rief er den,Kellner,und bestellte ein Bier.,0.5749641,SE,Gameselo/STS-multilingual-mpnet-base-v2
148,50,script-related,Thomas verließ die Kneipe. In Eile rief er den,Kellner,und bestellte ein Bier.,0.57783437,SE,Gameselo/STS-multilingual-mpnet-base-v2
149,50,script-unrelated,Thomas begann Spaghetti zu kochen. In Eile rief er den,Kellner,und bestellte ein Bier.,0.51645213,SE,Gameselo/STS-multilingual-mpnet-base-v2
150,51,control,Lea begann die Wände zu streichen. Schnell wählte sie einen,Pinsel,und fing an zu streichen.,0.64905745,SE,Gameselo/STS-multilingual-mpnet-base-v2
151,51,script-related,Lea war fertig die Wände zu streichen. Schnell wählte sie einen,Pinsel,und fing an zu streichen.,0.6368523,SE,Gameselo/STS-multilingual-mpnet-base-v2
152,51,script-unrelated,Lea erreichte das Theater. Schnell wählte sie einen,Pinsel,und fing an zu streichen.,0.61298734,SE,Gameselo/STS-multilingual-mpnet-base-v2
153,52,control,Peter erreichte den Supermarkt. Schnell kaufte er etwas,Gemüse,zum Kochen am Abend.,0.48823625,SE,Gameselo/STS-multilingual-mpnet-base-v2
154,52,script-related,Peter verließ den Supermarkt. Schnell kaufte er etwas,Gemüse,zum Kochen am Abend.,0.48007172,SE,Gameselo/STS-multilingual-mpnet-base-v2
155,52,script-unrelated,Peter erreichte den Bahnhof. Schnell kaufte er etwas,Gemüse,zum Kochen am Abend.,0.37268746,SE,Gameselo/STS-multilingual-mpnet-base-v2
156,53,control,Lisa betrat das Haus. Kurz danach checkte sie den,Kühlschrank,und suchte etwas zu essen.,0.51767683,SE,Gameselo/STS-multilingual-mpnet-base-v2
157,53,script-related,Lisa verließ das Haus. Kurz danach checkte sie den,Kühlschrank,und suchte etwas zu essen.,0.48272586,SE,Gameselo/STS-multilingual-mpnet-base-v2
158,53,script-unrelated,Lisa begann im Fitnessstudio zu trainieren. Kurz danach checkte sie den,Kühlschrank,und suchte etwas zu essen.,0.52278185,SE,Gameselo/STS-multilingual-mpnet-base-v2
159,54,control,Tim begann seine Fahrstunde. Hektisch drückte er aufs,Gaspedal,und fuhr los.,0.6923326,SE,Gameselo/STS-multilingual-mpnet-base-v2
160,54,script-related,Tim beendete seine Fahrstunde. Hektisch drückte er aufs,Gaspedal,und fuhr los.,0.72345024,SE,Gameselo/STS-multilingual-mpnet-base-v2
161,54,script-unrelated,Tim ging zum Flughafen. Hektisch drückte er aufs,Gaspedal,und fuhr los.,0.5442582,SE,Gameselo/STS-multilingual-mpnet-base-v2
162,55,control,Maria erreichte das Einkaufszentrum. Sofort begrüßte sie die,Verkäuferin,und suchte etwas aus.,0.5314251,SE,Gameselo/STS-multilingual-mpnet-base-v2
163,55,script-related,Maria verließ das Einkaufszentrum. Sofort begrüßte sie die,Verkäuferin,und suchte etwas aus.,0.53531235,SE,Gameselo/STS-multilingual-mpnet-base-v2
164,55,script-unrelated,Maria erreichte die Geburtstagsfeier. Sofort begrüßte sie die,Verkäuferin,und suchte etwas aus.,0.514714,SE,Gameselo/STS-multilingual-mpnet-base-v2
165,56,control,Lukas begann die Vorlesung. Eilig begrüßte er seine,Studenten,und fing an.,0.5742808,SE,Gameselo/STS-multilingual-mpnet-base-v2
166,56,script-related,Lukas beendete die Vorlesung. Eilig begrüßte er seine,Studenten,und fing an.,0.52907354,SE,Gameselo/STS-multilingual-mpnet-base-v2
167,56,script-unrelated,Lukas ging zum Friseur. Eilig begrüßte er seine,Studenten,und fing an.,0.40700677,SE,Gameselo/STS-multilingual-mpnet-base-v2
168,57,control,Marie ging zur Uni. In Eile betrat sie den,Hörsaal,und öffnete ihr Buch.,0.525607,SE,Gameselo/STS-multilingual-mpnet-base-v2
169,57,script-related,Marie verließ die Uni. In Eile betrat sie den,Hörsaal,und öffnete ihr Buch.,0.5313724,SE,Gameselo/STS-multilingual-mpnet-base-v2
170,57,script-unrelated,Marie ging duschen. In Eile betrat sie den,Hörsaal,und öffnete ihr Buch.,0.57055974,SE,Gameselo/STS-multilingual-mpnet-base-v2
171,58,control,Thorsten begann zu grillen. Behutsam platzierte er den,Grillanzünder,und suchte die Zange.,0.74061435,SE,Gameselo/STS-multilingual-mpnet-base-v2
172,58,script-related,Thorsten hörte auf zu grillen. Behutsam platzierte er den,Grillanzünder,und suchte die Zange.,0.6828085,SE,Gameselo/STS-multilingual-mpnet-base-v2
173,58,script-unrelated,Thorsten betrat den Blumenladen. Behutsam platzierte er den,Grillanzünder,und suchte die Zange.,0.43694282,SE,Gameselo/STS-multilingual-mpnet-base-v2
174,59,control,Claudia betrat das Tiergeschäft. Eine Zeit lang stand sie am,Käfig,und dachte über den Kauf nach.,0.6855023,SE,Gameselo/STS-multilingual-mpnet-base-v2
175,59,script-related,Claudia verließ das Tiergeschäft. Eine Zeit lang stand sie am,Käfig,und dachte über den Kauf nach.,0.66049325,SE,Gameselo/STS-multilingual-mpnet-base-v2
176,59,script-unrelated,Claudia betrat den Friedhof. Eine Zeit lang stand sie am,Käfig,und dachte über den Kauf nach.,0.64051837,SE,Gameselo/STS-multilingual-mpnet-base-v2
177,60,control,Jonathan ging in die Küche. Eine Weile säuberte er den,Ofen,und danach den Kühlschrank.,0.5099811,SE,Gameselo/STS-multilingual-mpnet-base-v2
178,60,script-related,Jonathan verließ die Küche. Eine Weile säuberte er den,Ofen,und danach den Kühlschrank.,0.53189874,SE,Gameselo/STS-multilingual-mpnet-base-v2
179,60,script-unrelated,Jonathan ging in den Garten. Eine Weile säuberte er den,Ofen,und danach den Kühlschrank.,0.5213699,SE,Gameselo/STS-multilingual-mpnet-base-v2
180,61,control,Lara ging zum Herd. Schnell reinigte sie die,Herdplatte,und dann die Abzugshaube.,0.7281312,SE,Gameselo/STS-multilingual-mpnet-base-v2
181,61,script-related,Lara ging weg vom Herd. Schnell reinigte sie die,Herdplatte,und dann die Abzugshaube.,0.69700783,SE,Gameselo/STS-multilingual-mpnet-base-v2
182,61,script-unrelated,Lara ging ins Museum. Schnell reinigte sie die,Herdplatte,und dann die Abzugshaube.,0.59683955,SE,Gameselo/STS-multilingual-mpnet-base-v2
183,62,control,Roman ging in die Buchhandlung. Schnell suchte er einen,Roman,für seine Frau.,0.6024173,SE,Gameselo/STS-multilingual-mpnet-base-v2
184,62,script-related,Roman verließ die Buchhandlung. Schnell suchte er einen,Roman,für seine Frau.,0.66114444,SE,Gameselo/STS-multilingual-mpnet-base-v2
185,62,script-unrelated,Roman ging zum Konditor. Schnell suchte er einen,Roman,für seine Frau.,0.6771852,SE,Gameselo/STS-multilingual-mpnet-base-v2
186,63,control,Annika ging in die Boutique. Eine Zeit lang suchte sie nach,Stiefeln,und kaufte sie dann.,0.51203984,SE,Gameselo/STS-multilingual-mpnet-base-v2
187,63,script-related,Annika verließ die Boutique. Eine Zeit lang suchte sie nach,Stiefeln,und kaufte sie dann.,0.5191934,SE,Gameselo/STS-multilingual-mpnet-base-v2
188,63,script-unrelated,Annika ging ins Spa. Eine Zeit lang suchte sie nach,Stiefeln,und kaufte sie dann.,0.52987355,SE,Gameselo/STS-multilingual-mpnet-base-v2
189,64,control,Emil betrat die Apotheke. Schnell kaufte er das,Medikament,und ging dann nach Hause.,0.69093436,SE,Gameselo/STS-multilingual-mpnet-base-v2
190,64,script-related,Emil verließ die Apotheke. Schnell kaufte er das,Medikament,und ging dann nach Hause.,0.6799625,SE,Gameselo/STS-multilingual-mpnet-base-v2
191,64,script-unrelated,Emil betrat die Reitschule. Schnell kaufte er das,Medikament,und ging dann nach Hause.,0.6508515,SE,Gameselo/STS-multilingual-mpnet-base-v2
192,65,control,Susanne betrat das Bad. Sofort entfernte sie ihr,Makeup,und putzte sich die Zähne.,0.55162287,SE,Gameselo/STS-multilingual-mpnet-base-v2
193,65,script-related,Susanne verließ das Bad. Sofort entfernte sie ihr,Makeup,und putzte sich die Zähne.,0.49891147,SE,Gameselo/STS-multilingual-mpnet-base-v2
194,65,script-unrelated,Susanne ging zur Sicherheitskontrolle. Sofort entfernte sie ihr,Makeup,und putzte sich die Zähne.,0.5389565,SE,Gameselo/STS-multilingual-mpnet-base-v2
195,66,control,Martin kam zur Autowerkstatt. Umgehend fragte er nach den,Reifen,für den Winter.,0.5622865,SE,Gameselo/STS-multilingual-mpnet-base-v2
196,66,script-related,Martin verließ die Autowerkstatt. Umgehend fragte er nach den,Reifen,für den Winter.,0.5935592,SE,Gameselo/STS-multilingual-mpnet-base-v2
197,66,script-unrelated,Martin kam zur Hotelrezeption. Umgehend fragte er nach den,Reifen,für den Winter.,0.44413543,SE,Gameselo/STS-multilingual-mpnet-base-v2
198,67,control,Jutta ging zur Post. Umgehend bekam sie das,Paket,auf das sie gewartet hatte.,0.6204579,SE,Gameselo/STS-multilingual-mpnet-base-v2
199,67,script-related,Jutta verließ die Post. Umgehend bekam sie das,Paket,auf das sie gewartet hatte.,0.63238704,SE,Gameselo/STS-multilingual-mpnet-base-v2
200,67,script-unrelated,Jutta ging zum Zahnarzt. Umgehend bekam sie das,Paket,auf das sie gewartet hatte.,0.6044449,SE,Gameselo/STS-multilingual-mpnet-base-v2
201,68,control,Jens ging zur Zollstelle. Schnell zeigte er sein,Formular,und schaute den Beamten an.,0.6025588,SE,Gameselo/STS-multilingual-mpnet-base-v2
202,68,script-related,Jens verließ die Zollstelle. Schnell zeigte er sein,Formular,und schaute den Beamten an.,0.65426195,SE,Gameselo/STS-multilingual-mpnet-base-v2
203,68,script-unrelated,Jens begann Poker zu spielen. Schnell zeigte er sein,Formular,und schaute den Beamten an.,0.59290934,SE,Gameselo/STS-multilingual-mpnet-base-v2
204,69,control,Elena begann zu zeichnen. Umgehend nahm sie den,Stift,und zeichnete eine Blume.,0.6015765,SE,Gameselo/STS-multilingual-mpnet-base-v2
205,69,script-related,Elena hörte auf zu zeichnen. Umgehend nahm sie den,Stift,und zeichnete eine Blume.,0.62668043,SE,Gameselo/STS-multilingual-mpnet-base-v2
206,69,script-unrelated,Elena begann den Urlaub. Umgehend nahm sie den,Stift,und zeichnete eine Blume.,0.5894168,SE,Gameselo/STS-multilingual-mpnet-base-v2
207,70,control,Bruno begann seinen Filmabend. Schnell besorgte er das,Popcorn,aus der Küche.,0.5377782,SE,Gameselo/STS-multilingual-mpnet-base-v2
208,70,script-related,Bruno beendete seinen Filmabend. Schnell besorgte er das,Popcorn,aus der Küche.,0.60175866,SE,Gameselo/STS-multilingual-mpnet-base-v2
209,70,script-unrelated,Bruno betrat das Bürgeramt. Schnell besorgte er das,Popcorn,aus der Küche.,0.55886924,SE,Gameselo/STS-multilingual-mpnet-base-v2
210,71,control,Jana betrat das Gartencenter. Nach einer Weile fragte sie nach einer,Palme,für den Balkon.,0.60082895,SE,Gameselo/STS-multilingual-mpnet-base-v2
211,71,script-related,Jana verließ das Gartencenter. Nach einer Weile fragte sie nach einer,Palme,für den Balkon.,0.6191423,SE,Gameselo/STS-multilingual-mpnet-base-v2
212,71,script-unrelated,Jana ging auf die Kirmes. Nach einer Weile fragte sie nach einer,Palme,für den Balkon.,0.641657,SE,Gameselo/STS-multilingual-mpnet-base-v2
213,72,control,Nico fuhr zur Pizzeria. Sofort griff er die,Speisekarte,und bestellte eine Margherita.,0.5953433,SE,Gameselo/STS-multilingual-mpnet-base-v2
214,72,script-related,Nico verließ die Pizzeria. Sofort griff er die,Speisekarte,und bestellte eine Margherita.,0.6358889,SE,Gameselo/STS-multilingual-mpnet-base-v2
215,72,script-unrelated,Nico fuhr wandern. Sofort griff er die,Speisekarte,und bestellte eine Margherita.,0.60786295,SE,Gameselo/STS-multilingual-mpnet-base-v2
216,73,control,Beate ging Schwimmen. Schnell prüfte sie das,Becken,und schwamm los.,0.80761445,SE,Gameselo/STS-multilingual-mpnet-base-v2
217,73,script-related,Beate kam zurück vom Schwimmen. Schnell prüfte sie das,Becken,und schwamm los.,0.76831716,SE,Gameselo/STS-multilingual-mpnet-base-v2
218,73,script-unrelated,Beate fuhr mit dem Taxi. Schnell prüfte sie das,Becken,und schwamm los.,0.68654823,SE,Gameselo/STS-multilingual-mpnet-base-v2
219,74,control,Hubert nahm ein Flugzeug. Voller Begeisterung genoss er die,Höhe,denn er liebte das Fliegen.,0.6372347,SE,Gameselo/STS-multilingual-mpnet-base-v2
220,74,script-related,Hubert verließ das Flugzeug. Voller Begeisterung genoss er die,Höhe,denn er liebte das Fliegen.,0.63804364,SE,Gameselo/STS-multilingual-mpnet-base-v2
221,74,script-unrelated,Hubert begann zu baden. Voller Begeisterung genoss er die,Höhe,denn er liebte das Fliegen.,0.64754885,SE,Gameselo/STS-multilingual-mpnet-base-v2
222,75,control,Jenni begann den Unterricht. Sofort öffnete sie die,Tafel,und begann zu schreiben.,0.6365262,SE,Gameselo/STS-multilingual-mpnet-base-v2
223,75,script-related,Jenni hörte auf mit dem Unterricht. Sofort öffnete sie die,Tafel,und begann zu schreiben.,0.684181,SE,Gameselo/STS-multilingual-mpnet-base-v2
224,75,script-unrelated,Jenni betrat die Eishalle. Sofort öffnete sie die,Tafel,und begann zu schreiben.,0.581746,SE,Gameselo/STS-multilingual-mpnet-base-v2
225,76,control,Hans betrat die Kletterhalle. Wenig später griff er das,Seil,und spannte es ein.,0.46056584,SE,Gameselo/STS-multilingual-mpnet-base-v2
226,76,script-related,Hans verließ die Kletterhalle. Wenig später griff er das,Seil,und spannte es ein.,0.49127483,SE,Gameselo/STS-multilingual-mpnet-base-v2
227,76,script-unrelated,Hans begann zu bowlen. Wenig später griff er das,Seil,und spannte es ein.,0.47263414,SE,Gameselo/STS-multilingual-mpnet-base-v2
228,77,control,Clara ging zum Schießstand. Sofort bekam sie einen,Revolver,und begann auf das Ziel zu schießen.,0.6265147,SE,Gameselo/STS-multilingual-mpnet-base-v2
229,77,script-related,Clara verließ den Schießstand. Sofort bekam sie einen,Revolver,und begann auf das Ziel zu schießen.,0.63955194,SE,Gameselo/STS-multilingual-mpnet-base-v2
230,77,script-unrelated,Clara ging auf einen Feuerwehreinsatz. Sofort bekam sie einen,Revolver,und begann auf das Ziel zu schießen.,0.5557104,SE,Gameselo/STS-multilingual-mpnet-base-v2
231,78,control,Georg nahm teil an Yoga. Nach einer Weile setzte er sich auf seine,Yogamatte,und machte eine Übung.,0.7249175,SE,Gameselo/STS-multilingual-mpnet-base-v2
232,78,script-related,Georg kam zurück vom Yoga. Nach einer Weile setzte er sich auf seine,Yogamatte,und machte eine Übung.,0.6520607,SE,Gameselo/STS-multilingual-mpnet-base-v2
233,78,script-unrelated,Georg nahm teil am Fußballspiel. Nach einer Weile setzte er sich auf seine,Yogamatte,und machte eine Übung.,0.52777946,SE,Gameselo/STS-multilingual-mpnet-base-v2
234,79,control,Johanna begann die Jagd. Nach einer Weile erblickte sie den,Hochsitz,und ging darauf zu.,0.5610933,SE,Gameselo/STS-multilingual-mpnet-base-v2
235,79,script-related,Johanna kam zurück von der Jagd. Nach einer Weile erblickte sie den,Hochsitz,und ging darauf zu.,0.5218021,SE,Gameselo/STS-multilingual-mpnet-base-v2
236,79,script-unrelated,Johanna betrat die Metzgerei. Nach einer Weile erblickte sie den,Hochsitz,und ging darauf zu.,0.59056437,SE,Gameselo/STS-multilingual-mpnet-base-v2
237,80,control,Jürgen betrat die Bäckerei. Wenig später zeigte er auf das,Croissant,und wählte aus.,0.59559774,SE,Gameselo/STS-multilingual-mpnet-base-v2
238,80,script-related,Jürgen verließ die Bäckerei. Wenig später zeigte er auf das,Croissant,und wählte aus.,0.621635,SE,Gameselo/STS-multilingual-mpnet-base-v2
239,80,script-unrelated,Jürgen betrat den Zoo. Wenig später zeigte er auf das,Croissant,und wählte aus.,0.5517768,SE,Gameselo/STS-multilingual-mpnet-base-v2
240,81,control,Frauke ging ins Stadion. Schnell wählte sie eine,Tribüne,und setzte sich.,0.58987975,SE,Gameselo/STS-multilingual-mpnet-base-v2
241,81,script-related,Frauke verließ das Stadion. Schnell wählte sie eine,Tribüne,und setzte sich.,0.6134543,SE,Gameselo/STS-multilingual-mpnet-base-v2
242,81,script-unrelated,Frauke ging zum Waschsalon. Schnell wählte sie eine,Tribüne,und setzte sich.,0.5769361,SE,Gameselo/STS-multilingual-mpnet-base-v2
243,82,control,Bernd betrat den Kiosk. Sofort kaufte er eine,Zeitung,und ging wieder heim.,0.6896251,SE,Gameselo/STS-multilingual-mpnet-base-v2
244,82,script-related,Bernd verließ den Kiosk. Sofort kaufte er eine,Zeitung,und ging wieder heim.,0.7006089,SE,Gameselo/STS-multilingual-mpnet-base-v2
245,82,script-unrelated,Bernd betrat den Zirkus. Sofort kaufte er eine,Zeitung,und ging wieder heim.,0.7004113,SE,Gameselo/STS-multilingual-mpnet-base-v2
246,83,control,Nicole betrat das Büro. Zuerst ging sie zum,Schreibtisch,und schaltete dann den Computer ein.,0.51507586,SE,Gameselo/STS-multilingual-mpnet-base-v2
247,83,script-related,Nicole verließ das Büro. Zuerst ging sie zum,Schreibtisch,und schaltete dann den Computer ein.,0.5278528,SE,Gameselo/STS-multilingual-mpnet-base-v2
248,83,script-unrelated,Nicole betrat die Sauna. Zuerst ging sie zum,Schreibtisch,und schaltete dann den Computer ein.,0.4887928,SE,Gameselo/STS-multilingual-mpnet-base-v2
249,84,control,Viktor ging ins Labor. Schnell begann er das,Experiment,und machte sich Notizen.,0.5833634,SE,Gameselo/STS-multilingual-mpnet-base-v2
250,84,script-related,Viktor verließ das Labor. Schnell begann er das,Experiment,und machte sich Notizen.,0.5623946,SE,Gameselo/STS-multilingual-mpnet-base-v2
251,84,script-unrelated,Viktor ging zum Tierarzt. Schnell begann er das,Experiment,und machte sich Notizen.,0.55064726,SE,Gameselo/STS-multilingual-mpnet-base-v2
252,85,control,Gabi ging in die Umkleide. Schnell probierte sie die,Kleidung,an und ging zur Kasse.,0.695185,SE,Gameselo/STS-multilingual-mpnet-base-v2
253,85,script-related,Gabi verließ die Umkleide. Schnell probierte sie die,Kleidung,an und ging zur Kasse.,0.6790003,SE,Gameselo/STS-multilingual-mpnet-base-v2
254,85,script-unrelated,Gabi betrat den Tatort. Schnell probierte sie die,Kleidung,an und ging zur Kasse.,0.5887039,SE,Gameselo/STS-multilingual-mpnet-base-v2
255,86,control,Jakob betrat die Tankstelle. Sofort sagte er seine,Nummer,und bezahlte.,0.6688172,SE,Gameselo/STS-multilingual-mpnet-base-v2
256,86,script-related,Jakob verließ die Tankstelle. Sofort sagte er seine,Nummer,und bezahlte.,0.6400361,SE,Gameselo/STS-multilingual-mpnet-base-v2
257,86,script-unrelated,Jakob begann Bäume zu fällen. Sofort sagte er seine,Nummer,und bezahlte.,0.67225593,SE,Gameselo/STS-multilingual-mpnet-base-v2
258,87,control,Hilde begann die Kutsche zu fahren. Schnell bestieg sie den,Kutschbock,und los ging es.,0.61957836,SE,Gameselo/STS-multilingual-mpnet-base-v2
259,87,script-related,Hilde war fertig die Kutsche zu fahren. Schnell bestieg sie den,Kutschbock,und los ging es.,0.62706876,SE,Gameselo/STS-multilingual-mpnet-base-v2
260,87,script-unrelated,Hilde begann ein Lagerfeuer. Schnell bestieg sie den,Kutschbock,und los ging es.,0.68659216,SE,Gameselo/STS-multilingual-mpnet-base-v2
261,88,control,Tom begann Frühstück zu machen. Sofort öffnete er die,Butter,und machte sich ein Brot.,0.3894255,SE,Gameselo/STS-multilingual-mpnet-base-v2
262,88,script-related,Tom hörte auf Frühstück zu machen. Sofort öffnete er die,Butter,und machte sich ein Brot.,0.44021294,SE,Gameselo/STS-multilingual-mpnet-base-v2
263,88,script-unrelated,Tom ging zum Weihnachtsmarkt. Sofort öffnete er die,Butter,und machte sich ein Brot.,0.3626732,SE,Gameselo/STS-multilingual-mpnet-base-v2
264,89,control,Kim ging ins Krankenhaus. Gleich ging sie zur,Rezeption,und fragte nach dem Weg.,0.5021512,SE,Gameselo/STS-multilingual-mpnet-base-v2
265,89,script-related,Kim verließ das Krankenhaus. Gleich ging sie zur,Rezeption,und fragte nach dem Weg.,0.50583184,SE,Gameselo/STS-multilingual-mpnet-base-v2
266,89,script-unrelated,Kim fing an sein Mittagessen zu kochen. Gleich ging sie zur,Rezeption,und fragte nach dem Weg.,0.5181579,SE,Gameselo/STS-multilingual-mpnet-base-v2
267,90,control,Michael fing an damit einen Kuchen zu backen. Als erstes nahm er einen,Schneebesen,und schlug Eiweiß steif.,0.4544113,SE,Gameselo/STS-multilingual-mpnet-base-v2
268,90,script-related,Michael war fertig damit einen Kuchen zu backen. Als erstes nahm er einen,Schneebesen,und schlug Eiweiß steif.,0.4496038,SE,Gameselo/STS-multilingual-mpnet-base-v2
269,90,script-unrelated,Michael betrat das Restaurant. Als erstes nahm er einen,Schneebesen,und schlug Eiweiß steif.,0.39339745,SE,Gameselo/STS-multilingual-mpnet-base-v2
0,1,control,Johann betrat das Restaurant. Wenig später öffnete er die,Speisekarte,und verschaffte sich einen Überblick.,0.3251979,SE,Qwen/Qwen3-Embedding-8B
1,1,script-related,Johann verließ das Restaurant. Wenig später öffnete er die,Speisekarte,und verschaffte sich einen Überblick.,0.2894045,SE,Qwen/Qwen3-Embedding-8B
2,1,script-unrelated,Johann betrat die Wohnung. Wenig später öffnete er die,Speisekarte,und verschaffte sich einen Überblick.,0.21955979,SE,Qwen/Qwen3-Embedding-8B
3,2,control,Sabine betrat das Kino. Schnell ging sie zur,Kasse,und kaufte eine Karte.,0.32254586,SE,Qwen/Qwen3-Embedding-8B
4,2,script-related,Sabine verließ das Kino. Schnell ging sie zur,Kasse,und kaufte eine Karte.,0.27266032,SE,Qwen/Qwen3-Embedding-8B
5,2,script-unrelated,Sabine betrat die Schule. Schnell ging sie zur,Kasse,und kaufte eine Karte.,0.29204077,SE,Qwen/Qwen3-Embedding-8B
6,3,control,Kevin betrat den Bauernhof. Ohne zu zögern nahm er eine,Mistgabel,und fing an zu schaufeln.,0.22026864,SE,Qwen/Qwen3-Embedding-8B
7,3,script-related,Kevin verließ den Bauernhof. Ohne zu zögern nahm er eine,Mistgabel,und fing an zu schaufeln.,0.21836129,SE,Qwen/Qwen3-Embedding-8B
8,3,script-unrelated,Kevin betrat die Kirche. Ohne zu zögern nahm er eine,Mistgabel,und fing an zu schaufeln.,0.20285352,SE,Qwen/Qwen3-Embedding-8B
9,4,control,Susi betrat die Arztpraxis. Freundlich sprach sie mit der,Arzthelferin,über die Problematik.,0.34226388,SE,Qwen/Qwen3-Embedding-8B
10,4,script-related,Susi verließ die Arztpraxis. Freundlich sprach sie mit der,Arzthelferin,über die Problematik.,0.32367533,SE,Qwen/Qwen3-Embedding-8B
11,4,script-unrelated,Susi betrat das Gehege. Freundlich sprach sie mit der,Arzthelferin,über die Problematik.,0.3271598,SE,Qwen/Qwen3-Embedding-8B
12,5,control,Roman betrat die Bücherei. Kurz danach ging er zum,Regal,und suchte einen Krimi.,0.25324717,SE,Qwen/Qwen3-Embedding-8B
13,5,script-related,Roman verließ die Bücherei. Kurz danach ging er zum,Regal,und suchte einen Krimi.,0.21882012,SE,Qwen/Qwen3-Embedding-8B
14,5,script-unrelated,Roman betrat die Kneipe. Kurz danach ging er zum,Regal,und suchte einen Krimi.,0.26777264,SE,Qwen/Qwen3-Embedding-8B
15,6,control,Lea begann damit Spaghetti zu kochen. Vorsichtig öffnete sie die,Nudelpackung,mit einem Handgriff.,0.39102468,SE,Qwen/Qwen3-Embedding-8B
16,6,script-related,Lea war fertig damit Spaghetti zu kochen. Vorsichtig öffnete sie die,Nudelpackung,mit einem Handgriff.,0.38322142,SE,Qwen/Qwen3-Embedding-8B
17,6,script-unrelated,Lea begann die Wände zu streichen. Vorsichtig öffnete sie die,Nudelpackung,mit einem Handgriff.,0.23737662,SE,Qwen/Qwen3-Embedding-8B
18,7,control,Peter erreichte das Theater. Wenig später ging er zur,Loge,und setzte sich.,0.30585822,SE,Qwen/Qwen3-Embedding-8B
19,7,script-related,Peter verließ das Theater. Wenig später ging er zur,Loge,und setzte sich.,0.30326843,SE,Qwen/Qwen3-Embedding-8B
20,7,script-unrelated,Peter erreichte den Supermarkt. Wenig später ging er zur,Loge,und setzte sich.,0.27069968,SE,Qwen/Qwen3-Embedding-8B
21,8,control,Lisa betrat den Bahnhof. Wenig später war sie am,Gleis,und wartete auf den Zug.,0.3772598,SE,Qwen/Qwen3-Embedding-8B
22,8,script-related,Lisa verließ den Bahnhof. Wenig später war sie am,Gleis,und wartete auf den Zug.,0.35076022,SE,Qwen/Qwen3-Embedding-8B
23,8,script-unrelated,Lisa betrat das Haus. Wenig später war sie am,Gleis,und wartete auf den Zug.,0.2319764,SE,Qwen/Qwen3-Embedding-8B
24,9,control,Tim begann im Fitnessstudio zu trainieren. Umgehend war er auf dem,Laufband,und rann wie verrückt.,0.3877333,SE,Qwen/Qwen3-Embedding-8B
25,9,script-related,Tim hörte auf im Fitnessstudio zu trainieren. Umgehend war er auf dem,Laufband,und rann wie verrückt.,0.37946752,SE,Qwen/Qwen3-Embedding-8B
26,9,script-unrelated,Tim begann seine Fahrstunde. Umgehend war er auf dem,Laufband,und rann wie verrückt.,0.3294661,SE,Qwen/Qwen3-Embedding-8B
27,10,control,Maria erreichte den Flughafen. Sofort ging sie zum,Check-in,um den Koffer aufzugeben.,0.41492933,SE,Qwen/Qwen3-Embedding-8B
28,10,script-related,Maria verließ den Flughafen. Sofort ging sie zum,Check-in,um den Koffer aufzugeben.,0.38377315,SE,Qwen/Qwen3-Embedding-8B
29,10,script-unrelated,Maria erreichte das Einkaufszentrum. Sofort ging sie zum,Check-in,um den Koffer aufzugeben.,0.37399444,SE,Qwen/Qwen3-Embedding-8B
30,11,control,Lukas kam zur Geburtstagsfeier. Nach einer Weile überreichte er den,Kuchen,und gratulierte.,0.33051315,SE,Qwen/Qwen3-Embedding-8B
31,11,script-related,Lukas verließ die Geburtstagsfeier. Nach einer Weile überreichte er den,Kuchen,und gratulierte.,0.29745516,SE,Qwen/Qwen3-Embedding-8B
32,11,script-unrelated,Lukas kam zum Unterricht. Nach einer Weile überreichte er den,Kuchen,und gratulierte.,0.27794704,SE,Qwen/Qwen3-Embedding-8B
33,12,control,Marie ging zum Friseur. Nach einem kurzen Moment fragte sie die,Stylistin,nach einem neuen Schnitt.,0.28319126,SE,Qwen/Qwen3-Embedding-8B
34,12,script-related,Marie verließ den Friseur. Nach einem kurzen Moment fragte sie die,Stylistin,nach einem neuen Schnitt.,0.27837718,SE,Qwen/Qwen3-Embedding-8B
35,12,script-unrelated,Marie ging zur Uni. Nach einem kurzen Moment fragte sie die,Stylistin,nach einem neuen Schnitt.,0.21736583,SE,Qwen/Qwen3-Embedding-8B
36,13,control,Thorsten begann zu duschen. Als erstes benutzte er das,Shampoo,und dann das Duschgel.,0.35544312,SE,Qwen/Qwen3-Embedding-8B
37,13,script-related,Thorsten hörte auf zu duschen. Als erstes benutzte er das,Shampoo,und dann das Duschgel.,0.35350278,SE,Qwen/Qwen3-Embedding-8B
38,13,script-unrelated,Thorsten begann zu grillen. Als erstes benutzte er das,Shampoo,und dann das Duschgel.,0.25816688,SE,Qwen/Qwen3-Embedding-8B
39,14,control,Claudia betrat den Blumenladen. Schnell fragte sie nach einer,Rose,für eine Freundin.,0.36055306,SE,Qwen/Qwen3-Embedding-8B
40,14,script-related,Claudia verließ den Blumenladen. Schnell fragte sie nach einer,Rose,für eine Freundin.,0.3547907,SE,Qwen/Qwen3-Embedding-8B
41,14,script-unrelated,Claudia betrat das Tiergeschäft. Schnell fragte sie nach einer,Rose,für eine Freundin.,0.23131359,SE,Qwen/Qwen3-Embedding-8B
42,15,control,Jonathan ging zum Friedhof. Nachdenklich betrachtete er den,Grabstein,und sprach ein Gebet.,0.31758022,SE,Qwen/Qwen3-Embedding-8B
43,15,script-related,Jonathan verließ den Friedhof. Nachdenklich betrachtete er den,Grabstein,und sprach ein Gebet.,0.34126353,SE,Qwen/Qwen3-Embedding-8B
44,15,script-unrelated,Jonathan ging in die Küche. Nachdenklich betrachtete er den,Grabstein,und sprach ein Gebet.,0.25764623,SE,Qwen/Qwen3-Embedding-8B
45,16,control,Lara ging in den Garten. Genau prüfte sie die,Erde,und goss dann die Blumen.,0.2542618,SE,Qwen/Qwen3-Embedding-8B
46,16,script-related,Lara verließ den Garten. Genau prüfte sie die,Erde,und goss dann die Blumen.,0.21825093,SE,Qwen/Qwen3-Embedding-8B
47,16,script-unrelated,Lara ging zum Herd. Genau prüfte sie die,Erde,und goss dann die Blumen.,0.26489776,SE,Qwen/Qwen3-Embedding-8B
48,17,control,Roman ging ins Museum. Akribisch betrachtete er die,Skulpturen,und war begeistert.,0.31587666,SE,Qwen/Qwen3-Embedding-8B
49,17,script-related,Roman verließ das Museum. Akribisch betrachtete er die,Skulpturen,und war begeistert.,0.30825776,SE,Qwen/Qwen3-Embedding-8B
50,17,script-unrelated,Roman ging in die Buchhandlung. Akribisch betrachtete er die,Skulpturen,und war begeistert.,0.22998483,SE,Qwen/Qwen3-Embedding-8B
51,18,control,Annika ging zum Konditor. Schnell fragte sie nach einem,Kuchen,und bezahlte sofort.,0.36444774,SE,Qwen/Qwen3-Embedding-8B
52,18,script-related,Annika verließ den Konditor. Schnell fragte sie nach einem,Kuchen,und bezahlte sofort.,0.3490112,SE,Qwen/Qwen3-Embedding-8B
53,18,script-unrelated,Annika ging in die Boutique. Schnell fragte sie nach einem,Kuchen,und bezahlte sofort.,0.2470661,SE,Qwen/Qwen3-Embedding-8B
54,19,control,Emil betrat das Spa. Nach einer Weile bekam er eine,Massage,und genoss sie.,0.28832147,SE,Qwen/Qwen3-Embedding-8B
55,19,script-related,Emil verließ das Spa. Nach einer Weile bekam er eine,Massage,und genoss sie.,0.24406,SE,Qwen/Qwen3-Embedding-8B
56,19,script-unrelated,Emil betrat die Apotheke. Nach einer Weile bekam er eine,Massage,und genoss sie.,0.19892804,SE,Qwen/Qwen3-Embedding-8B
57,20,control,Susanne betrat die Reitschule. Schnell setzte sie den,Sattel,auf und ritt los.,0.32438588,SE,Qwen/Qwen3-Embedding-8B
58,20,script-related,Susanne verließ die Reitschule. Schnell setzte sie den,Sattel,auf und ritt los.,0.3139305,SE,Qwen/Qwen3-Embedding-8B
59,20,script-unrelated,Susanne betrat das Bad. Schnell setzte sie den,Sattel,auf und ritt los.,0.30493283,SE,Qwen/Qwen3-Embedding-8B
60,21,control,Martin kam zur Sicherheitskontrolle. Zügig öffnete er den,Koffer,und wurde durchgewunken.,0.32926625,SE,Qwen/Qwen3-Embedding-8B
61,21,script-related,Martin verließ die Sicherheitskontrolle. Zügig öffnete er den,Koffer,und wurde durchgewunken.,0.30628845,SE,Qwen/Qwen3-Embedding-8B
62,21,script-unrelated,Martin kam zur Autowerkstatt. Zügig öffnete er den,Koffer,und wurde durchgewunken.,0.30029953,SE,Qwen/Qwen3-Embedding-8B
63,22,control,Jutta ging zur Hotelrezeption. Sofort bekam sie ein,Zimmer,und dankte freundlich.,0.25277433,SE,Qwen/Qwen3-Embedding-8B
64,22,script-related,Jutta verließ die Hotelrezeption. Sofort bekam sie ein,Zimmer,und dankte freundlich.,0.26781824,SE,Qwen/Qwen3-Embedding-8B
65,22,script-unrelated,Jutta ging zur Post. Sofort bekam sie ein,Zimmer,und dankte freundlich.,0.2683921,SE,Qwen/Qwen3-Embedding-8B
66,23,control,Jens ging zum Zahnarzt. Ängstlich ging er zum,Röntgen,und ließ sich behandeln.,0.2730898,SE,Qwen/Qwen3-Embedding-8B
67,23,script-related,Jens verließ den Zahnarzt. Ängstlich ging er zum,Röntgen,und ließ sich behandeln.,0.26703626,SE,Qwen/Qwen3-Embedding-8B
68,23,script-unrelated,Jens ging zur Zollstelle. Ängstlich ging er zum,Röntgen,und ließ sich behandeln.,0.24874808,SE,Qwen/Qwen3-Embedding-8B
69,24,control,Elena begann Poker zu spielen. Schnell setzte sie ihr,Geld,und gewann.,0.24960025,SE,Qwen/Qwen3-Embedding-8B
70,24,script-related,Elena hörte auf Poker zu spielen. Schnell setzte sie ihr,Geld,und gewann.,0.2538257,SE,Qwen/Qwen3-Embedding-8B
71,24,script-unrelated,Elena begann zu zeichnen. Schnell setzte sie ihr,Geld,und gewann.,0.24731266,SE,Qwen/Qwen3-Embedding-8B
72,25,control,Bruno begann seinen Urlaub. Endlich kam er am,Meer,an und genoss das Wetter.,0.21486482,SE,Qwen/Qwen3-Embedding-8B
73,25,script-related,Bruno beendete seinen Urlaub. Endlich kam er am,Meer,an und genoss das Wetter.,0.21520202,SE,Qwen/Qwen3-Embedding-8B
74,25,script-unrelated,Bruno begann seinen Filmabend. Endlich kam er am,Meer,an und genoss das Wetter.,0.18823056,SE,Qwen/Qwen3-Embedding-8B
75,26,control,Jana betrat das Bürgeramt. Umgehend zeigte sie ihr,Visum,und stellte einen Antrag.,0.27790028,SE,Qwen/Qwen3-Embedding-8B
76,26,script-related,Jana verließ das Bürgeramt. Umgehend zeigte sie ihr,Visum,und stellte einen Antrag.,0.27376792,SE,Qwen/Qwen3-Embedding-8B
77,26,script-unrelated,Jana betrat das Gartencenter. Umgehend zeigte sie ihr,Visum,und stellte einen Antrag.,0.22961128,SE,Qwen/Qwen3-Embedding-8B
78,27,control,Nico fuhr auf die Kirmes. Sofort ging er zum,Auto-Scooter,und fuhr eine Runde.,0.3475828,SE,Qwen/Qwen3-Embedding-8B
79,27,script-related,Nico verließ die Kirmes. Sofort ging er zum,Auto-Scooter,und fuhr eine Runde.,0.26327956,SE,Qwen/Qwen3-Embedding-8B
80,27,script-unrelated,Nico fuhr zur Pizzeria. Sofort ging er zum,Auto-Scooter,und fuhr eine Runde.,0.3270238,SE,Qwen/Qwen3-Embedding-8B
81,28,control,Beate ging Wandern. Nach einer Weile sah sie ein,Edelweiß,das sie gleich mitnahm.,0.3878447,SE,Qwen/Qwen3-Embedding-8B
82,28,script-related,Beate kam zurück vom Wandern. Nach einer Weile sah sie ein,Edelweiß,das sie gleich mitnahm.,0.33720306,SE,Qwen/Qwen3-Embedding-8B
83,28,script-unrelated,Beate ging schwimmen. Nach einer Weile sah sie ein,Edelweiß,das sie gleich mitnahm.,0.2956222,SE,Qwen/Qwen3-Embedding-8B
84,29,control,Hubert nahm ein Taxi. Freundlich begrüßte er den,Fahrer,und nannte sein Ziel.,0.36873567,SE,Qwen/Qwen3-Embedding-8B
85,29,script-related,Hubert verließ das Taxi. Freundlich begrüßte er den,Fahrer,und nannte sein Ziel.,0.33392975,SE,Qwen/Qwen3-Embedding-8B
86,29,script-unrelated,Hubert nahm ein Flugzeug. Freundlich begrüßte er den,Fahrer,und nannte sein Ziel.,0.35897973,SE,Qwen/Qwen3-Embedding-8B
87,30,control,Jenni begann zu baden. Sofort verteilte sie den,Schaum,auf ihrem Körper.,0.26130307,SE,Qwen/Qwen3-Embedding-8B
88,30,script-related,Jenni hörte auf zu baden. Sofort verteilte sie den,Schaum,auf ihrem Körper.,0.22923326,SE,Qwen/Qwen3-Embedding-8B
89,30,script-unrelated,Jenni begann die Vorlesung. Sofort verteilte sie den,Schaum,auf ihrem Körper.,0.31457686,SE,Qwen/Qwen3-Embedding-8B
90,31,control,Hans betrat die Eishalle. Flott schnürte er seine,Schlittschuhe,und ging auf die Bahn.,0.41432735,SE,Qwen/Qwen3-Embedding-8B
91,31,script-related,Hans verließ die Eishalle. Flott schnürte er seine,Schlittschuhe,und ging auf die Bahn.,0.40746236,SE,Qwen/Qwen3-Embedding-8B
92,31,script-unrelated,Hans betrat die Kletterhalle. Flott schnürte er seine,Schlittschuhe,und ging auf die Bahn.,0.32950395,SE,Qwen/Qwen3-Embedding-8B
93,32,control,Clara begann zu bowlen. Gekonnt erzielte sie einen,Strike,und gewann das Spiel.,0.3335581,SE,Qwen/Qwen3-Embedding-8B
94,32,script-related,Clara hörte auf zu bowlen. Gekonnt erzielte sie einen,Strike,und gewann das Spiel.,0.3245762,SE,Qwen/Qwen3-Embedding-8B
95,32,script-unrelated,Clara ging zum Schießstand. Gekonnt erzielte sie einen,Strike,und gewann das Spiel.,0.2633713,SE,Qwen/Qwen3-Embedding-8B
96,33,control,Georg nahm teil an einem Feuerwehreinsatz. Sofort benutzte er den,Schlauch,und löschte das Feuer.,0.23531972,SE,Qwen/Qwen3-Embedding-8B
97,33,script-related,Georg beendete einen Feuerwehreinsatz. Sofort benutzte er den,Schlauch,und löschte das Feuer.,0.26505193,SE,Qwen/Qwen3-Embedding-8B
98,33,script-unrelated,Georg nahm teil an Yoga. Sofort benutzte er den,Schlauch,und löschte das Feuer.,0.26162085,SE,Qwen/Qwen3-Embedding-8B
99,34,control,Johanna begann das Fußballspiel. Nach kurzer Zeit machte sie ein,Tor,und jubelte laut.,0.16806895,SE,Qwen/Qwen3-Embedding-8B
100,34,script-related,Johanna beendete das Fußballspiel. Nach kurzer Zeit machte sie ein,Tor,und jubelte laut.,0.16632995,SE,Qwen/Qwen3-Embedding-8B
101,34,script-unrelated,Johanna begann die Jagd. Nach kurzer Zeit machte sie ein,Tor,und jubelte laut.,0.18323107,SE,Qwen/Qwen3-Embedding-8B
102,35,control,Jürgen betrat die Metzgerei. Sofort fragte er nach einem,Steak,und bezahlte.,0.32190838,SE,Qwen/Qwen3-Embedding-8B
103,35,script-related,Jürgen verließ die Metzgerei. Sofort fragte er nach einem,Steak,und bezahlte.,0.29473412,SE,Qwen/Qwen3-Embedding-8B
104,35,script-unrelated,Jürgen betrat die Bäckerei. Sofort fragte er nach einem,Steak,und bezahlte.,0.26935425,SE,Qwen/Qwen3-Embedding-8B
105,36,control,Frauke betrat den Zoo. Wenig später fotografierte sie ein,Zebra,beim Trinken.,0.3316132,SE,Qwen/Qwen3-Embedding-8B
106,36,script-related,Frauke verließ den Zoo. Wenig später fotografierte sie ein,Zebra,beim Trinken.,0.31519964,SE,Qwen/Qwen3-Embedding-8B
107,36,script-unrelated,Frauke ging ins Stadion. Wenig später fotografierte sie ein,Zebra,beim Trinken.,0.16650939,SE,Qwen/Qwen3-Embedding-8B
108,37,control,Bernd betrat den Waschsalon. Schnell wählte er das,Waschprogramm,und lies es laufen.,0.37644827,SE,Qwen/Qwen3-Embedding-8B
109,37,script-related,Bernd verließ den Waschsalon. Schnell wählte er das,Waschprogramm,und lies es laufen.,0.3539887,SE,Qwen/Qwen3-Embedding-8B
110,37,script-unrelated,Bernd betrat den Kiosk. Schnell wählte er das,Waschprogramm,und lies es laufen.,0.23013534,SE,Qwen/Qwen3-Embedding-8B
111,38,control,Nicole ging in den Zirkus. Bald setzte sie sich auf die,Tribüne,und schaute sich das Spektakel an.,0.3126969,SE,Qwen/Qwen3-Embedding-8B
112,38,script-related,Nicole verließ den Zirkus. Bald setzte sie sich auf die,Tribüne,und schaute sich das Spektakel an.,0.28793222,SE,Qwen/Qwen3-Embedding-8B
113,38,script-unrelated,Nicole ging ins Büro. Bald setzte sie sich auf die,Tribüne,und schaute sich das Spektakel an.,0.2740548,SE,Qwen/Qwen3-Embedding-8B
114,39,control,Viktor ging in die Sauna. Nach einer Weile machte er einen,Aufguss,und legte sich hin.,0.33122876,SE,Qwen/Qwen3-Embedding-8B
115,39,script-related,Viktor verließ die Sauna. Nach einer Weile machte er einen,Aufguss,und legte sich hin.,0.33238912,SE,Qwen/Qwen3-Embedding-8B
116,39,script-unrelated,Viktor ging ins Labor. Nach einer Weile machte er einen,Aufguss,und legte sich hin.,0.27829248,SE,Qwen/Qwen3-Embedding-8B
117,40,control,Gabi ging zum Tierarzt. Einen Moment später fragte sie die,Arzthelferin,nach Medikamenten.,0.33632186,SE,Qwen/Qwen3-Embedding-8B
118,40,script-related,Gabi verließ den Tierarzt. Einen Moment später fragte sie die,Arzthelferin,nach Medikamenten.,0.30996346,SE,Qwen/Qwen3-Embedding-8B
119,40,script-unrelated,Gabi ging in die Umkleide. Einen Moment später fragte sie die,Arzthelferin,nach Medikamenten.,0.25331494,SE,Qwen/Qwen3-Embedding-8B
120,41,control,Jakob betrat den Tatort. Kurz darauf fotografierte er die,Blutspritzer,und war erstaunt.,0.23314843,SE,Qwen/Qwen3-Embedding-8B
121,41,script-related,Jakob verließ den Tatort. Kurz darauf fotografierte er die,Blutspritzer,und war erstaunt.,0.22786337,SE,Qwen/Qwen3-Embedding-8B
122,41,script-unrelated,Jakob betrat die Tankstelle. Kurz darauf fotografierte er die,Blutspritzer,und war erstaunt.,0.204819,SE,Qwen/Qwen3-Embedding-8B
123,42,control,Peter begann Bäume zu fällen. Nach einer Weile benutzte sie die,Axt,und traf gezielt den Stamm.,0.32062325,SE,Qwen/Qwen3-Embedding-8B
124,42,script-related,Peter hörte auf Bäume zu fällen. Nach einer Weile benutzte sie die,Axt,und traf gezielt den Stamm.,0.28949073,SE,Qwen/Qwen3-Embedding-8B
125,42,script-unrelated,Peter begann die Kutsche zu fahren. Nach einer Weile benutzte sie die,Axt,und traf gezielt den Stamm.,0.28253153,SE,Qwen/Qwen3-Embedding-8B
126,43,control,Tom begann ein Lagerfeuer. Sofort stapelte er das,Holz,und zündete es an.,0.37971884,SE,Qwen/Qwen3-Embedding-8B
127,43,script-related,Tom beendete das Lagerfeuer. Sofort stapelte er das,Holz,und zündete es an.,0.3818047,SE,Qwen/Qwen3-Embedding-8B
128,43,script-unrelated,Tom begann Frühstück zu machen. Sofort stapelte er das,Holz,und zündete es an.,0.29927394,SE,Qwen/Qwen3-Embedding-8B
129,44,control,Kim ging zum Weihnachtsmarkt. Kurz darauf erreichte er die,Weihnachtskiosks,und stöberte nach Geschenken.,0.400031,SE,Qwen/Qwen3-Embedding-8B
130,44,script-related,Kim verließ den Weihnachtsmarkt. Kurz darauf erreichte er die,Weihnachtskiosks,und stöberte nach Geschenken.,0.3699759,SE,Qwen/Qwen3-Embedding-8B
131,44,script-unrelated,Kim ging ins Krankenhaus. Kurz darauf erreichte er die,Weihnachtskiosks,und stöberte nach Geschenken.,0.23085412,SE,Qwen/Qwen3-Embedding-8B
132,45,control,Michael begann sein Mittagessen zu kochen. Schnell schnitt er das,Gemüse,und warf es in den Topf.,0.28334743,SE,Qwen/Qwen3-Embedding-8B
133,45,script-related,Michael war fertig sein Mittagessen zu kochen. Schnell schnitt er das,Gemüse,und warf es in den Topf.,0.26556394,SE,Qwen/Qwen3-Embedding-8B
134,45,script-unrelated,Michael begann einen Kuchen zu backen. Schnell schnitt er das,Gemüse,und warf es in den Topf.,0.27947158,SE,Qwen/Qwen3-Embedding-8B
135,46,control,Johann betrat die Wohnung. Sofort setzte er sich aufs,Bett,und dachte über den Tag nach.,0.22630396,SE,Qwen/Qwen3-Embedding-8B
136,46,script-related,Johann verließ die Wohnung. Sofort setzte er sich aufs,Bett,und dachte über den Tag nach.,0.21228267,SE,Qwen/Qwen3-Embedding-8B
137,46,script-unrelated,Johann betrat das Kino. Sofort setzte er sich aufs,Bett,und dachte über den Tag nach.,0.23047048,SE,Qwen/Qwen3-Embedding-8B
138,47,control,Sabine betrat die Schule. Schnell ging sie zum,Klassensaal,und grüßte die Schüler.,0.39987135,SE,Qwen/Qwen3-Embedding-8B
139,47,script-related,Sabine verließ die Schule. Schnell ging sie zum,Klassensaal,und grüßte die Schüler.,0.3268756,SE,Qwen/Qwen3-Embedding-8B
140,47,script-unrelated,Sabine betrat den Bauernhof. Schnell ging sie zum,Klassensaal,und grüßte die Schüler.,0.29322755,SE,Qwen/Qwen3-Embedding-8B
141,48,control,Kevin betrat die Kirche. Vorsichtig nahm er eine,Kerze,und zündete sie an.,0.27574587,SE,Qwen/Qwen3-Embedding-8B
142,48,script-related,Kevin verließ die Kirche. Vorsichtig nahm er eine,Kerze,und zündete sie an.,0.27434906,SE,Qwen/Qwen3-Embedding-8B
143,48,script-unrelated,Kevin betrat die Arztpraxis. Vorsichtig nahm er eine,Kerze,und zündete sie an.,0.256434,SE,Qwen/Qwen3-Embedding-8B
144,49,control,Susi betrat das Gehege. Präzise begutachtete sie das,Kalb,und machte sich Notizen.,0.3198223,SE,Qwen/Qwen3-Embedding-8B
145,49,script-related,Susi verließ das Gehege. Präzise begutachtete sie das,Kalb,und machte sich Notizen.,0.26374197,SE,Qwen/Qwen3-Embedding-8B
146,49,script-unrelated,Susi betrat die Bücherei. Präzise begutachtete sie das,Kalb,und machte sich Notizen.,0.30428293,SE,Qwen/Qwen3-Embedding-8B
147,50,control,Thomas betrat die Kneipe. In Eile rief er den,Kellner,und bestellte ein Bier.,0.32152387,SE,Qwen/Qwen3-Embedding-8B
148,50,script-related,Thomas verließ die Kneipe. In Eile rief er den,Kellner,und bestellte ein Bier.,0.31501675,SE,Qwen/Qwen3-Embedding-8B
149,50,script-unrelated,Thomas begann Spaghetti zu kochen. In Eile rief er den,Kellner,und bestellte ein Bier.,0.3355289,SE,Qwen/Qwen3-Embedding-8B
150,51,control,Lea begann die Wände zu streichen. Schnell wählte sie einen,Pinsel,und fing an zu streichen.,0.3448925,SE,Qwen/Qwen3-Embedding-8B
151,51,script-related,Lea war fertig die Wände zu streichen. Schnell wählte sie einen,Pinsel,und fing an zu streichen.,0.3522162,SE,Qwen/Qwen3-Embedding-8B
152,51,script-unrelated,Lea erreichte das Theater. Schnell wählte sie einen,Pinsel,und fing an zu streichen.,0.23895194,SE,Qwen/Qwen3-Embedding-8B
153,52,control,Peter erreichte den Supermarkt. Schnell kaufte er etwas,Gemüse,zum Kochen am Abend.,0.2720932,SE,Qwen/Qwen3-Embedding-8B
154,52,script-related,Peter verließ den Supermarkt. Schnell kaufte er etwas,Gemüse,zum Kochen am Abend.,0.29638305,SE,Qwen/Qwen3-Embedding-8B
155,52,script-unrelated,Peter erreichte den Bahnhof. Schnell kaufte er etwas,Gemüse,zum Kochen am Abend.,0.23091567,SE,Qwen/Qwen3-Embedding-8B
156,53,control,Lisa betrat das Haus. Kurz danach checkte sie den,Kühlschrank,und suchte etwas zu essen.,0.2295631,SE,Qwen/Qwen3-Embedding-8B
157,53,script-related,Lisa verließ das Haus. Kurz danach checkte sie den,Kühlschrank,und suchte etwas zu essen.,0.21073234,SE,Qwen/Qwen3-Embedding-8B
158,53,script-unrelated,Lisa begann im Fitnessstudio zu trainieren. Kurz danach checkte sie den,Kühlschrank,und suchte etwas zu essen.,0.1963609,SE,Qwen/Qwen3-Embedding-8B
159,54,control,Tim begann seine Fahrstunde. Hektisch drückte er aufs,Gaspedal,und fuhr los.,0.380288,SE,Qwen/Qwen3-Embedding-8B
160,54,script-related,Tim beendete seine Fahrstunde. Hektisch drückte er aufs,Gaspedal,und fuhr los.,0.36665955,SE,Qwen/Qwen3-Embedding-8B
161,54,script-unrelated,Tim ging zum Flughafen. Hektisch drückte er aufs,Gaspedal,und fuhr los.,0.32442328,SE,Qwen/Qwen3-Embedding-8B
162,55,control,Maria erreichte das Einkaufszentrum. Sofort begrüßte sie die,Verkäuferin,und suchte etwas aus.,0.34633252,SE,Qwen/Qwen3-Embedding-8B
163,55,script-related,Maria verließ das Einkaufszentrum. Sofort begrüßte sie die,Verkäuferin,und suchte etwas aus.,0.3657882,SE,Qwen/Qwen3-Embedding-8B
164,55,script-unrelated,Maria erreichte die Geburtstagsfeier. Sofort begrüßte sie die,Verkäuferin,und suchte etwas aus.,0.27236024,SE,Qwen/Qwen3-Embedding-8B
165,56,control,Lukas begann die Vorlesung. Eilig begrüßte er seine,Studenten,und fing an.,0.34301114,SE,Qwen/Qwen3-Embedding-8B
166,56,script-related,Lukas beendete die Vorlesung. Eilig begrüßte er seine,Studenten,und fing an.,0.3604179,SE,Qwen/Qwen3-Embedding-8B
167,56,script-unrelated,Lukas ging zum Friseur. Eilig begrüßte er seine,Studenten,und fing an.,0.23965195,SE,Qwen/Qwen3-Embedding-8B
168,57,control,Marie ging zur Uni. In Eile betrat sie den,Hörsaal,und öffnete ihr Buch.,0.3124157,SE,Qwen/Qwen3-Embedding-8B
169,57,script-related,Marie verließ die Uni. In Eile betrat sie den,Hörsaal,und öffnete ihr Buch.,0.28230047,SE,Qwen/Qwen3-Embedding-8B
170,57,script-unrelated,Marie ging duschen. In Eile betrat sie den,Hörsaal,und öffnete ihr Buch.,0.2727787,SE,Qwen/Qwen3-Embedding-8B
171,58,control,Thorsten begann zu grillen. Behutsam platzierte er den,Grillanzünder,und suchte die Zange.,0.45990637,SE,Qwen/Qwen3-Embedding-8B
172,58,script-related,Thorsten hörte auf zu grillen. Behutsam platzierte er den,Grillanzünder,und suchte die Zange.,0.43664578,SE,Qwen/Qwen3-Embedding-8B
173,58,script-unrelated,Thorsten betrat den Blumenladen. Behutsam platzierte er den,Grillanzünder,und suchte die Zange.,0.2670786,SE,Qwen/Qwen3-Embedding-8B
174,59,control,Claudia betrat das Tiergeschäft. Eine Zeit lang stand sie am,Käfig,und dachte über den Kauf nach.,0.22401974,SE,Qwen/Qwen3-Embedding-8B
175,59,script-related,Claudia verließ das Tiergeschäft. Eine Zeit lang stand sie am,Käfig,und dachte über den Kauf nach.,0.23182657,SE,Qwen/Qwen3-Embedding-8B
176,59,script-unrelated,Claudia betrat den Friedhof. Eine Zeit lang stand sie am,Käfig,und dachte über den Kauf nach.,0.220229,SE,Qwen/Qwen3-Embedding-8B
177,60,control,Jonathan ging in die Küche. Eine Weile säuberte er den,Ofen,und danach den Kühlschrank.,0.33320156,SE,Qwen/Qwen3-Embedding-8B
178,60,script-related,Jonathan verließ die Küche. Eine Weile säuberte er den,Ofen,und danach den Kühlschrank.,0.32678485,SE,Qwen/Qwen3-Embedding-8B
179,60,script-unrelated,Jonathan ging in den Garten. Eine Weile säuberte er den,Ofen,und danach den Kühlschrank.,0.23272026,SE,Qwen/Qwen3-Embedding-8B
180,61,control,Lara ging zum Herd. Schnell reinigte sie die,Herdplatte,und dann die Abzugshaube.,0.32474074,SE,Qwen/Qwen3-Embedding-8B
181,61,script-related,Lara ging weg vom Herd. Schnell reinigte sie die,Herdplatte,und dann die Abzugshaube.,0.30412087,SE,Qwen/Qwen3-Embedding-8B
182,61,script-unrelated,Lara ging ins Museum. Schnell reinigte sie die,Herdplatte,und dann die Abzugshaube.,0.26599687,SE,Qwen/Qwen3-Embedding-8B
183,62,control,Roman ging in die Buchhandlung. Schnell suchte er einen,Roman,für seine Frau.,0.38687074,SE,Qwen/Qwen3-Embedding-8B
184,62,script-related,Roman verließ die Buchhandlung. Schnell suchte er einen,Roman,für seine Frau.,0.40134823,SE,Qwen/Qwen3-Embedding-8B
185,62,script-unrelated,Roman ging zum Konditor. Schnell suchte er einen,Roman,für seine Frau.,0.41356885,SE,Qwen/Qwen3-Embedding-8B
186,63,control,Annika ging in die Boutique. Eine Zeit lang suchte sie nach,Stiefeln,und kaufte sie dann.,0.26042613,SE,Qwen/Qwen3-Embedding-8B
187,63,script-related,Annika verließ die Boutique. Eine Zeit lang suchte sie nach,Stiefeln,und kaufte sie dann.,0.2539262,SE,Qwen/Qwen3-Embedding-8B
188,63,script-unrelated,Annika ging ins Spa. Eine Zeit lang suchte sie nach,Stiefeln,und kaufte sie dann.,0.22026636,SE,Qwen/Qwen3-Embedding-8B
189,64,control,Emil betrat die Apotheke. Schnell kaufte er das,Medikament,und ging dann nach Hause.,0.39669466,SE,Qwen/Qwen3-Embedding-8B
190,64,script-related,Emil verließ die Apotheke. Schnell kaufte er das,Medikament,und ging dann nach Hause.,0.3777115,SE,Qwen/Qwen3-Embedding-8B
191,64,script-unrelated,Emil betrat die Reitschule. Schnell kaufte er das,Medikament,und ging dann nach Hause.,0.25504836,SE,Qwen/Qwen3-Embedding-8B
192,65,control,Susanne betrat das Bad. Sofort entfernte sie ihr,Makeup,und putzte sich die Zähne.,0.21779403,SE,Qwen/Qwen3-Embedding-8B
193,65,script-related,Susanne verließ das Bad. Sofort entfernte sie ihr,Makeup,und putzte sich die Zähne.,0.21414599,SE,Qwen/Qwen3-Embedding-8B
194,65,script-unrelated,Susanne ging zur Sicherheitskontrolle. Sofort entfernte sie ihr,Makeup,und putzte sich die Zähne.,0.18666731,SE,Qwen/Qwen3-Embedding-8B
195,66,control,Martin kam zur Autowerkstatt. Umgehend fragte er nach den,Reifen,für den Winter.,0.28622803,SE,Qwen/Qwen3-Embedding-8B
196,66,script-related,Martin verließ die Autowerkstatt. Umgehend fragte er nach den,Reifen,für den Winter.,0.26174575,SE,Qwen/Qwen3-Embedding-8B
197,66,script-unrelated,Martin kam zur Hotelrezeption. Umgehend fragte er nach den,Reifen,für den Winter.,0.22224931,SE,Qwen/Qwen3-Embedding-8B
198,67,control,Jutta ging zur Post. Umgehend bekam sie das,Paket,auf das sie gewartet hatte.,0.3235593,SE,Qwen/Qwen3-Embedding-8B
199,67,script-related,Jutta verließ die Post. Umgehend bekam sie das,Paket,auf das sie gewartet hatte.,0.31234083,SE,Qwen/Qwen3-Embedding-8B
200,67,script-unrelated,Jutta ging zum Zahnarzt. Umgehend bekam sie das,Paket,auf das sie gewartet hatte.,0.21305755,SE,Qwen/Qwen3-Embedding-8B
201,68,control,Jens ging zur Zollstelle. Schnell zeigte er sein,Formular,und schaute den Beamten an.,0.253325,SE,Qwen/Qwen3-Embedding-8B
202,68,script-related,Jens verließ die Zollstelle. Schnell zeigte er sein,Formular,und schaute den Beamten an.,0.26271817,SE,Qwen/Qwen3-Embedding-8B
203,68,script-unrelated,Jens begann Poker zu spielen. Schnell zeigte er sein,Formular,und schaute den Beamten an.,0.21937501,SE,Qwen/Qwen3-Embedding-8B
204,69,control,Elena begann zu zeichnen. Umgehend nahm sie den,Stift,und zeichnete eine Blume.,0.32576746,SE,Qwen/Qwen3-Embedding-8B
205,69,script-related,Elena hörte auf zu zeichnen. Umgehend nahm sie den,Stift,und zeichnete eine Blume.,0.34481826,SE,Qwen/Qwen3-Embedding-8B
206,69,script-unrelated,Elena begann den Urlaub. Umgehend nahm sie den,Stift,und zeichnete eine Blume.,0.3066118,SE,Qwen/Qwen3-Embedding-8B
207,70,control,Bruno begann seinen Filmabend. Schnell besorgte er das,Popcorn,aus der Küche.,0.35023263,SE,Qwen/Qwen3-Embedding-8B
208,70,script-related,Bruno beendete seinen Filmabend. Schnell besorgte er das,Popcorn,aus der Küche.,0.3216934,SE,Qwen/Qwen3-Embedding-8B
209,70,script-unrelated,Bruno betrat das Bürgeramt. Schnell besorgte er das,Popcorn,aus der Küche.,0.21039662,SE,Qwen/Qwen3-Embedding-8B
210,71,control,Jana betrat das Gartencenter. Nach einer Weile fragte sie nach einer,Palme,für den Balkon.,0.28399566,SE,Qwen/Qwen3-Embedding-8B
211,71,script-related,Jana verließ das Gartencenter. Nach einer Weile fragte sie nach einer,Palme,für den Balkon.,0.2603416,SE,Qwen/Qwen3-Embedding-8B
212,71,script-unrelated,Jana ging auf die Kirmes. Nach einer Weile fragte sie nach einer,Palme,für den Balkon.,0.24629158,SE,Qwen/Qwen3-Embedding-8B
213,72,control,Nico fuhr zur Pizzeria. Sofort griff er die,Speisekarte,und bestellte eine Margherita.,0.34906,SE,Qwen/Qwen3-Embedding-8B
214,72,script-related,Nico verließ die Pizzeria. Sofort griff er die,Speisekarte,und bestellte eine Margherita.,0.30612212,SE,Qwen/Qwen3-Embedding-8B
215,72,script-unrelated,Nico fuhr wandern. Sofort griff er die,Speisekarte,und bestellte eine Margherita.,0.29637653,SE,Qwen/Qwen3-Embedding-8B
216,73,control,Beate ging Schwimmen. Schnell prüfte sie das,Becken,und schwamm los.,0.40752965,SE,Qwen/Qwen3-Embedding-8B
217,73,script-related,Beate kam zurück vom Schwimmen. Schnell prüfte sie das,Becken,und schwamm los.,0.36517507,SE,Qwen/Qwen3-Embedding-8B
218,73,script-unrelated,Beate fuhr mit dem Taxi. Schnell prüfte sie das,Becken,und schwamm los.,0.33817875,SE,Qwen/Qwen3-Embedding-8B
219,74,control,Hubert nahm ein Flugzeug. Voller Begeisterung genoss er die,Höhe,denn er liebte das Fliegen.,0.30045235,SE,Qwen/Qwen3-Embedding-8B
220,74,script-related,Hubert verließ das Flugzeug. Voller Begeisterung genoss er die,Höhe,denn er liebte das Fliegen.,0.28273988,SE,Qwen/Qwen3-Embedding-8B
221,74,script-unrelated,Hubert begann zu baden. Voller Begeisterung genoss er die,Höhe,denn er liebte das Fliegen.,0.25738615,SE,Qwen/Qwen3-Embedding-8B
222,75,control,Jenni begann den Unterricht. Sofort öffnete sie die,Tafel,und begann zu schreiben.,0.24789143,SE,Qwen/Qwen3-Embedding-8B
223,75,script-related,Jenni hörte auf mit dem Unterricht. Sofort öffnete sie die,Tafel,und begann zu schreiben.,0.21222392,SE,Qwen/Qwen3-Embedding-8B
224,75,script-unrelated,Jenni betrat die Eishalle. Sofort öffnete sie die,Tafel,und begann zu schreiben.,0.24149784,SE,Qwen/Qwen3-Embedding-8B
225,76,control,Hans betrat die Kletterhalle. Wenig später griff er das,Seil,und spannte es ein.,0.32324263,SE,Qwen/Qwen3-Embedding-8B
226,76,script-related,Hans verließ die Kletterhalle. Wenig später griff er das,Seil,und spannte es ein.,0.3222606,SE,Qwen/Qwen3-Embedding-8B
227,76,script-unrelated,Hans begann zu bowlen. Wenig später griff er das,Seil,und spannte es ein.,0.3005367,SE,Qwen/Qwen3-Embedding-8B
228,77,control,Clara ging zum Schießstand. Sofort bekam sie einen,Revolver,und begann auf das Ziel zu schießen.,0.21728098,SE,Qwen/Qwen3-Embedding-8B
229,77,script-related,Clara verließ den Schießstand. Sofort bekam sie einen,Revolver,und begann auf das Ziel zu schießen.,0.23857287,SE,Qwen/Qwen3-Embedding-8B
230,77,script-unrelated,Clara ging auf einen Feuerwehreinsatz. Sofort bekam sie einen,Revolver,und begann auf das Ziel zu schießen.,0.21495616,SE,Qwen/Qwen3-Embedding-8B
231,78,control,Georg nahm teil an Yoga. Nach einer Weile setzte er sich auf seine,Yogamatte,und machte eine Übung.,0.4372237,SE,Qwen/Qwen3-Embedding-8B
232,78,script-related,Georg kam zurück vom Yoga. Nach einer Weile setzte er sich auf seine,Yogamatte,und machte eine Übung.,0.39634922,SE,Qwen/Qwen3-Embedding-8B
233,78,script-unrelated,Georg nahm teil am Fußballspiel. Nach einer Weile setzte er sich auf seine,Yogamatte,und machte eine Übung.,0.26849043,SE,Qwen/Qwen3-Embedding-8B
234,79,control,Johanna begann die Jagd. Nach einer Weile erblickte sie den,Hochsitz,und ging darauf zu.,0.2667052,SE,Qwen/Qwen3-Embedding-8B
235,79,script-related,Johanna kam zurück von der Jagd. Nach einer Weile erblickte sie den,Hochsitz,und ging darauf zu.,0.2594269,SE,Qwen/Qwen3-Embedding-8B
236,79,script-unrelated,Johanna betrat die Metzgerei. Nach einer Weile erblickte sie den,Hochsitz,und ging darauf zu.,0.2606174,SE,Qwen/Qwen3-Embedding-8B
237,80,control,Jürgen betrat die Bäckerei. Wenig später zeigte er auf das,Croissant,und wählte aus.,0.33068368,SE,Qwen/Qwen3-Embedding-8B
238,80,script-related,Jürgen verließ die Bäckerei. Wenig später zeigte er auf das,Croissant,und wählte aus.,0.31345922,SE,Qwen/Qwen3-Embedding-8B
239,80,script-unrelated,Jürgen betrat den Zoo. Wenig später zeigte er auf das,Croissant,und wählte aus.,0.21548647,SE,Qwen/Qwen3-Embedding-8B
240,81,control,Frauke ging ins Stadion. Schnell wählte sie eine,Tribüne,und setzte sich.,0.2977169,SE,Qwen/Qwen3-Embedding-8B
241,81,script-related,Frauke verließ das Stadion. Schnell wählte sie eine,Tribüne,und setzte sich.,0.29420248,SE,Qwen/Qwen3-Embedding-8B
242,81,script-unrelated,Frauke ging zum Waschsalon. Schnell wählte sie eine,Tribüne,und setzte sich.,0.23397474,SE,Qwen/Qwen3-Embedding-8B
243,82,control,Bernd betrat den Kiosk. Sofort kaufte er eine,Zeitung,und ging wieder heim.,0.26422465,SE,Qwen/Qwen3-Embedding-8B
244,82,script-related,Bernd verließ den Kiosk. Sofort kaufte er eine,Zeitung,und ging wieder heim.,0.25361985,SE,Qwen/Qwen3-Embedding-8B
245,82,script-unrelated,Bernd betrat den Zirkus. Sofort kaufte er eine,Zeitung,und ging wieder heim.,0.25718635,SE,Qwen/Qwen3-Embedding-8B
246,83,control,Nicole betrat das Büro. Zuerst ging sie zum,Schreibtisch,und schaltete dann den Computer ein.,0.32265565,SE,Qwen/Qwen3-Embedding-8B
247,83,script-related,Nicole verließ das Büro. Zuerst ging sie zum,Schreibtisch,und schaltete dann den Computer ein.,0.2913386,SE,Qwen/Qwen3-Embedding-8B
248,83,script-unrelated,Nicole betrat die Sauna. Zuerst ging sie zum,Schreibtisch,und schaltete dann den Computer ein.,0.23357105,SE,Qwen/Qwen3-Embedding-8B
249,84,control,Viktor ging ins Labor. Schnell begann er das,Experiment,und machte sich Notizen.,0.33911136,SE,Qwen/Qwen3-Embedding-8B
250,84,script-related,Viktor verließ das Labor. Schnell begann er das,Experiment,und machte sich Notizen.,0.35447446,SE,Qwen/Qwen3-Embedding-8B
251,84,script-unrelated,Viktor ging zum Tierarzt. Schnell begann er das,Experiment,und machte sich Notizen.,0.21955101,SE,Qwen/Qwen3-Embedding-8B
252,85,control,Gabi ging in die Umkleide. Schnell probierte sie die,Kleidung,an und ging zur Kasse.,0.37455103,SE,Qwen/Qwen3-Embedding-8B
253,85,script-related,Gabi verließ die Umkleide. Schnell probierte sie die,Kleidung,an und ging zur Kasse.,0.3917325,SE,Qwen/Qwen3-Embedding-8B
254,85,script-unrelated,Gabi betrat den Tatort. Schnell probierte sie die,Kleidung,an und ging zur Kasse.,0.24147382,SE,Qwen/Qwen3-Embedding-8B
255,86,control,Jakob betrat die Tankstelle. Sofort sagte er seine,Nummer,und bezahlte.,0.24607205,SE,Qwen/Qwen3-Embedding-8B
256,86,script-related,Jakob verließ die Tankstelle. Sofort sagte er seine,Nummer,und bezahlte.,0.2319688,SE,Qwen/Qwen3-Embedding-8B
257,86,script-unrelated,Jakob begann Bäume zu fällen. Sofort sagte er seine,Nummer,und bezahlte.,0.25647485,SE,Qwen/Qwen3-Embedding-8B
258,87,control,Hilde begann die Kutsche zu fahren. Schnell bestieg sie den,Kutschbock,und los ging es.,0.3977887,SE,Qwen/Qwen3-Embedding-8B
259,87,script-related,Hilde war fertig die Kutsche zu fahren. Schnell bestieg sie den,Kutschbock,und los ging es.,0.3991843,SE,Qwen/Qwen3-Embedding-8B
260,87,script-unrelated,Hilde begann ein Lagerfeuer. Schnell bestieg sie den,Kutschbock,und los ging es.,0.32214305,SE,Qwen/Qwen3-Embedding-8B
261,88,control,Tom begann Frühstück zu machen. Sofort öffnete er die,Butter,und machte sich ein Brot.,0.31286943,SE,Qwen/Qwen3-Embedding-8B
262,88,script-related,Tom hörte auf Frühstück zu machen. Sofort öffnete er die,Butter,und machte sich ein Brot.,0.26317686,SE,Qwen/Qwen3-Embedding-8B
263,88,script-unrelated,Tom ging zum Weihnachtsmarkt. Sofort öffnete er die,Butter,und machte sich ein Brot.,0.25242838,SE,Qwen/Qwen3-Embedding-8B
264,89,control,Kim ging ins Krankenhaus. Gleich ging sie zur,Rezeption,und fragte nach dem Weg.,0.29426095,SE,Qwen/Qwen3-Embedding-8B
265,89,script-related,Kim verließ das Krankenhaus. Gleich ging sie zur,Rezeption,und fragte nach dem Weg.,0.25602996,SE,Qwen/Qwen3-Embedding-8B
266,89,script-unrelated,Kim fing an sein Mittagessen zu kochen. Gleich ging sie zur,Rezeption,und fragte nach dem Weg.,0.18722796,SE,Qwen/Qwen3-Embedding-8B
267,90,control,Michael fing an damit einen Kuchen zu backen. Als erstes nahm er einen,Schneebesen,und schlug Eiweiß steif.,0.31171736,SE,Qwen/Qwen3-Embedding-8B
268,90,script-related,Michael war fertig damit einen Kuchen zu backen. Als erstes nahm er einen,Schneebesen,und schlug Eiweiß steif.,0.32255068,SE,Qwen/Qwen3-Embedding-8B
269,90,script-unrelated,Michael betrat das Restaurant. Als erstes nahm er einen,Schneebesen,und schlug Eiweiß steif.,0.23245314,SE,Qwen/Qwen3-Embedding-8B
0,1,control,Johann betrat das Restaurant. Wenig später öffnete er die,Speisekarte,und verschaffte sich einen Überblick.,0.4113023281097412,WE,dewiki_20180420_100d
1,1,script-related,Johann verließ das Restaurant. Wenig später öffnete er die,Speisekarte,und verschaffte sich einen Überblick.,0.39323851466178894,WE,dewiki_20180420_100d
2,1,script-unrelated,Johann betrat die Wohnung. Wenig später öffnete er die,Speisekarte,und verschaffte sich einen Überblick.,0.3898477256298065,WE,dewiki_20180420_100d
3,2,control,Sabine betrat das Kino. Schnell ging sie zur,Kasse,und kaufte eine Karte.,0.4379086196422577,WE,dewiki_20180420_100d
4,2,script-related,Sabine verließ das Kino. Schnell ging sie zur,Kasse,und kaufte eine Karte.,0.4364748001098633,WE,dewiki_20180420_100d
5,2,script-unrelated,Sabine betrat die Schule. Schnell ging sie zur,Kasse,und kaufte eine Karte.,0.43378597497940063,WE,dewiki_20180420_100d
6,3,control,Kevin betrat den Bauernhof. Ohne zu zögern nahm er eine,Mistgabel,und fing an zu schaufeln.,0.4702531397342682,WE,dewiki_20180420_100d
7,3,script-related,Kevin verließ den Bauernhof. Ohne zu zögern nahm er eine,Mistgabel,und fing an zu schaufeln.,0.4490531384944916,WE,dewiki_20180420_100d
8,3,script-unrelated,Kevin betrat die Kirche. Ohne zu zögern nahm er eine,Mistgabel,und fing an zu schaufeln.,0.4389766454696655,WE,dewiki_20180420_100d
9,4,control,Susi betrat die Arztpraxis. Freundlich sprach sie mit der,Arzthelferin,über die Problematik.,0.5600554943084717,WE,dewiki_20180420_100d
10,4,script-related,Susi verließ die Arztpraxis. Freundlich sprach sie mit der,Arzthelferin,über die Problematik.,0.5686662197113037,WE,dewiki_20180420_100d
11,4,script-unrelated,Susi betrat das Gehege. Freundlich sprach sie mit der,Arzthelferin,über die Problematik.,0.4538360834121704,WE,dewiki_20180420_100d
12,5,control,Roman betrat die Bücherei. Kurz danach ging er zum,Regal,und suchte einen Krimi.,0.46705904603004456,WE,dewiki_20180420_100d
13,5,script-related,Roman verließ die Bücherei. Kurz danach ging er zum,Regal,und suchte einen Krimi.,0.45564618706703186,WE,dewiki_20180420_100d
14,5,script-unrelated,Roman betrat die Kneipe. Kurz danach ging er zum,Regal,und suchte einen Krimi.,0.45977315306663513,WE,dewiki_20180420_100d
15,6,control,Lea begann damit Spaghetti zu kochen. Vorsichtig öffnete sie die,Nudelpackung,mit einem Handgriff.,,WE,dewiki_20180420_100d
16,6,script-related,Lea war fertig damit Spaghetti zu kochen. Vorsichtig öffnete sie die,Nudelpackung,mit einem Handgriff.,,WE,dewiki_20180420_100d
17,6,script-unrelated,Lea begann die Wände zu streichen. Vorsichtig öffnete sie die,Nudelpackung,mit einem Handgriff.,,WE,dewiki_20180420_100d
18,7,control,Peter erreichte das Theater. Wenig später ging er zur,Loge,und setzte sich.,0.4249695837497711,WE,dewiki_20180420_100d
19,7,script-related,Peter verließ das Theater. Wenig später ging er zur,Loge,und setzte sich.,0.42915812134742737,WE,dewiki_20180420_100d
20,7,script-unrelated,Peter erreichte den Supermarkt. Wenig später ging er zur,Loge,und setzte sich.,0.3995410203933716,WE,dewiki_20180420_100d
21,8,control,Lisa betrat den Bahnhof. Wenig später war sie am,Gleis,und wartete auf den Zug.,0.4952336549758911,WE,dewiki_20180420_100d
22,8,script-related,Lisa verließ den Bahnhof. Wenig später war sie am,Gleis,und wartete auf den Zug.,0.4772831201553345,WE,dewiki_20180420_100d
23,8,script-unrelated,Lisa betrat das Haus. Wenig später war sie am,Gleis,und wartete auf den Zug.,0.3958781361579895,WE,dewiki_20180420_100d
24,9,control,Tim begann im Fitnessstudio zu trainieren. Umgehend war er auf dem,Laufband,und rann wie verrückt.,0.5057059526443481,WE,dewiki_20180420_100d
25,9,script-related,Tim hörte auf im Fitnessstudio zu trainieren. Umgehend war er auf dem,Laufband,und rann wie verrückt.,0.5071589946746826,WE,dewiki_20180420_100d
26,9,script-unrelated,Tim begann seine Fahrstunde. Umgehend war er auf dem,Laufband,und rann wie verrückt.,0.3914463222026825,WE,dewiki_20180420_100d
27,10,control,Maria erreichte den Flughafen. Sofort ging sie zum,Check-in,um den Koffer aufzugeben.,0.395081490278244,WE,dewiki_20180420_100d
28,10,script-related,Maria verließ den Flughafen. Sofort ging sie zum,Check-in,um den Koffer aufzugeben.,0.3831205666065216,WE,dewiki_20180420_100d
29,10,script-unrelated,Maria erreichte das Einkaufszentrum. Sofort ging sie zum,Check-in,um den Koffer aufzugeben.,0.42185908555984497,WE,dewiki_20180420_100d
30,11,control,Lukas kam zur Geburtstagsfeier. Nach einer Weile überreichte er den,Kuchen,und gratulierte.,0.44999781250953674,WE,dewiki_20180420_100d
31,11,script-related,Lukas verließ die Geburtstagsfeier. Nach einer Weile überreichte er den,Kuchen,und gratulierte.,0.443254292011261,WE,dewiki_20180420_100d
32,11,script-unrelated,Lukas kam zum Unterricht. Nach einer Weile überreichte er den,Kuchen,und gratulierte.,0.4374444782733917,WE,dewiki_20180420_100d
33,12,control,Marie ging zum Friseur. Nach einem kurzen Moment fragte sie die,Stylistin,nach einem neuen Schnitt.,0.48946043848991394,WE,dewiki_20180420_100d
34,12,script-related,Marie verließ den Friseur. Nach einem kurzen Moment fragte sie die,Stylistin,nach einem neuen Schnitt.,0.5032186508178711,WE,dewiki_20180420_100d
35,12,script-unrelated,Marie ging zur Uni. Nach einem kurzen Moment fragte sie die,Stylistin,nach einem neuen Schnitt.,0.4206683933734894,WE,dewiki_20180420_100d
36,13,control,Thorsten begann zu duschen. Als erstes benutzte er das,Shampoo,und dann das Duschgel.,0.5068657398223877,WE,dewiki_20180420_100d
37,13,script-related,Thorsten hörte auf zu duschen. Als erstes benutzte er das,Shampoo,und dann das Duschgel.,0.4969824552536011,WE,dewiki_20180420_100d
38,13,script-unrelated,Thorsten begann zu grillen. Als erstes benutzte er das,Shampoo,und dann das Duschgel.,0.490468829870224,WE,dewiki_20180420_100d
39,14,control,Claudia betrat den Blumenladen. Schnell fragte sie nach einer,Rose,für eine Freundin.,0.5492175221443176,WE,dewiki_20180420_100d
40,14,script-related,Claudia verließ den Blumenladen. Schnell fragte sie nach einer,Rose,für eine Freundin.,0.5648903250694275,WE,dewiki_20180420_100d
41,14,script-unrelated,Claudia betrat das Tiergeschäft. Schnell fragte sie nach einer,Rose,für eine Freundin.,0.5400492548942566,WE,dewiki_20180420_100d
42,15,control,Jonathan ging zum Friedhof. Nachdenklich betrachtete er den,Grabstein,und sprach ein Gebet.,0.5375617146492004,WE,dewiki_20180420_100d
43,15,script-related,Jonathan verließ den Friedhof. Nachdenklich betrachtete er den,Grabstein,und sprach ein Gebet.,0.5479390621185303,WE,dewiki_20180420_100d
44,15,script-unrelated,Jonathan ging in die Küche. Nachdenklich betrachtete er den,Grabstein,und sprach ein Gebet.,0.42001983523368835,WE,dewiki_20180420_100d
45,16,control,Lara ging in den Garten. Genau prüfte sie die,Erde,und goss dann die Blumen.,0.5043906569480896,WE,dewiki_20180420_100d
46,16,script-related,Lara verließ den Garten. Genau prüfte sie die,Erde,und goss dann die Blumen.,0.5009452700614929,WE,dewiki_20180420_100d
47,16,script-unrelated,Lara ging zum Herd. Genau prüfte sie die,Erde,und goss dann die Blumen.,0.5026584267616272,WE,dewiki_20180420_100d
48,17,control,Roman ging ins Museum. Akribisch betrachtete er die,Skulpturen,und war begeistert.,0.5112393498420715,WE,dewiki_20180420_100d
49,17,script-related,Roman verließ das Museum. Akribisch betrachtete er die,Skulpturen,und war begeistert.,0.5018538236618042,WE,dewiki_20180420_100d
50,17,script-unrelated,Roman ging in die Buchhandlung. Akribisch betrachtete er die,Skulpturen,und war begeistert.,0.45842915773391724,WE,dewiki_20180420_100d
51,18,control,Annika ging zum Konditor. Schnell fragte sie nach einem,Kuchen,und bezahlte sofort.,0.5214718580245972,WE,dewiki_20180420_100d
52,18,script-related,Annika verließ den Konditor. Schnell fragte sie nach einem,Kuchen,und bezahlte sofort.,0.5075750350952148,WE,dewiki_20180420_100d
53,18,script-unrelated,Annika ging in die Boutique. Schnell fragte sie nach einem,Kuchen,und bezahlte sofort.,0.49125367403030396,WE,dewiki_20180420_100d
54,19,control,Emil betrat das Spa. Nach einer Weile bekam er eine,Massage,und genoss sie.,0.39803314208984375,WE,dewiki_20180420_100d
55,19,script-related,Emil verließ das Spa. Nach einer Weile bekam er eine,Massage,und genoss sie.,0.3772546947002411,WE,dewiki_20180420_100d
56,19,script-unrelated,Emil betrat die Apotheke. Nach einer Weile bekam er eine,Massage,und genoss sie.,0.379885733127594,WE,dewiki_20180420_100d
57,20,control,Susanne betrat die Reitschule. Schnell setzte sie den,Sattel,auf und ritt los.,0.42995673418045044,WE,dewiki_20180420_100d
58,20,script-related,Susanne verließ die Reitschule. Schnell setzte sie den,Sattel,auf und ritt los.,0.40385574102401733,WE,dewiki_20180420_100d
59,20,script-unrelated,Susanne betrat das Bad. Schnell setzte sie den,Sattel,auf und ritt los.,0.43531709909439087,WE,dewiki_20180420_100d
60,21,control,Martin kam zur Sicherheitskontrolle. Zügig öffnete er den,Koffer,und wurde durchgewunken.,0.4835445284843445,WE,dewiki_20180420_100d
61,21,script-related,Martin verließ die Sicherheitskontrolle. Zügig öffnete er den,Koffer,und wurde durchgewunken.,0.5088863372802734,WE,dewiki_20180420_100d
62,21,script-unrelated,Martin kam zur Autowerkstatt. Zügig öffnete er den,Koffer,und wurde durchgewunken.,0.4758703112602234,WE,dewiki_20180420_100d
63,22,control,Jutta ging zur Hotelrezeption. Sofort bekam sie ein,Zimmer,und dankte freundlich.,0.5353447794914246,WE,dewiki_20180420_100d
64,22,script-related,Jutta verließ die Hotelrezeption. Sofort bekam sie ein,Zimmer,und dankte freundlich.,0.5450004935264587,WE,dewiki_20180420_100d
65,22,script-unrelated,Jutta ging zur Post. Sofort bekam sie ein,Zimmer,und dankte freundlich.,0.4943397641181946,WE,dewiki_20180420_100d
66,23,control,Jens ging zum Zahnarzt. Ängstlich ging er zum,Röntgen,und ließ sich behandeln.,0.3918612003326416,WE,dewiki_20180420_100d
67,23,script-related,Jens verließ den Zahnarzt. Ängstlich ging er zum,Röntgen,und ließ sich behandeln.,0.3863735795021057,WE,dewiki_20180420_100d
68,23,script-unrelated,Jens ging zur Zollstelle. Ängstlich ging er zum,Röntgen,und ließ sich behandeln.,0.32601305842399597,WE,dewiki_20180420_100d
69,24,control,Elena begann Poker zu spielen. Schnell setzte sie ihr,Geld,und gewann.,0.5974559783935547,WE,dewiki_20180420_100d
70,24,script-related,Elena hörte auf Poker zu spielen. Schnell setzte sie ihr,Geld,und gewann.,0.6031699776649475,WE,dewiki_20180420_100d
71,24,script-unrelated,Elena begann zu zeichnen. Schnell setzte sie ihr,Geld,und gewann.,0.5458115339279175,WE,dewiki_20180420_100d
72,25,control,Bruno begann seinen Urlaub. Endlich kam er am,Meer,an und genoss das Wetter.,0.40040871500968933,WE,dewiki_20180420_100d
73,25,script-related,Bruno beendete seinen Urlaub. Endlich kam er am,Meer,an und genoss das Wetter.,0.40256035327911377,WE,dewiki_20180420_100d
74,25,script-unrelated,Bruno begann seinen Filmabend. Endlich kam er am,Meer,an und genoss das Wetter.,0.3928878605365753,WE,dewiki_20180420_100d
75,26,control,Jana betrat das Bürgeramt. Umgehend zeigte sie ihr,Visum,und stellte einen Antrag.,0.43257561326026917,WE,dewiki_20180420_100d
76,26,script-related,Jana verließ das Bürgeramt. Umgehend zeigte sie ihr,Visum,und stellte einen Antrag.,0.44167304039001465,WE,dewiki_20180420_100d
77,26,script-unrelated,Jana betrat das Gartencenter. Umgehend zeigte sie ihr,Visum,und stellte einen Antrag.,0.41996514797210693,WE,dewiki_20180420_100d
78,27,control,Nico fuhr auf die Kirmes. Sofort ging er zum,Auto-Scooter,und fuhr eine Runde.,0.44707944989204407,WE,dewiki_20180420_100d
79,27,script-related,Nico verließ die Kirmes. Sofort ging er zum,Auto-Scooter,und fuhr eine Runde.,0.38941842317581177,WE,dewiki_20180420_100d
80,27,script-unrelated,Nico fuhr zur Pizzeria. Sofort ging er zum,Auto-Scooter,und fuhr eine Runde.,0.42321106791496277,WE,dewiki_20180420_100d
81,28,control,Beate ging Wandern. Nach einer Weile sah sie ein,Edelweiß,das sie gleich mitnahm.,0.4482099711894989,WE,dewiki_20180420_100d
82,28,script-related,Beate kam zurück vom Wandern. Nach einer Weile sah sie ein,Edelweiß,das sie gleich mitnahm.,0.44960492849349976,WE,dewiki_20180420_100d
83,28,script-unrelated,Beate ging schwimmen. Nach einer Weile sah sie ein,Edelweiß,das sie gleich mitnahm.,0.41124624013900757,WE,dewiki_20180420_100d
84,29,control,Hubert nahm ein Taxi. Freundlich begrüßte er den,Fahrer,und nannte sein Ziel.,0.4671870768070221,WE,dewiki_20180420_100d
85,29,script-related,Hubert verließ das Taxi. Freundlich begrüßte er den,Fahrer,und nannte sein Ziel.,0.4490867257118225,WE,dewiki_20180420_100d
86,29,script-unrelated,Hubert nahm ein Flugzeug. Freundlich begrüßte er den,Fahrer,und nannte sein Ziel.,0.46850937604904175,WE,dewiki_20180420_100d
87,30,control,Jenni begann zu baden. Sofort verteilte sie den,Schaum,auf ihrem Körper.,0.4238322079181671,WE,dewiki_20180420_100d
88,30,script-related,Jenni hörte auf zu baden. Sofort verteilte sie den,Schaum,auf ihrem Körper.,0.4316004812717438,WE,dewiki_20180420_100d
89,30,script-unrelated,Jenni begann die Vorlesung. Sofort verteilte sie den,Schaum,auf ihrem Körper.,0.417199045419693,WE,dewiki_20180420_100d
90,31,control,Hans betrat die Eishalle. Flott schnürte er seine,Schlittschuhe,und ging auf die Bahn.,0.6587043404579163,WE,dewiki_20180420_100d
91,31,script-related,Hans verließ die Eishalle. Flott schnürte er seine,Schlittschuhe,und ging auf die Bahn.,0.6704472899436951,WE,dewiki_20180420_100d
92,31,script-unrelated,Hans betrat die Kletterhalle. Flott schnürte er seine,Schlittschuhe,und ging auf die Bahn.,0.6268004179000854,WE,dewiki_20180420_100d
93,32,control,Clara begann zu bowlen. Gekonnt erzielte sie einen,Strike,und gewann das Spiel.,0.44998085498809814,WE,dewiki_20180420_100d
94,32,script-related,Clara hörte auf zu bowlen. Gekonnt erzielte sie einen,Strike,und gewann das Spiel.,0.4349924921989441,WE,dewiki_20180420_100d
95,32,script-unrelated,Clara ging zum Schießstand. Gekonnt erzielte sie einen,Strike,und gewann das Spiel.,0.4298118054866791,WE,dewiki_20180420_100d
96,33,control,Georg nahm teil an einem Feuerwehreinsatz. Sofort benutzte er den,Schlauch,und löschte das Feuer.,0.44688189029693604,WE,dewiki_20180420_100d
97,33,script-related,Georg beendete einen Feuerwehreinsatz. Sofort benutzte er den,Schlauch,und löschte das Feuer.,0.46151426434516907,WE,dewiki_20180420_100d
98,33,script-unrelated,Georg nahm teil an Yoga. Sofort benutzte er den,Schlauch,und löschte das Feuer.,0.3871743381023407,WE,dewiki_20180420_100d
99,34,control,Johanna begann das Fußballspiel. Nach kurzer Zeit machte sie ein,Tor,und jubelte laut.,0.48900464177131653,WE,dewiki_20180420_100d
100,34,script-related,Johanna beendete das Fußballspiel. Nach kurzer Zeit machte sie ein,Tor,und jubelte laut.,0.5051063895225525,WE,dewiki_20180420_100d
101,34,script-unrelated,Johanna begann die Jagd. Nach kurzer Zeit machte sie ein,Tor,und jubelte laut.,0.43943098187446594,WE,dewiki_20180420_100d
102,35,control,Jürgen betrat die Metzgerei. Sofort fragte er nach einem,Steak,und bezahlte.,0.4430394470691681,WE,dewiki_20180420_100d
103,35,script-related,Jürgen verließ die Metzgerei. Sofort fragte er nach einem,Steak,und bezahlte.,0.42893660068511963,WE,dewiki_20180420_100d
104,35,script-unrelated,Jürgen betrat die Bäckerei. Sofort fragte er nach einem,Steak,und bezahlte.,0.43308624625205994,WE,dewiki_20180420_100d
105,36,control,Frauke betrat den Zoo. Wenig später fotografierte sie ein,Zebra,beim Trinken.,0.5009212493896484,WE,dewiki_20180420_100d
106,36,script-related,Frauke verließ den Zoo. Wenig später fotografierte sie ein,Zebra,beim Trinken.,0.5010485649108887,WE,dewiki_20180420_100d
107,36,script-unrelated,Frauke ging ins Stadion. Wenig später fotografierte sie ein,Zebra,beim Trinken.,0.4440206289291382,WE,dewiki_20180420_100d
108,37,control,Bernd betrat den Waschsalon. Schnell wählte er das,Waschprogramm,und lies es laufen.,0.4723373353481293,WE,dewiki_20180420_100d
109,37,script-related,Bernd verließ den Waschsalon. Schnell wählte er das,Waschprogramm,und lies es laufen.,0.4580494463443756,WE,dewiki_20180420_100d
110,37,script-unrelated,Bernd betrat den Kiosk. Schnell wählte er das,Waschprogramm,und lies es laufen.,0.45991185307502747,WE,dewiki_20180420_100d
111,38,control,Nicole ging in den Zirkus. Bald setzte sie sich auf die,Tribüne,und schaute sich das Spektakel an.,0.4281870424747467,WE,dewiki_20180420_100d
112,38,script-related,Nicole verließ den Zirkus. Bald setzte sie sich auf die,Tribüne,und schaute sich das Spektakel an.,0.4277897775173187,WE,dewiki_20180420_100d
113,38,script-unrelated,Nicole ging ins Büro. Bald setzte sie sich auf die,Tribüne,und schaute sich das Spektakel an.,0.4394191801548004,WE,dewiki_20180420_100d
114,39,control,Viktor ging in die Sauna. Nach einer Weile machte er einen,Aufguss,und legte sich hin.,0.44428154826164246,WE,dewiki_20180420_100d
115,39,script-related,Viktor verließ die Sauna. Nach einer Weile machte er einen,Aufguss,und legte sich hin.,0.45407408475875854,WE,dewiki_20180420_100d
116,39,script-unrelated,Viktor ging ins Labor. Nach einer Weile machte er einen,Aufguss,und legte sich hin.,0.3842076361179352,WE,dewiki_20180420_100d
117,40,control,Gabi ging zum Tierarzt. Einen Moment später fragte sie die,Arzthelferin,nach Medikamenten.,0.5572823286056519,WE,dewiki_20180420_100d
118,40,script-related,Gabi verließ den Tierarzt. Einen Moment später fragte sie die,Arzthelferin,nach Medikamenten.,0.5542087554931641,WE,dewiki_20180420_100d
119,40,script-unrelated,Gabi ging in die Umkleide. Einen Moment später fragte sie die,Arzthelferin,nach Medikamenten.,0.5417540073394775,WE,dewiki_20180420_100d
120,41,control,Jakob betrat den Tatort. Kurz darauf fotografierte er die,Blutspritzer,und war erstaunt.,0.5795367360115051,WE,dewiki_20180420_100d
121,41,script-related,Jakob verließ den Tatort. Kurz darauf fotografierte er die,Blutspritzer,und war erstaunt.,0.5498989224433899,WE,dewiki_20180420_100d
122,41,script-unrelated,Jakob betrat die Tankstelle. Kurz darauf fotografierte er die,Blutspritzer,und war erstaunt.,0.5667325854301453,WE,dewiki_20180420_100d
123,42,control,Peter begann Bäume zu fällen. Nach einer Weile benutzte sie die,Axt,und traf gezielt den Stamm.,0.47048136591911316,WE,dewiki_20180420_100d
124,42,script-related,Peter hörte auf Bäume zu fällen. Nach einer Weile benutzte sie die,Axt,und traf gezielt den Stamm.,0.47103315591812134,WE,dewiki_20180420_100d
125,42,script-unrelated,Peter begann die Kutsche zu fahren. Nach einer Weile benutzte sie die,Axt,und traf gezielt den Stamm.,0.4809436500072479,WE,dewiki_20180420_100d
126,43,control,Tom begann ein Lagerfeuer. Sofort stapelte er das,Holz,und zündete es an.,0.5034961700439453,WE,dewiki_20180420_100d
127,43,script-related,Tom beendete das Lagerfeuer. Sofort stapelte er das,Holz,und zündete es an.,0.48300519585609436,WE,dewiki_20180420_100d
128,43,script-unrelated,Tom begann Frühstück zu machen. Sofort stapelte er das,Holz,und zündete es an.,0.44206592440605164,WE,dewiki_20180420_100d
129,44,control,Kim ging zum Weihnachtsmarkt. Kurz darauf erreichte er die,Weihnachtskiosks,und stöberte nach Geschenken.,,WE,dewiki_20180420_100d
130,44,script-related,Kim verließ den Weihnachtsmarkt. Kurz darauf erreichte er die,Weihnachtskiosks,und stöberte nach Geschenken.,,WE,dewiki_20180420_100d
131,44,script-unrelated,Kim ging ins Krankenhaus. Kurz darauf erreichte er die,Weihnachtskiosks,und stöberte nach Geschenken.,,WE,dewiki_20180420_100d
132,45,control,Michael begann sein Mittagessen zu kochen. Schnell schnitt er das,Gemüse,und warf es in den Topf.,0.5231539607048035,WE,dewiki_20180420_100d
133,45,script-related,Michael war fertig sein Mittagessen zu kochen. Schnell schnitt er das,Gemüse,und warf es in den Topf.,0.5404115915298462,WE,dewiki_20180420_100d
134,45,script-unrelated,Michael begann einen Kuchen zu backen. Schnell schnitt er das,Gemüse,und warf es in den Topf.,0.5455350875854492,WE,dewiki_20180420_100d
135,46,control,Johann betrat die Wohnung. Sofort setzte er sich aufs,Bett,und dachte über den Tag nach.,0.5649929642677307,WE,dewiki_20180420_100d
136,46,script-related,Johann verließ die Wohnung. Sofort setzte er sich aufs,Bett,und dachte über den Tag nach.,0.5354064702987671,WE,dewiki_20180420_100d
137,46,script-unrelated,Johann betrat das Kino. Sofort setzte er sich aufs,Bett,und dachte über den Tag nach.,0.5176684856414795,WE,dewiki_20180420_100d
138,47,control,Sabine betrat die Schule. Schnell ging sie zum,Klassensaal,und grüßte die Schüler.,,WE,dewiki_20180420_100d
139,47,script-related,Sabine verließ die Schule. Schnell ging sie zum,Klassensaal,und grüßte die Schüler.,,WE,dewiki_20180420_100d
140,47,script-unrelated,Sabine betrat den Bauernhof. Schnell ging sie zum,Klassensaal,und grüßte die Schüler.,,WE,dewiki_20180420_100d
141,48,control,Kevin betrat die Kirche. Vorsichtig nahm er eine,Kerze,und zündete sie an.,0.493789404630661,WE,dewiki_20180420_100d
142,48,script-related,Kevin verließ die Kirche. Vorsichtig nahm er eine,Kerze,und zündete sie an.,0.4503127336502075,WE,dewiki_20180420_100d
143,48,script-unrelated,Kevin betrat die Arztpraxis. Vorsichtig nahm er eine,Kerze,und zündete sie an.,0.4654836356639862,WE,dewiki_20180420_100d
144,49,control,Susi betrat das Gehege. Präzise begutachtete sie das,Kalb,und machte sich Notizen.,0.5350055694580078,WE,dewiki_20180420_100d
145,49,script-related,Susi verließ das Gehege. Präzise begutachtete sie das,Kalb,und machte sich Notizen.,0.5294502973556519,WE,dewiki_20180420_100d
146,49,script-unrelated,Susi betrat die Bücherei. Präzise begutachtete sie das,Kalb,und machte sich Notizen.,0.4698086082935333,WE,dewiki_20180420_100d
147,50,control,Thomas betrat die Kneipe. In Eile rief er den,Kellner,und bestellte ein Bier.,0.6435481309890747,WE,dewiki_20180420_100d
148,50,script-related,Thomas verließ die Kneipe. In Eile rief er den,Kellner,und bestellte ein Bier.,0.6312351822853088,WE,dewiki_20180420_100d
149,50,script-unrelated,Thomas begann Spaghetti zu kochen. In Eile rief er den,Kellner,und bestellte ein Bier.,0.6525924205780029,WE,dewiki_20180420_100d
150,51,control,Lea begann die Wände zu streichen. Schnell wählte sie einen,Pinsel,und fing an zu streichen.,0.4853334426879883,WE,dewiki_20180420_100d
151,51,script-related,Lea war fertig die Wände zu streichen. Schnell wählte sie einen,Pinsel,und fing an zu streichen.,0.49718138575553894,WE,dewiki_20180420_100d
152,51,script-unrelated,Lea erreichte das Theater. Schnell wählte sie einen,Pinsel,und fing an zu streichen.,0.3936147689819336,WE,dewiki_20180420_100d
153,52,control,Peter erreichte den Supermarkt. Schnell kaufte er etwas,Gemüse,zum Kochen am Abend.,0.45686179399490356,WE,dewiki_20180420_100d
154,52,script-related,Peter verließ den Supermarkt. Schnell kaufte er etwas,Gemüse,zum Kochen am Abend.,0.4593890607357025,WE,dewiki_20180420_100d
155,52,script-unrelated,Peter erreichte den Bahnhof. Schnell kaufte er etwas,Gemüse,zum Kochen am Abend.,0.4002796411514282,WE,dewiki_20180420_100d
156,53,control,Lisa betrat das Haus. Kurz danach checkte sie den,Kühlschrank,und suchte etwas zu essen.,0.4538044333457947,WE,dewiki_20180420_100d
157,53,script-related,Lisa verließ das Haus. Kurz danach checkte sie den,Kühlschrank,und suchte etwas zu essen.,0.4300630986690521,WE,dewiki_20180420_100d
158,53,script-unrelated,Lisa begann im Fitnessstudio zu trainieren. Kurz danach checkte sie den,Kühlschrank,und suchte etwas zu essen.,0.44260507822036743,WE,dewiki_20180420_100d
159,54,control,Tim begann seine Fahrstunde. Hektisch drückte er aufs,Gaspedal,und fuhr los.,0.4532325863838196,WE,dewiki_20180420_100d
160,54,script-related,Tim beendete seine Fahrstunde. Hektisch drückte er aufs,Gaspedal,und fuhr los.,0.4665408134460449,WE,dewiki_20180420_100d
161,54,script-unrelated,Tim ging zum Flughafen. Hektisch drückte er aufs,Gaspedal,und fuhr los.,0.4614008069038391,WE,dewiki_20180420_100d
162,55,control,Maria erreichte das Einkaufszentrum. Sofort begrüßte sie die,Verkäuferin,und suchte etwas aus.,0.4881279170513153,WE,dewiki_20180420_100d
163,55,script-related,Maria verließ das Einkaufszentrum. Sofort begrüßte sie die,Verkäuferin,und suchte etwas aus.,0.5127903819084167,WE,dewiki_20180420_100d
164,55,script-unrelated,Maria erreichte die Geburtstagsfeier. Sofort begrüßte sie die,Verkäuferin,und suchte etwas aus.,0.5059053301811218,WE,dewiki_20180420_100d
165,56,control,Lukas begann die Vorlesung. Eilig begrüßte er seine,Studenten,und fing an.,0.576934278011322,WE,dewiki_20180420_100d
166,56,script-related,Lukas beendete die Vorlesung. Eilig begrüßte er seine,Studenten,und fing an.,0.5806597471237183,WE,dewiki_20180420_100d
167,56,script-unrelated,Lukas ging zum Friseur. Eilig begrüßte er seine,Studenten,und fing an.,0.5363513231277466,WE,dewiki_20180420_100d
168,57,control,Marie ging zur Uni. In Eile betrat sie den,Hörsaal,und öffnete ihr Buch.,0.47168537974357605,WE,dewiki_20180420_100d
169,57,script-related,Marie verließ die Uni. In Eile betrat sie den,Hörsaal,und öffnete ihr Buch.,0.4664440453052521,WE,dewiki_20180420_100d
170,57,script-unrelated,Marie ging duschen. In Eile betrat sie den,Hörsaal,und öffnete ihr Buch.,0.46830111742019653,WE,dewiki_20180420_100d
171,58,control,Thorsten begann zu grillen. Behutsam platzierte er den,Grillanzünder,und suchte die Zange.,0.48649337887763977,WE,dewiki_20180420_100d
172,58,script-related,Thorsten hörte auf zu grillen. Behutsam platzierte er den,Grillanzünder,und suchte die Zange.,0.48352012038230896,WE,dewiki_20180420_100d
173,58,script-unrelated,Thorsten betrat den Blumenladen. Behutsam platzierte er den,Grillanzünder,und suchte die Zange.,0.41912275552749634,WE,dewiki_20180420_100d
174,59,control,Claudia betrat das Tiergeschäft. Eine Zeit lang stand sie am,Käfig,und dachte über den Kauf nach.,0.40892109274864197,WE,dewiki_20180420_100d
175,59,script-related,Claudia verließ das Tiergeschäft. Eine Zeit lang stand sie am,Käfig,und dachte über den Kauf nach.,0.3905036747455597,WE,dewiki_20180420_100d
176,59,script-unrelated,Claudia betrat den Friedhof. Eine Zeit lang stand sie am,Käfig,und dachte über den Kauf nach.,0.41860029101371765,WE,dewiki_20180420_100d
177,60,control,Jonathan ging in die Küche. Eine Weile säuberte er den,Ofen,und danach den Kühlschrank.,0.5006236433982849,WE,dewiki_20180420_100d
178,60,script-related,Jonathan verließ die Küche. Eine Weile säuberte er den,Ofen,und danach den Kühlschrank.,0.4885980188846588,WE,dewiki_20180420_100d
179,60,script-unrelated,Jonathan ging in den Garten. Eine Weile säuberte er den,Ofen,und danach den Kühlschrank.,0.4733443558216095,WE,dewiki_20180420_100d
180,61,control,Lara ging zum Herd. Schnell reinigte sie die,Herdplatte,und dann die Abzugshaube.,0.5745310187339783,WE,dewiki_20180420_100d
181,61,script-related,Lara ging weg vom Herd. Schnell reinigte sie die,Herdplatte,und dann die Abzugshaube.,0.5599679350852966,WE,dewiki_20180420_100d
182,61,script-unrelated,Lara ging ins Museum. Schnell reinigte sie die,Herdplatte,und dann die Abzugshaube.,0.48860427737236023,WE,dewiki_20180420_100d
183,62,control,Roman ging in die Buchhandlung. Schnell suchte er einen,Roman,für seine Frau.,0.5893751382827759,WE,dewiki_20180420_100d
184,62,script-related,Roman verließ die Buchhandlung. Schnell suchte er einen,Roman,für seine Frau.,0.582933783531189,WE,dewiki_20180420_100d
185,62,script-unrelated,Roman ging zum Konditor. Schnell suchte er einen,Roman,für seine Frau.,0.5570359826087952,WE,dewiki_20180420_100d
186,63,control,Annika ging in die Boutique. Eine Zeit lang suchte sie nach,Stiefeln,und kaufte sie dann.,0.41701388359069824,WE,dewiki_20180420_100d
187,63,script-related,Annika verließ die Boutique. Eine Zeit lang suchte sie nach,Stiefeln,und kaufte sie dann.,0.4278753101825714,WE,dewiki_20180420_100d
188,63,script-unrelated,Annika ging ins Spa. Eine Zeit lang suchte sie nach,Stiefeln,und kaufte sie dann.,0.3698449432849884,WE,dewiki_20180420_100d
189,64,control,Emil betrat die Apotheke. Schnell kaufte er das,Medikament,und ging dann nach Hause.,0.46014291048049927,WE,dewiki_20180420_100d
190,64,script-related,Emil verließ die Apotheke. Schnell kaufte er das,Medikament,und ging dann nach Hause.,0.44865524768829346,WE,dewiki_20180420_100d
191,64,script-unrelated,Emil betrat die Reitschule. Schnell kaufte er das,Medikament,und ging dann nach Hause.,0.40578675270080566,WE,dewiki_20180420_100d
192,65,control,Susanne betrat das Bad. Sofort entfernte sie ihr,Makeup,und putzte sich die Zähne.,0.382606565952301,WE,dewiki_20180420_100d
193,65,script-related,Susanne verließ das Bad. Sofort entfernte sie ihr,Makeup,und putzte sich die Zähne.,0.3829573690891266,WE,dewiki_20180420_100d
194,65,script-unrelated,Susanne ging zur Sicherheitskontrolle. Sofort entfernte sie ihr,Makeup,und putzte sich die Zähne.,0.3719983994960785,WE,dewiki_20180420_100d
195,66,control,Martin kam zur Autowerkstatt. Umgehend fragte er nach den,Reifen,für den Winter.,0.3825700879096985,WE,dewiki_20180420_100d
196,66,script-related,Martin verließ die Autowerkstatt. Umgehend fragte er nach den,Reifen,für den Winter.,0.38580235838890076,WE,dewiki_20180420_100d
197,66,script-unrelated,Martin kam zur Hotelrezeption. Umgehend fragte er nach den,Reifen,für den Winter.,0.36876797676086426,WE,dewiki_20180420_100d
198,67,control,Jutta ging zur Post. Umgehend bekam sie das,Paket,auf das sie gewartet hatte.,0.46829015016555786,WE,dewiki_20180420_100d
199,67,script-related,Jutta verließ die Post. Umgehend bekam sie das,Paket,auf das sie gewartet hatte.,0.45605337619781494,WE,dewiki_20180420_100d
200,67,script-unrelated,Jutta ging zum Zahnarzt. Umgehend bekam sie das,Paket,auf das sie gewartet hatte.,0.4300408959388733,WE,dewiki_20180420_100d
201,68,control,Jens ging zur Zollstelle. Schnell zeigte er sein,Formular,und schaute den Beamten an.,0.3610464036464691,WE,dewiki_20180420_100d
202,68,script-related,Jens verließ die Zollstelle. Schnell zeigte er sein,Formular,und schaute den Beamten an.,0.3541959226131439,WE,dewiki_20180420_100d
203,68,script-unrelated,Jens begann Poker zu spielen. Schnell zeigte er sein,Formular,und schaute den Beamten an.,0.329936146736145,WE,dewiki_20180420_100d
204,69,control,Elena begann zu zeichnen. Umgehend nahm sie den,Stift,und zeichnete eine Blume.,0.36864587664604187,WE,dewiki_20180420_100d
205,69,script-related,Elena hörte auf zu zeichnen. Umgehend nahm sie den,Stift,und zeichnete eine Blume.,0.39228400588035583,WE,dewiki_20180420_100d
206,69,script-unrelated,Elena begann den Urlaub. Umgehend nahm sie den,Stift,und zeichnete eine Blume.,0.3263565003871918,WE,dewiki_20180420_100d
207,70,control,Bruno begann seinen Filmabend. Schnell besorgte er das,Popcorn,aus der Küche.,0.47492048144340515,WE,dewiki_20180420_100d
208,70,script-related,Bruno beendete seinen Filmabend. Schnell besorgte er das,Popcorn,aus der Küche.,0.4588041305541992,WE,dewiki_20180420_100d
209,70,script-unrelated,Bruno betrat das Bürgeramt. Schnell besorgte er das,Popcorn,aus der Küche.,0.45959293842315674,WE,dewiki_20180420_100d
210,71,control,Jana betrat das Gartencenter. Nach einer Weile fragte sie nach einer,Palme,für den Balkon.,0.4393578767776489,WE,dewiki_20180420_100d
211,71,script-related,Jana verließ das Gartencenter. Nach einer Weile fragte sie nach einer,Palme,für den Balkon.,0.43037769198417664,WE,dewiki_20180420_100d
212,71,script-unrelated,Jana ging auf die Kirmes. Nach einer Weile fragte sie nach einer,Palme,für den Balkon.,0.44673725962638855,WE,dewiki_20180420_100d
213,72,control,Nico fuhr zur Pizzeria. Sofort griff er die,Speisekarte,und bestellte eine Margherita.,0.4675673544406891,WE,dewiki_20180420_100d
214,72,script-related,Nico verließ die Pizzeria. Sofort griff er die,Speisekarte,und bestellte eine Margherita.,0.43293559551239014,WE,dewiki_20180420_100d
215,72,script-unrelated,Nico fuhr wandern. Sofort griff er die,Speisekarte,und bestellte eine Margherita.,0.42591580748558044,WE,dewiki_20180420_100d
216,73,control,Beate ging Schwimmen. Schnell prüfte sie das,Becken,und schwamm los.,0.3947145640850067,WE,dewiki_20180420_100d
217,73,script-related,Beate kam zurück vom Schwimmen. Schnell prüfte sie das,Becken,und schwamm los.,0.4126092195510864,WE,dewiki_20180420_100d
218,73,script-unrelated,Beate fuhr mit dem Taxi. Schnell prüfte sie das,Becken,und schwamm los.,0.35582593083381653,WE,dewiki_20180420_100d
219,74,control,Hubert nahm ein Flugzeug. Voller Begeisterung genoss er die,Höhe,denn er liebte das Fliegen.,0.3947705328464508,WE,dewiki_20180420_100d
220,74,script-related,Hubert verließ das Flugzeug. Voller Begeisterung genoss er die,Höhe,denn er liebte das Fliegen.,0.3926791548728943,WE,dewiki_20180420_100d
221,74,script-unrelated,Hubert begann zu baden. Voller Begeisterung genoss er die,Höhe,denn er liebte das Fliegen.,0.3585525453090668,WE,dewiki_20180420_100d
222,75,control,Jenni begann den Unterricht. Sofort öffnete sie die,Tafel,und begann zu schreiben.,0.38963231444358826,WE,dewiki_20180420_100d
223,75,script-related,Jenni hörte auf mit dem Unterricht. Sofort öffnete sie die,Tafel,und begann zu schreiben.,0.455730676651001,WE,dewiki_20180420_100d
224,75,script-unrelated,Jenni betrat die Eishalle. Sofort öffnete sie die,Tafel,und begann zu schreiben.,0.43209266662597656,WE,dewiki_20180420_100d
225,76,control,Hans betrat die Kletterhalle. Wenig später griff er das,Seil,und spannte es ein.,0.44719070196151733,WE,dewiki_20180420_100d
226,76,script-related,Hans verließ die Kletterhalle. Wenig später griff er das,Seil,und spannte es ein.,0.41724684834480286,WE,dewiki_20180420_100d
227,76,script-unrelated,Hans begann zu bowlen. Wenig später griff er das,Seil,und spannte es ein.,0.42709729075431824,WE,dewiki_20180420_100d
228,77,control,Clara ging zum Schießstand. Sofort bekam sie einen,Revolver,und begann auf das Ziel zu schießen.,0.47710731625556946,WE,dewiki_20180420_100d
229,77,script-related,Clara verließ den Schießstand. Sofort bekam sie einen,Revolver,und begann auf das Ziel zu schießen.,0.4825855493545532,WE,dewiki_20180420_100d
230,77,script-unrelated,Clara ging auf einen Feuerwehreinsatz. Sofort bekam sie einen,Revolver,und begann auf das Ziel zu schießen.,0.46224233508110046,WE,dewiki_20180420_100d
231,78,control,Georg nahm teil an Yoga. Nach einer Weile setzte er sich auf seine,Yogamatte,und machte eine Übung.,,WE,dewiki_20180420_100d
232,78,script-related,Georg kam zurück vom Yoga. Nach einer Weile setzte er sich auf seine,Yogamatte,und machte eine Übung.,,WE,dewiki_20180420_100d
233,78,script-unrelated,Georg nahm teil am Fußballspiel. Nach einer Weile setzte er sich auf seine,Yogamatte,und machte eine Übung.,,WE,dewiki_20180420_100d
234,79,control,Johanna begann die Jagd. Nach einer Weile erblickte sie den,Hochsitz,und ging darauf zu.,0.4471309781074524,WE,dewiki_20180420_100d
235,79,script-related,Johanna kam zurück von der Jagd. Nach einer Weile erblickte sie den,Hochsitz,und ging darauf zu.,0.4498447775840759,WE,dewiki_20180420_100d
236,79,script-unrelated,Johanna betrat die Metzgerei. Nach einer Weile erblickte sie den,Hochsitz,und ging darauf zu.,0.46734920144081116,WE,dewiki_20180420_100d
237,80,control,Jürgen betrat die Bäckerei. Wenig später zeigte er auf das,Croissant,und wählte aus.,0.4628344774246216,WE,dewiki_20180420_100d
238,80,script-related,Jürgen verließ die Bäckerei. Wenig später zeigte er auf das,Croissant,und wählte aus.,0.4636877775192261,WE,dewiki_20180420_100d
239,80,script-unrelated,Jürgen betrat den Zoo. Wenig später zeigte er auf das,Croissant,und wählte aus.,0.40740272402763367,WE,dewiki_20180420_100d
240,81,control,Frauke ging ins Stadion. Schnell wählte sie eine,Tribüne,und setzte sich.,0.5244152545928955,WE,dewiki_20180420_100d
241,81,script-related,Frauke verließ das Stadion. Schnell wählte sie eine,Tribüne,und setzte sich.,0.5207530856132507,WE,dewiki_20180420_100d
242,81,script-unrelated,Frauke ging zum Waschsalon. Schnell wählte sie eine,Tribüne,und setzte sich.,0.4542050361633301,WE,dewiki_20180420_100d
243,82,control,Bernd betrat den Kiosk. Sofort kaufte er eine,Zeitung,und ging wieder heim.,0.5205071568489075,WE,dewiki_20180420_100d
244,82,script-related,Bernd verließ den Kiosk. Sofort kaufte er eine,Zeitung,und ging wieder heim.,0.5040230751037598,WE,dewiki_20180420_100d
245,82,script-unrelated,Bernd betrat den Zirkus. Sofort kaufte er eine,Zeitung,und ging wieder heim.,0.5072020888328552,WE,dewiki_20180420_100d
246,83,control,Nicole betrat das Büro. Zuerst ging sie zum,Schreibtisch,und schaltete dann den Computer ein.,0.5007573366165161,WE,dewiki_20180420_100d
247,83,script-related,Nicole verließ das Büro. Zuerst ging sie zum,Schreibtisch,und schaltete dann den Computer ein.,0.46030938625335693,WE,dewiki_20180420_100d
248,83,script-unrelated,Nicole betrat die Sauna. Zuerst ging sie zum,Schreibtisch,und schaltete dann den Computer ein.,0.44436758756637573,WE,dewiki_20180420_100d
249,84,control,Viktor ging ins Labor. Schnell begann er das,Experiment,und machte sich Notizen.,0.5264570713043213,WE,dewiki_20180420_100d
250,84,script-related,Viktor verließ das Labor. Schnell begann er das,Experiment,und machte sich Notizen.,0.5441319346427917,WE,dewiki_20180420_100d
251,84,script-unrelated,Viktor ging zum Tierarzt. Schnell begann er das,Experiment,und machte sich Notizen.,0.43126800656318665,WE,dewiki_20180420_100d
252,85,control,Gabi ging in die Umkleide. Schnell probierte sie die,Kleidung,an und ging zur Kasse.,0.5321954488754272,WE,dewiki_20180420_100d
253,85,script-related,Gabi verließ die Umkleide. Schnell probierte sie die,Kleidung,an und ging zur Kasse.,0.5396666526794434,WE,dewiki_20180420_100d
254,85,script-unrelated,Gabi betrat den Tatort. Schnell probierte sie die,Kleidung,an und ging zur Kasse.,0.48933854699134827,WE,dewiki_20180420_100d
255,86,control,Jakob betrat die Tankstelle. Sofort sagte er seine,Nummer,und bezahlte.,0.3978942930698395,WE,dewiki_20180420_100d
256,86,script-related,Jakob verließ die Tankstelle. Sofort sagte er seine,Nummer,und bezahlte.,0.39643728733062744,WE,dewiki_20180420_100d
257,86,script-unrelated,Jakob begann Bäume zu fällen. Sofort sagte er seine,Nummer,und bezahlte.,0.37431657314300537,WE,dewiki_20180420_100d
258,87,control,Hilde begann die Kutsche zu fahren. Schnell bestieg sie den,Kutschbock,und los ging es.,0.608290433883667,WE,dewiki_20180420_100d
259,87,script-related,Hilde war fertig die Kutsche zu fahren. Schnell bestieg sie den,Kutschbock,und los ging es.,0.617565393447876,WE,dewiki_20180420_100d
260,87,script-unrelated,Hilde begann ein Lagerfeuer. Schnell bestieg sie den,Kutschbock,und los ging es.,0.5331424474716187,WE,dewiki_20180420_100d
261,88,control,Tom begann Frühstück zu machen. Sofort öffnete er die,Butter,und machte sich ein Brot.,0.46977195143699646,WE,dewiki_20180420_100d
262,88,script-related,Tom hörte auf Frühstück zu machen. Sofort öffnete er die,Butter,und machte sich ein Brot.,0.4831514358520508,WE,dewiki_20180420_100d
263,88,script-unrelated,Tom ging zum Weihnachtsmarkt. Sofort öffnete er die,Butter,und machte sich ein Brot.,0.42944565415382385,WE,dewiki_20180420_100d
264,89,control,Kim ging ins Krankenhaus. Gleich ging sie zur,Rezeption,und fragte nach dem Weg.,0.426459401845932,WE,dewiki_20180420_100d
265,89,script-related,Kim verließ das Krankenhaus. Gleich ging sie zur,Rezeption,und fragte nach dem Weg.,0.4069717228412628,WE,dewiki_20180420_100d
266,89,script-unrelated,Kim fing an sein Mittagessen zu kochen. Gleich ging sie zur,Rezeption,und fragte nach dem Weg.,0.3985675871372223,WE,dewiki_20180420_100d
267,90,control,Michael fing an damit einen Kuchen zu backen. Als erstes nahm er einen,Schneebesen,und schlug Eiweiß steif.,0.5162913799285889,WE,dewiki_20180420_100d
268,90,script-related,Michael war fertig damit einen Kuchen zu backen. Als erstes nahm er einen,Schneebesen,und schlug Eiweiß steif.,0.5240280032157898,WE,dewiki_20180420_100d
269,90,script-unrelated,Michael betrat das Restaurant. Als erstes nahm er einen,Schneebesen,und schlug Eiweiß steif.,0.3537338078022003,WE,dewiki_20180420_100d
0,1,control,Johann betrat das Restaurant. Wenig später öffnete er die,Speisekarte,und verschaffte sich einen Überblick.,0.32448673248291016,WE,dewiki_20180420_300d
1,1,script-related,Johann verließ das Restaurant. Wenig später öffnete er die,Speisekarte,und verschaffte sich einen Überblick.,0.3048757016658783,WE,dewiki_20180420_300d
2,1,script-unrelated,Johann betrat die Wohnung. Wenig später öffnete er die,Speisekarte,und verschaffte sich einen Überblick.,0.28456753492355347,WE,dewiki_20180420_300d
3,2,control,Sabine betrat das Kino. Schnell ging sie zur,Kasse,und kaufte eine Karte.,0.36298784613609314,WE,dewiki_20180420_300d
4,2,script-related,Sabine verließ das Kino. Schnell ging sie zur,Kasse,und kaufte eine Karte.,0.351209819316864,WE,dewiki_20180420_300d
5,2,script-unrelated,Sabine betrat die Schule. Schnell ging sie zur,Kasse,und kaufte eine Karte.,0.35456839203834534,WE,dewiki_20180420_300d
6,3,control,Kevin betrat den Bauernhof. Ohne zu zögern nahm er eine,Mistgabel,und fing an zu schaufeln.,0.3735024333000183,WE,dewiki_20180420_300d
7,3,script-related,Kevin verließ den Bauernhof. Ohne zu zögern nahm er eine,Mistgabel,und fing an zu schaufeln.,0.3598235249519348,WE,dewiki_20180420_300d
8,3,script-unrelated,Kevin betrat die Kirche. Ohne zu zögern nahm er eine,Mistgabel,und fing an zu schaufeln.,0.3471752107143402,WE,dewiki_20180420_300d
9,4,control,Susi betrat die Arztpraxis. Freundlich sprach sie mit der,Arzthelferin,über die Problematik.,0.43486571311950684,WE,dewiki_20180420_300d
10,4,script-related,Susi verließ die Arztpraxis. Freundlich sprach sie mit der,Arzthelferin,über die Problematik.,0.4450639486312866,WE,dewiki_20180420_300d
11,4,script-unrelated,Susi betrat das Gehege. Freundlich sprach sie mit der,Arzthelferin,über die Problematik.,0.35053586959838867,WE,dewiki_20180420_300d
12,5,control,Roman betrat die Bücherei. Kurz danach ging er zum,Regal,und suchte einen Krimi.,0.3118111789226532,WE,dewiki_20180420_300d
13,5,script-related,Roman verließ die Bücherei. Kurz danach ging er zum,Regal,und suchte einen Krimi.,0.2939177453517914,WE,dewiki_20180420_300d
14,5,script-unrelated,Roman betrat die Kneipe. Kurz danach ging er zum,Regal,und suchte einen Krimi.,0.30595967173576355,WE,dewiki_20180420_300d
15,6,control,Lea begann damit Spaghetti zu kochen. Vorsichtig öffnete sie die,Nudelpackung,mit einem Handgriff.,,WE,dewiki_20180420_300d
16,6,script-related,Lea war fertig damit Spaghetti zu kochen. Vorsichtig öffnete sie die,Nudelpackung,mit einem Handgriff.,,WE,dewiki_20180420_300d
17,6,script-unrelated,Lea begann die Wände zu streichen. Vorsichtig öffnete sie die,Nudelpackung,mit einem Handgriff.,,WE,dewiki_20180420_300d
18,7,control,Peter erreichte das Theater. Wenig später ging er zur,Loge,und setzte sich.,0.3314410448074341,WE,dewiki_20180420_300d
19,7,script-related,Peter verließ das Theater. Wenig später ging er zur,Loge,und setzte sich.,0.34242624044418335,WE,dewiki_20180420_300d
20,7,script-unrelated,Peter erreichte den Supermarkt. Wenig später ging er zur,Loge,und setzte sich.,0.30371615290641785,WE,dewiki_20180420_300d
21,8,control,Lisa betrat den Bahnhof. Wenig später war sie am,Gleis,und wartete auf den Zug.,0.4207443594932556,WE,dewiki_20180420_300d
22,8,script-related,Lisa verließ den Bahnhof. Wenig später war sie am,Gleis,und wartete auf den Zug.,0.41515418887138367,WE,dewiki_20180420_300d
23,8,script-unrelated,Lisa betrat das Haus. Wenig später war sie am,Gleis,und wartete auf den Zug.,0.33610638976097107,WE,dewiki_20180420_300d
24,9,control,Tim begann im Fitnessstudio zu trainieren. Umgehend war er auf dem,Laufband,und rann wie verrückt.,0.39354321360588074,WE,dewiki_20180420_300d
25,9,script-related,Tim hörte auf im Fitnessstudio zu trainieren. Umgehend war er auf dem,Laufband,und rann wie verrückt.,0.3981698751449585,WE,dewiki_20180420_300d
26,9,script-unrelated,Tim begann seine Fahrstunde. Umgehend war er auf dem,Laufband,und rann wie verrückt.,0.30283817648887634,WE,dewiki_20180420_300d
27,10,control,Maria erreichte den Flughafen. Sofort ging sie zum,Check-in,um den Koffer aufzugeben.,0.35408270359039307,WE,dewiki_20180420_300d
28,10,script-related,Maria verließ den Flughafen. Sofort ging sie zum,Check-in,um den Koffer aufzugeben.,0.3369792103767395,WE,dewiki_20180420_300d
29,10,script-unrelated,Maria erreichte das Einkaufszentrum. Sofort ging sie zum,Check-in,um den Koffer aufzugeben.,0.32761335372924805,WE,dewiki_20180420_300d
30,11,control,Lukas kam zur Geburtstagsfeier. Nach einer Weile überreichte er den,Kuchen,und gratulierte.,0.3581467270851135,WE,dewiki_20180420_300d
31,11,script-related,Lukas verließ die Geburtstagsfeier. Nach einer Weile überreichte er den,Kuchen,und gratulierte.,0.34912654757499695,WE,dewiki_20180420_300d
32,11,script-unrelated,Lukas kam zum Unterricht. Nach einer Weile überreichte er den,Kuchen,und gratulierte.,0.3466593623161316,WE,dewiki_20180420_300d
33,12,control,Marie ging zum Friseur. Nach einem kurzen Moment fragte sie die,Stylistin,nach einem neuen Schnitt.,0.43223726749420166,WE,dewiki_20180420_300d
34,12,script-related,Marie verließ den Friseur. Nach einem kurzen Moment fragte sie die,Stylistin,nach einem neuen Schnitt.,0.44706907868385315,WE,dewiki_20180420_300d
35,12,script-unrelated,Marie ging zur Uni. Nach einem kurzen Moment fragte sie die,Stylistin,nach einem neuen Schnitt.,0.3659190237522125,WE,dewiki_20180420_300d
36,13,control,Thorsten begann zu duschen. Als erstes benutzte er das,Shampoo,und dann das Duschgel.,0.3835737407207489,WE,dewiki_20180420_300d
37,13,script-related,Thorsten hörte auf zu duschen. Als erstes benutzte er das,Shampoo,und dann das Duschgel.,0.3815338611602783,WE,dewiki_20180420_300d
38,13,script-unrelated,Thorsten begann zu grillen. Als erstes benutzte er das,Shampoo,und dann das Duschgel.,0.3622525632381439,WE,dewiki_20180420_300d
39,14,control,Claudia betrat den Blumenladen. Schnell fragte sie nach einer,Rose,für eine Freundin.,0.38850510120391846,WE,dewiki_20180420_300d
40,14,script-related,Claudia verließ den Blumenladen. Schnell fragte sie nach einer,Rose,für eine Freundin.,0.4032295346260071,WE,dewiki_20180420_300d
41,14,script-unrelated,Claudia betrat das Tiergeschäft. Schnell fragte sie nach einer,Rose,für eine Freundin.,0.37883198261260986,WE,dewiki_20180420_300d
42,15,control,Jonathan ging zum Friedhof. Nachdenklich betrachtete er den,Grabstein,und sprach ein Gebet.,0.45966020226478577,WE,dewiki_20180420_300d
43,15,script-related,Jonathan verließ den Friedhof. Nachdenklich betrachtete er den,Grabstein,und sprach ein Gebet.,0.4710233509540558,WE,dewiki_20180420_300d
44,15,script-unrelated,Jonathan ging in die Küche. Nachdenklich betrachtete er den,Grabstein,und sprach ein Gebet.,0.3120560348033905,WE,dewiki_20180420_300d
45,16,control,Lara ging in den Garten. Genau prüfte sie die,Erde,und goss dann die Blumen.,0.355013906955719,WE,dewiki_20180420_300d
46,16,script-related,Lara verließ den Garten. Genau prüfte sie die,Erde,und goss dann die Blumen.,0.35538437962532043,WE,dewiki_20180420_300d
47,16,script-unrelated,Lara ging zum Herd. Genau prüfte sie die,Erde,und goss dann die Blumen.,0.37523484230041504,WE,dewiki_20180420_300d
48,17,control,Roman ging ins Museum. Akribisch betrachtete er die,Skulpturen,und war begeistert.,0.40774500370025635,WE,dewiki_20180420_300d
49,17,script-related,Roman verließ das Museum. Akribisch betrachtete er die,Skulpturen,und war begeistert.,0.39315521717071533,WE,dewiki_20180420_300d
50,17,script-unrelated,Roman ging in die Buchhandlung. Akribisch betrachtete er die,Skulpturen,und war begeistert.,0.3566403090953827,WE,dewiki_20180420_300d
51,18,control,Annika ging zum Konditor. Schnell fragte sie nach einem,Kuchen,und bezahlte sofort.,0.42442023754119873,WE,dewiki_20180420_300d
52,18,script-related,Annika verließ den Konditor. Schnell fragte sie nach einem,Kuchen,und bezahlte sofort.,0.39834386110305786,WE,dewiki_20180420_300d
53,18,script-unrelated,Annika ging in die Boutique. Schnell fragte sie nach einem,Kuchen,und bezahlte sofort.,0.38973069190979004,WE,dewiki_20180420_300d
54,19,control,Emil betrat das Spa. Nach einer Weile bekam er eine,Massage,und genoss sie.,0.3360092341899872,WE,dewiki_20180420_300d
55,19,script-related,Emil verließ das Spa. Nach einer Weile bekam er eine,Massage,und genoss sie.,0.33249804377555847,WE,dewiki_20180420_300d
56,19,script-unrelated,Emil betrat die Apotheke. Nach einer Weile bekam er eine,Massage,und genoss sie.,0.3252411186695099,WE,dewiki_20180420_300d
57,20,control,Susanne betrat die Reitschule. Schnell setzte sie den,Sattel,auf und ritt los.,0.3223757743835449,WE,dewiki_20180420_300d
58,20,script-related,Susanne verließ die Reitschule. Schnell setzte sie den,Sattel,auf und ritt los.,0.3098753094673157,WE,dewiki_20180420_300d
59,20,script-unrelated,Susanne betrat das Bad. Schnell setzte sie den,Sattel,auf und ritt los.,0.299723744392395,WE,dewiki_20180420_300d
60,21,control,Martin kam zur Sicherheitskontrolle. Zügig öffnete er den,Koffer,und wurde durchgewunken.,0.3830760717391968,WE,dewiki_20180420_300d
61,21,script-related,Martin verließ die Sicherheitskontrolle. Zügig öffnete er den,Koffer,und wurde durchgewunken.,0.4129689037799835,WE,dewiki_20180420_300d
62,21,script-unrelated,Martin kam zur Autowerkstatt. Zügig öffnete er den,Koffer,und wurde durchgewunken.,0.36291900277137756,WE,dewiki_20180420_300d
63,22,control,Jutta ging zur Hotelrezeption. Sofort bekam sie ein,Zimmer,und dankte freundlich.,0.40412065386772156,WE,dewiki_20180420_300d
64,22,script-related,Jutta verließ die Hotelrezeption. Sofort bekam sie ein,Zimmer,und dankte freundlich.,0.4194822907447815,WE,dewiki_20180420_300d
65,22,script-unrelated,Jutta ging zur Post. Sofort bekam sie ein,Zimmer,und dankte freundlich.,0.368562251329422,WE,dewiki_20180420_300d
66,23,control,Jens ging zum Zahnarzt. Ängstlich ging er zum,Röntgen,und ließ sich behandeln.,0.28205907344818115,WE,dewiki_20180420_300d
67,23,script-related,Jens verließ den Zahnarzt. Ängstlich ging er zum,Röntgen,und ließ sich behandeln.,0.28787538409233093,WE,dewiki_20180420_300d
68,23,script-unrelated,Jens ging zur Zollstelle. Ängstlich ging er zum,Röntgen,und ließ sich behandeln.,0.2608911693096161,WE,dewiki_20180420_300d
69,24,control,Elena begann Poker zu spielen. Schnell setzte sie ihr,Geld,und gewann.,0.4918241500854492,WE,dewiki_20180420_300d
70,24,script-related,Elena hörte auf Poker zu spielen. Schnell setzte sie ihr,Geld,und gewann.,0.49683278799057007,WE,dewiki_20180420_300d
71,24,script-unrelated,Elena begann zu zeichnen. Schnell setzte sie ihr,Geld,und gewann.,0.44427675008773804,WE,dewiki_20180420_300d
72,25,control,Bruno begann seinen Urlaub. Endlich kam er am,Meer,an und genoss das Wetter.,0.34003525972366333,WE,dewiki_20180420_300d
73,25,script-related,Bruno beendete seinen Urlaub. Endlich kam er am,Meer,an und genoss das Wetter.,0.3419489860534668,WE,dewiki_20180420_300d
74,25,script-unrelated,Bruno begann seinen Filmabend. Endlich kam er am,Meer,an und genoss das Wetter.,0.31767913699150085,WE,dewiki_20180420_300d
75,26,control,Jana betrat das Bürgeramt. Umgehend zeigte sie ihr,Visum,und stellte einen Antrag.,0.3435802459716797,WE,dewiki_20180420_300d
76,26,script-related,Jana verließ das Bürgeramt. Umgehend zeigte sie ihr,Visum,und stellte einen Antrag.,0.35444268584251404,WE,dewiki_20180420_300d
77,26,script-unrelated,Jana betrat das Gartencenter. Umgehend zeigte sie ihr,Visum,und stellte einen Antrag.,0.3118113577365875,WE,dewiki_20180420_300d
78,27,control,Nico fuhr auf die Kirmes. Sofort ging er zum,Auto-Scooter,und fuhr eine Runde.,0.37841716408729553,WE,dewiki_20180420_300d
79,27,script-related,Nico verließ die Kirmes. Sofort ging er zum,Auto-Scooter,und fuhr eine Runde.,0.3113177716732025,WE,dewiki_20180420_300d
80,27,script-unrelated,Nico fuhr zur Pizzeria. Sofort ging er zum,Auto-Scooter,und fuhr eine Runde.,0.3285215198993683,WE,dewiki_20180420_300d
81,28,control,Beate ging Wandern. Nach einer Weile sah sie ein,Edelweiß,das sie gleich mitnahm.,0.3344951570034027,WE,dewiki_20180420_300d
82,28,script-related,Beate kam zurück vom Wandern. Nach einer Weile sah sie ein,Edelweiß,das sie gleich mitnahm.,0.33150380849838257,WE,dewiki_20180420_300d
83,28,script-unrelated,Beate ging schwimmen. Nach einer Weile sah sie ein,Edelweiß,das sie gleich mitnahm.,0.30801302194595337,WE,dewiki_20180420_300d
84,29,control,Hubert nahm ein Taxi. Freundlich begrüßte er den,Fahrer,und nannte sein Ziel.,0.35553693771362305,WE,dewiki_20180420_300d
85,29,script-related,Hubert verließ das Taxi. Freundlich begrüßte er den,Fahrer,und nannte sein Ziel.,0.35463786125183105,WE,dewiki_20180420_300d
86,29,script-unrelated,Hubert nahm ein Flugzeug. Freundlich begrüßte er den,Fahrer,und nannte sein Ziel.,0.3437429964542389,WE,dewiki_20180420_300d
87,30,control,Jenni begann zu baden. Sofort verteilte sie den,Schaum,auf ihrem Körper.,0.3168201744556427,WE,dewiki_20180420_300d
88,30,script-related,Jenni hörte auf zu baden. Sofort verteilte sie den,Schaum,auf ihrem Körper.,0.3212589621543884,WE,dewiki_20180420_300d
89,30,script-unrelated,Jenni begann die Vorlesung. Sofort verteilte sie den,Schaum,auf ihrem Körper.,0.302960067987442,WE,dewiki_20180420_300d
90,31,control,Hans betrat die Eishalle. Flott schnürte er seine,Schlittschuhe,und ging auf die Bahn.,0.5484842658042908,WE,dewiki_20180420_300d
91,31,script-related,Hans verließ die Eishalle. Flott schnürte er seine,Schlittschuhe,und ging auf die Bahn.,0.5545188188552856,WE,dewiki_20180420_300d
92,31,script-unrelated,Hans betrat die Kletterhalle. Flott schnürte er seine,Schlittschuhe,und ging auf die Bahn.,0.5014148354530334,WE,dewiki_20180420_300d
93,32,control,Clara begann zu bowlen. Gekonnt erzielte sie einen,Strike,und gewann das Spiel.,0.34899547696113586,WE,dewiki_20180420_300d
94,32,script-related,Clara hörte auf zu bowlen. Gekonnt erzielte sie einen,Strike,und gewann das Spiel.,0.3476892113685608,WE,dewiki_20180420_300d
95,32,script-unrelated,Clara ging zum Schießstand. Gekonnt erzielte sie einen,Strike,und gewann das Spiel.,0.34972813725471497,WE,dewiki_20180420_300d
96,33,control,Georg nahm teil an einem Feuerwehreinsatz. Sofort benutzte er den,Schlauch,und löschte das Feuer.,0.3534725308418274,WE,dewiki_20180420_300d
97,33,script-related,Georg beendete einen Feuerwehreinsatz. Sofort benutzte er den,Schlauch,und löschte das Feuer.,0.36035144329071045,WE,dewiki_20180420_300d
98,33,script-unrelated,Georg nahm teil an Yoga. Sofort benutzte er den,Schlauch,und löschte das Feuer.,0.3087500035762787,WE,dewiki_20180420_300d
99,34,control,Johanna begann das Fußballspiel. Nach kurzer Zeit machte sie ein,Tor,und jubelte laut.,0.38683199882507324,WE,dewiki_20180420_300d
100,34,script-related,Johanna beendete das Fußballspiel. Nach kurzer Zeit machte sie ein,Tor,und jubelte laut.,0.39934831857681274,WE,dewiki_20180420_300d
101,34,script-unrelated,Johanna begann die Jagd. Nach kurzer Zeit machte sie ein,Tor,und jubelte laut.,0.34497934579849243,WE,dewiki_20180420_300d
102,35,control,Jürgen betrat die Metzgerei. Sofort fragte er nach einem,Steak,und bezahlte.,0.38353824615478516,WE,dewiki_20180420_300d
103,35,script-related,Jürgen verließ die Metzgerei. Sofort fragte er nach einem,Steak,und bezahlte.,0.38092759251594543,WE,dewiki_20180420_300d
104,35,script-unrelated,Jürgen betrat die Bäckerei. Sofort fragte er nach einem,Steak,und bezahlte.,0.37400874495506287,WE,dewiki_20180420_300d
105,36,control,Frauke betrat den Zoo. Wenig später fotografierte sie ein,Zebra,beim Trinken.,0.34000805020332336,WE,dewiki_20180420_300d
106,36,script-related,Frauke verließ den Zoo. Wenig später fotografierte sie ein,Zebra,beim Trinken.,0.3526380956172943,WE,dewiki_20180420_300d
107,36,script-unrelated,Frauke ging ins Stadion. Wenig später fotografierte sie ein,Zebra,beim Trinken.,0.29642388224601746,WE,dewiki_20180420_300d
108,37,control,Bernd betrat den Waschsalon. Schnell wählte er das,Waschprogramm,und lies es laufen.,0.4193723797798157,WE,dewiki_20180420_300d
109,37,script-related,Bernd verließ den Waschsalon. Schnell wählte er das,Waschprogramm,und lies es laufen.,0.406464159488678,WE,dewiki_20180420_300d
110,37,script-unrelated,Bernd betrat den Kiosk. Schnell wählte er das,Waschprogramm,und lies es laufen.,0.418739914894104,WE,dewiki_20180420_300d
111,38,control,Nicole ging in den Zirkus. Bald setzte sie sich auf die,Tribüne,und schaute sich das Spektakel an.,0.3416573703289032,WE,dewiki_20180420_300d
112,38,script-related,Nicole verließ den Zirkus. Bald setzte sie sich auf die,Tribüne,und schaute sich das Spektakel an.,0.3359348475933075,WE,dewiki_20180420_300d
113,38,script-unrelated,Nicole ging ins Büro. Bald setzte sie sich auf die,Tribüne,und schaute sich das Spektakel an.,0.34114399552345276,WE,dewiki_20180420_300d
114,39,control,Viktor ging in die Sauna. Nach einer Weile machte er einen,Aufguss,und legte sich hin.,0.33985015749931335,WE,dewiki_20180420_300d
115,39,script-related,Viktor verließ die Sauna. Nach einer Weile machte er einen,Aufguss,und legte sich hin.,0.3423216938972473,WE,dewiki_20180420_300d
116,39,script-unrelated,Viktor ging ins Labor. Nach einer Weile machte er einen,Aufguss,und legte sich hin.,0.266462504863739,WE,dewiki_20180420_300d
117,40,control,Gabi ging zum Tierarzt. Einen Moment später fragte sie die,Arzthelferin,nach Medikamenten.,0.45464861392974854,WE,dewiki_20180420_300d
118,40,script-related,Gabi verließ den Tierarzt. Einen Moment später fragte sie die,Arzthelferin,nach Medikamenten.,0.4468398094177246,WE,dewiki_20180420_300d
119,40,script-unrelated,Gabi ging in die Umkleide. Einen Moment später fragte sie die,Arzthelferin,nach Medikamenten.,0.41955992579460144,WE,dewiki_20180420_300d
120,41,control,Jakob betrat den Tatort. Kurz darauf fotografierte er die,Blutspritzer,und war erstaunt.,0.5008074641227722,WE,dewiki_20180420_300d
121,41,script-related,Jakob verließ den Tatort. Kurz darauf fotografierte er die,Blutspritzer,und war erstaunt.,0.4771999716758728,WE,dewiki_20180420_300d
122,41,script-unrelated,Jakob betrat die Tankstelle. Kurz darauf fotografierte er die,Blutspritzer,und war erstaunt.,0.4737568497657776,WE,dewiki_20180420_300d
123,42,control,Peter begann Bäume zu fällen. Nach einer Weile benutzte sie die,Axt,und traf gezielt den Stamm.,0.3780840039253235,WE,dewiki_20180420_300d
124,42,script-related,Peter hörte auf Bäume zu fällen. Nach einer Weile benutzte sie die,Axt,und traf gezielt den Stamm.,0.3862181007862091,WE,dewiki_20180420_300d
125,42,script-unrelated,Peter begann die Kutsche zu fahren. Nach einer Weile benutzte sie die,Axt,und traf gezielt den Stamm.,0.3960099518299103,WE,dewiki_20180420_300d
126,43,control,Tom begann ein Lagerfeuer. Sofort stapelte er das,Holz,und zündete es an.,0.36897292733192444,WE,dewiki_20180420_300d
127,43,script-related,Tom beendete das Lagerfeuer. Sofort stapelte er das,Holz,und zündete es an.,0.3545432686805725,WE,dewiki_20180420_300d
128,43,script-unrelated,Tom begann Frühstück zu machen. Sofort stapelte er das,Holz,und zündete es an.,0.3191184997558594,WE,dewiki_20180420_300d
129,44,control,Kim ging zum Weihnachtsmarkt. Kurz darauf erreichte er die,Weihnachtskiosks,und stöberte nach Geschenken.,,WE,dewiki_20180420_300d
130,44,script-related,Kim verließ den Weihnachtsmarkt. Kurz darauf erreichte er die,Weihnachtskiosks,und stöberte nach Geschenken.,,WE,dewiki_20180420_300d
131,44,script-unrelated,Kim ging ins Krankenhaus. Kurz darauf erreichte er die,Weihnachtskiosks,und stöberte nach Geschenken.,,WE,dewiki_20180420_300d
132,45,control,Michael begann sein Mittagessen zu kochen. Schnell schnitt er das,Gemüse,und warf es in den Topf.,0.4431309998035431,WE,dewiki_20180420_300d
133,45,script-related,Michael war fertig sein Mittagessen zu kochen. Schnell schnitt er das,Gemüse,und warf es in den Topf.,0.4506852924823761,WE,dewiki_20180420_300d
134,45,script-unrelated,Michael begann einen Kuchen zu backen. Schnell schnitt er das,Gemüse,und warf es in den Topf.,0.44569456577301025,WE,dewiki_20180420_300d
135,46,control,Johann betrat die Wohnung. Sofort setzte er sich aufs,Bett,und dachte über den Tag nach.,0.42525240778923035,WE,dewiki_20180420_300d
136,46,script-related,Johann verließ die Wohnung. Sofort setzte er sich aufs,Bett,und dachte über den Tag nach.,0.4020102918148041,WE,dewiki_20180420_300d
137,46,script-unrelated,Johann betrat das Kino. Sofort setzte er sich aufs,Bett,und dachte über den Tag nach.,0.3724033832550049,WE,dewiki_20180420_300d
138,47,control,Sabine betrat die Schule. Schnell ging sie zum,Klassensaal,und grüßte die Schüler.,,WE,dewiki_20180420_300d
139,47,script-related,Sabine verließ die Schule. Schnell ging sie zum,Klassensaal,und grüßte die Schüler.,,WE,dewiki_20180420_300d
140,47,script-unrelated,Sabine betrat den Bauernhof. Schnell ging sie zum,Klassensaal,und grüßte die Schüler.,,WE,dewiki_20180420_300d
141,48,control,Kevin betrat die Kirche. Vorsichtig nahm er eine,Kerze,und zündete sie an.,0.3269379734992981,WE,dewiki_20180420_300d
142,48,script-related,Kevin verließ die Kirche. Vorsichtig nahm er eine,Kerze,und zündete sie an.,0.31363290548324585,WE,dewiki_20180420_300d
143,48,script-unrelated,Kevin betrat die Arztpraxis. Vorsichtig nahm er eine,Kerze,und zündete sie an.,0.3256106674671173,WE,dewiki_20180420_300d
144,49,control,Susi betrat das Gehege. Präzise begutachtete sie das,Kalb,und machte sich Notizen.,0.3786701560020447,WE,dewiki_20180420_300d
145,49,script-related,Susi verließ das Gehege. Präzise begutachtete sie das,Kalb,und machte sich Notizen.,0.378674179315567,WE,dewiki_20180420_300d
146,49,script-unrelated,Susi betrat die Bücherei. Präzise begutachtete sie das,Kalb,und machte sich Notizen.,0.3232378363609314,WE,dewiki_20180420_300d
147,50,control,Thomas betrat die Kneipe. In Eile rief er den,Kellner,und bestellte ein Bier.,0.4402488172054291,WE,dewiki_20180420_300d
148,50,script-related,Thomas verließ die Kneipe. In Eile rief er den,Kellner,und bestellte ein Bier.,0.4325267970561981,WE,dewiki_20180420_300d
149,50,script-unrelated,Thomas begann Spaghetti zu kochen. In Eile rief er den,Kellner,und bestellte ein Bier.,0.43078887462615967,WE,dewiki_20180420_300d
150,51,control,Lea begann die Wände zu streichen. Schnell wählte sie einen,Pinsel,und fing an zu streichen.,0.38553881645202637,WE,dewiki_20180420_300d
151,51,script-related,Lea war fertig die Wände zu streichen. Schnell wählte sie einen,Pinsel,und fing an zu streichen.,0.40378549695014954,WE,dewiki_20180420_300d
152,51,script-unrelated,Lea erreichte das Theater. Schnell wählte sie einen,Pinsel,und fing an zu streichen.,0.31906405091285706,WE,dewiki_20180420_300d
153,52,control,Peter erreichte den Supermarkt. Schnell kaufte er etwas,Gemüse,zum Kochen am Abend.,0.40268415212631226,WE,dewiki_20180420_300d
154,52,script-related,Peter verließ den Supermarkt. Schnell kaufte er etwas,Gemüse,zum Kochen am Abend.,0.39539453387260437,WE,dewiki_20180420_300d
155,52,script-unrelated,Peter erreichte den Bahnhof. Schnell kaufte er etwas,Gemüse,zum Kochen am Abend.,0.3467033803462982,WE,dewiki_20180420_300d
156,53,control,Lisa betrat das Haus. Kurz danach checkte sie den,Kühlschrank,und suchte etwas zu essen.,0.3397793173789978,WE,dewiki_20180420_300d
157,53,script-related,Lisa verließ das Haus. Kurz danach checkte sie den,Kühlschrank,und suchte etwas zu essen.,0.318228542804718,WE,dewiki_20180420_300d
158,53,script-unrelated,Lisa begann im Fitnessstudio zu trainieren. Kurz danach checkte sie den,Kühlschrank,und suchte etwas zu essen.,0.33042338490486145,WE,dewiki_20180420_300d
159,54,control,Tim begann seine Fahrstunde. Hektisch drückte er aufs,Gaspedal,und fuhr los.,0.36475297808647156,WE,dewiki_20180420_300d
160,54,script-related,Tim beendete seine Fahrstunde. Hektisch drückte er aufs,Gaspedal,und fuhr los.,0.37761247158050537,WE,dewiki_20180420_300d
161,54,script-unrelated,Tim ging zum Flughafen. Hektisch drückte er aufs,Gaspedal,und fuhr los.,0.38646554946899414,WE,dewiki_20180420_300d
162,55,control,Maria erreichte das Einkaufszentrum. Sofort begrüßte sie die,Verkäuferin,und suchte etwas aus.,0.4235786199569702,WE,dewiki_20180420_300d
163,55,script-related,Maria verließ das Einkaufszentrum. Sofort begrüßte sie die,Verkäuferin,und suchte etwas aus.,0.4372236728668213,WE,dewiki_20180420_300d
164,55,script-unrelated,Maria erreichte die Geburtstagsfeier. Sofort begrüßte sie die,Verkäuferin,und suchte etwas aus.,0.40660497546195984,WE,dewiki_20180420_300d
165,56,control,Lukas begann die Vorlesung. Eilig begrüßte er seine,Studenten,und fing an.,0.46396082639694214,WE,dewiki_20180420_300d
166,56,script-related,Lukas beendete die Vorlesung. Eilig begrüßte er seine,Studenten,und fing an.,0.4720436930656433,WE,dewiki_20180420_300d
167,56,script-unrelated,Lukas ging zum Friseur. Eilig begrüßte er seine,Studenten,und fing an.,0.4038940668106079,WE,dewiki_20180420_300d
168,57,control,Marie ging zur Uni. In Eile betrat sie den,Hörsaal,und öffnete ihr Buch.,0.4032394289970398,WE,dewiki_20180420_300d
169,57,script-related,Marie verließ die Uni. In Eile betrat sie den,Hörsaal,und öffnete ihr Buch.,0.39816248416900635,WE,dewiki_20180420_300d
170,57,script-unrelated,Marie ging duschen. In Eile betrat sie den,Hörsaal,und öffnete ihr Buch.,0.38497281074523926,WE,dewiki_20180420_300d
171,58,control,Thorsten begann zu grillen. Behutsam platzierte er den,Grillanzünder,und suchte die Zange.,0.4258536994457245,WE,dewiki_20180420_300d
172,58,script-related,Thorsten hörte auf zu grillen. Behutsam platzierte er den,Grillanzünder,und suchte die Zange.,0.4280823767185211,WE,dewiki_20180420_300d
173,58,script-unrelated,Thorsten betrat den Blumenladen. Behutsam platzierte er den,Grillanzünder,und suchte die Zange.,0.3534136116504669,WE,dewiki_20180420_300d
174,59,control,Claudia betrat das Tiergeschäft. Eine Zeit lang stand sie am,Käfig,und dachte über den Kauf nach.,0.35213330388069153,WE,dewiki_20180420_300d
175,59,script-related,Claudia verließ das Tiergeschäft. Eine Zeit lang stand sie am,Käfig,und dachte über den Kauf nach.,0.33257824182510376,WE,dewiki_20180420_300d
176,59,script-unrelated,Claudia betrat den Friedhof. Eine Zeit lang stand sie am,Käfig,und dachte über den Kauf nach.,0.3530750572681427,WE,dewiki_20180420_300d
177,60,control,Jonathan ging in die Küche. Eine Weile säuberte er den,Ofen,und danach den Kühlschrank.,0.40140536427497864,WE,dewiki_20180420_300d
178,60,script-related,Jonathan verließ die Küche. Eine Weile säuberte er den,Ofen,und danach den Kühlschrank.,0.38987913727760315,WE,dewiki_20180420_300d
179,60,script-unrelated,Jonathan ging in den Garten. Eine Weile säuberte er den,Ofen,und danach den Kühlschrank.,0.3465166687965393,WE,dewiki_20180420_300d
180,61,control,Lara ging zum Herd. Schnell reinigte sie die,Herdplatte,und dann die Abzugshaube.,0.4744919240474701,WE,dewiki_20180420_300d
181,61,script-related,Lara ging weg vom Herd. Schnell reinigte sie die,Herdplatte,und dann die Abzugshaube.,0.4477497339248657,WE,dewiki_20180420_300d
182,61,script-unrelated,Lara ging ins Museum. Schnell reinigte sie die,Herdplatte,und dann die Abzugshaube.,0.38520947098731995,WE,dewiki_20180420_300d
183,62,control,Roman ging in die Buchhandlung. Schnell suchte er einen,Roman,für seine Frau.,0.5353203415870667,WE,dewiki_20180420_300d
184,62,script-related,Roman verließ die Buchhandlung. Schnell suchte er einen,Roman,für seine Frau.,0.5360894203186035,WE,dewiki_20180420_300d
185,62,script-unrelated,Roman ging zum Konditor. Schnell suchte er einen,Roman,für seine Frau.,0.5009642839431763,WE,dewiki_20180420_300d
186,63,control,Annika ging in die Boutique. Eine Zeit lang suchte sie nach,Stiefeln,und kaufte sie dann.,0.30319467186927795,WE,dewiki_20180420_300d
187,63,script-related,Annika verließ die Boutique. Eine Zeit lang suchte sie nach,Stiefeln,und kaufte sie dann.,0.31312355399131775,WE,dewiki_20180420_300d
188,63,script-unrelated,Annika ging ins Spa. Eine Zeit lang suchte sie nach,Stiefeln,und kaufte sie dann.,0.27341288328170776,WE,dewiki_20180420_300d
189,64,control,Emil betrat die Apotheke. Schnell kaufte er das,Medikament,und ging dann nach Hause.,0.34073612093925476,WE,dewiki_20180420_300d
190,64,script-related,Emil verließ die Apotheke. Schnell kaufte er das,Medikament,und ging dann nach Hause.,0.3297952115535736,WE,dewiki_20180420_300d
191,64,script-unrelated,Emil betrat die Reitschule. Schnell kaufte er das,Medikament,und ging dann nach Hause.,0.26652923226356506,WE,dewiki_20180420_300d
192,65,control,Susanne betrat das Bad. Sofort entfernte sie ihr,Makeup,und putzte sich die Zähne.,0.28006070852279663,WE,dewiki_20180420_300d
193,65,script-related,Susanne verließ das Bad. Sofort entfernte sie ihr,Makeup,und putzte sich die Zähne.,0.2739999294281006,WE,dewiki_20180420_300d
194,65,script-unrelated,Susanne ging zur Sicherheitskontrolle. Sofort entfernte sie ihr,Makeup,und putzte sich die Zähne.,0.2798689305782318,WE,dewiki_20180420_300d
195,66,control,Martin kam zur Autowerkstatt. Umgehend fragte er nach den,Reifen,für den Winter.,0.2833920419216156,WE,dewiki_20180420_300d
196,66,script-related,Martin verließ die Autowerkstatt. Umgehend fragte er nach den,Reifen,für den Winter.,0.28690120577812195,WE,dewiki_20180420_300d
197,66,script-unrelated,Martin kam zur Hotelrezeption. Umgehend fragte er nach den,Reifen,für den Winter.,0.27221059799194336,WE,dewiki_20180420_300d
198,67,control,Jutta ging zur Post. Umgehend bekam sie das,Paket,auf das sie gewartet hatte.,0.3493155837059021,WE,dewiki_20180420_300d
199,67,script-related,Jutta verließ die Post. Umgehend bekam sie das,Paket,auf das sie gewartet hatte.,0.3431257903575897,WE,dewiki_20180420_300d
200,67,script-unrelated,Jutta ging zum Zahnarzt. Umgehend bekam sie das,Paket,auf das sie gewartet hatte.,0.27910006046295166,WE,dewiki_20180420_300d
201,68,control,Jens ging zur Zollstelle. Schnell zeigte er sein,Formular,und schaute den Beamten an.,0.30443984270095825,WE,dewiki_20180420_300d
202,68,script-related,Jens verließ die Zollstelle. Schnell zeigte er sein,Formular,und schaute den Beamten an.,0.30013763904571533,WE,dewiki_20180420_300d
203,68,script-unrelated,Jens begann Poker zu spielen. Schnell zeigte er sein,Formular,und schaute den Beamten an.,0.2526994049549103,WE,dewiki_20180420_300d
204,69,control,Elena begann zu zeichnen. Umgehend nahm sie den,Stift,und zeichnete eine Blume.,0.3165958821773529,WE,dewiki_20180420_300d
205,69,script-related,Elena hörte auf zu zeichnen. Umgehend nahm sie den,Stift,und zeichnete eine Blume.,0.3395230174064636,WE,dewiki_20180420_300d
206,69,script-unrelated,Elena begann den Urlaub. Umgehend nahm sie den,Stift,und zeichnete eine Blume.,0.2864852547645569,WE,dewiki_20180420_300d
207,70,control,Bruno begann seinen Filmabend. Schnell besorgte er das,Popcorn,aus der Küche.,0.31475403904914856,WE,dewiki_20180420_300d
208,70,script-related,Bruno beendete seinen Filmabend. Schnell besorgte er das,Popcorn,aus der Küche.,0.31410276889801025,WE,dewiki_20180420_300d
209,70,script-unrelated,Bruno betrat das Bürgeramt. Schnell besorgte er das,Popcorn,aus der Küche.,0.31957492232322693,WE,dewiki_20180420_300d
210,71,control,Jana betrat das Gartencenter. Nach einer Weile fragte sie nach einer,Palme,für den Balkon.,0.3063587546348572,WE,dewiki_20180420_300d
211,71,script-related,Jana verließ das Gartencenter. Nach einer Weile fragte sie nach einer,Palme,für den Balkon.,0.30156058073043823,WE,dewiki_20180420_300d
212,71,script-unrelated,Jana ging auf die Kirmes. Nach einer Weile fragte sie nach einer,Palme,für den Balkon.,0.2814473807811737,WE,dewiki_20180420_300d
213,72,control,Nico fuhr zur Pizzeria. Sofort griff er die,Speisekarte,und bestellte eine Margherita.,0.3618047833442688,WE,dewiki_20180420_300d
214,72,script-related,Nico verließ die Pizzeria. Sofort griff er die,Speisekarte,und bestellte eine Margherita.,0.3453490138053894,WE,dewiki_20180420_300d
215,72,script-unrelated,Nico fuhr wandern. Sofort griff er die,Speisekarte,und bestellte eine Margherita.,0.3220699727535248,WE,dewiki_20180420_300d
216,73,control,Beate ging Schwimmen. Schnell prüfte sie das,Becken,und schwamm los.,0.3224335312843323,WE,dewiki_20180420_300d
217,73,script-related,Beate kam zurück vom Schwimmen. Schnell prüfte sie das,Becken,und schwamm los.,0.3360113799571991,WE,dewiki_20180420_300d
218,73,script-unrelated,Beate fuhr mit dem Taxi. Schnell prüfte sie das,Becken,und schwamm los.,0.32276642322540283,WE,dewiki_20180420_300d
219,74,control,Hubert nahm ein Flugzeug. Voller Begeisterung genoss er die,Höhe,denn er liebte das Fliegen.,0.3284686505794525,WE,dewiki_20180420_300d
220,74,script-related,Hubert verließ das Flugzeug. Voller Begeisterung genoss er die,Höhe,denn er liebte das Fliegen.,0.32139042019844055,WE,dewiki_20180420_300d
221,74,script-unrelated,Hubert begann zu baden. Voller Begeisterung genoss er die,Höhe,denn er liebte das Fliegen.,0.2803565263748169,WE,dewiki_20180420_300d
222,75,control,Jenni begann den Unterricht. Sofort öffnete sie die,Tafel,und begann zu schreiben.,0.333687961101532,WE,dewiki_20180420_300d
223,75,script-related,Jenni hörte auf mit dem Unterricht. Sofort öffnete sie die,Tafel,und begann zu schreiben.,0.3769841194152832,WE,dewiki_20180420_300d
224,75,script-unrelated,Jenni betrat die Eishalle. Sofort öffnete sie die,Tafel,und begann zu schreiben.,0.3322145342826843,WE,dewiki_20180420_300d
225,76,control,Hans betrat die Kletterhalle. Wenig später griff er das,Seil,und spannte es ein.,0.3815792500972748,WE,dewiki_20180420_300d
226,76,script-related,Hans verließ die Kletterhalle. Wenig später griff er das,Seil,und spannte es ein.,0.3527836203575134,WE,dewiki_20180420_300d
227,76,script-unrelated,Hans begann zu bowlen. Wenig später griff er das,Seil,und spannte es ein.,0.35308024287223816,WE,dewiki_20180420_300d
228,77,control,Clara ging zum Schießstand. Sofort bekam sie einen,Revolver,und begann auf das Ziel zu schießen.,0.3207399249076843,WE,dewiki_20180420_300d
229,77,script-related,Clara verließ den Schießstand. Sofort bekam sie einen,Revolver,und begann auf das Ziel zu schießen.,0.3478129804134369,WE,dewiki_20180420_300d
230,77,script-unrelated,Clara ging auf einen Feuerwehreinsatz. Sofort bekam sie einen,Revolver,und begann auf das Ziel zu schießen.,0.2981884181499481,WE,dewiki_20180420_300d
231,78,control,Georg nahm teil an Yoga. Nach einer Weile setzte er sich auf seine,Yogamatte,und machte eine Übung.,,WE,dewiki_20180420_300d
232,78,script-related,Georg kam zurück vom Yoga. Nach einer Weile setzte er sich auf seine,Yogamatte,und machte eine Übung.,,WE,dewiki_20180420_300d
233,78,script-unrelated,Georg nahm teil am Fußballspiel. Nach einer Weile setzte er sich auf seine,Yogamatte,und machte eine Übung.,,WE,dewiki_20180420_300d
234,79,control,Johanna begann die Jagd. Nach einer Weile erblickte sie den,Hochsitz,und ging darauf zu.,0.3664814829826355,WE,dewiki_20180420_300d
235,79,script-related,Johanna kam zurück von der Jagd. Nach einer Weile erblickte sie den,Hochsitz,und ging darauf zu.,0.3432970643043518,WE,dewiki_20180420_300d
236,79,script-unrelated,Johanna betrat die Metzgerei. Nach einer Weile erblickte sie den,Hochsitz,und ging darauf zu.,0.3752587139606476,WE,dewiki_20180420_300d
237,80,control,Jürgen betrat die Bäckerei. Wenig später zeigte er auf das,Croissant,und wählte aus.,0.3206843137741089,WE,dewiki_20180420_300d
238,80,script-related,Jürgen verließ die Bäckerei. Wenig später zeigte er auf das,Croissant,und wählte aus.,0.32896167039871216,WE,dewiki_20180420_300d
239,80,script-unrelated,Jürgen betrat den Zoo. Wenig später zeigte er auf das,Croissant,und wählte aus.,0.29915156960487366,WE,dewiki_20180420_300d
240,81,control,Frauke ging ins Stadion. Schnell wählte sie eine,Tribüne,und setzte sich.,0.41422584652900696,WE,dewiki_20180420_300d
241,81,script-related,Frauke verließ das Stadion. Schnell wählte sie eine,Tribüne,und setzte sich.,0.40720340609550476,WE,dewiki_20180420_300d
242,81,script-unrelated,Frauke ging zum Waschsalon. Schnell wählte sie eine,Tribüne,und setzte sich.,0.33261212706565857,WE,dewiki_20180420_300d
243,82,control,Bernd betrat den Kiosk. Sofort kaufte er eine,Zeitung,und ging wieder heim.,0.3911944329738617,WE,dewiki_20180420_300d
244,82,script-related,Bernd verließ den Kiosk. Sofort kaufte er eine,Zeitung,und ging wieder heim.,0.38473328948020935,WE,dewiki_20180420_300d
245,82,script-unrelated,Bernd betrat den Zirkus. Sofort kaufte er eine,Zeitung,und ging wieder heim.,0.37209686636924744,WE,dewiki_20180420_300d
246,83,control,Nicole betrat das Büro. Zuerst ging sie zum,Schreibtisch,und schaltete dann den Computer ein.,0.3798809349536896,WE,dewiki_20180420_300d
247,83,script-related,Nicole verließ das Büro. Zuerst ging sie zum,Schreibtisch,und schaltete dann den Computer ein.,0.343336284160614,WE,dewiki_20180420_300d
248,83,script-unrelated,Nicole betrat die Sauna. Zuerst ging sie zum,Schreibtisch,und schaltete dann den Computer ein.,0.32414814829826355,WE,dewiki_20180420_300d
249,84,control,Viktor ging ins Labor. Schnell begann er das,Experiment,und machte sich Notizen.,0.37279441952705383,WE,dewiki_20180420_300d
250,84,script-related,Viktor verließ das Labor. Schnell begann er das,Experiment,und machte sich Notizen.,0.40938374400138855,WE,dewiki_20180420_300d
251,84,script-unrelated,Viktor ging zum Tierarzt. Schnell begann er das,Experiment,und machte sich Notizen.,0.3015935719013214,WE,dewiki_20180420_300d
252,85,control,Gabi ging in die Umkleide. Schnell probierte sie die,Kleidung,an und ging zur Kasse.,0.4379059076309204,WE,dewiki_20180420_300d
253,85,script-related,Gabi verließ die Umkleide. Schnell probierte sie die,Kleidung,an und ging zur Kasse.,0.44483479857444763,WE,dewiki_20180420_300d
254,85,script-unrelated,Gabi betrat den Tatort. Schnell probierte sie die,Kleidung,an und ging zur Kasse.,0.4000115692615509,WE,dewiki_20180420_300d
255,86,control,Jakob betrat die Tankstelle. Sofort sagte er seine,Nummer,und bezahlte.,0.31822866201400757,WE,dewiki_20180420_300d
256,86,script-related,Jakob verließ die Tankstelle. Sofort sagte er seine,Nummer,und bezahlte.,0.3122604489326477,WE,dewiki_20180420_300d
257,86,script-unrelated,Jakob begann Bäume zu fällen. Sofort sagte er seine,Nummer,und bezahlte.,0.2911447286605835,WE,dewiki_20180420_300d
258,87,control,Hilde begann die Kutsche zu fahren. Schnell bestieg sie den,Kutschbock,und los ging es.,0.5088239908218384,WE,dewiki_20180420_300d
259,87,script-related,Hilde war fertig die Kutsche zu fahren. Schnell bestieg sie den,Kutschbock,und los ging es.,0.5203242301940918,WE,dewiki_20180420_300d
260,87,script-unrelated,Hilde begann ein Lagerfeuer. Schnell bestieg sie den,Kutschbock,und los ging es.,0.4230910837650299,WE,dewiki_20180420_300d
261,88,control,Tom begann Frühstück zu machen. Sofort öffnete er die,Butter,und machte sich ein Brot.,0.3577197194099426,WE,dewiki_20180420_300d
262,88,script-related,Tom hörte auf Frühstück zu machen. Sofort öffnete er die,Butter,und machte sich ein Brot.,0.3579658269882202,WE,dewiki_20180420_300d
263,88,script-unrelated,Tom ging zum Weihnachtsmarkt. Sofort öffnete er die,Butter,und machte sich ein Brot.,0.32503509521484375,WE,dewiki_20180420_300d
264,89,control,Kim ging ins Krankenhaus. Gleich ging sie zur,Rezeption,und fragte nach dem Weg.,0.3079964220523834,WE,dewiki_20180420_300d
265,89,script-related,Kim verließ das Krankenhaus. Gleich ging sie zur,Rezeption,und fragte nach dem Weg.,0.30945804715156555,WE,dewiki_20180420_300d
266,89,script-unrelated,Kim fing an sein Mittagessen zu kochen. Gleich ging sie zur,Rezeption,und fragte nach dem Weg.,0.32061970233917236,WE,dewiki_20180420_300d
267,90,control,Michael fing an damit einen Kuchen zu backen. Als erstes nahm er einen,Schneebesen,und schlug Eiweiß steif.,0.43664246797561646,WE,dewiki_20180420_300d
268,90,script-related,Michael war fertig damit einen Kuchen zu backen. Als erstes nahm er einen,Schneebesen,und schlug Eiweiß steif.,0.44498470425605774,WE,dewiki_20180420_300d
269,90,script-unrelated,Michael betrat das Restaurant. Als erstes nahm er einen,Schneebesen,und schlug Eiweiß steif.,0.2926246225833893,WE,dewiki_20180420_300d
0,1,control,Johann betrat das Restaurant. Wenig später öffnete er die,Speisekarte,und verschaffte sich einen Überblick.,0.4417647421360016,CWE,dewiki_20180420_100d
1,1,script-related,Johann verließ das Restaurant. Wenig später öffnete er die,Speisekarte,und verschaffte sich einen Überblick.,0.41278666257858276,CWE,dewiki_20180420_100d
2,1,script-unrelated,Johann betrat die Wohnung. Wenig später öffnete er die,Speisekarte,und verschaffte sich einen Überblick.,0.40961289405822754,CWE,dewiki_20180420_100d
3,2,control,Sabine betrat das Kino. Schnell ging sie zur,Kasse,und kaufte eine Karte.,0.41499143838882446,CWE,dewiki_20180420_100d
4,2,script-related,Sabine verließ das Kino. Schnell ging sie zur,Kasse,und kaufte eine Karte.,0.4087117910385132,CWE,dewiki_20180420_100d
5,2,script-unrelated,Sabine betrat die Schule. Schnell ging sie zur,Kasse,und kaufte eine Karte.,0.4090248644351959,CWE,dewiki_20180420_100d
6,3,control,Kevin betrat den Bauernhof. Ohne zu zögern nahm er eine,Mistgabel,und fing an zu schaufeln.,0.4742235541343689,CWE,dewiki_20180420_100d
7,3,script-related,Kevin verließ den Bauernhof. Ohne zu zögern nahm er eine,Mistgabel,und fing an zu schaufeln.,0.4320273995399475,CWE,dewiki_20180420_100d
8,3,script-unrelated,Kevin betrat die Kirche. Ohne zu zögern nahm er eine,Mistgabel,und fing an zu schaufeln.,0.40927278995513916,CWE,dewiki_20180420_100d
9,4,control,Susi betrat die Arztpraxis. Freundlich sprach sie mit der,Arzthelferin,über die Problematik.,0.5268832445144653,CWE,dewiki_20180420_100d
10,4,script-related,Susi verließ die Arztpraxis. Freundlich sprach sie mit der,Arzthelferin,über die Problematik.,0.5436865091323853,CWE,dewiki_20180420_100d
11,4,script-unrelated,Susi betrat das Gehege. Freundlich sprach sie mit der,Arzthelferin,über die Problematik.,0.35931825637817383,CWE,dewiki_20180420_100d
12,5,control,Roman betrat die Bücherei. Kurz danach ging er zum,Regal,und suchte einen Krimi.,0.47380033135414124,CWE,dewiki_20180420_100d
13,5,script-related,Roman verließ die Bücherei. Kurz danach ging er zum,Regal,und suchte einen Krimi.,0.45674628019332886,CWE,dewiki_20180420_100d
14,5,script-unrelated,Roman betrat die Kneipe. Kurz danach ging er zum,Regal,und suchte einen Krimi.,0.46596044301986694,CWE,dewiki_20180420_100d
15,6,control,Lea begann damit Spaghetti zu kochen. Vorsichtig öffnete sie die,Nudelpackung,mit einem Handgriff.,,CWE,dewiki_20180420_100d
16,6,script-related,Lea war fertig damit Spaghetti zu kochen. Vorsichtig öffnete sie die,Nudelpackung,mit einem Handgriff.,,CWE,dewiki_20180420_100d
17,6,script-unrelated,Lea begann die Wände zu streichen. Vorsichtig öffnete sie die,Nudelpackung,mit einem Handgriff.,,CWE,dewiki_20180420_100d
18,7,control,Peter erreichte das Theater. Wenig später ging er zur,Loge,und setzte sich.,0.3970274031162262,CWE,dewiki_20180420_100d
19,7,script-related,Peter verließ das Theater. Wenig später ging er zur,Loge,und setzte sich.,0.4052439033985138,CWE,dewiki_20180420_100d
20,7,script-unrelated,Peter erreichte den Supermarkt. Wenig später ging er zur,Loge,und setzte sich.,0.3527534306049347,CWE,dewiki_20180420_100d
21,8,control,Lisa betrat den Bahnhof. Wenig später war sie am,Gleis,und wartete auf den Zug.,0.5838343501091003,CWE,dewiki_20180420_100d
22,8,script-related,Lisa verließ den Bahnhof. Wenig später war sie am,Gleis,und wartete auf den Zug.,0.546589732170105,CWE,dewiki_20180420_100d
23,8,script-unrelated,Lisa betrat das Haus. Wenig später war sie am,Gleis,und wartete auf den Zug.,0.3882104456424713,CWE,dewiki_20180420_100d
24,9,control,Tim begann im Fitnessstudio zu trainieren. Umgehend war er auf dem,Laufband,und rann wie verrückt.,0.5703178644180298,CWE,dewiki_20180420_100d
25,9,script-related,Tim hörte auf im Fitnessstudio zu trainieren. Umgehend war er auf dem,Laufband,und rann wie verrückt.,0.566792368888855,CWE,dewiki_20180420_100d
26,9,script-unrelated,Tim begann seine Fahrstunde. Umgehend war er auf dem,Laufband,und rann wie verrückt.,0.38257256150245667,CWE,dewiki_20180420_100d
27,10,control,Maria erreichte den Flughafen. Sofort ging sie zum,Check-in,um den Koffer aufzugeben.,0.34931620955467224,CWE,dewiki_20180420_100d
28,10,script-related,Maria verließ den Flughafen. Sofort ging sie zum,Check-in,um den Koffer aufzugeben.,0.3269420564174652,CWE,dewiki_20180420_100d
29,10,script-unrelated,Maria erreichte das Einkaufszentrum. Sofort ging sie zum,Check-in,um den Koffer aufzugeben.,0.4010832607746124,CWE,dewiki_20180420_100d
30,11,control,Lukas kam zur Geburtstagsfeier. Nach einer Weile überreichte er den,Kuchen,und gratulierte.,0.45844829082489014,CWE,dewiki_20180420_100d
31,11,script-related,Lukas verließ die Geburtstagsfeier. Nach einer Weile überreichte er den,Kuchen,und gratulierte.,0.4298025369644165,CWE,dewiki_20180420_100d
32,11,script-unrelated,Lukas kam zum Unterricht. Nach einer Weile überreichte er den,Kuchen,und gratulierte.,0.4598163068294525,CWE,dewiki_20180420_100d
33,12,control,Marie ging zum Friseur. Nach einem kurzen Moment fragte sie die,Stylistin,nach einem neuen Schnitt.,0.5789713263511658,CWE,dewiki_20180420_100d
34,12,script-related,Marie verließ den Friseur. Nach einem kurzen Moment fragte sie die,Stylistin,nach einem neuen Schnitt.,0.5839534997940063,CWE,dewiki_20180420_100d
35,12,script-unrelated,Marie ging zur Uni. Nach einem kurzen Moment fragte sie die,Stylistin,nach einem neuen Schnitt.,0.47186875343322754,CWE,dewiki_20180420_100d
36,13,control,Thorsten begann zu duschen. Als erstes benutzte er das,Shampoo,und dann das Duschgel.,0.5562188029289246,CWE,dewiki_20180420_100d
37,13,script-related,Thorsten hörte auf zu duschen. Als erstes benutzte er das,Shampoo,und dann das Duschgel.,0.5496850609779358,CWE,dewiki_20180420_100d
38,13,script-unrelated,Thorsten begann zu grillen. Als erstes benutzte er das,Shampoo,und dann das Duschgel.,0.5263445973396301,CWE,dewiki_20180420_100d
39,14,control,Claudia betrat den Blumenladen. Schnell fragte sie nach einer,Rose,für eine Freundin.,0.4533160924911499,CWE,dewiki_20180420_100d
40,14,script-related,Claudia verließ den Blumenladen. Schnell fragte sie nach einer,Rose,für eine Freundin.,0.48671549558639526,CWE,dewiki_20180420_100d
41,14,script-unrelated,Claudia betrat das Tiergeschäft. Schnell fragte sie nach einer,Rose,für eine Freundin.,0.42708128690719604,CWE,dewiki_20180420_100d
42,15,control,Jonathan ging zum Friedhof. Nachdenklich betrachtete er den,Grabstein,und sprach ein Gebet.,0.6339892148971558,CWE,dewiki_20180420_100d
43,15,script-related,Jonathan verließ den Friedhof. Nachdenklich betrachtete er den,Grabstein,und sprach ein Gebet.,0.6321990489959717,CWE,dewiki_20180420_100d
44,15,script-unrelated,Jonathan ging in die Küche. Nachdenklich betrachtete er den,Grabstein,und sprach ein Gebet.,0.39294955134391785,CWE,dewiki_20180420_100d
45,16,control,Lara ging in den Garten. Genau prüfte sie die,Erde,und goss dann die Blumen.,0.5000545978546143,CWE,dewiki_20180420_100d
46,16,script-related,Lara verließ den Garten. Genau prüfte sie die,Erde,und goss dann die Blumen.,0.48232346773147583,CWE,dewiki_20180420_100d
47,16,script-unrelated,Lara ging zum Herd. Genau prüfte sie die,Erde,und goss dann die Blumen.,0.4991303086280823,CWE,dewiki_20180420_100d
48,17,control,Roman ging ins Museum. Akribisch betrachtete er die,Skulpturen,und war begeistert.,0.528324544429779,CWE,dewiki_20180420_100d
49,17,script-related,Roman verließ das Museum. Akribisch betrachtete er die,Skulpturen,und war begeistert.,0.5139839053153992,CWE,dewiki_20180420_100d
50,17,script-unrelated,Roman ging in die Buchhandlung. Akribisch betrachtete er die,Skulpturen,und war begeistert.,0.4352380633354187,CWE,dewiki_20180420_100d
51,18,control,Annika ging zum Konditor. Schnell fragte sie nach einem,Kuchen,und bezahlte sofort.,0.5579376220703125,CWE,dewiki_20180420_100d
52,18,script-related,Annika verließ den Konditor. Schnell fragte sie nach einem,Kuchen,und bezahlte sofort.,0.5294442772865295,CWE,dewiki_20180420_100d
53,18,script-unrelated,Annika ging in die Boutique. Schnell fragte sie nach einem,Kuchen,und bezahlte sofort.,0.49273934960365295,CWE,dewiki_20180420_100d
54,19,control,Emil betrat das Spa. Nach einer Weile bekam er eine,Massage,und genoss sie.,0.4025839865207672,CWE,dewiki_20180420_100d
55,19,script-related,Emil verließ das Spa. Nach einer Weile bekam er eine,Massage,und genoss sie.,0.35609936714172363,CWE,dewiki_20180420_100d
56,19,script-unrelated,Emil betrat die Apotheke. Nach einer Weile bekam er eine,Massage,und genoss sie.,0.38655322790145874,CWE,dewiki_20180420_100d
57,20,control,Susanne betrat die Reitschule. Schnell setzte sie den,Sattel,auf und ritt los.,0.3904310166835785,CWE,dewiki_20180420_100d
58,20,script-related,Susanne verließ die Reitschule. Schnell setzte sie den,Sattel,auf und ritt los.,0.34924983978271484,CWE,dewiki_20180420_100d
59,20,script-unrelated,Susanne betrat das Bad. Schnell setzte sie den,Sattel,auf und ritt los.,0.42468276619911194,CWE,dewiki_20180420_100d
60,21,control,Martin kam zur Sicherheitskontrolle. Zügig öffnete er den,Koffer,und wurde durchgewunken.,0.5212442874908447,CWE,dewiki_20180420_100d
61,21,script-related,Martin verließ die Sicherheitskontrolle. Zügig öffnete er den,Koffer,und wurde durchgewunken.,0.5378133058547974,CWE,dewiki_20180420_100d
62,21,script-unrelated,Martin kam zur Autowerkstatt. Zügig öffnete er den,Koffer,und wurde durchgewunken.,0.5127124190330505,CWE,dewiki_20180420_100d
63,22,control,Jutta ging zur Hotelrezeption. Sofort bekam sie ein,Zimmer,und dankte freundlich.,0.5172020792961121,CWE,dewiki_20180420_100d
64,22,script-related,Jutta verließ die Hotelrezeption. Sofort bekam sie ein,Zimmer,und dankte freundlich.,0.5137161016464233,CWE,dewiki_20180420_100d
65,22,script-unrelated,Jutta ging zur Post. Sofort bekam sie ein,Zimmer,und dankte freundlich.,0.451539009809494,CWE,dewiki_20180420_100d
66,23,control,Jens ging zum Zahnarzt. Ängstlich ging er zum,Röntgen,und ließ sich behandeln.,0.3852672278881073,CWE,dewiki_20180420_100d
67,23,script-related,Jens verließ den Zahnarzt. Ängstlich ging er zum,Röntgen,und ließ sich behandeln.,0.36411604285240173,CWE,dewiki_20180420_100d
68,23,script-unrelated,Jens ging zur Zollstelle. Ängstlich ging er zum,Röntgen,und ließ sich behandeln.,0.27233588695526123,CWE,dewiki_20180420_100d
69,24,control,Elena begann Poker zu spielen. Schnell setzte sie ihr,Geld,und gewann.,0.5648106336593628,CWE,dewiki_20180420_100d
70,24,script-related,Elena hörte auf Poker zu spielen. Schnell setzte sie ihr,Geld,und gewann.,0.5862846970558167,CWE,dewiki_20180420_100d
71,24,script-unrelated,Elena begann zu zeichnen. Schnell setzte sie ihr,Geld,und gewann.,0.4665301442146301,CWE,dewiki_20180420_100d
72,25,control,Bruno begann seinen Urlaub. Endlich kam er am,Meer,an und genoss das Wetter.,0.37217915058135986,CWE,dewiki_20180420_100d
73,25,script-related,Bruno beendete seinen Urlaub. Endlich kam er am,Meer,an und genoss das Wetter.,0.37717658281326294,CWE,dewiki_20180420_100d
74,25,script-unrelated,Bruno begann seinen Filmabend. Endlich kam er am,Meer,an und genoss das Wetter.,0.3647487461566925,CWE,dewiki_20180420_100d
75,26,control,Jana betrat das Bürgeramt. Umgehend zeigte sie ihr,Visum,und stellte einen Antrag.,0.42174986004829407,CWE,dewiki_20180420_100d
76,26,script-related,Jana verließ das Bürgeramt. Umgehend zeigte sie ihr,Visum,und stellte einen Antrag.,0.4325072169303894,CWE,dewiki_20180420_100d
77,26,script-unrelated,Jana betrat das Gartencenter. Umgehend zeigte sie ihr,Visum,und stellte einen Antrag.,0.39743930101394653,CWE,dewiki_20180420_100d
78,27,control,Nico fuhr auf die Kirmes. Sofort ging er zum,Auto-Scooter,und fuhr eine Runde.,0.5041934847831726,CWE,dewiki_20180420_100d
79,27,script-related,Nico verließ die Kirmes. Sofort ging er zum,Auto-Scooter,und fuhr eine Runde.,0.406340628862381,CWE,dewiki_20180420_100d
80,27,script-unrelated,Nico fuhr zur Pizzeria. Sofort ging er zum,Auto-Scooter,und fuhr eine Runde.,0.4604935348033905,CWE,dewiki_20180420_100d
81,28,control,Beate ging Wandern. Nach einer Weile sah sie ein,Edelweiß,das sie gleich mitnahm.,0.41385382413864136,CWE,dewiki_20180420_100d
82,28,script-related,Beate kam zurück vom Wandern. Nach einer Weile sah sie ein,Edelweiß,das sie gleich mitnahm.,0.4234332740306854,CWE,dewiki_20180420_100d
83,28,script-unrelated,Beate ging schwimmen. Nach einer Weile sah sie ein,Edelweiß,das sie gleich mitnahm.,0.3530641198158264,CWE,dewiki_20180420_100d
84,29,control,Hubert nahm ein Taxi. Freundlich begrüßte er den,Fahrer,und nannte sein Ziel.,0.48170170187950134,CWE,dewiki_20180420_100d
85,29,script-related,Hubert verließ das Taxi. Freundlich begrüßte er den,Fahrer,und nannte sein Ziel.,0.46552857756614685,CWE,dewiki_20180420_100d
86,29,script-unrelated,Hubert nahm ein Flugzeug. Freundlich begrüßte er den,Fahrer,und nannte sein Ziel.,0.4833279252052307,CWE,dewiki_20180420_100d
87,30,control,Jenni begann zu baden. Sofort verteilte sie den,Schaum,auf ihrem Körper.,0.40305110812187195,CWE,dewiki_20180420_100d
88,30,script-related,Jenni hörte auf zu baden. Sofort verteilte sie den,Schaum,auf ihrem Körper.,0.4280487895011902,CWE,dewiki_20180420_100d
89,30,script-unrelated,Jenni begann die Vorlesung. Sofort verteilte sie den,Schaum,auf ihrem Körper.,0.39863863587379456,CWE,dewiki_20180420_100d
90,31,control,Hans betrat die Eishalle. Flott schnürte er seine,Schlittschuhe,und ging auf die Bahn.,0.6864835023880005,CWE,dewiki_20180420_100d
91,31,script-related,Hans verließ die Eishalle. Flott schnürte er seine,Schlittschuhe,und ging auf die Bahn.,0.7050163149833679,CWE,dewiki_20180420_100d
92,31,script-unrelated,Hans betrat die Kletterhalle. Flott schnürte er seine,Schlittschuhe,und ging auf die Bahn.,0.6371868848800659,CWE,dewiki_20180420_100d
93,32,control,Clara begann zu bowlen. Gekonnt erzielte sie einen,Strike,und gewann das Spiel.,0.48016157746315,CWE,dewiki_20180420_100d
94,32,script-related,Clara hörte auf zu bowlen. Gekonnt erzielte sie einen,Strike,und gewann das Spiel.,0.4508799910545349,CWE,dewiki_20180420_100d
95,32,script-unrelated,Clara ging zum Schießstand. Gekonnt erzielte sie einen,Strike,und gewann das Spiel.,0.4589974284172058,CWE,dewiki_20180420_100d
96,33,control,Georg nahm teil an einem Feuerwehreinsatz. Sofort benutzte er den,Schlauch,und löschte das Feuer.,0.44607582688331604,CWE,dewiki_20180420_100d
97,33,script-related,Georg beendete einen Feuerwehreinsatz. Sofort benutzte er den,Schlauch,und löschte das Feuer.,0.437073290348053,CWE,dewiki_20180420_100d
98,33,script-unrelated,Georg nahm teil an Yoga. Sofort benutzte er den,Schlauch,und löschte das Feuer.,0.3465050756931305,CWE,dewiki_20180420_100d
99,34,control,Johanna begann das Fußballspiel. Nach kurzer Zeit machte sie ein,Tor,und jubelte laut.,0.4663985073566437,CWE,dewiki_20180420_100d
100,34,script-related,Johanna beendete das Fußballspiel. Nach kurzer Zeit machte sie ein,Tor,und jubelte laut.,0.49335160851478577,CWE,dewiki_20180420_100d
101,34,script-unrelated,Johanna begann die Jagd. Nach kurzer Zeit machte sie ein,Tor,und jubelte laut.,0.4055083394050598,CWE,dewiki_20180420_100d
102,35,control,Jürgen betrat die Metzgerei. Sofort fragte er nach einem,Steak,und bezahlte.,0.47667065262794495,CWE,dewiki_20180420_100d
103,35,script-related,Jürgen verließ die Metzgerei. Sofort fragte er nach einem,Steak,und bezahlte.,0.4541974365711212,CWE,dewiki_20180420_100d
104,35,script-unrelated,Jürgen betrat die Bäckerei. Sofort fragte er nach einem,Steak,und bezahlte.,0.46293699741363525,CWE,dewiki_20180420_100d
105,36,control,Frauke betrat den Zoo. Wenig später fotografierte sie ein,Zebra,beim Trinken.,0.5262848734855652,CWE,dewiki_20180420_100d
106,36,script-related,Frauke verließ den Zoo. Wenig später fotografierte sie ein,Zebra,beim Trinken.,0.5287044048309326,CWE,dewiki_20180420_100d
107,36,script-unrelated,Frauke ging ins Stadion. Wenig später fotografierte sie ein,Zebra,beim Trinken.,0.46433529257774353,CWE,dewiki_20180420_100d
108,37,control,Bernd betrat den Waschsalon. Schnell wählte er das,Waschprogramm,und lies es laufen.,0.44387125968933105,CWE,dewiki_20180420_100d
109,37,script-related,Bernd verließ den Waschsalon. Schnell wählte er das,Waschprogramm,und lies es laufen.,0.4234119653701782,CWE,dewiki_20180420_100d
110,37,script-unrelated,Bernd betrat den Kiosk. Schnell wählte er das,Waschprogramm,und lies es laufen.,0.4297269582748413,CWE,dewiki_20180420_100d
111,38,control,Nicole ging in den Zirkus. Bald setzte sie sich auf die,Tribüne,und schaute sich das Spektakel an.,0.39552947878837585,CWE,dewiki_20180420_100d
112,38,script-related,Nicole verließ den Zirkus. Bald setzte sie sich auf die,Tribüne,und schaute sich das Spektakel an.,0.40708020329475403,CWE,dewiki_20180420_100d
113,38,script-unrelated,Nicole ging ins Büro. Bald setzte sie sich auf die,Tribüne,und schaute sich das Spektakel an.,0.3935494124889374,CWE,dewiki_20180420_100d
114,39,control,Viktor ging in die Sauna. Nach einer Weile machte er einen,Aufguss,und legte sich hin.,0.466214656829834,CWE,dewiki_20180420_100d
115,39,script-related,Viktor verließ die Sauna. Nach einer Weile machte er einen,Aufguss,und legte sich hin.,0.46465981006622314,CWE,dewiki_20180420_100d
116,39,script-unrelated,Viktor ging ins Labor. Nach einer Weile machte er einen,Aufguss,und legte sich hin.,0.34585195779800415,CWE,dewiki_20180420_100d
117,40,control,Gabi ging zum Tierarzt. Einen Moment später fragte sie die,Arzthelferin,nach Medikamenten.,0.6103804111480713,CWE,dewiki_20180420_100d
118,40,script-related,Gabi verließ den Tierarzt. Einen Moment später fragte sie die,Arzthelferin,nach Medikamenten.,0.6017425060272217,CWE,dewiki_20180420_100d
119,40,script-unrelated,Gabi ging in die Umkleide. Einen Moment später fragte sie die,Arzthelferin,nach Medikamenten.,0.5879403948783875,CWE,dewiki_20180420_100d
120,41,control,Jakob betrat den Tatort. Kurz darauf fotografierte er die,Blutspritzer,und war erstaunt.,0.6259968876838684,CWE,dewiki_20180420_100d
121,41,script-related,Jakob verließ den Tatort. Kurz darauf fotografierte er die,Blutspritzer,und war erstaunt.,0.5834227800369263,CWE,dewiki_20180420_100d
122,41,script-unrelated,Jakob betrat die Tankstelle. Kurz darauf fotografierte er die,Blutspritzer,und war erstaunt.,0.5976824760437012,CWE,dewiki_20180420_100d
123,42,control,Peter begann Bäume zu fällen. Nach einer Weile benutzte sie die,Axt,und traf gezielt den Stamm.,0.4747961163520813,CWE,dewiki_20180420_100d
124,42,script-related,Peter hörte auf Bäume zu fällen. Nach einer Weile benutzte sie die,Axt,und traf gezielt den Stamm.,0.48298269510269165,CWE,dewiki_20180420_100d
125,42,script-unrelated,Peter begann die Kutsche zu fahren. Nach einer Weile benutzte sie die,Axt,und traf gezielt den Stamm.,0.4910629391670227,CWE,dewiki_20180420_100d
126,43,control,Tom begann ein Lagerfeuer. Sofort stapelte er das,Holz,und zündete es an.,0.5117406845092773,CWE,dewiki_20180420_100d
127,43,script-related,Tom beendete das Lagerfeuer. Sofort stapelte er das,Holz,und zündete es an.,0.5027169585227966,CWE,dewiki_20180420_100d
128,43,script-unrelated,Tom begann Frühstück zu machen. Sofort stapelte er das,Holz,und zündete es an.,0.4258292615413666,CWE,dewiki_20180420_100d
129,44,control,Kim ging zum Weihnachtsmarkt. Kurz darauf erreichte er die,Weihnachtskiosks,und stöberte nach Geschenken.,,CWE,dewiki_20180420_100d
130,44,script-related,Kim verließ den Weihnachtsmarkt. Kurz darauf erreichte er die,Weihnachtskiosks,und stöberte nach Geschenken.,,CWE,dewiki_20180420_100d
131,44,script-unrelated,Kim ging ins Krankenhaus. Kurz darauf erreichte er die,Weihnachtskiosks,und stöberte nach Geschenken.,,CWE,dewiki_20180420_100d
132,45,control,Michael begann sein Mittagessen zu kochen. Schnell schnitt er das,Gemüse,und warf es in den Topf.,0.6088733077049255,CWE,dewiki_20180420_100d
133,45,script-related,Michael war fertig sein Mittagessen zu kochen. Schnell schnitt er das,Gemüse,und warf es in den Topf.,0.647434413433075,CWE,dewiki_20180420_100d
134,45,script-unrelated,Michael begann einen Kuchen zu backen. Schnell schnitt er das,Gemüse,und warf es in den Topf.,0.6356516480445862,CWE,dewiki_20180420_100d
135,46,control,Johann betrat die Wohnung. Sofort setzte er sich aufs,Bett,und dachte über den Tag nach.,0.564155638217926,CWE,dewiki_20180420_100d
136,46,script-related,Johann verließ die Wohnung. Sofort setzte er sich aufs,Bett,und dachte über den Tag nach.,0.502737283706665,CWE,dewiki_20180420_100d
137,46,script-unrelated,Johann betrat das Kino. Sofort setzte er sich aufs,Bett,und dachte über den Tag nach.,0.4755062162876129,CWE,dewiki_20180420_100d
138,47,control,Sabine betrat die Schule. Schnell ging sie zum,Klassensaal,und grüßte die Schüler.,,CWE,dewiki_20180420_100d
139,47,script-related,Sabine verließ die Schule. Schnell ging sie zum,Klassensaal,und grüßte die Schüler.,,CWE,dewiki_20180420_100d
140,47,script-unrelated,Sabine betrat den Bauernhof. Schnell ging sie zum,Klassensaal,und grüßte die Schüler.,,CWE,dewiki_20180420_100d
141,48,control,Kevin betrat die Kirche. Vorsichtig nahm er eine,Kerze,und zündete sie an.,0.5176394581794739,CWE,dewiki_20180420_100d
142,48,script-related,Kevin verließ die Kirche. Vorsichtig nahm er eine,Kerze,und zündete sie an.,0.4486096501350403,CWE,dewiki_20180420_100d
143,48,script-unrelated,Kevin betrat die Arztpraxis. Vorsichtig nahm er eine,Kerze,und zündete sie an.,0.4688267707824707,CWE,dewiki_20180420_100d
144,49,control,Susi betrat das Gehege. Präzise begutachtete sie das,Kalb,und machte sich Notizen.,0.47551780939102173,CWE,dewiki_20180420_100d
145,49,script-related,Susi verließ das Gehege. Präzise begutachtete sie das,Kalb,und machte sich Notizen.,0.4651668667793274,CWE,dewiki_20180420_100d
146,49,script-unrelated,Susi betrat die Bücherei. Präzise begutachtete sie das,Kalb,und machte sich Notizen.,0.37574899196624756,CWE,dewiki_20180420_100d
147,50,control,Thomas betrat die Kneipe. In Eile rief er den,Kellner,und bestellte ein Bier.,0.5752679705619812,CWE,dewiki_20180420_100d
148,50,script-related,Thomas verließ die Kneipe. In Eile rief er den,Kellner,und bestellte ein Bier.,0.5674133896827698,CWE,dewiki_20180420_100d
149,50,script-unrelated,Thomas begann Spaghetti zu kochen. In Eile rief er den,Kellner,und bestellte ein Bier.,0.5580937266349792,CWE,dewiki_20180420_100d
150,51,control,Lea begann die Wände zu streichen. Schnell wählte sie einen,Pinsel,und fing an zu streichen.,0.5117077827453613,CWE,dewiki_20180420_100d
151,51,script-related,Lea war fertig die Wände zu streichen. Schnell wählte sie einen,Pinsel,und fing an zu streichen.,0.5464164614677429,CWE,dewiki_20180420_100d
152,51,script-unrelated,Lea erreichte das Theater. Schnell wählte sie einen,Pinsel,und fing an zu streichen.,0.37280628085136414,CWE,dewiki_20180420_100d
153,52,control,Peter erreichte den Supermarkt. Schnell kaufte er etwas,Gemüse,zum Kochen am Abend.,0.46544012427330017,CWE,dewiki_20180420_100d
154,52,script-related,Peter verließ den Supermarkt. Schnell kaufte er etwas,Gemüse,zum Kochen am Abend.,0.4697861671447754,CWE,dewiki_20180420_100d
155,52,script-unrelated,Peter erreichte den Bahnhof. Schnell kaufte er etwas,Gemüse,zum Kochen am Abend.,0.37161022424697876,CWE,dewiki_20180420_100d
156,53,control,Lisa betrat das Haus. Kurz danach checkte sie den,Kühlschrank,und suchte etwas zu essen.,0.4705834984779358,CWE,dewiki_20180420_100d
157,53,script-related,Lisa verließ das Haus. Kurz danach checkte sie den,Kühlschrank,und suchte etwas zu essen.,0.42721307277679443,CWE,dewiki_20180420_100d
158,53,script-unrelated,Lisa begann im Fitnessstudio zu trainieren. Kurz danach checkte sie den,Kühlschrank,und suchte etwas zu essen.,0.4365575909614563,CWE,dewiki_20180420_100d
159,54,control,Tim begann seine Fahrstunde. Hektisch drückte er aufs,Gaspedal,und fuhr los.,0.4493141174316406,CWE,dewiki_20180420_100d
160,54,script-related,Tim beendete seine Fahrstunde. Hektisch drückte er aufs,Gaspedal,und fuhr los.,0.4771159291267395,CWE,dewiki_20180420_100d
161,54,script-unrelated,Tim ging zum Flughafen. Hektisch drückte er aufs,Gaspedal,und fuhr los.,0.46663400530815125,CWE,dewiki_20180420_100d
162,55,control,Maria erreichte das Einkaufszentrum. Sofort begrüßte sie die,Verkäuferin,und suchte etwas aus.,0.45366600155830383,CWE,dewiki_20180420_100d
163,55,script-related,Maria verließ das Einkaufszentrum. Sofort begrüßte sie die,Verkäuferin,und suchte etwas aus.,0.4925781190395355,CWE,dewiki_20180420_100d
164,55,script-unrelated,Maria erreichte die Geburtstagsfeier. Sofort begrüßte sie die,Verkäuferin,und suchte etwas aus.,0.47572243213653564,CWE,dewiki_20180420_100d
165,56,control,Lukas begann die Vorlesung. Eilig begrüßte er seine,Studenten,und fing an.,0.594160258769989,CWE,dewiki_20180420_100d
166,56,script-related,Lukas beendete die Vorlesung. Eilig begrüßte er seine,Studenten,und fing an.,0.6004139184951782,CWE,dewiki_20180420_100d
167,56,script-unrelated,Lukas ging zum Friseur. Eilig begrüßte er seine,Studenten,und fing an.,0.542117178440094,CWE,dewiki_20180420_100d
168,57,control,Marie ging zur Uni. In Eile betrat sie den,Hörsaal,und öffnete ihr Buch.,0.5065253973007202,CWE,dewiki_20180420_100d
169,57,script-related,Marie verließ die Uni. In Eile betrat sie den,Hörsaal,und öffnete ihr Buch.,0.496896356344223,CWE,dewiki_20180420_100d
170,57,script-unrelated,Marie ging duschen. In Eile betrat sie den,Hörsaal,und öffnete ihr Buch.,0.48236989974975586,CWE,dewiki_20180420_100d
171,58,control,Thorsten begann zu grillen. Behutsam platzierte er den,Grillanzünder,und suchte die Zange.,0.553735613822937,CWE,dewiki_20180420_100d
172,58,script-related,Thorsten hörte auf zu grillen. Behutsam platzierte er den,Grillanzünder,und suchte die Zange.,0.5600276589393616,CWE,dewiki_20180420_100d
173,58,script-unrelated,Thorsten betrat den Blumenladen. Behutsam platzierte er den,Grillanzünder,und suchte die Zange.,0.45681124925613403,CWE,dewiki_20180420_100d
174,59,control,Claudia betrat das Tiergeschäft. Eine Zeit lang stand sie am,Käfig,und dachte über den Kauf nach.,0.44581377506256104,CWE,dewiki_20180420_100d
175,59,script-related,Claudia verließ das Tiergeschäft. Eine Zeit lang stand sie am,Käfig,und dachte über den Kauf nach.,0.4050695598125458,CWE,dewiki_20180420_100d
176,59,script-unrelated,Claudia betrat den Friedhof. Eine Zeit lang stand sie am,Käfig,und dachte über den Kauf nach.,0.42483019828796387,CWE,dewiki_20180420_100d
177,60,control,Jonathan ging in die Küche. Eine Weile säuberte er den,Ofen,und danach den Kühlschrank.,0.5142174959182739,CWE,dewiki_20180420_100d
178,60,script-related,Jonathan verließ die Küche. Eine Weile säuberte er den,Ofen,und danach den Kühlschrank.,0.4936892092227936,CWE,dewiki_20180420_100d
179,60,script-unrelated,Jonathan ging in den Garten. Eine Weile säuberte er den,Ofen,und danach den Kühlschrank.,0.48892900347709656,CWE,dewiki_20180420_100d
180,61,control,Lara ging zum Herd. Schnell reinigte sie die,Herdplatte,und dann die Abzugshaube.,0.6178421974182129,CWE,dewiki_20180420_100d
181,61,script-related,Lara ging weg vom Herd. Schnell reinigte sie die,Herdplatte,und dann die Abzugshaube.,0.597710907459259,CWE,dewiki_20180420_100d
182,61,script-unrelated,Lara ging ins Museum. Schnell reinigte sie die,Herdplatte,und dann die Abzugshaube.,0.4945469796657562,CWE,dewiki_20180420_100d
183,62,control,Roman ging in die Buchhandlung. Schnell suchte er einen,Roman,für seine Frau.,0.635591447353363,CWE,dewiki_20180420_100d
184,62,script-related,Roman verließ die Buchhandlung. Schnell suchte er einen,Roman,für seine Frau.,0.6170060038566589,CWE,dewiki_20180420_100d
185,62,script-unrelated,Roman ging zum Konditor. Schnell suchte er einen,Roman,für seine Frau.,0.6069476008415222,CWE,dewiki_20180420_100d
186,63,control,Annika ging in die Boutique. Eine Zeit lang suchte sie nach,Stiefeln,und kaufte sie dann.,0.42123034596443176,CWE,dewiki_20180420_100d
187,63,script-related,Annika verließ die Boutique. Eine Zeit lang suchte sie nach,Stiefeln,und kaufte sie dann.,0.42697349190711975,CWE,dewiki_20180420_100d
188,63,script-unrelated,Annika ging ins Spa. Eine Zeit lang suchte sie nach,Stiefeln,und kaufte sie dann.,0.3455372154712677,CWE,dewiki_20180420_100d
189,64,control,Emil betrat die Apotheke. Schnell kaufte er das,Medikament,und ging dann nach Hause.,0.4697127044200897,CWE,dewiki_20180420_100d
190,64,script-related,Emil verließ die Apotheke. Schnell kaufte er das,Medikament,und ging dann nach Hause.,0.44918450713157654,CWE,dewiki_20180420_100d
191,64,script-unrelated,Emil betrat die Reitschule. Schnell kaufte er das,Medikament,und ging dann nach Hause.,0.3742218315601349,CWE,dewiki_20180420_100d
192,65,control,Susanne betrat das Bad. Sofort entfernte sie ihr,Makeup,und putzte sich die Zähne.,0.3135916292667389,CWE,dewiki_20180420_100d
193,65,script-related,Susanne verließ das Bad. Sofort entfernte sie ihr,Makeup,und putzte sich die Zähne.,0.31180256605148315,CWE,dewiki_20180420_100d
194,65,script-unrelated,Susanne ging zur Sicherheitskontrolle. Sofort entfernte sie ihr,Makeup,und putzte sich die Zähne.,0.30164074897766113,CWE,dewiki_20180420_100d
195,66,control,Martin kam zur Autowerkstatt. Umgehend fragte er nach den,Reifen,für den Winter.,0.3756595253944397,CWE,dewiki_20180420_100d
196,66,script-related,Martin verließ die Autowerkstatt. Umgehend fragte er nach den,Reifen,für den Winter.,0.36441048979759216,CWE,dewiki_20180420_100d
197,66,script-unrelated,Martin kam zur Hotelrezeption. Umgehend fragte er nach den,Reifen,für den Winter.,0.35376664996147156,CWE,dewiki_20180420_100d
198,67,control,Jutta ging zur Post. Umgehend bekam sie das,Paket,auf das sie gewartet hatte.,0.44882673025131226,CWE,dewiki_20180420_100d
199,67,script-related,Jutta verließ die Post. Umgehend bekam sie das,Paket,auf das sie gewartet hatte.,0.42119207978248596,CWE,dewiki_20180420_100d
200,67,script-unrelated,Jutta ging zum Zahnarzt. Umgehend bekam sie das,Paket,auf das sie gewartet hatte.,0.3801228404045105,CWE,dewiki_20180420_100d
201,68,control,Jens ging zur Zollstelle. Schnell zeigte er sein,Formular,und schaute den Beamten an.,0.3373405933380127,CWE,dewiki_20180420_100d
202,68,script-related,Jens verließ die Zollstelle. Schnell zeigte er sein,Formular,und schaute den Beamten an.,0.3404273986816406,CWE,dewiki_20180420_100d
203,68,script-unrelated,Jens begann Poker zu spielen. Schnell zeigte er sein,Formular,und schaute den Beamten an.,0.2934219241142273,CWE,dewiki_20180420_100d
204,69,control,Elena begann zu zeichnen. Umgehend nahm sie den,Stift,und zeichnete eine Blume.,0.34002700448036194,CWE,dewiki_20180420_100d
205,69,script-related,Elena hörte auf zu zeichnen. Umgehend nahm sie den,Stift,und zeichnete eine Blume.,0.37483519315719604,CWE,dewiki_20180420_100d
206,69,script-unrelated,Elena begann den Urlaub. Umgehend nahm sie den,Stift,und zeichnete eine Blume.,0.31689906120300293,CWE,dewiki_20180420_100d
207,70,control,Bruno begann seinen Filmabend. Schnell besorgte er das,Popcorn,aus der Küche.,0.5132330656051636,CWE,dewiki_20180420_100d
208,70,script-related,Bruno beendete seinen Filmabend. Schnell besorgte er das,Popcorn,aus der Küche.,0.4878474175930023,CWE,dewiki_20180420_100d
209,70,script-unrelated,Bruno betrat das Bürgeramt. Schnell besorgte er das,Popcorn,aus der Küche.,0.4559105336666107,CWE,dewiki_20180420_100d
210,71,control,Jana betrat das Gartencenter. Nach einer Weile fragte sie nach einer,Palme,für den Balkon.,0.38725757598876953,CWE,dewiki_20180420_100d
211,71,script-related,Jana verließ das Gartencenter. Nach einer Weile fragte sie nach einer,Palme,für den Balkon.,0.3678193986415863,CWE,dewiki_20180420_100d
212,71,script-unrelated,Jana ging auf die Kirmes. Nach einer Weile fragte sie nach einer,Palme,für den Balkon.,0.4100891351699829,CWE,dewiki_20180420_100d
213,72,control,Nico fuhr zur Pizzeria. Sofort griff er die,Speisekarte,und bestellte eine Margherita.,0.47602349519729614,CWE,dewiki_20180420_100d
214,72,script-related,Nico verließ die Pizzeria. Sofort griff er die,Speisekarte,und bestellte eine Margherita.,0.421299010515213,CWE,dewiki_20180420_100d
215,72,script-unrelated,Nico fuhr wandern. Sofort griff er die,Speisekarte,und bestellte eine Margherita.,0.4093244671821594,CWE,dewiki_20180420_100d
216,73,control,Beate ging Schwimmen. Schnell prüfte sie das,Becken,und schwamm los.,0.3626043200492859,CWE,dewiki_20180420_100d
217,73,script-related,Beate kam zurück vom Schwimmen. Schnell prüfte sie das,Becken,und schwamm los.,0.3810363709926605,CWE,dewiki_20180420_100d
218,73,script-unrelated,Beate fuhr mit dem Taxi. Schnell prüfte sie das,Becken,und schwamm los.,0.2627762258052826,CWE,dewiki_20180420_100d
219,74,control,Hubert nahm ein Flugzeug. Voller Begeisterung genoss er die,Höhe,denn er liebte das Fliegen.,0.2996925115585327,CWE,dewiki_20180420_100d
220,74,script-related,Hubert verließ das Flugzeug. Voller Begeisterung genoss er die,Höhe,denn er liebte das Fliegen.,0.29418060183525085,CWE,dewiki_20180420_100d
221,74,script-unrelated,Hubert begann zu baden. Voller Begeisterung genoss er die,Höhe,denn er liebte das Fliegen.,0.2413628250360489,CWE,dewiki_20180420_100d
222,75,control,Jenni begann den Unterricht. Sofort öffnete sie die,Tafel,und begann zu schreiben.,0.3122042119503021,CWE,dewiki_20180420_100d
223,75,script-related,Jenni hörte auf mit dem Unterricht. Sofort öffnete sie die,Tafel,und begann zu schreiben.,0.3694893419742584,CWE,dewiki_20180420_100d
224,75,script-unrelated,Jenni betrat die Eishalle. Sofort öffnete sie die,Tafel,und begann zu schreiben.,0.37922537326812744,CWE,dewiki_20180420_100d
225,76,control,Hans betrat die Kletterhalle. Wenig später griff er das,Seil,und spannte es ein.,0.4790322780609131,CWE,dewiki_20180420_100d
226,76,script-related,Hans verließ die Kletterhalle. Wenig später griff er das,Seil,und spannte es ein.,0.43179067969322205,CWE,dewiki_20180420_100d
227,76,script-unrelated,Hans begann zu bowlen. Wenig später griff er das,Seil,und spannte es ein.,0.43805989623069763,CWE,dewiki_20180420_100d
228,77,control,Clara ging zum Schießstand. Sofort bekam sie einen,Revolver,und begann auf das Ziel zu schießen.,0.4627206325531006,CWE,dewiki_20180420_100d
229,77,script-related,Clara verließ den Schießstand. Sofort bekam sie einen,Revolver,und begann auf das Ziel zu schießen.,0.4784083366394043,CWE,dewiki_20180420_100d
230,77,script-unrelated,Clara ging auf einen Feuerwehreinsatz. Sofort bekam sie einen,Revolver,und begann auf das Ziel zu schießen.,0.4167812466621399,CWE,dewiki_20180420_100d
231,78,control,Georg nahm teil an Yoga. Nach einer Weile setzte er sich auf seine,Yogamatte,und machte eine Übung.,,CWE,dewiki_20180420_100d
232,78,script-related,Georg kam zurück vom Yoga. Nach einer Weile setzte er sich auf seine,Yogamatte,und machte eine Übung.,,CWE,dewiki_20180420_100d
233,78,script-unrelated,Georg nahm teil am Fußballspiel. Nach einer Weile setzte er sich auf seine,Yogamatte,und machte eine Übung.,,CWE,dewiki_20180420_100d
234,79,control,Johanna begann die Jagd. Nach einer Weile erblickte sie den,Hochsitz,und ging darauf zu.,0.5001627206802368,CWE,dewiki_20180420_100d
235,79,script-related,Johanna kam zurück von der Jagd. Nach einer Weile erblickte sie den,Hochsitz,und ging darauf zu.,0.5094588398933411,CWE,dewiki_20180420_100d
236,79,script-unrelated,Johanna betrat die Metzgerei. Nach einer Weile erblickte sie den,Hochsitz,und ging darauf zu.,0.5260791182518005,CWE,dewiki_20180420_100d
237,80,control,Jürgen betrat die Bäckerei. Wenig später zeigte er auf das,Croissant,und wählte aus.,0.4333227872848511,CWE,dewiki_20180420_100d
238,80,script-related,Jürgen verließ die Bäckerei. Wenig später zeigte er auf das,Croissant,und wählte aus.,0.43306878209114075,CWE,dewiki_20180420_100d
239,80,script-unrelated,Jürgen betrat den Zoo. Wenig später zeigte er auf das,Croissant,und wählte aus.,0.3661321997642517,CWE,dewiki_20180420_100d
240,81,control,Frauke ging ins Stadion. Schnell wählte sie eine,Tribüne,und setzte sich.,0.5385686755180359,CWE,dewiki_20180420_100d
241,81,script-related,Frauke verließ das Stadion. Schnell wählte sie eine,Tribüne,und setzte sich.,0.5264540910720825,CWE,dewiki_20180420_100d
242,81,script-unrelated,Frauke ging zum Waschsalon. Schnell wählte sie eine,Tribüne,und setzte sich.,0.44479143619537354,CWE,dewiki_20180420_100d
243,82,control,Bernd betrat den Kiosk. Sofort kaufte er eine,Zeitung,und ging wieder heim.,0.4889334738254547,CWE,dewiki_20180420_100d
244,82,script-related,Bernd verließ den Kiosk. Sofort kaufte er eine,Zeitung,und ging wieder heim.,0.4676485061645508,CWE,dewiki_20180420_100d
245,82,script-unrelated,Bernd betrat den Zirkus. Sofort kaufte er eine,Zeitung,und ging wieder heim.,0.4687337875366211,CWE,dewiki_20180420_100d
246,83,control,Nicole betrat das Büro. Zuerst ging sie zum,Schreibtisch,und schaltete dann den Computer ein.,0.5492249131202698,CWE,dewiki_20180420_100d
247,83,script-related,Nicole verließ das Büro. Zuerst ging sie zum,Schreibtisch,und schaltete dann den Computer ein.,0.4832051694393158,CWE,dewiki_20180420_100d
248,83,script-unrelated,Nicole betrat die Sauna. Zuerst ging sie zum,Schreibtisch,und schaltete dann den Computer ein.,0.4731745719909668,CWE,dewiki_20180420_100d
249,84,control,Viktor ging ins Labor. Schnell begann er das,Experiment,und machte sich Notizen.,0.5577853322029114,CWE,dewiki_20180420_100d
250,84,script-related,Viktor verließ das Labor. Schnell begann er das,Experiment,und machte sich Notizen.,0.5372765064239502,CWE,dewiki_20180420_100d
251,84,script-unrelated,Viktor ging zum Tierarzt. Schnell begann er das,Experiment,und machte sich Notizen.,0.3813863694667816,CWE,dewiki_20180420_100d
252,85,control,Gabi ging in die Umkleide. Schnell probierte sie die,Kleidung,an und ging zur Kasse.,0.5186492204666138,CWE,dewiki_20180420_100d
253,85,script-related,Gabi verließ die Umkleide. Schnell probierte sie die,Kleidung,an und ging zur Kasse.,0.5082223415374756,CWE,dewiki_20180420_100d
254,85,script-unrelated,Gabi betrat den Tatort. Schnell probierte sie die,Kleidung,an und ging zur Kasse.,0.46222445368766785,CWE,dewiki_20180420_100d
255,86,control,Jakob betrat die Tankstelle. Sofort sagte er seine,Nummer,und bezahlte.,0.39006683230400085,CWE,dewiki_20180420_100d
256,86,script-related,Jakob verließ die Tankstelle. Sofort sagte er seine,Nummer,und bezahlte.,0.39155274629592896,CWE,dewiki_20180420_100d
257,86,script-unrelated,Jakob begann Bäume zu fällen. Sofort sagte er seine,Nummer,und bezahlte.,0.3852013349533081,CWE,dewiki_20180420_100d
258,87,control,Hilde begann die Kutsche zu fahren. Schnell bestieg sie den,Kutschbock,und los ging es.,0.6383591890335083,CWE,dewiki_20180420_100d
259,87,script-related,Hilde war fertig die Kutsche zu fahren. Schnell bestieg sie den,Kutschbock,und los ging es.,0.672684371471405,CWE,dewiki_20180420_100d
260,87,script-unrelated,Hilde begann ein Lagerfeuer. Schnell bestieg sie den,Kutschbock,und los ging es.,0.5172667503356934,CWE,dewiki_20180420_100d
261,88,control,Tom begann Frühstück zu machen. Sofort öffnete er die,Butter,und machte sich ein Brot.,0.47916558384895325,CWE,dewiki_20180420_100d
262,88,script-related,Tom hörte auf Frühstück zu machen. Sofort öffnete er die,Butter,und machte sich ein Brot.,0.5025256276130676,CWE,dewiki_20180420_100d
263,88,script-unrelated,Tom ging zum Weihnachtsmarkt. Sofort öffnete er die,Butter,und machte sich ein Brot.,0.42296066880226135,CWE,dewiki_20180420_100d
264,89,control,Kim ging ins Krankenhaus. Gleich ging sie zur,Rezeption,und fragte nach dem Weg.,0.32485559582710266,CWE,dewiki_20180420_100d
265,89,script-related,Kim verließ das Krankenhaus. Gleich ging sie zur,Rezeption,und fragte nach dem Weg.,0.3067859411239624,CWE,dewiki_20180420_100d
266,89,script-unrelated,Kim fing an sein Mittagessen zu kochen. Gleich ging sie zur,Rezeption,und fragte nach dem Weg.,0.303691029548645,CWE,dewiki_20180420_100d
267,90,control,Michael fing an damit einen Kuchen zu backen. Als erstes nahm er einen,Schneebesen,und schlug Eiweiß steif.,0.5775198340415955,CWE,dewiki_20180420_100d
268,90,script-related,Michael war fertig damit einen Kuchen zu backen. Als erstes nahm er einen,Schneebesen,und schlug Eiweiß steif.,0.5945791006088257,CWE,dewiki_20180420_100d
269,90,script-unrelated,Michael betrat das Restaurant. Als erstes nahm er einen,Schneebesen,und schlug Eiweiß steif.,0.30909228324890137,CWE,dewiki_20180420_100d
0,1,control,Johann betrat das Restaurant. Wenig später öffnete er die,Speisekarte,und verschaffte sich einen Überblick.,0.32485681772232056,CWE,dewiki_20180420_300d
1,1,script-related,Johann verließ das Restaurant. Wenig später öffnete er die,Speisekarte,und verschaffte sich einen Überblick.,0.2968650162220001,CWE,dewiki_20180420_300d
2,1,script-unrelated,Johann betrat die Wohnung. Wenig später öffnete er die,Speisekarte,und verschaffte sich einen Überblick.,0.2682107388973236,CWE,dewiki_20180420_300d
3,2,control,Sabine betrat das Kino. Schnell ging sie zur,Kasse,und kaufte eine Karte.,0.33974534273147583,CWE,dewiki_20180420_300d
4,2,script-related,Sabine verließ das Kino. Schnell ging sie zur,Kasse,und kaufte eine Karte.,0.32115957140922546,CWE,dewiki_20180420_300d
5,2,script-unrelated,Sabine betrat die Schule. Schnell ging sie zur,Kasse,und kaufte eine Karte.,0.3319332003593445,CWE,dewiki_20180420_300d
6,3,control,Kevin betrat den Bauernhof. Ohne zu zögern nahm er eine,Mistgabel,und fing an zu schaufeln.,0.33444496989250183,CWE,dewiki_20180420_300d
7,3,script-related,Kevin verließ den Bauernhof. Ohne zu zögern nahm er eine,Mistgabel,und fing an zu schaufeln.,0.3096346855163574,CWE,dewiki_20180420_300d
8,3,script-unrelated,Kevin betrat die Kirche. Ohne zu zögern nahm er eine,Mistgabel,und fing an zu schaufeln.,0.2857816517353058,CWE,dewiki_20180420_300d
9,4,control,Susi betrat die Arztpraxis. Freundlich sprach sie mit der,Arzthelferin,über die Problematik.,0.41361474990844727,CWE,dewiki_20180420_300d
10,4,script-related,Susi verließ die Arztpraxis. Freundlich sprach sie mit der,Arzthelferin,über die Problematik.,0.4345480799674988,CWE,dewiki_20180420_300d
11,4,script-unrelated,Susi betrat das Gehege. Freundlich sprach sie mit der,Arzthelferin,über die Problematik.,0.27260440587997437,CWE,dewiki_20180420_300d
12,5,control,Roman betrat die Bücherei. Kurz danach ging er zum,Regal,und suchte einen Krimi.,0.31735143065452576,CWE,dewiki_20180420_300d
13,5,script-related,Roman verließ die Bücherei. Kurz danach ging er zum,Regal,und suchte einen Krimi.,0.2927899658679962,CWE,dewiki_20180420_300d
14,5,script-unrelated,Roman betrat die Kneipe. Kurz danach ging er zum,Regal,und suchte einen Krimi.,0.30888184905052185,CWE,dewiki_20180420_300d
15,6,control,Lea begann damit Spaghetti zu kochen. Vorsichtig öffnete sie die,Nudelpackung,mit einem Handgriff.,,CWE,dewiki_20180420_300d
16,6,script-related,Lea war fertig damit Spaghetti zu kochen. Vorsichtig öffnete sie die,Nudelpackung,mit einem Handgriff.,,CWE,dewiki_20180420_300d
17,6,script-unrelated,Lea begann die Wände zu streichen. Vorsichtig öffnete sie die,Nudelpackung,mit einem Handgriff.,,CWE,dewiki_20180420_300d
18,7,control,Peter erreichte das Theater. Wenig später ging er zur,Loge,und setzte sich.,0.29410868883132935,CWE,dewiki_20180420_300d
19,7,script-related,Peter verließ das Theater. Wenig später ging er zur,Loge,und setzte sich.,0.31206122040748596,CWE,dewiki_20180420_300d
20,7,script-unrelated,Peter erreichte den Supermarkt. Wenig später ging er zur,Loge,und setzte sich.,0.23695683479309082,CWE,dewiki_20180420_300d
21,8,control,Lisa betrat den Bahnhof. Wenig später war sie am,Gleis,und wartete auf den Zug.,0.4877150058746338,CWE,dewiki_20180420_300d
22,8,script-related,Lisa verließ den Bahnhof. Wenig später war sie am,Gleis,und wartete auf den Zug.,0.4756488502025604,CWE,dewiki_20180420_300d
23,8,script-unrelated,Lisa betrat das Haus. Wenig später war sie am,Gleis,und wartete auf den Zug.,0.32058608531951904,CWE,dewiki_20180420_300d
24,9,control,Tim begann im Fitnessstudio zu trainieren. Umgehend war er auf dem,Laufband,und rann wie verrückt.,0.43082430958747864,CWE,dewiki_20180420_300d
25,9,script-related,Tim hörte auf im Fitnessstudio zu trainieren. Umgehend war er auf dem,Laufband,und rann wie verrückt.,0.44014719128608704,CWE,dewiki_20180420_300d
26,9,script-unrelated,Tim begann seine Fahrstunde. Umgehend war er auf dem,Laufband,und rann wie verrückt.,0.2686621844768524,CWE,dewiki_20180420_300d
27,10,control,Maria erreichte den Flughafen. Sofort ging sie zum,Check-in,um den Koffer aufzugeben.,0.34771275520324707,CWE,dewiki_20180420_300d
28,10,script-related,Maria verließ den Flughafen. Sofort ging sie zum,Check-in,um den Koffer aufzugeben.,0.316620409488678,CWE,dewiki_20180420_300d
29,10,script-unrelated,Maria erreichte das Einkaufszentrum. Sofort ging sie zum,Check-in,um den Koffer aufzugeben.,0.3028344213962555,CWE,dewiki_20180420_300d
30,11,control,Lukas kam zur Geburtstagsfeier. Nach einer Weile überreichte er den,Kuchen,und gratulierte.,0.35302823781967163,CWE,dewiki_20180420_300d
31,11,script-related,Lukas verließ die Geburtstagsfeier. Nach einer Weile überreichte er den,Kuchen,und gratulierte.,0.32011500000953674,CWE,dewiki_20180420_300d
32,11,script-unrelated,Lukas kam zum Unterricht. Nach einer Weile überreichte er den,Kuchen,und gratulierte.,0.34560829401016235,CWE,dewiki_20180420_300d
33,12,control,Marie ging zum Friseur. Nach einem kurzen Moment fragte sie die,Stylistin,nach einem neuen Schnitt.,0.4867646098136902,CWE,dewiki_20180420_300d
34,12,script-related,Marie verließ den Friseur. Nach einem kurzen Moment fragte sie die,Stylistin,nach einem neuen Schnitt.,0.4962996244430542,CWE,dewiki_20180420_300d
35,12,script-unrelated,Marie ging zur Uni. Nach einem kurzen Moment fragte sie die,Stylistin,nach einem neuen Schnitt.,0.39351701736450195,CWE,dewiki_20180420_300d
36,13,control,Thorsten begann zu duschen. Als erstes benutzte er das,Shampoo,und dann das Duschgel.,0.40919336676597595,CWE,dewiki_20180420_300d
37,13,script-related,Thorsten hörte auf zu duschen. Als erstes benutzte er das,Shampoo,und dann das Duschgel.,0.422556608915329,CWE,dewiki_20180420_300d
38,13,script-unrelated,Thorsten begann zu grillen. Als erstes benutzte er das,Shampoo,und dann das Duschgel.,0.3735956847667694,CWE,dewiki_20180420_300d
39,14,control,Claudia betrat den Blumenladen. Schnell fragte sie nach einer,Rose,für eine Freundin.,0.3304003179073334,CWE,dewiki_20180420_300d
40,14,script-related,Claudia verließ den Blumenladen. Schnell fragte sie nach einer,Rose,für eine Freundin.,0.35925108194351196,CWE,dewiki_20180420_300d
41,14,script-unrelated,Claudia betrat das Tiergeschäft. Schnell fragte sie nach einer,Rose,für eine Freundin.,0.3072829842567444,CWE,dewiki_20180420_300d
42,15,control,Jonathan ging zum Friedhof. Nachdenklich betrachtete er den,Grabstein,und sprach ein Gebet.,0.5530087947845459,CWE,dewiki_20180420_300d
43,15,script-related,Jonathan verließ den Friedhof. Nachdenklich betrachtete er den,Grabstein,und sprach ein Gebet.,0.5482050180435181,CWE,dewiki_20180420_300d
44,15,script-unrelated,Jonathan ging in die Küche. Nachdenklich betrachtete er den,Grabstein,und sprach ein Gebet.,0.2893997132778168,CWE,dewiki_20180420_300d
45,16,control,Lara ging in den Garten. Genau prüfte sie die,Erde,und goss dann die Blumen.,0.3064863383769989,CWE,dewiki_20180420_300d
46,16,script-related,Lara verließ den Garten. Genau prüfte sie die,Erde,und goss dann die Blumen.,0.3027854561805725,CWE,dewiki_20180420_300d
47,16,script-unrelated,Lara ging zum Herd. Genau prüfte sie die,Erde,und goss dann die Blumen.,0.33568936586380005,CWE,dewiki_20180420_300d
48,17,control,Roman ging ins Museum. Akribisch betrachtete er die,Skulpturen,und war begeistert.,0.4066203236579895,CWE,dewiki_20180420_300d
49,17,script-related,Roman verließ das Museum. Akribisch betrachtete er die,Skulpturen,und war begeistert.,0.3998750150203705,CWE,dewiki_20180420_300d
50,17,script-unrelated,Roman ging in die Buchhandlung. Akribisch betrachtete er die,Skulpturen,und war begeistert.,0.33630600571632385,CWE,dewiki_20180420_300d
51,18,control,Annika ging zum Konditor. Schnell fragte sie nach einem,Kuchen,und bezahlte sofort.,0.4368448853492737,CWE,dewiki_20180420_300d
52,18,script-related,Annika verließ den Konditor. Schnell fragte sie nach einem,Kuchen,und bezahlte sofort.,0.38879019021987915,CWE,dewiki_20180420_300d
53,18,script-unrelated,Annika ging in die Boutique. Schnell fragte sie nach einem,Kuchen,und bezahlte sofort.,0.3680555522441864,CWE,dewiki_20180420_300d
54,19,control,Emil betrat das Spa. Nach einer Weile bekam er eine,Massage,und genoss sie.,0.3345159590244293,CWE,dewiki_20180420_300d
55,19,script-related,Emil verließ das Spa. Nach einer Weile bekam er eine,Massage,und genoss sie.,0.32586348056793213,CWE,dewiki_20180420_300d
56,19,script-unrelated,Emil betrat die Apotheke. Nach einer Weile bekam er eine,Massage,und genoss sie.,0.33586469292640686,CWE,dewiki_20180420_300d
57,20,control,Susanne betrat die Reitschule. Schnell setzte sie den,Sattel,auf und ritt los.,0.27962014079093933,CWE,dewiki_20180420_300d
58,20,script-related,Susanne verließ die Reitschule. Schnell setzte sie den,Sattel,auf und ritt los.,0.2594778537750244,CWE,dewiki_20180420_300d
59,20,script-unrelated,Susanne betrat das Bad. Schnell setzte sie den,Sattel,auf und ritt los.,0.2411985695362091,CWE,dewiki_20180420_300d
60,21,control,Martin kam zur Sicherheitskontrolle. Zügig öffnete er den,Koffer,und wurde durchgewunken.,0.4000460207462311,CWE,dewiki_20180420_300d
61,21,script-related,Martin verließ die Sicherheitskontrolle. Zügig öffnete er den,Koffer,und wurde durchgewunken.,0.42220136523246765,CWE,dewiki_20180420_300d
62,21,script-unrelated,Martin kam zur Autowerkstatt. Zügig öffnete er den,Koffer,und wurde durchgewunken.,0.3763560354709625,CWE,dewiki_20180420_300d
63,22,control,Jutta ging zur Hotelrezeption. Sofort bekam sie ein,Zimmer,und dankte freundlich.,0.3740787208080292,CWE,dewiki_20180420_300d
64,22,script-related,Jutta verließ die Hotelrezeption. Sofort bekam sie ein,Zimmer,und dankte freundlich.,0.3870781660079956,CWE,dewiki_20180420_300d
65,22,script-unrelated,Jutta ging zur Post. Sofort bekam sie ein,Zimmer,und dankte freundlich.,0.31675758957862854,CWE,dewiki_20180420_300d
66,23,control,Jens ging zum Zahnarzt. Ängstlich ging er zum,Röntgen,und ließ sich behandeln.,0.2887079119682312,CWE,dewiki_20180420_300d
67,23,script-related,Jens verließ den Zahnarzt. Ängstlich ging er zum,Röntgen,und ließ sich behandeln.,0.2636342942714691,CWE,dewiki_20180420_300d
68,23,script-unrelated,Jens ging zur Zollstelle. Ängstlich ging er zum,Röntgen,und ließ sich behandeln.,0.24798594415187836,CWE,dewiki_20180420_300d
69,24,control,Elena begann Poker zu spielen. Schnell setzte sie ihr,Geld,und gewann.,0.44696277379989624,CWE,dewiki_20180420_300d
70,24,script-related,Elena hörte auf Poker zu spielen. Schnell setzte sie ihr,Geld,und gewann.,0.4571860134601593,CWE,dewiki_20180420_300d
71,24,script-unrelated,Elena begann zu zeichnen. Schnell setzte sie ihr,Geld,und gewann.,0.35687488317489624,CWE,dewiki_20180420_300d
72,25,control,Bruno begann seinen Urlaub. Endlich kam er am,Meer,an und genoss das Wetter.,0.31779104471206665,CWE,dewiki_20180420_300d
73,25,script-related,Bruno beendete seinen Urlaub. Endlich kam er am,Meer,an und genoss das Wetter.,0.3218064308166504,CWE,dewiki_20180420_300d
74,25,script-unrelated,Bruno begann seinen Filmabend. Endlich kam er am,Meer,an und genoss das Wetter.,0.2844494581222534,CWE,dewiki_20180420_300d
75,26,control,Jana betrat das Bürgeramt. Umgehend zeigte sie ihr,Visum,und stellte einen Antrag.,0.3393559157848358,CWE,dewiki_20180420_300d
76,26,script-related,Jana verließ das Bürgeramt. Umgehend zeigte sie ihr,Visum,und stellte einen Antrag.,0.35564982891082764,CWE,dewiki_20180420_300d
77,26,script-unrelated,Jana betrat das Gartencenter. Umgehend zeigte sie ihr,Visum,und stellte einen Antrag.,0.2765234410762787,CWE,dewiki_20180420_300d
78,27,control,Nico fuhr auf die Kirmes. Sofort ging er zum,Auto-Scooter,und fuhr eine Runde.,0.4017333686351776,CWE,dewiki_20180420_300d
79,27,script-related,Nico verließ die Kirmes. Sofort ging er zum,Auto-Scooter,und fuhr eine Runde.,0.3085462749004364,CWE,dewiki_20180420_300d
80,27,script-unrelated,Nico fuhr zur Pizzeria. Sofort ging er zum,Auto-Scooter,und fuhr eine Runde.,0.34501543641090393,CWE,dewiki_20180420_300d
81,28,control,Beate ging Wandern. Nach einer Weile sah sie ein,Edelweiß,das sie gleich mitnahm.,0.2945399582386017,CWE,dewiki_20180420_300d
82,28,script-related,Beate kam zurück vom Wandern. Nach einer Weile sah sie ein,Edelweiß,das sie gleich mitnahm.,0.29550641775131226,CWE,dewiki_20180420_300d
83,28,script-unrelated,Beate ging schwimmen. Nach einer Weile sah sie ein,Edelweiß,das sie gleich mitnahm.,0.25346705317497253,CWE,dewiki_20180420_300d
84,29,control,Hubert nahm ein Taxi. Freundlich begrüßte er den,Fahrer,und nannte sein Ziel.,0.33578363060951233,CWE,dewiki_20180420_300d
85,29,script-related,Hubert verließ das Taxi. Freundlich begrüßte er den,Fahrer,und nannte sein Ziel.,0.3301354646682739,CWE,dewiki_20180420_300d
86,29,script-unrelated,Hubert nahm ein Flugzeug. Freundlich begrüßte er den,Fahrer,und nannte sein Ziel.,0.3229558765888214,CWE,dewiki_20180420_300d
87,30,control,Jenni begann zu baden. Sofort verteilte sie den,Schaum,auf ihrem Körper.,0.2696182429790497,CWE,dewiki_20180420_300d
88,30,script-related,Jenni hörte auf zu baden. Sofort verteilte sie den,Schaum,auf ihrem Körper.,0.3017750680446625,CWE,dewiki_20180420_300d
89,30,script-unrelated,Jenni begann die Vorlesung. Sofort verteilte sie den,Schaum,auf ihrem Körper.,0.25159645080566406,CWE,dewiki_20180420_300d
90,31,control,Hans betrat die Eishalle. Flott schnürte er seine,Schlittschuhe,und ging auf die Bahn.,0.577781081199646,CWE,dewiki_20180420_300d
91,31,script-related,Hans verließ die Eishalle. Flott schnürte er seine,Schlittschuhe,und ging auf die Bahn.,0.5912005305290222,CWE,dewiki_20180420_300d
92,31,script-unrelated,Hans betrat die Kletterhalle. Flott schnürte er seine,Schlittschuhe,und ging auf die Bahn.,0.5096403956413269,CWE,dewiki_20180420_300d
93,32,control,Clara begann zu bowlen. Gekonnt erzielte sie einen,Strike,und gewann das Spiel.,0.33041682839393616,CWE,dewiki_20180420_300d
94,32,script-related,Clara hörte auf zu bowlen. Gekonnt erzielte sie einen,Strike,und gewann das Spiel.,0.32822385430336,CWE,dewiki_20180420_300d
95,32,script-unrelated,Clara ging zum Schießstand. Gekonnt erzielte sie einen,Strike,und gewann das Spiel.,0.33296287059783936,CWE,dewiki_20180420_300d
96,33,control,Georg nahm teil an einem Feuerwehreinsatz. Sofort benutzte er den,Schlauch,und löschte das Feuer.,0.3272245526313782,CWE,dewiki_20180420_300d
97,33,script-related,Georg beendete einen Feuerwehreinsatz. Sofort benutzte er den,Schlauch,und löschte das Feuer.,0.32647085189819336,CWE,dewiki_20180420_300d
98,33,script-unrelated,Georg nahm teil an Yoga. Sofort benutzte er den,Schlauch,und löschte das Feuer.,0.23969441652297974,CWE,dewiki_20180420_300d
99,34,control,Johanna begann das Fußballspiel. Nach kurzer Zeit machte sie ein,Tor,und jubelte laut.,0.3631586730480194,CWE,dewiki_20180420_300d
100,34,script-related,Johanna beendete das Fußballspiel. Nach kurzer Zeit machte sie ein,Tor,und jubelte laut.,0.3842611312866211,CWE,dewiki_20180420_300d
101,34,script-unrelated,Johanna begann die Jagd. Nach kurzer Zeit machte sie ein,Tor,und jubelte laut.,0.3061729669570923,CWE,dewiki_20180420_300d
102,35,control,Jürgen betrat die Metzgerei. Sofort fragte er nach einem,Steak,und bezahlte.,0.3780630826950073,CWE,dewiki_20180420_300d
103,35,script-related,Jürgen verließ die Metzgerei. Sofort fragte er nach einem,Steak,und bezahlte.,0.3796856999397278,CWE,dewiki_20180420_300d
104,35,script-unrelated,Jürgen betrat die Bäckerei. Sofort fragte er nach einem,Steak,und bezahlte.,0.36795860528945923,CWE,dewiki_20180420_300d
105,36,control,Frauke betrat den Zoo. Wenig später fotografierte sie ein,Zebra,beim Trinken.,0.33486247062683105,CWE,dewiki_20180420_300d
106,36,script-related,Frauke verließ den Zoo. Wenig später fotografierte sie ein,Zebra,beim Trinken.,0.3524820804595947,CWE,dewiki_20180420_300d
107,36,script-unrelated,Frauke ging ins Stadion. Wenig später fotografierte sie ein,Zebra,beim Trinken.,0.2826613187789917,CWE,dewiki_20180420_300d
108,37,control,Bernd betrat den Waschsalon. Schnell wählte er das,Waschprogramm,und lies es laufen.,0.3787643313407898,CWE,dewiki_20180420_300d
109,37,script-related,Bernd verließ den Waschsalon. Schnell wählte er das,Waschprogramm,und lies es laufen.,0.3623600900173187,CWE,dewiki_20180420_300d
110,37,script-unrelated,Bernd betrat den Kiosk. Schnell wählte er das,Waschprogramm,und lies es laufen.,0.3861747682094574,CWE,dewiki_20180420_300d
111,38,control,Nicole ging in den Zirkus. Bald setzte sie sich auf die,Tribüne,und schaute sich das Spektakel an.,0.3363665044307709,CWE,dewiki_20180420_300d
112,38,script-related,Nicole verließ den Zirkus. Bald setzte sie sich auf die,Tribüne,und schaute sich das Spektakel an.,0.29189983010292053,CWE,dewiki_20180420_300d
113,38,script-unrelated,Nicole ging ins Büro. Bald setzte sie sich auf die,Tribüne,und schaute sich das Spektakel an.,0.3286188542842865,CWE,dewiki_20180420_300d
114,39,control,Viktor ging in die Sauna. Nach einer Weile machte er einen,Aufguss,und legte sich hin.,0.37835392355918884,CWE,dewiki_20180420_300d
115,39,script-related,Viktor verließ die Sauna. Nach einer Weile machte er einen,Aufguss,und legte sich hin.,0.36565276980400085,CWE,dewiki_20180420_300d
116,39,script-unrelated,Viktor ging ins Labor. Nach einer Weile machte er einen,Aufguss,und legte sich hin.,0.24997295439243317,CWE,dewiki_20180420_300d
117,40,control,Gabi ging zum Tierarzt. Einen Moment später fragte sie die,Arzthelferin,nach Medikamenten.,0.4804705083370209,CWE,dewiki_20180420_300d
118,40,script-related,Gabi verließ den Tierarzt. Einen Moment später fragte sie die,Arzthelferin,nach Medikamenten.,0.47679004073143005,CWE,dewiki_20180420_300d
119,40,script-unrelated,Gabi ging in die Umkleide. Einen Moment später fragte sie die,Arzthelferin,nach Medikamenten.,0.4463459253311157,CWE,dewiki_20180420_300d
120,41,control,Jakob betrat den Tatort. Kurz darauf fotografierte er die,Blutspritzer,und war erstaunt.,0.5210317373275757,CWE,dewiki_20180420_300d
121,41,script-related,Jakob verließ den Tatort. Kurz darauf fotografierte er die,Blutspritzer,und war erstaunt.,0.48669204115867615,CWE,dewiki_20180420_300d
122,41,script-unrelated,Jakob betrat die Tankstelle. Kurz darauf fotografierte er die,Blutspritzer,und war erstaunt.,0.4781546890735626,CWE,dewiki_20180420_300d
123,42,control,Peter begann Bäume zu fällen. Nach einer Weile benutzte sie die,Axt,und traf gezielt den Stamm.,0.3584304749965668,CWE,dewiki_20180420_300d
124,42,script-related,Peter hörte auf Bäume zu fällen. Nach einer Weile benutzte sie die,Axt,und traf gezielt den Stamm.,0.3735169768333435,CWE,dewiki_20180420_300d
125,42,script-unrelated,Peter begann die Kutsche zu fahren. Nach einer Weile benutzte sie die,Axt,und traf gezielt den Stamm.,0.39224329590797424,CWE,dewiki_20180420_300d
126,43,control,Tom begann ein Lagerfeuer. Sofort stapelte er das,Holz,und zündete es an.,0.34722256660461426,CWE,dewiki_20180420_300d
127,43,script-related,Tom beendete das Lagerfeuer. Sofort stapelte er das,Holz,und zündete es an.,0.34601888060569763,CWE,dewiki_20180420_300d
128,43,script-unrelated,Tom begann Frühstück zu machen. Sofort stapelte er das,Holz,und zündete es an.,0.29698386788368225,CWE,dewiki_20180420_300d
129,44,control,Kim ging zum Weihnachtsmarkt. Kurz darauf erreichte er die,Weihnachtskiosks,und stöberte nach Geschenken.,,CWE,dewiki_20180420_300d
130,44,script-related,Kim verließ den Weihnachtsmarkt. Kurz darauf erreichte er die,Weihnachtskiosks,und stöberte nach Geschenken.,,CWE,dewiki_20180420_300d
131,44,script-unrelated,Kim ging ins Krankenhaus. Kurz darauf erreichte er die,Weihnachtskiosks,und stöberte nach Geschenken.,,CWE,dewiki_20180420_300d
132,45,control,Michael begann sein Mittagessen zu kochen. Schnell schnitt er das,Gemüse,und warf es in den Topf.,0.483955442905426,CWE,dewiki_20180420_300d
133,45,script-related,Michael war fertig sein Mittagessen zu kochen. Schnell schnitt er das,Gemüse,und warf es in den Topf.,0.5026470422744751,CWE,dewiki_20180420_300d
134,45,script-unrelated,Michael begann einen Kuchen zu backen. Schnell schnitt er das,Gemüse,und warf es in den Topf.,0.484703004360199,CWE,dewiki_20180420_300d
135,46,control,Johann betrat die Wohnung. Sofort setzte er sich aufs,Bett,und dachte über den Tag nach.,0.4352530539035797,CWE,dewiki_20180420_300d
136,46,script-related,Johann verließ die Wohnung. Sofort setzte er sich aufs,Bett,und dachte über den Tag nach.,0.39012646675109863,CWE,dewiki_20180420_300d
137,46,script-unrelated,Johann betrat das Kino. Sofort setzte er sich aufs,Bett,und dachte über den Tag nach.,0.34910300374031067,CWE,dewiki_20180420_300d
138,47,control,Sabine betrat die Schule. Schnell ging sie zum,Klassensaal,und grüßte die Schüler.,,CWE,dewiki_20180420_300d
139,47,script-related,Sabine verließ die Schule. Schnell ging sie zum,Klassensaal,und grüßte die Schüler.,,CWE,dewiki_20180420_300d
140,47,script-unrelated,Sabine betrat den Bauernhof. Schnell ging sie zum,Klassensaal,und grüßte die Schüler.,,CWE,dewiki_20180420_300d
141,48,control,Kevin betrat die Kirche. Vorsichtig nahm er eine,Kerze,und zündete sie an.,0.31040671467781067,CWE,dewiki_20180420_300d
142,48,script-related,Kevin verließ die Kirche. Vorsichtig nahm er eine,Kerze,und zündete sie an.,0.2919582724571228,CWE,dewiki_20180420_300d
143,48,script-unrelated,Kevin betrat die Arztpraxis. Vorsichtig nahm er eine,Kerze,und zündete sie an.,0.3062784671783447,CWE,dewiki_20180420_300d
144,49,control,Susi betrat das Gehege. Präzise begutachtete sie das,Kalb,und machte sich Notizen.,0.32047897577285767,CWE,dewiki_20180420_300d
145,49,script-related,Susi verließ das Gehege. Präzise begutachtete sie das,Kalb,und machte sich Notizen.,0.3205870985984802,CWE,dewiki_20180420_300d
146,49,script-unrelated,Susi betrat die Bücherei. Präzise begutachtete sie das,Kalb,und machte sich Notizen.,0.23740845918655396,CWE,dewiki_20180420_300d
147,50,control,Thomas betrat die Kneipe. In Eile rief er den,Kellner,und bestellte ein Bier.,0.4148171544075012,CWE,dewiki_20180420_300d
148,50,script-related,Thomas verließ die Kneipe. In Eile rief er den,Kellner,und bestellte ein Bier.,0.4072945713996887,CWE,dewiki_20180420_300d
149,50,script-unrelated,Thomas begann Spaghetti zu kochen. In Eile rief er den,Kellner,und bestellte ein Bier.,0.38368669152259827,CWE,dewiki_20180420_300d
150,51,control,Lea begann die Wände zu streichen. Schnell wählte sie einen,Pinsel,und fing an zu streichen.,0.38595259189605713,CWE,dewiki_20180420_300d
151,51,script-related,Lea war fertig die Wände zu streichen. Schnell wählte sie einen,Pinsel,und fing an zu streichen.,0.4267925024032593,CWE,dewiki_20180420_300d
152,51,script-unrelated,Lea erreichte das Theater. Schnell wählte sie einen,Pinsel,und fing an zu streichen.,0.26645204424858093,CWE,dewiki_20180420_300d
153,52,control,Peter erreichte den Supermarkt. Schnell kaufte er etwas,Gemüse,zum Kochen am Abend.,0.38162246346473694,CWE,dewiki_20180420_300d
154,52,script-related,Peter verließ den Supermarkt. Schnell kaufte er etwas,Gemüse,zum Kochen am Abend.,0.3661300241947174,CWE,dewiki_20180420_300d
155,52,script-unrelated,Peter erreichte den Bahnhof. Schnell kaufte er etwas,Gemüse,zum Kochen am Abend.,0.2913484573364258,CWE,dewiki_20180420_300d
156,53,control,Lisa betrat das Haus. Kurz danach checkte sie den,Kühlschrank,und suchte etwas zu essen.,0.35024139285087585,CWE,dewiki_20180420_300d
157,53,script-related,Lisa verließ das Haus. Kurz danach checkte sie den,Kühlschrank,und suchte etwas zu essen.,0.3138197064399719,CWE,dewiki_20180420_300d
158,53,script-unrelated,Lisa begann im Fitnessstudio zu trainieren. Kurz danach checkte sie den,Kühlschrank,und suchte etwas zu essen.,0.32564276456832886,CWE,dewiki_20180420_300d
159,54,control,Tim begann seine Fahrstunde. Hektisch drückte er aufs,Gaspedal,und fuhr los.,0.34285029768943787,CWE,dewiki_20180420_300d
160,54,script-related,Tim beendete seine Fahrstunde. Hektisch drückte er aufs,Gaspedal,und fuhr los.,0.3715362250804901,CWE,dewiki_20180420_300d
161,54,script-unrelated,Tim ging zum Flughafen. Hektisch drückte er aufs,Gaspedal,und fuhr los.,0.38764938712120056,CWE,dewiki_20180420_300d
162,55,control,Maria erreichte das Einkaufszentrum. Sofort begrüßte sie die,Verkäuferin,und suchte etwas aus.,0.39797013998031616,CWE,dewiki_20180420_300d
163,55,script-related,Maria verließ das Einkaufszentrum. Sofort begrüßte sie die,Verkäuferin,und suchte etwas aus.,0.41710150241851807,CWE,dewiki_20180420_300d
164,55,script-unrelated,Maria erreichte die Geburtstagsfeier. Sofort begrüßte sie die,Verkäuferin,und suchte etwas aus.,0.37057849764823914,CWE,dewiki_20180420_300d
165,56,control,Lukas begann die Vorlesung. Eilig begrüßte er seine,Studenten,und fing an.,0.45420873165130615,CWE,dewiki_20180420_300d
166,56,script-related,Lukas beendete die Vorlesung. Eilig begrüßte er seine,Studenten,und fing an.,0.47151339054107666,CWE,dewiki_20180420_300d
167,56,script-unrelated,Lukas ging zum Friseur. Eilig begrüßte er seine,Studenten,und fing an.,0.3727108836174011,CWE,dewiki_20180420_300d
168,57,control,Marie ging zur Uni. In Eile betrat sie den,Hörsaal,und öffnete ihr Buch.,0.42871326208114624,CWE,dewiki_20180420_300d
169,57,script-related,Marie verließ die Uni. In Eile betrat sie den,Hörsaal,und öffnete ihr Buch.,0.4167639911174774,CWE,dewiki_20180420_300d
170,57,script-unrelated,Marie ging duschen. In Eile betrat sie den,Hörsaal,und öffnete ihr Buch.,0.3944035768508911,CWE,dewiki_20180420_300d
171,58,control,Thorsten begann zu grillen. Behutsam platzierte er den,Grillanzünder,und suchte die Zange.,0.45239487290382385,CWE,dewiki_20180420_300d
172,58,script-related,Thorsten hörte auf zu grillen. Behutsam platzierte er den,Grillanzünder,und suchte die Zange.,0.4580891728401184,CWE,dewiki_20180420_300d
173,58,script-unrelated,Thorsten betrat den Blumenladen. Behutsam platzierte er den,Grillanzünder,und suchte die Zange.,0.3556934893131256,CWE,dewiki_20180420_300d
174,59,control,Claudia betrat das Tiergeschäft. Eine Zeit lang stand sie am,Käfig,und dachte über den Kauf nach.,0.3617565631866455,CWE,dewiki_20180420_300d
175,59,script-related,Claudia verließ das Tiergeschäft. Eine Zeit lang stand sie am,Käfig,und dachte über den Kauf nach.,0.32586750388145447,CWE,dewiki_20180420_300d
176,59,script-unrelated,Claudia betrat den Friedhof. Eine Zeit lang stand sie am,Käfig,und dachte über den Kauf nach.,0.34680137038230896,CWE,dewiki_20180420_300d
177,60,control,Jonathan ging in die Küche. Eine Weile säuberte er den,Ofen,und danach den Kühlschrank.,0.41006460785865784,CWE,dewiki_20180420_300d
178,60,script-related,Jonathan verließ die Küche. Eine Weile säuberte er den,Ofen,und danach den Kühlschrank.,0.3927389681339264,CWE,dewiki_20180420_300d
179,60,script-unrelated,Jonathan ging in den Garten. Eine Weile säuberte er den,Ofen,und danach den Kühlschrank.,0.33341190218925476,CWE,dewiki_20180420_300d
180,61,control,Lara ging zum Herd. Schnell reinigte sie die,Herdplatte,und dann die Abzugshaube.,0.4900326132774353,CWE,dewiki_20180420_300d
181,61,script-related,Lara ging weg vom Herd. Schnell reinigte sie die,Herdplatte,und dann die Abzugshaube.,0.46055924892425537,CWE,dewiki_20180420_300d
182,61,script-unrelated,Lara ging ins Museum. Schnell reinigte sie die,Herdplatte,und dann die Abzugshaube.,0.3489758372306824,CWE,dewiki_20180420_300d
183,62,control,Roman ging in die Buchhandlung. Schnell suchte er einen,Roman,für seine Frau.,0.6000560522079468,CWE,dewiki_20180420_300d
184,62,script-related,Roman verließ die Buchhandlung. Schnell suchte er einen,Roman,für seine Frau.,0.5815466046333313,CWE,dewiki_20180420_300d
185,62,script-unrelated,Roman ging zum Konditor. Schnell suchte er einen,Roman,für seine Frau.,0.5686373114585876,CWE,dewiki_20180420_300d
186,63,control,Annika ging in die Boutique. Eine Zeit lang suchte sie nach,Stiefeln,und kaufte sie dann.,0.2871042788028717,CWE,dewiki_20180420_300d
187,63,script-related,Annika verließ die Boutique. Eine Zeit lang suchte sie nach,Stiefeln,und kaufte sie dann.,0.29546675086021423,CWE,dewiki_20180420_300d
188,63,script-unrelated,Annika ging ins Spa. Eine Zeit lang suchte sie nach,Stiefeln,und kaufte sie dann.,0.23352567851543427,CWE,dewiki_20180420_300d
189,64,control,Emil betrat die Apotheke. Schnell kaufte er das,Medikament,und ging dann nach Hause.,0.34472861886024475,CWE,dewiki_20180420_300d
190,64,script-related,Emil verließ die Apotheke. Schnell kaufte er das,Medikament,und ging dann nach Hause.,0.32764682173728943,CWE,dewiki_20180420_300d
191,64,script-unrelated,Emil betrat die Reitschule. Schnell kaufte er das,Medikament,und ging dann nach Hause.,0.22820435464382172,CWE,dewiki_20180420_300d
192,65,control,Susanne betrat das Bad. Sofort entfernte sie ihr,Makeup,und putzte sich die Zähne.,0.21499750018119812,CWE,dewiki_20180420_300d
193,65,script-related,Susanne verließ das Bad. Sofort entfernte sie ihr,Makeup,und putzte sich die Zähne.,0.2041570395231247,CWE,dewiki_20180420_300d
194,65,script-unrelated,Susanne ging zur Sicherheitskontrolle. Sofort entfernte sie ihr,Makeup,und putzte sich die Zähne.,0.23974409699440002,CWE,dewiki_20180420_300d
195,66,control,Martin kam zur Autowerkstatt. Umgehend fragte er nach den,Reifen,für den Winter.,0.2586009204387665,CWE,dewiki_20180420_300d
196,66,script-related,Martin verließ die Autowerkstatt. Umgehend fragte er nach den,Reifen,für den Winter.,0.24451524019241333,CWE,dewiki_20180420_300d
197,66,script-unrelated,Martin kam zur Hotelrezeption. Umgehend fragte er nach den,Reifen,für den Winter.,0.2429138869047165,CWE,dewiki_20180420_300d
198,67,control,Jutta ging zur Post. Umgehend bekam sie das,Paket,auf das sie gewartet hatte.,0.3307134509086609,CWE,dewiki_20180420_300d
199,67,script-related,Jutta verließ die Post. Umgehend bekam sie das,Paket,auf das sie gewartet hatte.,0.31758609414100647,CWE,dewiki_20180420_300d
200,67,script-unrelated,Jutta ging zum Zahnarzt. Umgehend bekam sie das,Paket,auf das sie gewartet hatte.,0.232062429189682,CWE,dewiki_20180420_300d
201,68,control,Jens ging zur Zollstelle. Schnell zeigte er sein,Formular,und schaute den Beamten an.,0.28597885370254517,CWE,dewiki_20180420_300d
202,68,script-related,Jens verließ die Zollstelle. Schnell zeigte er sein,Formular,und schaute den Beamten an.,0.28851667046546936,CWE,dewiki_20180420_300d
203,68,script-unrelated,Jens begann Poker zu spielen. Schnell zeigte er sein,Formular,und schaute den Beamten an.,0.21676339209079742,CWE,dewiki_20180420_300d
204,69,control,Elena begann zu zeichnen. Umgehend nahm sie den,Stift,und zeichnete eine Blume.,0.2577327489852905,CWE,dewiki_20180420_300d
205,69,script-related,Elena hörte auf zu zeichnen. Umgehend nahm sie den,Stift,und zeichnete eine Blume.,0.28947561979293823,CWE,dewiki_20180420_300d
206,69,script-unrelated,Elena begann den Urlaub. Umgehend nahm sie den,Stift,und zeichnete eine Blume.,0.22557327151298523,CWE,dewiki_20180420_300d
207,70,control,Bruno begann seinen Filmabend. Schnell besorgte er das,Popcorn,aus der Küche.,0.35833805799484253,CWE,dewiki_20180420_300d
208,70,script-related,Bruno beendete seinen Filmabend. Schnell besorgte er das,Popcorn,aus der Küche.,0.360979288816452,CWE,dewiki_20180420_300d
209,70,script-unrelated,Bruno betrat das Bürgeramt. Schnell besorgte er das,Popcorn,aus der Küche.,0.35729464888572693,CWE,dewiki_20180420_300d
210,71,control,Jana betrat das Gartencenter. Nach einer Weile fragte sie nach einer,Palme,für den Balkon.,0.28055351972579956,CWE,dewiki_20180420_300d
211,71,script-related,Jana verließ das Gartencenter. Nach einer Weile fragte sie nach einer,Palme,für den Balkon.,0.2731234133243561,CWE,dewiki_20180420_300d
212,71,script-unrelated,Jana ging auf die Kirmes. Nach einer Weile fragte sie nach einer,Palme,für den Balkon.,0.24988903105258942,CWE,dewiki_20180420_300d
213,72,control,Nico fuhr zur Pizzeria. Sofort griff er die,Speisekarte,und bestellte eine Margherita.,0.3762983977794647,CWE,dewiki_20180420_300d
214,72,script-related,Nico verließ die Pizzeria. Sofort griff er die,Speisekarte,und bestellte eine Margherita.,0.3436006009578705,CWE,dewiki_20180420_300d
215,72,script-unrelated,Nico fuhr wandern. Sofort griff er die,Speisekarte,und bestellte eine Margherita.,0.3141261637210846,CWE,dewiki_20180420_300d
216,73,control,Beate ging Schwimmen. Schnell prüfte sie das,Becken,und schwamm los.,0.2928830087184906,CWE,dewiki_20180420_300d
217,73,script-related,Beate kam zurück vom Schwimmen. Schnell prüfte sie das,Becken,und schwamm los.,0.3044824004173279,CWE,dewiki_20180420_300d
218,73,script-unrelated,Beate fuhr mit dem Taxi. Schnell prüfte sie das,Becken,und schwamm los.,0.2640657424926758,CWE,dewiki_20180420_300d
219,74,control,Hubert nahm ein Flugzeug. Voller Begeisterung genoss er die,Höhe,denn er liebte das Fliegen.,0.2425885796546936,CWE,dewiki_20180420_300d
220,74,script-related,Hubert verließ das Flugzeug. Voller Begeisterung genoss er die,Höhe,denn er liebte das Fliegen.,0.23436479270458221,CWE,dewiki_20180420_300d
221,74,script-unrelated,Hubert begann zu baden. Voller Begeisterung genoss er die,Höhe,denn er liebte das Fliegen.,0.16565687954425812,CWE,dewiki_20180420_300d
222,75,control,Jenni begann den Unterricht. Sofort öffnete sie die,Tafel,und begann zu schreiben.,0.28604045510292053,CWE,dewiki_20180420_300d
223,75,script-related,Jenni hörte auf mit dem Unterricht. Sofort öffnete sie die,Tafel,und begann zu schreiben.,0.3250216543674469,CWE,dewiki_20180420_300d
224,75,script-unrelated,Jenni betrat die Eishalle. Sofort öffnete sie die,Tafel,und begann zu schreiben.,0.2808178961277008,CWE,dewiki_20180420_300d
225,76,control,Hans betrat die Kletterhalle. Wenig später griff er das,Seil,und spannte es ein.,0.3836899399757385,CWE,dewiki_20180420_300d
226,76,script-related,Hans verließ die Kletterhalle. Wenig später griff er das,Seil,und spannte es ein.,0.3395659923553467,CWE,dewiki_20180420_300d
227,76,script-unrelated,Hans begann zu bowlen. Wenig später griff er das,Seil,und spannte es ein.,0.34426528215408325,CWE,dewiki_20180420_300d
228,77,control,Clara ging zum Schießstand. Sofort bekam sie einen,Revolver,und begann auf das Ziel zu schießen.,0.33094993233680725,CWE,dewiki_20180420_300d
229,77,script-related,Clara verließ den Schießstand. Sofort bekam sie einen,Revolver,und begann auf das Ziel zu schießen.,0.3534579575061798,CWE,dewiki_20180420_300d
230,77,script-unrelated,Clara ging auf einen Feuerwehreinsatz. Sofort bekam sie einen,Revolver,und begann auf das Ziel zu schießen.,0.276949018239975,CWE,dewiki_20180420_300d
231,78,control,Georg nahm teil an Yoga. Nach einer Weile setzte er sich auf seine,Yogamatte,und machte eine Übung.,,CWE,dewiki_20180420_300d
232,78,script-related,Georg kam zurück vom Yoga. Nach einer Weile setzte er sich auf seine,Yogamatte,und machte eine Übung.,,CWE,dewiki_20180420_300d
233,78,script-unrelated,Georg nahm teil am Fußballspiel. Nach einer Weile setzte er sich auf seine,Yogamatte,und machte eine Übung.,,CWE,dewiki_20180420_300d
234,79,control,Johanna begann die Jagd. Nach einer Weile erblickte sie den,Hochsitz,und ging darauf zu.,0.41451090574264526,CWE,dewiki_20180420_300d
235,79,script-related,Johanna kam zurück von der Jagd. Nach einer Weile erblickte sie den,Hochsitz,und ging darauf zu.,0.3786385655403137,CWE,dewiki_20180420_300d
236,79,script-unrelated,Johanna betrat die Metzgerei. Nach einer Weile erblickte sie den,Hochsitz,und ging darauf zu.,0.41378119587898254,CWE,dewiki_20180420_300d
237,80,control,Jürgen betrat die Bäckerei. Wenig später zeigte er auf das,Croissant,und wählte aus.,0.2857663035392761,CWE,dewiki_20180420_300d
238,80,script-related,Jürgen verließ die Bäckerei. Wenig später zeigte er auf das,Croissant,und wählte aus.,0.300810307264328,CWE,dewiki_20180420_300d
239,80,script-unrelated,Jürgen betrat den Zoo. Wenig später zeigte er auf das,Croissant,und wählte aus.,0.26213201880455017,CWE,dewiki_20180420_300d
240,81,control,Frauke ging ins Stadion. Schnell wählte sie eine,Tribüne,und setzte sich.,0.43644699454307556,CWE,dewiki_20180420_300d
241,81,script-related,Frauke verließ das Stadion. Schnell wählte sie eine,Tribüne,und setzte sich.,0.40740251541137695,CWE,dewiki_20180420_300d
242,81,script-unrelated,Frauke ging zum Waschsalon. Schnell wählte sie eine,Tribüne,und setzte sich.,0.3080748915672302,CWE,dewiki_20180420_300d
243,82,control,Bernd betrat den Kiosk. Sofort kaufte er eine,Zeitung,und ging wieder heim.,0.3338582217693329,CWE,dewiki_20180420_300d
244,82,script-related,Bernd verließ den Kiosk. Sofort kaufte er eine,Zeitung,und ging wieder heim.,0.32632917165756226,CWE,dewiki_20180420_300d
245,82,script-unrelated,Bernd betrat den Zirkus. Sofort kaufte er eine,Zeitung,und ging wieder heim.,0.3073529899120331,CWE,dewiki_20180420_300d
246,83,control,Nicole betrat das Büro. Zuerst ging sie zum,Schreibtisch,und schaltete dann den Computer ein.,0.4023113250732422,CWE,dewiki_20180420_300d
247,83,script-related,Nicole verließ das Büro. Zuerst ging sie zum,Schreibtisch,und schaltete dann den Computer ein.,0.34845826029777527,CWE,dewiki_20180420_300d
248,83,script-unrelated,Nicole betrat die Sauna. Zuerst ging sie zum,Schreibtisch,und schaltete dann den Computer ein.,0.32437893748283386,CWE,dewiki_20180420_300d
249,84,control,Viktor ging ins Labor. Schnell begann er das,Experiment,und machte sich Notizen.,0.4141008257865906,CWE,dewiki_20180420_300d
250,84,script-related,Viktor verließ das Labor. Schnell begann er das,Experiment,und machte sich Notizen.,0.41637828946113586,CWE,dewiki_20180420_300d
251,84,script-unrelated,Viktor ging zum Tierarzt. Schnell begann er das,Experiment,und machte sich Notizen.,0.2791144847869873,CWE,dewiki_20180420_300d
252,85,control,Gabi ging in die Umkleide. Schnell probierte sie die,Kleidung,an und ging zur Kasse.,0.41170734167099,CWE,dewiki_20180420_300d
253,85,script-related,Gabi verließ die Umkleide. Schnell probierte sie die,Kleidung,an und ging zur Kasse.,0.41226714849472046,CWE,dewiki_20180420_300d
254,85,script-unrelated,Gabi betrat den Tatort. Schnell probierte sie die,Kleidung,an und ging zur Kasse.,0.34293392300605774,CWE,dewiki_20180420_300d
255,86,control,Jakob betrat die Tankstelle. Sofort sagte er seine,Nummer,und bezahlte.,0.3106871247291565,CWE,dewiki_20180420_300d
256,86,script-related,Jakob verließ die Tankstelle. Sofort sagte er seine,Nummer,und bezahlte.,0.30498459935188293,CWE,dewiki_20180420_300d
257,86,script-unrelated,Jakob begann Bäume zu fällen. Sofort sagte er seine,Nummer,und bezahlte.,0.2778635621070862,CWE,dewiki_20180420_300d
258,87,control,Hilde begann die Kutsche zu fahren. Schnell bestieg sie den,Kutschbock,und los ging es.,0.5193583965301514,CWE,dewiki_20180420_300d
259,87,script-related,Hilde war fertig die Kutsche zu fahren. Schnell bestieg sie den,Kutschbock,und los ging es.,0.5441814064979553,CWE,dewiki_20180420_300d
260,87,script-unrelated,Hilde begann ein Lagerfeuer. Schnell bestieg sie den,Kutschbock,und los ging es.,0.3830086886882782,CWE,dewiki_20180420_300d
261,88,control,Tom begann Frühstück zu machen. Sofort öffnete er die,Butter,und machte sich ein Brot.,0.3595665395259857,CWE,dewiki_20180420_300d
262,88,script-related,Tom hörte auf Frühstück zu machen. Sofort öffnete er die,Butter,und machte sich ein Brot.,0.37147194147109985,CWE,dewiki_20180420_300d
263,88,script-unrelated,Tom ging zum Weihnachtsmarkt. Sofort öffnete er die,Butter,und machte sich ein Brot.,0.3265642821788788,CWE,dewiki_20180420_300d
264,89,control,Kim ging ins Krankenhaus. Gleich ging sie zur,Rezeption,und fragte nach dem Weg.,0.2404530942440033,CWE,dewiki_20180420_300d
265,89,script-related,Kim verließ das Krankenhaus. Gleich ging sie zur,Rezeption,und fragte nach dem Weg.,0.2401905655860901,CWE,dewiki_20180420_300d
266,89,script-unrelated,Kim fing an sein Mittagessen zu kochen. Gleich ging sie zur,Rezeption,und fragte nach dem Weg.,0.2565208971500397,CWE,dewiki_20180420_300d
267,90,control,Michael fing an damit einen Kuchen zu backen. Als erstes nahm er einen,Schneebesen,und schlug Eiweiß steif.,0.5072696208953857,CWE,dewiki_20180420_300d
268,90,script-related,Michael war fertig damit einen Kuchen zu backen. Als erstes nahm er einen,Schneebesen,und schlug Eiweiß steif.,0.5279238820075989,CWE,dewiki_20180420_300d
269,90,script-unrelated,Michael betrat das Restaurant. Als erstes nahm er einen,Schneebesen,und schlug Eiweiß steif.,0.254977285861969,CWE,dewiki_20180420_300d
