,item,sentence,condition,e1,e2,context,target,semantic_association,implementation,model
0,1,The murder had been witnessing by the three bystanders,Attraction Violation,1,1,The murder had been,witnessing,0.8033256,SE,intfloat/multilingual-e5-large
1,1,The murder had been witnessed in the dark.,Passive Control,1,1,The murder had been,witnessed,0.83160055,SE,intfloat/multilingual-e5-large
2,1,The bystanders had been witnessing the crime.,Active Control,1,0,The bystanders had been,witnessing,0.8114583,SE,intfloat/multilingual-e5-large
3,1,The unpleasant cough syrup was witnessing in the dark.,No-Attraction Violation,0,1,The unpleasant cough syrup was,witnessing,0.7644824,SE,intfloat/multilingual-e5-large
4,2,Patty's overgrown lawn was mowing the boy next door.,Attraction Violation,1,1,Patty's overgrown lawn was,mowing,0.80153835,SE,intfloat/multilingual-e5-large
5,2,Patty's overgrown lawn was mowed only last week.,Passive Control,1,1,Patty's overgrown lawn was,mowed,0.82011473,SE,intfloat/multilingual-e5-large
6,2,Patty's teenage son was mowing the lawn.,Active Control,1,0,Patty's teenage son was,mowing,0.76772296,SE,intfloat/multilingual-e5-large
7,2,All of her money had been mowing the grass.,No-Attraction Violation,0,1,All of her money had been,mowing,0.7511183,SE,intfloat/multilingual-e5-large
8,3,Three more martinis were ordering by Laurie's sister.,Attraction Violation,1,1,Three more martinis were,ordering,0.7749361,SE,intfloat/multilingual-e5-large
9,3,Three more martinis were ordered repeatedly.,Passive Control,1,1,Three more martinis were,ordered,0.78306335,SE,intfloat/multilingual-e5-large
10,3,"The regular customers were ordering quiche, as usual.",Active Control,1,0,The regular customers were,ordering,0.80005825,SE,intfloat/multilingual-e5-large
11,3,The rough part of the wood was ordering late.,No-Attraction Violation,0,1,The rough part of the wood was,ordering,0.77551013,SE,intfloat/multilingual-e5-large
12,4,The quality of Karla's work was evaluating frequently.,Attraction Violation,1,1,The quality of Karla's work was,evaluating,0.79938996,SE,intfloat/multilingual-e5-large
13,4,The quality of Karla's work was evaluated frequently.,Passive Control,1,1,The quality of Karla's work was,evaluated,0.798753,SE,intfloat/multilingual-e5-large
14,4,The engineers were evaluating the success of the new device.,Active Control,1,0,The engineers were,evaluating,0.82334954,SE,intfloat/multilingual-e5-large
15,4,The old lady's purse had been evaluating Nelson's idea.,No-Attraction Violation,0,1,The old lady's purse had been,evaluating,0.76207054,SE,intfloat/multilingual-e5-large
16,5,The legal contract had been signing falsely.,Attraction Violation,1,1,The legal contract had been,signing,0.81387585,SE,intfloat/multilingual-e5-large
17,5,The legal contract had been signed by the family.,Passive Control,1,1,The legal contract had been,signed,0.8367741,SE,intfloat/multilingual-e5-large
18,5,The state's governor had been signing new legislation.,Active Control,1,0,The state's governor had been,signing,0.7620906,SE,intfloat/multilingual-e5-large
19,5,An appointment was signing falsely.,No-Attraction Violation,0,1,An appointment was,signing,0.8342107,SE,intfloat/multilingual-e5-large
20,6,The vocabulary list was memorizing well.,Attraction Violation,1,1,The vocabulary list was,memorizing,0.8267755,SE,intfloat/multilingual-e5-large
21,6,The vocabulary list was memorized well.,Passive Control,1,1,The vocabulary list was,memorized,0.84143186,SE,intfloat/multilingual-e5-large
22,6,The medical students were memorizing sample exam questions all night.,Active Control,1,0,The medical students were,memorizing,0.80989,SE,intfloat/multilingual-e5-large
23,6,The simple coffin was memorizing the lines of the poem.,No-Attraction Violation,0,1,The simple coffin was,memorizing,0.7954538,SE,intfloat/multilingual-e5-large
24,7,The firewood had been chopping poorly.,Attraction Violation,1,1,The firewood had been,chopping,0.7766486,SE,intfloat/multilingual-e5-large
25,7,The firewood had been chopped by Jen's grandfather.,Passive Control,1,1,The firewood had been,chopped,0.7934567,SE,intfloat/multilingual-e5-large
26,7,Jen's grandfather had been chopping the firewood.,Active Control,1,0,Jen's grandfather had been,chopping,0.74640507,SE,intfloat/multilingual-e5-large
27,7,Mark's wrinkly shirts were chopping vegetables.,No-Attraction Violation,0,1,Mark's wrinkly shirts were,chopping,0.7572615,SE,intfloat/multilingual-e5-large
28,8,Lisa's phone had been disconnecting last month.,Attraction Violation,1,1,Lisa's phone had been,disconnecting,0.80263597,SE,intfloat/multilingual-e5-large
29,8,Lisa's phone had been disconnected last month.,Passive Control,1,1,Lisa's phone had been,disconnected,0.7980428,SE,intfloat/multilingual-e5-large
30,8,The electrician had been disconnecting the machine's power source.,Active Control,1,0,The electrician had been,disconnecting,0.8360649,SE,intfloat/multilingual-e5-large
31,8,Mother Theresa's death was disconnecting the two cables.,No-Attraction Violation,0,1,Mother Theresa's death was,disconnecting,0.7817989,SE,intfloat/multilingual-e5-large
32,9,Wendy's muddy car was washing the boys.,Attraction Violation,1,1,Wendy's muddy car was,washing,0.78647006,SE,intfloat/multilingual-e5-large
33,9,Wendy's muddy car was washed wearily.,Passive Control,1,1,Wendy's muddy car was,washed,0.7951913,SE,intfloat/multilingual-e5-large
34,9,Wendy and Harriet were washing the muddy car.,Active Control,1,0,Wendy and Harriet were,washing,0.7689959,SE,intfloat/multilingual-e5-large
35,9,Frank's loan application had been washing the used pencil.,No-Attraction Violation,0,1,Frank's loan application had been,washing,0.7671959,SE,intfloat/multilingual-e5-large
36,10,The library books had been borrowing the graduate student.,Attraction Violation,1,1,The library books had been,borrowing,0.7904057,SE,intfloat/multilingual-e5-large
37,10,The library books had been borrowed by the graduate student.,Passive Control,1,1,The library books had been,borrowed,0.8143095,SE,intfloat/multilingual-e5-large
38,10,Katie and Lara had been borrowing dozens of books about botany from the library.,Active Control,1,0,Katie and Lara had been,borrowing,0.74914724,SE,intfloat/multilingual-e5-large
39,10,The tragic mistake was borrowing in a hurry.,No-Attraction Violation,0,1,The tragic mistake was,borrowing,0.780642,SE,intfloat/multilingual-e5-large
40,11,"The dark, underwater cave was exploring by the divers.",Attraction Violation,1,1,"The dark, underwater cave was",exploring,0.7959325,SE,intfloat/multilingual-e5-large
41,11,"The dark, underwater cave was explored by the divers.",Passive Control,1,1,"The dark, underwater cave was",explored,0.8070868,SE,intfloat/multilingual-e5-large
42,11,The cautious scuba divers were exploring the underwater cave.,Active Control,1,0,The cautious scuba divers were,exploring,0.79497695,SE,intfloat/multilingual-e5-large
43,11,The phone bill had been exploring at the zoo.,No-Attraction Violation,0,1,The phone bill had been,exploring,0.7688914,SE,intfloat/multilingual-e5-large
44,12,The unpleasant cough syrup was swallowing the boy.,Attraction Violation,1,1,The unpleasant cough syrup was,swallowing,0.8118796,SE,intfloat/multilingual-e5-large
45,12,The unpleasant cough syrup was swallowed by the boy.,Passive Control,1,1,The unpleasant cough syrup was,swallowed,0.8220323,SE,intfloat/multilingual-e5-large
46,12,The huge adult alligator had been swallowing fish by the bucket.,Active Control,1,0,The huge adult alligator had been,swallowing,0.78554404,SE,intfloat/multilingual-e5-large
47,12,The murder had been swallowing with disgust.,No-Attraction Violation,0,1,The murder had been,swallowing,0.792785,SE,intfloat/multilingual-e5-large
48,13,The pizza had been delivering once more.,Attraction Violation,1,1,The pizza had been,delivering,0.8021903,SE,intfloat/multilingual-e5-large
49,13,The pizza had been delivered by Antonio himself.,Passive Control,1,1,The pizza had been,delivered,0.83115983,SE,intfloat/multilingual-e5-large
50,13,The exhausted messenger had been delivering packages all over town.,Active Control,1,0,The exhausted messenger had been,delivering,0.8098895,SE,intfloat/multilingual-e5-large
51,13,A genetic mutation was delivering once more.,No-Attraction Violation,0,1,A genetic mutation was,delivering,0.79970074,SE,intfloat/multilingual-e5-large
52,14,Frank's loan application had been approving by the bank.,Attraction Violation,1,1,Frank's loan application had been,approving,0.7805728,SE,intfloat/multilingual-e5-large
53,14,Frank's loan application had been approved anyways.,Passive Control,1,1,Frank's loan application had been,approved,0.8119521,SE,intfloat/multilingual-e5-large
54,14,The board of directors had been approving too many expensive projects.,Active Control,1,0,The board of directors had been,approving,0.79398936,SE,intfloat/multilingual-e5-large
55,14,Wendy's muddy car was approving the boy's request.,No-Attraction Violation,0,1,Wendy's muddy car was,approving,0.7658811,SE,intfloat/multilingual-e5-large
56,15,The cheap products had been manufacturing a Belgian firm.,Attraction Violation,1,1,The cheap products had been,manufacturing,0.7915167,SE,intfloat/multilingual-e5-large
57,15,The cheap products had been manufactured by a Belgian firm.,Passive Control,1,1,The cheap products had been,manufactured,0.81414545,SE,intfloat/multilingual-e5-large
58,15,The auto company had been manufacturing parts in China.,Active Control,1,0,The auto company had been,manufacturing,0.796207,SE,intfloat/multilingual-e5-large
59,15,A drawing of the house had been manufacturing at a factory.,No-Attraction Violation,0,1,A drawing of the house had been,manufacturing,0.7596074,SE,intfloat/multilingual-e5-large
60,16,Their secret conversation had been overhearing by a surprised neighbor.,Attraction Violation,1,1,Their secret conversation had been,overhearing,0.8095896,SE,intfloat/multilingual-e5-large
61,16,Their secret conversation had been overheard by a surprised neighbor.,Passive Control,1,1,Their secret conversation had been,overheard,0.81747437,SE,intfloat/multilingual-e5-large
62,16,The annoyed resident had been overhearing his neighbor's phone conversations through the wall.,Active Control,1,0,The annoyed resident had been,overhearing,0.8074731,SE,intfloat/multilingual-e5-large
63,16,A wet snowball had been overhearing despite the precautions.,No-Attraction Violation,0,1,A wet snowball had been,overhearing,0.783877,SE,intfloat/multilingual-e5-large
64,17,The rough part of the wood was sanding to perfection.,Attraction Violation,1,1,The rough part of the wood was,sanding,0.8017179,SE,intfloat/multilingual-e5-large
65,17,The rough part of the wood was sanded by the carpenter.,Passive Control,1,1,The rough part of the wood was,sanded,0.8148467,SE,intfloat/multilingual-e5-large
66,17,The skillful carpenter was sanding the rough edge of the wood.,Active Control,1,0,The skillful carpenter was,sanding,0.7941771,SE,intfloat/multilingual-e5-large
67,17,Three more martinis were sanding the chair.,No-Attraction Violation,0,1,Three more martinis were,sanding,0.7645004,SE,intfloat/multilingual-e5-large
68,18,A package had been receiving by the secretary in the office.,Attraction Violation,1,1,A package had been,receiving,0.820016,SE,intfloat/multilingual-e5-large
69,18,A package had been received by the secretary in the office.,Passive Control,1,1,A package had been,received,0.83184415,SE,intfloat/multilingual-e5-large
70,18,The secretary had been receiving flowers all day.,Active Control,1,0,The secretary had been,receiving,0.81024086,SE,intfloat/multilingual-e5-large
71,18,The noises in the attic had been receiving assistance from the government.,No-Attraction Violation,0,1,The noises in the attic had been,receiving,0.7928729,SE,intfloat/multilingual-e5-large
72,19,The club's rules had been violating Richard.,Attraction Violation,1,1,The club's rules had been,violating,0.78720593,SE,intfloat/multilingual-e5-large
73,19,The club's rules had been violated only twice.,Passive Control,1,1,The club's rules had been,violated,0.7824398,SE,intfloat/multilingual-e5-large
74,19,The rebel had been violating the rules.,Active Control,1,0,The rebel had been,violating,0.81616753,SE,intfloat/multilingual-e5-large
75,19,Thirty pounds of potatoes had been violating only twice.,No-Attraction Violation,0,1,Thirty pounds of potatoes had been,violating,0.7684653,SE,intfloat/multilingual-e5-large
76,20,A new medication had been prescribing the physician.,Attraction Violation,1,1,A new medication had been,prescribing,0.8407524,SE,intfloat/multilingual-e5-large
77,20,A new medication had been prescribed by the physician.,Passive Control,1,1,A new medication had been,prescribed,0.8451335,SE,intfloat/multilingual-e5-large
78,20,The new doctor had been prescribing powerful painkillers for Jelena's sore knee.,Active Control,1,0,The new doctor had been,prescribing,0.82494676,SE,intfloat/multilingual-e5-large
79,20,The portrait of Napoleon had been prescribing with caution.,No-Attraction Violation,0,1,The portrait of Napoleon had been,prescribing,0.7705494,SE,intfloat/multilingual-e5-large
80,21,The wheat crops had been harvesting by the local farmers.,Attraction Violation,1,1,The wheat crops had been,harvesting,0.79984653,SE,intfloat/multilingual-e5-large
81,21,The wheat crops had been harvested after the rain.,Passive Control,1,1,The wheat crops had been,harvested,0.8283212,SE,intfloat/multilingual-e5-large
82,21,The local farmers had been harvesting the corn all week.,Active Control,1,0,The local farmers had been,harvesting,0.7871146,SE,intfloat/multilingual-e5-large
83,21,The elevator button had been harvesting after the rain.,No-Attraction Violation,0,1,The elevator button had been,harvesting,0.7654146,SE,intfloat/multilingual-e5-large
84,22,The musical piece was composing by Beethoven in 1799.,Attraction Violation,1,1,The musical piece was,composing,0.82173544,SE,intfloat/multilingual-e5-large
85,22,The musical piece was composed in a dream.,Passive Control,1,1,The musical piece was,composed,0.83318466,SE,intfloat/multilingual-e5-large
86,22,Ludwig von Beethoven was composing symphonies as a teenager.,Active Control,1,0,Ludwig von Beethoven was,composing,0.78612864,SE,intfloat/multilingual-e5-large
87,22,The bank had been composing in a dream.,No-Attraction Violation,0,1,The bank had been,composing,0.77762,SE,intfloat/multilingual-e5-large
88,23,The old lady's purse had been snatching a kid.,Attraction Violation,1,1,The old lady's purse had been,snatching,0.78538215,SE,intfloat/multilingual-e5-large
89,23,The old lady's purse had been snatched with speed.,Passive Control,1,1,The old lady's purse had been,snatched,0.79828966,SE,intfloat/multilingual-e5-large
90,23,The clever dog had been snatching cookies from the table.,Active Control,1,0,The clever dog had been,snatching,0.7819138,SE,intfloat/multilingual-e5-large
91,23,The quality of Karla's work was snatching victory from the jaws of defeat.,No-Attraction Violation,0,1,The quality of Karla's work was,snatching,0.76875514,SE,intfloat/multilingual-e5-large
92,24,Olson's bulging suitcase had been packing his assistant.,Attraction Violation,1,1,Olson's bulging suitcase had been,packing,0.79787856,SE,intfloat/multilingual-e5-large
93,24,Olson's bulging suitcase had been packed for the trip.,Passive Control,1,1,Olson's bulging suitcase had been,packed,0.7905288,SE,intfloat/multilingual-e5-large
94,24,The excited vacationers had been packing their suitcases when the hurricane hit.,Active Control,1,0,The excited vacationers had been,packing,0.7697562,SE,intfloat/multilingual-e5-large
95,24,Stormy weather had been packing for the trip.,No-Attraction Violation,0,1,Stormy weather had been,packing,0.7782737,SE,intfloat/multilingual-e5-large
96,25,Several spelling errors were noticing the careful editor.,Attraction Violation,1,1,Several spelling errors were,noticing,0.8160638,SE,intfloat/multilingual-e5-large
97,25,Several spelling errors were noticed by the careful editor.,Passive Control,1,1,Several spelling errors were,noticed,0.8238681,SE,intfloat/multilingual-e5-large
98,25,Brittany's close friends were noticing changes in her personality.,Active Control,1,0,Brittany's close friends were,noticing,0.78428376,SE,intfloat/multilingual-e5-large
99,25,The final destination had been noticing too late.,No-Attraction Violation,0,1,The final destination had been,noticing,0.7911179,SE,intfloat/multilingual-e5-large
100,26,An illegal weapon had been smuggling only once.,Attraction Violation,1,1,An illegal weapon had been,smuggling,0.7994314,SE,intfloat/multilingual-e5-large
101,26,An illegal weapon had been smuggled only once.,Passive Control,1,1,An illegal weapon had been,smuggled,0.82922196,SE,intfloat/multilingual-e5-large
102,26,The drug dealer had been smuggling heroin into Canada.,Active Control,1,0,The drug dealer had been,smuggling,0.8034153,SE,intfloat/multilingual-e5-large
103,26,Cleopatra's beauty was smuggling only once.,No-Attraction Violation,0,1,Cleopatra's beauty was,smuggling,0.7551446,SE,intfloat/multilingual-e5-large
104,27,The leftover food was discarding wastefully.,Attraction Violation,1,1,The leftover food was,discarding,0.8250311,SE,intfloat/multilingual-e5-large
105,27,The leftover food was discarded wastefully.,Passive Control,1,1,The leftover food was,discarded,0.82851595,SE,intfloat/multilingual-e5-large
106,27,The campers were discarding the leftover food.,Active Control,1,0,The campers were,discarding,0.80530417,SE,intfloat/multilingual-e5-large
107,27,The sleek new building was discarding wastefully.,No-Attraction Violation,0,1,The sleek new building was,discarding,0.7837172,SE,intfloat/multilingual-e5-large
108,28,Thirty pounds of potatoes had been peeling by the cooks.,Attraction Violation,1,1,Thirty pounds of potatoes had been,peeling,0.77074975,SE,intfloat/multilingual-e5-large
109,28,Thirty pounds of potatoes had been peeled carefully.,Passive Control,1,1,Thirty pounds of potatoes had been,peeled,0.7833587,SE,intfloat/multilingual-e5-large
110,28,The bored looking cooks had been peeling potatoes for hours.,Active Control,1,0,The bored looking cooks had been,peeling,0.76906973,SE,intfloat/multilingual-e5-large
111,28,The club's rules had been peeling the sticker off the box.,No-Attraction Violation,0,1,The club's rules had been,peeling,0.7594918,SE,intfloat/multilingual-e5-large
112,29,The grimy pots and pans had been scrubbing the dishwashers.,Attraction Violation,1,1,The grimy pots and pans had been,scrubbing,0.78272766,SE,intfloat/multilingual-e5-large
113,29,The grimy pots and pans had been scrubbed by the dishwashers.,Passive Control,1,1,The grimy pots and pans had been,scrubbed,0.80107963,SE,intfloat/multilingual-e5-large
114,29,The guys in the kitchen had been scrubbing the pots and pans.,Active Control,1,0,The guys in the kitchen had been,scrubbing,0.77542865,SE,intfloat/multilingual-e5-large
115,29,The stolen artwork had been scrubbing with vigor.,No-Attraction Violation,0,1,The stolen artwork had been,scrubbing,0.7713904,SE,intfloat/multilingual-e5-large
116,30,The roast lamb had been carving by a servant.,Attraction Violation,1,1,The roast lamb had been,carving,0.7587035,SE,intfloat/multilingual-e5-large
117,30,The roast lamb had been carved by a servant.,Passive Control,1,1,The roast lamb had been,carved,0.7834511,SE,intfloat/multilingual-e5-large
118,30,The butcher had been carving the meat.,Active Control,1,0,The butcher had been,carving,0.7769598,SE,intfloat/multilingual-e5-large
119,30,Janet's houseplants were carving before dinner.,No-Attraction Violation,0,1,Janet's houseplants were,carving,0.7585687,SE,intfloat/multilingual-e5-large
120,31,Cleopatra's beauty was admiring many people.,Attraction Violation,1,1,Cleopatra's beauty was,admiring,0.81016505,SE,intfloat/multilingual-e5-large
121,31,Cleopatra's beauty was admired always.,Passive Control,1,1,Cleopatra's beauty was,admired,0.8102901,SE,intfloat/multilingual-e5-large
122,31,The men were admiring the beautiful woman from a distance.,Active Control,1,0,The men were,admiring,0.8121289,SE,intfloat/multilingual-e5-large
123,31,An illegal weapon had been admiring always.,No-Attraction Violation,0,1,An illegal weapon had been,admiring,0.77043587,SE,intfloat/multilingual-e5-large
124,32,A wet snowball had been tossing by the girls through the window.,Attraction Violation,1,1,A wet snowball had been,tossing,0.8132069,SE,intfloat/multilingual-e5-large
125,32,A wet snowball had been tossed in anger.,Passive Control,1,1,A wet snowball had been,tossed,0.8190145,SE,intfloat/multilingual-e5-large
126,32,The baseball players had been tossing the ball around the infield.,Active Control,1,0,The baseball players had been,tossing,0.8057799,SE,intfloat/multilingual-e5-large
127,32,Their secret conversation had been tossing a steak on the grill.,No-Attraction Violation,0,1,Their secret conversation had been,tossing,0.7757237,SE,intfloat/multilingual-e5-large
128,33,The sealed envelope was opening the judge.,Attraction Violation,1,1,The sealed envelope was,opening,0.8008821,SE,intfloat/multilingual-e5-large
129,33,The sealed envelope was opened without permission.,Passive Control,1,1,The sealed envelope was,opened,0.81880474,SE,intfloat/multilingual-e5-large
130,33,Tuxedoed waiters were opening bottles of champagne for the toast.,Active Control,1,0,Tuxedoed waiters were,opening,0.7672763,SE,intfloat/multilingual-e5-large
131,33,The men's faces had been opening without permission.,No-Attraction Violation,0,1,The men's faces had been,opening,0.7591825,SE,intfloat/multilingual-e5-large
132,34,The man's beard had been shaving twice a day.,Attraction Violation,1,1,The man's beard had been,shaving,0.7908933,SE,intfloat/multilingual-e5-large
133,34,The man's beard had been shaved twice a day.,Passive Control,1,1,The man's beard had been,shaved,0.81029576,SE,intfloat/multilingual-e5-large
134,34,His uncle Ralph had been shaving his beard off.,Active Control,1,0,His uncle Ralph had been,shaving,0.7747322,SE,intfloat/multilingual-e5-large
135,34,The popular amusement park is shaving twice a day.,No-Attraction Violation,0,1,The popular amusement park is,shaving,0.7630873,SE,intfloat/multilingual-e5-large
136,35,The elevator button had been pressing slowly.,Attraction Violation,1,1,The elevator button had been,pressing,0.8002756,SE,intfloat/multilingual-e5-large
137,35,The elevator button had been pressed by the attendant.,Passive Control,1,1,The elevator button had been,pressed,0.82086426,SE,intfloat/multilingual-e5-large
138,35,The attendant had been pressing the buttons.,Active Control,1,0,The attendant had been,pressing,0.7850136,SE,intfloat/multilingual-e5-large
139,35,The wheat crops had been pressing slowly.,No-Attraction Violation,0,1,The wheat crops had been,pressing,0.76598406,SE,intfloat/multilingual-e5-large
140,36,The winning lottery numbers had been announcing the TV news.,Attraction Violation,1,1,The winning lottery numbers had been,announcing,0.7877407,SE,intfloat/multilingual-e5-large
141,36,The winning lottery numbers had been announced by the TV news.,Passive Control,1,1,The winning lottery numbers had been,announced,0.81723547,SE,intfloat/multilingual-e5-large
142,36,The flight attendant had been announcing the reason for the delay.,Active Control,1,0,The flight attendant had been,announcing,0.80561244,SE,intfloat/multilingual-e5-large
143,36,The tarnished silverware was announcing on the television.,No-Attraction Violation,0,1,The tarnished silverware was,announcing,0.77714896,SE,intfloat/multilingual-e5-large
144,37,The victim's body had been identifying at the morgue.,Attraction Violation,1,1,The victim's body had been,identifying,0.7830038,SE,intfloat/multilingual-e5-large
145,37,The victim's body had been identified by the family members.,Passive Control,1,1,The victim's body had been,identified,0.798571,SE,intfloat/multilingual-e5-large
146,37,The laboratory technicians had been identifying the chemical.,Active Control,1,0,The laboratory technicians had been,identifying,0.7864482,SE,intfloat/multilingual-e5-large
147,37,The movie was identifying rare fish for the divers.,No-Attraction Violation,0,1,The movie was,identifying,0.807174,SE,intfloat/multilingual-e5-large
148,38,The hearty meal was devouring by the kids.,Attraction Violation,1,1,The hearty meal was,devouring,0.84326154,SE,intfloat/multilingual-e5-large
149,38,The hearty meal was devoured with gusto.,Passive Control,1,1,The hearty meal was,devoured,0.83845365,SE,intfloat/multilingual-e5-large
150,38,The hungry boys were devouring the plate of cookies when Jack arrived.,Active Control,1,0,The hungry boys were,devouring,0.83706963,SE,intfloat/multilingual-e5-large
151,38,The dusty tabletops were devouring with gusto.,No-Attraction Violation,0,1,The dusty tabletops were,devouring,0.822153,SE,intfloat/multilingual-e5-large
152,39,The overgrown shrubs were trimming regularly.,Attraction Violation,1,1,The overgrown shrubs were,trimming,0.79419833,SE,intfloat/multilingual-e5-large
153,39,The overgrown shrubs were trimmed by a gardener.,Passive Control,1,1,The overgrown shrubs were,trimmed,0.80094886,SE,intfloat/multilingual-e5-large
154,39,A gardener was trimming the overgrown shrubbery.,Active Control,1,0,A gardener was,trimming,0.8169144,SE,intfloat/multilingual-e5-large
155,39,The alarm clock had been trimming regularly.,No-Attraction Violation,0,1,The alarm clock had been,trimming,0.7769389,SE,intfloat/multilingual-e5-large
156,40,Wilson's unreasonable proposal was rejecting by the boss.,Attraction Violation,1,1,Wilson's unreasonable proposal was,rejecting,0.81253415,SE,intfloat/multilingual-e5-large
157,40,Wilson's unreasonable proposal was rejected at the hospital.,Passive Control,1,1,Wilson's unreasonable proposal was,rejected,0.80993736,SE,intfloat/multilingual-e5-large
158,40,The admissions committee was rejecting nearly every application.,Active Control,1,0,The admissions committee was,rejecting,0.81926745,SE,intfloat/multilingual-e5-large
159,40,The rare bird's behavior was rejecting all offers.,No-Attraction Violation,0,1,The rare bird's behavior was,rejecting,0.8034505,SE,intfloat/multilingual-e5-large
160,41,Hathaway's gigantic fortune had been inheriting by his daughters.,Attraction Violation,1,1,Hathaway's gigantic fortune had been,inheriting,0.779095,SE,intfloat/multilingual-e5-large
161,41,Hathaway's gigantic fortune had been inherited by his daughters.,Passive Control,1,1,Hathaway's gigantic fortune had been,inherited,0.7791539,SE,intfloat/multilingual-e5-large
162,41,Generations of aristocratic Englishmen have been inheriting their fortunes.,Active Control,1,0,Generations of aristocratic Englishmen have been,inheriting,0.8099544,SE,intfloat/multilingual-e5-large
163,41,The strange mystery had been inheriting the estate from her grandmother.,No-Attraction Violation,0,1,The strange mystery had been,inheriting,0.78768337,SE,intfloat/multilingual-e5-large
164,42,All of her money had been spending before the wedding.,Attraction Violation,1,1,All of her money had been,spending,0.7900502,SE,intfloat/multilingual-e5-large
165,42,All of her money had been spent before the wedding.,Passive Control,1,1,All of her money had been,spent,0.82272834,SE,intfloat/multilingual-e5-large
166,42,The shopping fanatic had been spending all her money in Bloomingdales.,Active Control,1,0,The shopping fanatic had been,spending,0.79818845,SE,intfloat/multilingual-e5-large
167,42,Patty's overgrown lawn was spending its time on the beach.,No-Attraction Violation,0,1,Patty's overgrown lawn was,spending,0.7590051,SE,intfloat/multilingual-e5-large
168,43,An appointment was scheduling by the secretary.,Attraction Violation,1,1,An appointment was,scheduling,0.8484918,SE,intfloat/multilingual-e5-large
169,43,An appointment was scheduled by the secretary.,Passive Control,1,1,An appointment was,scheduled,0.86502856,SE,intfloat/multilingual-e5-large
170,43,The secretary was scheduling new appointments for the afternoon.,Active Control,1,0,The secretary was,scheduling,0.7877351,SE,intfloat/multilingual-e5-large
171,43,The legal contract had been scheduling for next week.,No-Attraction Violation,0,1,The legal contract had been,scheduling,0.78147274,SE,intfloat/multilingual-e5-large
172,44,The men's faces had been photographing by a security camera.,Attraction Violation,1,1,The men's faces had been,photographing,0.7598538,SE,intfloat/multilingual-e5-large
173,44,The men's faces had been photographed by a security camera.,Passive Control,1,1,The men's faces had been,photographed,0.7864954,SE,intfloat/multilingual-e5-large
174,44,The intrusive reporter had been photographing the celebrities at the party.,Active Control,1,0,The intrusive reporter had been,photographing,0.79976505,SE,intfloat/multilingual-e5-large
175,44,The sealed envelope was photographing at the party.,No-Attraction Violation,0,1,The sealed envelope was,photographing,0.78212833,SE,intfloat/multilingual-e5-large
176,45,The broken television had been repairing the technician.,Attraction Violation,1,1,The broken television had been,repairing,0.7989232,SE,intfloat/multilingual-e5-large
177,45,The broken television had been repaired by the technician.,Passive Control,1,1,The broken television had been,repaired,0.81438726,SE,intfloat/multilingual-e5-large
178,45,The competent technician had been repairing the television.,Active Control,1,0,The competent technician had been,repairing,0.80768126,SE,intfloat/multilingual-e5-large
179,45,Larry's note had been repairing the computer's hard drive.,No-Attraction Violation,0,1,Larry's note had been,repairing,0.7518955,SE,intfloat/multilingual-e5-large
180,46,The alarm clock had been unplugging accidentally.,Attraction Violation,1,1,The alarm clock had been,unplugging,0.8030324,SE,intfloat/multilingual-e5-large
181,46,The alarm clock had been unplugged late.,Passive Control,1,1,The alarm clock had been,unplugged,0.79702806,SE,intfloat/multilingual-e5-large
182,46,The frantic woman had been unplugging every electrical device in the house.,Active Control,1,0,The frantic woman had been,unplugging,0.77374864,SE,intfloat/multilingual-e5-large
183,46,The overgrown shrubs were unplugging accidentally.,No-Attraction Violation,0,1,The overgrown shrubs were,unplugging,0.78561956,SE,intfloat/multilingual-e5-large
184,47,The car door had been unlocking late at night.,Attraction Violation,1,1,The car door had been,unlocking,0.79097396,SE,intfloat/multilingual-e5-large
185,47,The car door had been unlocked by the child.,Passive Control,1,1,The car door had been,unlocked,0.80861145,SE,intfloat/multilingual-e5-large
186,47,The babysitter had been unlocking the back door.,Active Control,1,0,The babysitter had been,unlocking,0.78492683,SE,intfloat/multilingual-e5-large
187,47,The Queen's 80th birthday was unlocking late at night.,No-Attraction Violation,0,1,The Queen's 80th birthday was,unlocking,0.75770175,SE,intfloat/multilingual-e5-large
188,48,The portrait of Napoleon had been painting by a Dutch artist.,Attraction Violation,1,1,The portrait of Napoleon had been,painting,0.7878973,SE,intfloat/multilingual-e5-large
189,48,The portrait of Napoleon had been painted by a Dutch artist.,Passive Control,1,1,The portrait of Napoleon had been,painted,0.8049068,SE,intfloat/multilingual-e5-large
190,48,The French Impressionist artists had been painting with a focus on light and color.,Active Control,1,0,The French Impressionist artists had been,painting,0.7867624,SE,intfloat/multilingual-e5-large
191,48,A new medication had been painting on Tuesday.,No-Attraction Violation,0,1,A new medication had been,painting,0.76387143,SE,intfloat/multilingual-e5-large
192,49,The embarrassing allegations had been denying by the mayor.,Attraction Violation,1,1,The embarrassing allegations had been,denying,0.82117,SE,intfloat/multilingual-e5-large
193,49,The embarrassing allegations had been denied by the mayor.,Passive Control,1,1,The embarrassing allegations had been,denied,0.7950522,SE,intfloat/multilingual-e5-large
194,49,The embarassed mayor had been denying allegations of corruption.,Active Control,1,0,The embarassed mayor had been,denying,0.79000926,SE,intfloat/multilingual-e5-large
195,49,Tamara's birthday gift had been denying the rumor.,No-Attraction Violation,0,1,Tamara's birthday gift had been,denying,0.76370823,SE,intfloat/multilingual-e5-large
196,50,The noises in the attic had been hearing nightly.,Attraction Violation,1,1,The noises in the attic had been,hearing,0.8141562,SE,intfloat/multilingual-e5-large
197,50,The noises in the attic had been heard by the boys.,Passive Control,1,1,The noises in the attic had been,heard,0.82662433,SE,intfloat/multilingual-e5-large
198,50,The frightened campers had been hearing noises in the woods.,Active Control,1,0,The frightened campers had been,hearing,0.76830107,SE,intfloat/multilingual-e5-large
199,50,A package had been hearing nightly.,No-Attraction Violation,0,1,A package had been,hearing,0.78587204,SE,intfloat/multilingual-e5-large
200,51,The appetizers had been serving before the meal.,Attraction Violation,1,1,The appetizers had been,serving,0.8127912,SE,intfloat/multilingual-e5-large
201,51,The appetizers had been served before the meal.,Passive Control,1,1,The appetizers had been,served,0.83596134,SE,intfloat/multilingual-e5-large
202,51,The waiters had been serving the meal.,Active Control,1,0,The waiters had been,serving,0.83464056,SE,intfloat/multilingual-e5-large
203,51,The final exams had been serving before the meal.,No-Attraction Violation,0,1,The final exams had been,serving,0.7693823,SE,intfloat/multilingual-e5-large
204,52,Billy's unruly hair was combing his mother to one side.,Attraction Violation,1,1,Billy's unruly hair was,combing,0.7811705,SE,intfloat/multilingual-e5-large
205,52,Billy's unruly hair was combed by his mother to one side.,Passive Control,1,1,Billy's unruly hair was,combed,0.79234266,SE,intfloat/multilingual-e5-large
206,52,The patient barber was combing the boy's hair to one side.,Active Control,1,0,The patient barber was,combing,0.8173617,SE,intfloat/multilingual-e5-large
207,52,The girl's disease was combing the area for escaped prisoners.,No-Attraction Violation,0,1,The girl's disease was,combing,0.76485753,SE,intfloat/multilingual-e5-large
208,53,A drawing of the house had been sketching again.,Attraction Violation,1,1,A drawing of the house had been,sketching,0.8130068,SE,intfloat/multilingual-e5-large
209,53,A drawing of the house had been sketched again.,Passive Control,1,1,A drawing of the house had been,sketched,0.8198226,SE,intfloat/multilingual-e5-large
210,53,An artist in the studio had been sketching the house.,Active Control,1,0,An artist in the studio had been,sketching,0.79237074,SE,intfloat/multilingual-e5-large
211,53,The cheap products had been sketching again.,No-Attraction Violation,0,1,The cheap products had been,sketching,0.76304907,SE,intfloat/multilingual-e5-large
212,54,The simple coffin was burying the villagers.,Attraction Violation,1,1,The simple coffin was,burying,0.8334017,SE,intfloat/multilingual-e5-large
213,54,The simple coffin was buried at the church.,Passive Control,1,1,The simple coffin was,buried,0.8265008,SE,intfloat/multilingual-e5-large
214,54,The tribal people were burying their dead.,Active Control,1,0,The tribal people were,burying,0.80098313,SE,intfloat/multilingual-e5-large
215,54,The vocabulary list was burying at the church.,No-Attraction Violation,0,1,The vocabulary list was,burying,0.8066246,SE,intfloat/multilingual-e5-large
216,55,The homicide case had been investigating diligently.,Attraction Violation,1,1,The homicide case had been,investigating,0.80286163,SE,intfloat/multilingual-e5-large
217,55,The homicide case had been investigated by the FBI.,Passive Control,1,1,The homicide case had been,investigated,0.8140779,SE,intfloat/multilingual-e5-large
218,55,The FBI agents had been investigating the homicide case for weeks.,Active Control,1,0,The FBI agents had been,investigating,0.80945265,SE,intfloat/multilingual-e5-large
219,55,Martin's tonsils had been investigating the problem.,No-Attraction Violation,0,1,Martin's tonsils had been,investigating,0.7714153,SE,intfloat/multilingual-e5-large
220,56,Mark's wrinkly shirts were ironing by his mother.,Attraction Violation,1,1,Mark's wrinkly shirts were,ironing,0.7914021,SE,intfloat/multilingual-e5-large
221,56,Mark's wrinkly shirts were ironed by his mother.,Passive Control,1,1,Mark's wrinkly shirts were,ironed,0.7886832,SE,intfloat/multilingual-e5-large
222,56,Mark's doting mother was ironing his shirts while he slept.,Active Control,1,0,Mark's doting mother was,ironing,0.7562854,SE,intfloat/multilingual-e5-large
223,56,The firewood had been ironing her dress.,No-Attraction Violation,0,1,The firewood had been,ironing,0.7790633,SE,intfloat/multilingual-e5-large
224,57,An important lesson had been learning in space.,Attraction Violation,1,1,An important lesson had been,learning,0.8168825,SE,intfloat/multilingual-e5-large
225,57,An important lesson had been learned in space.,Passive Control,1,1,An important lesson had been,learned,0.8500316,SE,intfloat/multilingual-e5-large
226,57,The children had been learning Spanish.,Active Control,1,0,The children had been,learning,0.7748717,SE,intfloat/multilingual-e5-large
227,57,The bathroom floor had been learning in space.,No-Attraction Violation,0,1,The bathroom floor had been,learning,0.7594819,SE,intfloat/multilingual-e5-large
228,58,The height of the bookcase was measuring by a carpenter.,Attraction Violation,1,1,The height of the bookcase was,measuring,0.79891276,SE,intfloat/multilingual-e5-large
229,58,The height of the bookcase was measured incorrectly.,Passive Control,1,1,The height of the bookcase was,measured,0.7931596,SE,intfloat/multilingual-e5-large
230,58,The carpenter was measuring the height of the bookcase.,Active Control,1,0,The carpenter was,measuring,0.81678545,SE,intfloat/multilingual-e5-large
231,58,An urgent message had been measuring her heart rate.,No-Attraction Violation,0,1,An urgent message had been,measuring,0.7890186,SE,intfloat/multilingual-e5-large
232,59,Several important topics were discussing despite the weather.,Attraction Violation,1,1,Several important topics were,discussing,0.8341998,SE,intfloat/multilingual-e5-large
233,59,Several important topics were discussed by the board of trustees.,Passive Control,1,1,Several important topics were,discussed,0.85357165,SE,intfloat/multilingual-e5-large
234,59,The board members were discussing several important topics.,Active Control,1,0,The board members were,discussing,0.82276577,SE,intfloat/multilingual-e5-large
235,59,"The fresh, warm bread was discussing despite the weather.",No-Attraction Violation,0,1,"The fresh, warm bread was",discussing,0.78305906,SE,intfloat/multilingual-e5-large
236,60,The dusty tabletops were wiping thoroughly.,Attraction Violation,1,1,The dusty tabletops were,wiping,0.81359434,SE,intfloat/multilingual-e5-large
237,60,The dusty tabletops were wiped thoroughly.,Passive Control,1,1,The dusty tabletops were,wiped,0.8155629,SE,intfloat/multilingual-e5-large
238,60,The tired busboy was wiping for hours.,Active Control,1,0,The tired busboy was,wiping,0.7858239,SE,intfloat/multilingual-e5-large
239,60,The hearty meal was wiping thoroughly.,No-Attraction Violation,0,1,The hearty meal was,wiping,0.78511256,SE,intfloat/multilingual-e5-large
240,61,A tiny spy camera was concealing by the agent inside a flowerpot.,Attraction Violation,1,1,A tiny spy camera was,concealing,0.8183527,SE,intfloat/multilingual-e5-large
241,61,A tiny spy camera was concealed by the agent inside a flowerpot.,Passive Control,1,1,A tiny spy camera was,concealed,0.8232638,SE,intfloat/multilingual-e5-large
242,61,The sneaky lawyer was concealing the truth.,Active Control,1,0,The sneaky lawyer was,concealing,0.823795,SE,intfloat/multilingual-e5-large
243,61,A faint light was concealing their identity.,No-Attraction Violation,0,1,A faint light was,concealing,0.80375797,SE,intfloat/multilingual-e5-large
244,62,"The fresh, warm bread was slicing by the baker into halves.",Attraction Violation,1,1,"The fresh, warm bread was",slicing,0.7891675,SE,intfloat/multilingual-e5-large
245,62,"The fresh, warm bread was sliced with love.",Passive Control,1,1,"The fresh, warm bread was",sliced,0.79894745,SE,intfloat/multilingual-e5-large
246,62,The chef's assistants were slicing the mushrooms for a pie.,Active Control,1,0,The chef's assistants were,slicing,0.79194295,SE,intfloat/multilingual-e5-large
247,62,Several important topics were slicing with love.,No-Attraction Violation,0,1,Several important topics were,slicing,0.77578115,SE,intfloat/multilingual-e5-large
248,63,The tarnished silverware was polishing by the butler.,Attraction Violation,1,1,The tarnished silverware was,polishing,0.8067465,SE,intfloat/multilingual-e5-large
249,63,The tarnished silverware was polished by the butler.,Passive Control,1,1,The tarnished silverware was,polished,0.81309736,SE,intfloat/multilingual-e5-large
250,63,The thorough butler was polishing the doorknobs.,Active Control,1,0,The thorough butler was,polishing,0.82505405,SE,intfloat/multilingual-e5-large
251,63,The winning lottery numbers had been polishing his shoes.,No-Attraction Violation,0,1,The winning lottery numbers had been,polishing,0.7720724,SE,intfloat/multilingual-e5-large
252,64,Poisonous fumes had been inhaling the firefighters.,Attraction Violation,1,1,Poisonous fumes had been,inhaling,0.82088053,SE,intfloat/multilingual-e5-large
253,64,Poisonous fumes had been inhaled by the firefighters.,Passive Control,1,1,Poisonous fumes had been,inhaled,0.8376812,SE,intfloat/multilingual-e5-large
254,64,The firefighters had been inhaling the smoke.,Active Control,1,0,The firefighters had been,inhaling,0.7909216,SE,intfloat/multilingual-e5-large
255,64,The man's signature was inhaling during the fire.,No-Attraction Violation,0,1,The man's signature was,inhaling,0.7744124,SE,intfloat/multilingual-e5-large
256,65,A genetic mutation was discovering the scientists.,Attraction Violation,1,1,A genetic mutation was,discovering,0.81264216,SE,intfloat/multilingual-e5-large
257,65,A genetic mutation was discovered suddenly.,Passive Control,1,1,A genetic mutation was,discovered,0.8202184,SE,intfloat/multilingual-e5-large
258,65,The excited explorers were discovering ancient artifacts everywhere they looked.,Active Control,1,0,The excited explorers were,discovering,0.84496593,SE,intfloat/multilingual-e5-large
259,65,The pizza had been discovering new methods for making dough.,No-Attraction Violation,0,1,The pizza had been,discovering,0.78337735,SE,intfloat/multilingual-e5-large
260,66,The Queen's 80th birthday was celebrating expensively.,Attraction Violation,1,1,The Queen's 80th birthday was,celebrating,0.79344755,SE,intfloat/multilingual-e5-large
261,66,The Queen's 80th birthday was celebrated by thousands of people in the streets.,Passive Control,1,1,The Queen's 80th birthday was,celebrated,0.79320115,SE,intfloat/multilingual-e5-large
262,66,Thousands of excited fans were celebrating the Superbowl victory in the streets.,Active Control,1,0,Thousands of excited fans were,celebrating,0.81698084,SE,intfloat/multilingual-e5-large
263,66,The car door had been celebrating her promotion.,No-Attraction Violation,0,1,The car door had been,celebrating,0.7679124,SE,intfloat/multilingual-e5-large
264,67,The diagram on the chalkboard had been erasing Mrs. Larson.,Attraction Violation,1,1,The diagram on the chalkboard had been,erasing,0.78255415,SE,intfloat/multilingual-e5-large
265,67,The diagram on the chalkboard had been erased by Mrs. Larson.,Passive Control,1,1,The diagram on the chalkboard had been,erased,0.78854966,SE,intfloat/multilingual-e5-large
266,67,Mrs. Larson had been erasing the chalkboard.,Active Control,1,0,Mrs. Larson had been,erasing,0.7609663,SE,intfloat/multilingual-e5-large
267,67,Food for the homeless had been erasing over and over.,No-Attraction Violation,0,1,Food for the homeless had been,erasing,0.75536543,SE,intfloat/multilingual-e5-large
268,68,The movie was directing Steven Spielberg.,Attraction Violation,1,1,The movie was,directing,0.8062631,SE,intfloat/multilingual-e5-large
269,68,The movie was directed professionally.,Passive Control,1,1,The movie was,directed,0.8248995,SE,intfloat/multilingual-e5-large
270,68,Steven Spielberg was directing another blockbuster.,Active Control,1,0,Steven Spielberg was,directing,0.78390485,SE,intfloat/multilingual-e5-large
271,68,The victim's body had been directing the police.,No-Attraction Violation,0,1,The victim's body had been,directing,0.7461281,SE,intfloat/multilingual-e5-large
272,69,Theresa's birthday gift had been wrapping yesterday.,Attraction Violation,1,1,Theresa's birthday gift had been,wrapping,0.7728253,SE,intfloat/multilingual-e5-large
273,69,Theresa's birthday gift had been wrapped yesterday.,Passive Control,1,1,Theresa's birthday gift had been,wrapped,0.7873292,SE,intfloat/multilingual-e5-large
274,69,Theresa's loving grandmother had been wrapping the presents.,Active Control,1,0,Theresa's loving grandmother had been,wrapping,0.75626355,SE,intfloat/multilingual-e5-large
275,69,The embarrassing allegations had been wrapping yesterday.,No-Attraction Violation,0,1,The embarrassing allegations had been,wrapping,0.76974636,SE,intfloat/multilingual-e5-large
276,70,The popular amusement park is visiting by millions of tourists eh year.,Attraction Violation,1,1,The popular amusement park is,visiting,0.7926831,SE,intfloat/multilingual-e5-large
277,70,The popular amusement park is visited daily.,Passive Control,1,1,The popular amusement park is,visited,0.7901164,SE,intfloat/multilingual-e5-large
278,70,The tourists had been visiting the amusement park in the morning.,Active Control,1,0,The tourists had been,visiting,0.8394265,SE,intfloat/multilingual-e5-large
279,70,The man's beard had been visiting a friend in the hospital.,No-Attraction Violation,0,1,The man's beard had been,visiting,0.7707884,SE,intfloat/multilingual-e5-large
280,71,Ten new trees had been planting on dry land.,Attraction Violation,1,1,Ten new trees had been,planting,0.7903967,SE,intfloat/multilingual-e5-large
281,71,Ten new trees had been planted by the Forestry Service.,Passive Control,1,1,Ten new trees had been,planted,0.81570524,SE,intfloat/multilingual-e5-large
282,71,The forestry workers had been planting cedar saplings on the hillside.,Active Control,1,0,The forestry workers had been,planting,0.785422,SE,intfloat/multilingual-e5-large
283,71,The sin had been planting doubt in her mind.,No-Attraction Violation,0,1,The sin had been,planting,0.76688105,SE,intfloat/multilingual-e5-large
284,72,Food for the homeless had been donating neighborhood residents.,Attraction Violation,1,1,Food for the homeless had been,donating,0.79293513,SE,intfloat/multilingual-e5-large
285,72,Food for the homeless had been donated many times.,Passive Control,1,1,Food for the homeless had been,donated,0.8052087,SE,intfloat/multilingual-e5-large
286,72,The wealthy American philanthropist had been donating money to Romanian orphanages.,Active Control,1,0,The wealthy American philanthropist had been,donating,0.798803,SE,intfloat/multilingual-e5-large
287,72,The diagram on the chalkboard had been donating blood.,No-Attraction Violation,0,1,The diagram on the chalkboard had been,donating,0.7702335,SE,intfloat/multilingual-e5-large
288,73,The rare bird's behavior was observing by the biologists.,Attraction Violation,1,1,The rare bird's behavior was,observing,0.81110674,SE,intfloat/multilingual-e5-large
289,73,The rare bird's behavior was observed by the biologists.,Passive Control,1,1,The rare bird's behavior was,observed,0.81171215,SE,intfloat/multilingual-e5-large
290,73,The excited bird watchers were observing the rare eagle.,Active Control,1,0,The excited bird watchers were,observing,0.8138903,SE,intfloat/multilingual-e5-large
291,73,Wilson's unreasonable proposal was observing the stars.,No-Attraction Violation,0,1,Wilson's unreasonable proposal was,observing,0.75647473,SE,intfloat/multilingual-e5-large
292,74,Stormy weather had been forecasting by the weatherman.,Attraction Violation,1,1,Stormy weather had been,forecasting,0.801978,SE,intfloat/multilingual-e5-large
293,74,Stormy weather had been forecasted by the weatherman.,Passive Control,1,1,Stormy weather had been,forecasted,0.82808775,SE,intfloat/multilingual-e5-large
294,74,The weather service had been forecasting snow for the mountain areas.,Active Control,1,0,The weather service had been,forecasting,0.80786306,SE,intfloat/multilingual-e5-large
295,74,Olson's bulging suitcase had been forecasting correctly.,No-Attraction Violation,0,1,Olson's bulging suitcase had been,forecasting,0.73527145,SE,intfloat/multilingual-e5-large
296,75,The tragic mistake was regretting by Erika for many years.,Attraction Violation,1,1,The tragic mistake was,regretting,0.831256,SE,intfloat/multilingual-e5-large
297,75,The tragic mistake was regretted years later.,Passive Control,1,1,The tragic mistake was,regretted,0.8299929,SE,intfloat/multilingual-e5-large
298,75,Erika was regretting the mistake.,Active Control,1,0,Erika was,regretting,0.7917507,SE,intfloat/multilingual-e5-large
299,75,The library books had been regretting their behavior.,No-Attraction Violation,0,1,The library books had been,regretting,0.76964444,SE,intfloat/multilingual-e5-large
300,76,The stolen artwork had been seizing without warning.,Attraction Violation,1,1,The stolen artwork had been,seizing,0.78602993,SE,intfloat/multilingual-e5-large
301,76,The stolen artwork had been seized by the border police.,Passive Control,1,1,The stolen artwork had been,seized,0.8125138,SE,intfloat/multilingual-e5-large
302,76,The police had been seizing shipments of drugs at the border.,Active Control,1,0,The police had been,seizing,0.7960305,SE,intfloat/multilingual-e5-large
303,76,The grimy pots and pans had been seizing without warning.,No-Attraction Violation,0,1,The grimy pots and pans had been,seizing,0.7627873,SE,intfloat/multilingual-e5-large
304,77,The value of the jewels was estimating the dealer.,Attraction Violation,1,1,The value of the jewels was,estimating,0.79475033,SE,intfloat/multilingual-e5-large
305,77,The value of the jewels was estimated by the dealer.,Passive Control,1,1,The value of the jewels was,estimated,0.79373014,SE,intfloat/multilingual-e5-large
306,77,The jewel expert was estimating the value of the diamond.,Active Control,1,0,The jewel expert was,estimating,0.802443,SE,intfloat/multilingual-e5-large
307,77,The useful new gadget had been estimating professionally.,No-Attraction Violation,0,1,The useful new gadget had been,estimating,0.7912515,SE,intfloat/multilingual-e5-large
308,78,Larry's note had been scribbling his wife.,Attraction Violation,1,1,Larry's note had been,scribbling,0.78098136,SE,intfloat/multilingual-e5-large
309,78,Larry's note had been scribbled with haste.,Passive Control,1,1,Larry's note had been,scribbled,0.80876607,SE,intfloat/multilingual-e5-large
310,78,Larry's wife had been scribbling a note to him about dinner plans.,Active Control,1,0,Larry's wife had been,scribbling,0.7504912,SE,intfloat/multilingual-e5-large
311,78,The broken television had been scribbling his thoughts on a napkin.,No-Attraction Violation,0,1,The broken television had been,scribbling,0.7627632,SE,intfloat/multilingual-e5-large
312,79,Carrie's morning meeting was canceling as expected.,Attraction Violation,1,1,Carrie's morning meeting was,canceling,0.77964157,SE,intfloat/multilingual-e5-large
313,79,Carrie's morning meeting was canceled by the boss.,Passive Control,1,1,Carrie's morning meeting was,canceled,0.7637538,SE,intfloat/multilingual-e5-large
314,79,Carrie had been canceling all of her meetings.,Active Control,1,0,Carrie had been,canceling,0.7893189,SE,intfloat/multilingual-e5-large
315,79,The bubblegum had been canceling as expected.,No-Attraction Violation,0,1,The bubblegum had been,canceling,0.7851044,SE,intfloat/multilingual-e5-large
316,80,The girl's disease was curing a simple treatment.,Attraction Violation,1,1,The girl's disease was,curing,0.80779845,SE,intfloat/multilingual-e5-large
317,80,The girl's disease was cured by a simple treatment.,Passive Control,1,1,The girl's disease was,cured,0.8193602,SE,intfloat/multilingual-e5-large
318,80,The foreign doctors were curing hundreds of villagers of malaria.,Active Control,1,0,The foreign doctors were,curing,0.79730093,SE,intfloat/multilingual-e5-large
319,80,Billy's unruly hair was curing his cold.,No-Attraction Violation,0,1,Billy's unruly hair was,curing,0.7526637,SE,intfloat/multilingual-e5-large
320,81,Janet's houseplants were watering too much.,Attraction Violation,1,1,Janet's houseplants were,watering,0.7846466,SE,intfloat/multilingual-e5-large
321,81,Janet's houseplants were watered by her neighbor.,Passive Control,1,1,Janet's houseplants were,watered,0.8059945,SE,intfloat/multilingual-e5-large
322,81,The gardener was watering the plants.,Active Control,1,0,The gardener was,watering,0.8213301,SE,intfloat/multilingual-e5-large
323,81,The roast lamb had been watering too much.,No-Attraction Violation,0,1,The roast lamb had been,watering,0.75775254,SE,intfloat/multilingual-e5-large
324,82,The useful new gadget had been inventing by a bored waiter.,Attraction Violation,1,1,The useful new gadget had been,inventing,0.8240759,SE,intfloat/multilingual-e5-large
325,82,The useful new gadget had been invented by a bored waiter.,Passive Control,1,1,The useful new gadget had been,invented,0.8384617,SE,intfloat/multilingual-e5-large
326,82,The resourceful engineers had been inventing tiny new devices.,Active Control,1,0,The resourceful engineers had been,inventing,0.8146769,SE,intfloat/multilingual-e5-large
327,82,The value of the jewels was inventing the digital computer.,No-Attraction Violation,0,1,The value of the jewels was,inventing,0.7829564,SE,intfloat/multilingual-e5-large
328,83,The phone bill had been paying his roommate.,Attraction Violation,1,1,The phone bill had been,paying,0.824132,SE,intfloat/multilingual-e5-large
329,83,The phone bill had been paid quickly.,Passive Control,1,1,The phone bill had been,paid,0.8218741,SE,intfloat/multilingual-e5-large
330,83,Juan and Perry had been paying too much for their apartment.,Active Control,1,0,Juan and Perry had been,paying,0.78935146,SE,intfloat/multilingual-e5-large
331,83,"The dark, underwater cave was paying attention to the divers.",No-Attraction Violation,0,1,"The dark, underwater cave was",paying,0.78125966,SE,intfloat/multilingual-e5-large
332,84,The man's signature was forging the lawyers.,Attraction Violation,1,1,The man's signature was,forging,0.77356124,SE,intfloat/multilingual-e5-large
333,84,The man's signature was forged by the lawyers.,Passive Control,1,1,The man's signature was,forged,0.7844683,SE,intfloat/multilingual-e5-large
334,84,The con artists were forging the signatures on checks.,Active Control,1,0,The con artists were,forging,0.77583474,SE,intfloat/multilingual-e5-large
335,84,Poisonous fumes had been forging very well.,No-Attraction Violation,0,1,Poisonous fumes had been,forging,0.7722492,SE,intfloat/multilingual-e5-large
336,85,The bank had been robbing two masked men.,Attraction Violation,1,1,The bank had been,robbing,0.7909425,SE,intfloat/multilingual-e5-large
337,85,The bank had been robbed repeatedly.,Passive Control,1,1,The bank had been,robbed,0.8185107,SE,intfloat/multilingual-e5-large
338,85,The clever burglars had been robbing houses in broad daylight.,Active Control,1,0,The clever burglars had been,robbing,0.78636,SE,intfloat/multilingual-e5-large
339,85,The musical piece was robbing repeatedly.,No-Attraction Violation,0,1,The musical piece was,robbing,0.7784082,SE,intfloat/multilingual-e5-large
340,86,An urgent message had been sending by the ambassador to the President.,Attraction Violation,1,1,An urgent message had been,sending,0.82353693,SE,intfloat/multilingual-e5-large
341,86,An urgent message had been sent again.,Passive Control,1,1,An urgent message had been,sent,0.8329308,SE,intfloat/multilingual-e5-large
342,86,The Prime Minister had been sending urgent messages to her Ambassador.,Active Control,1,0,The Prime Minister had been,sending,0.78091526,SE,intfloat/multilingual-e5-large
343,86,The height of the bookcase was sending mixed signals to the carpenter.,No-Attraction Violation,0,1,The height of the bookcase was,sending,0.7570772,SE,intfloat/multilingual-e5-large
344,87,The sleek new building was designing a team of German architects.,Attraction Violation,1,1,The sleek new building was,designing,0.8012275,SE,intfloat/multilingual-e5-large
345,87,The sleek new building was designed by a team of German architects.,Passive Control,1,1,The sleek new building was,designed,0.81347626,SE,intfloat/multilingual-e5-large
346,87,A team of architects had been designing the new building.,Active Control,1,0,A team of architects had been,designing,0.8003091,SE,intfloat/multilingual-e5-large
347,87,The leftover food was designing with flair.,No-Attraction Violation,0,1,The leftover food was,designing,0.7921,SE,intfloat/multilingual-e5-large
348,88,The final exams had been grading in school.,Attraction Violation,1,1,The final exams had been,grading,0.79225355,SE,intfloat/multilingual-e5-large
349,88,The final exams had been graded in school.,Passive Control,1,1,The final exams had been,graded,0.8068226,SE,intfloat/multilingual-e5-large
350,88,The professor had been grading the final exams until 4 AM.,Active Control,1,0,The professor had been,grading,0.79057866,SE,intfloat/multilingual-e5-large
351,88,The appetizers had been grading Iverson's students.,No-Attraction Violation,0,1,The appetizers had been,grading,0.7636408,SE,intfloat/multilingual-e5-large
352,89,The final destination had been reaching too late.,Attraction Violation,1,1,The final destination had been,reaching,0.7987678,SE,intfloat/multilingual-e5-large
353,89,The final destination had been reached too late.,Passive Control,1,1,The final destination had been,reached,0.8427089,SE,intfloat/multilingual-e5-large
354,89,The curious child had been reaching for the cup on the table.,Active Control,1,0,The curious child had been,reaching,0.80237544,SE,intfloat/multilingual-e5-large
355,89,Several spelling errors were reaching too late.,No-Attraction Violation,0,1,Several spelling errors were,reaching,0.8175214,SE,intfloat/multilingual-e5-large
356,90,A faint light was perceiving by the rescue workers.,Attraction Violation,1,1,A faint light was,perceiving,0.81099546,SE,intfloat/multilingual-e5-large
357,90,A faint light was perceived underwater.,Passive Control,1,1,A faint light was,perceived,0.81835765,SE,intfloat/multilingual-e5-large
358,90,The worried pilot was perceiving a rattling sound in the jet's engine.,Active Control,1,0,The worried pilot was,perceiving,0.7928811,SE,intfloat/multilingual-e5-large
359,90,A tiny spy camera was perceiving underwater.,No-Attraction Violation,0,1,A tiny spy camera was,perceiving,0.79586977,SE,intfloat/multilingual-e5-large
360,91,The bubblegum had been chewing by the boy.,Attraction Violation,1,1,The bubblegum had been,chewing,0.7884059,SE,intfloat/multilingual-e5-large
361,91,The bubblegum had been chewed by the boy.,Passive Control,1,1,The bubblegum had been,chewed,0.8126025,SE,intfloat/multilingual-e5-large
362,91,The hungry dog had been chewing a bone.,Active Control,1,0,The hungry dog had been,chewing,0.7949576,SE,intfloat/multilingual-e5-large
363,91,Carrie's morning meeting was chewing for a long time.,No-Attraction Violation,0,1,Carrie's morning meeting was,chewing,0.7776997,SE,intfloat/multilingual-e5-large
364,92,Martin's tonsils had been removing at the hospital.,Attraction Violation,1,1,Martin's tonsils had been,removing,0.7713415,SE,intfloat/multilingual-e5-large
365,92,Martin's tonsils had been removed at the hospital.,Passive Control,1,1,Martin's tonsils had been,removed,0.7903795,SE,intfloat/multilingual-e5-large
366,92,The surgeon had been removing the cancerous growth.,Active Control,1,0,The surgeon had been,removing,0.80201054,SE,intfloat/multilingual-e5-large
367,92,The homicide case had been removing at the hospital.,No-Attraction Violation,0,1,The homicide case had been,removing,0.78003794,SE,intfloat/multilingual-e5-large
368,93,Mother Theresa's death was mourning millions of people.,Attraction Violation,1,1,Mother Theresa's death was,mourning,0.7923033,SE,intfloat/multilingual-e5-large
369,93,Mother Theresa's death was mourned by millions of people.,Passive Control,1,1,Mother Theresa's death was,mourned,0.80525595,SE,intfloat/multilingual-e5-large
370,93,The black-clad women were mourning the death of their brother.,Active Control,1,0,The black-clad women were,mourning,0.7624672,SE,intfloat/multilingual-e5-large
371,93,Lisa's phone had been mourning the loss of a loved one.,No-Attraction Violation,0,1,Lisa's phone had been,mourning,0.7485067,SE,intfloat/multilingual-e5-large
372,94,The bathroom floor had been mopping by a janitor.,Attraction Violation,1,1,The bathroom floor had been,mopping,0.80108875,SE,intfloat/multilingual-e5-large
373,94,The bathroom floor had been mopped in the past.,Passive Control,1,1,The bathroom floor had been,mopped,0.8246925,SE,intfloat/multilingual-e5-large
374,94,The school janitor had been mopping the bathroom.,Active Control,1,0,The school janitor had been,mopping,0.801862,SE,intfloat/multilingual-e5-large
375,94,An important lesson had been mopping in the past.,No-Attraction Violation,0,1,An important lesson had been,mopping,0.76866084,SE,intfloat/multilingual-e5-large
376,95,The sin had been confessing by the repentant Catholic.,Attraction Violation,1,1,The sin had been,confessing,0.81723726,SE,intfloat/multilingual-e5-large
377,95,The sin had been confessed on Sunday.,Passive Control,1,1,The sin had been,confessed,0.8255187,SE,intfloat/multilingual-e5-large
378,95,The repentant Catholic had been confessing his sins.,Active Control,1,0,The repentant Catholic had been,confessing,0.838357,SE,intfloat/multilingual-e5-large
379,95,Ten new trees had been confessing on Sunday.,No-Attraction Violation,0,1,Ten new trees had been,confessing,0.76268786,SE,intfloat/multilingual-e5-large
380,96,The strange mystery had been solving the detectives.,Attraction Violation,1,1,The strange mystery had been,solving,0.7783592,SE,intfloat/multilingual-e5-large
381,96,The strange mystery had been solved at the station.,Passive Control,1,1,The strange mystery had been,solved,0.78672457,SE,intfloat/multilingual-e5-large
382,96,The brilliant detective had been solving mysterious crimes for two decades.,Active Control,1,0,The brilliant detective had been,solving,0.7997552,SE,intfloat/multilingual-e5-large
383,96,Hathaway's gigantic fortune had been solving at the station.,No-Attraction Violation,0,1,Hathaway's gigantic fortune had been,solving,0.74134564,SE,intfloat/multilingual-e5-large
0,1,The murder had been witnessing by the three bystanders,Attraction Violation,1,1,The murder had been,witnessing,0.5961767,SE,BAAI/bge-m3
1,1,The murder had been witnessed in the dark.,Passive Control,1,1,The murder had been,witnessed,0.6354995,SE,BAAI/bge-m3
2,1,The bystanders had been witnessing the crime.,Active Control,1,0,The bystanders had been,witnessing,0.68451947,SE,BAAI/bge-m3
3,1,The unpleasant cough syrup was witnessing in the dark.,No-Attraction Violation,0,1,The unpleasant cough syrup was,witnessing,0.4553544,SE,BAAI/bge-m3
4,2,Patty's overgrown lawn was mowing the boy next door.,Attraction Violation,1,1,Patty's overgrown lawn was,mowing,0.5517407,SE,BAAI/bge-m3
5,2,Patty's overgrown lawn was mowed only last week.,Passive Control,1,1,Patty's overgrown lawn was,mowed,0.55323404,SE,BAAI/bge-m3
6,2,Patty's teenage son was mowing the lawn.,Active Control,1,0,Patty's teenage son was,mowing,0.34932223,SE,BAAI/bge-m3
7,2,All of her money had been mowing the grass.,No-Attraction Violation,0,1,All of her money had been,mowing,0.41937676,SE,BAAI/bge-m3
8,3,Three more martinis were ordering by Laurie's sister.,Attraction Violation,1,1,Three more martinis were,ordering,0.4800571,SE,BAAI/bge-m3
9,3,Three more martinis were ordered repeatedly.,Passive Control,1,1,Three more martinis were,ordered,0.46566266,SE,BAAI/bge-m3
10,3,"The regular customers were ordering quiche, as usual.",Active Control,1,0,The regular customers were,ordering,0.53654474,SE,BAAI/bge-m3
11,3,The rough part of the wood was ordering late.,No-Attraction Violation,0,1,The rough part of the wood was,ordering,0.48573428,SE,BAAI/bge-m3
12,4,The quality of Karla's work was evaluating frequently.,Attraction Violation,1,1,The quality of Karla's work was,evaluating,0.4473845,SE,BAAI/bge-m3
13,4,The quality of Karla's work was evaluated frequently.,Passive Control,1,1,The quality of Karla's work was,evaluated,0.4548904,SE,BAAI/bge-m3
14,4,The engineers were evaluating the success of the new device.,Active Control,1,0,The engineers were,evaluating,0.57459384,SE,BAAI/bge-m3
15,4,The old lady's purse had been evaluating Nelson's idea.,No-Attraction Violation,0,1,The old lady's purse had been,evaluating,0.48042715,SE,BAAI/bge-m3
16,5,The legal contract had been signing falsely.,Attraction Violation,1,1,The legal contract had been,signing,0.62609607,SE,BAAI/bge-m3
17,5,The legal contract had been signed by the family.,Passive Control,1,1,The legal contract had been,signed,0.6653735,SE,BAAI/bge-m3
18,5,The state's governor had been signing new legislation.,Active Control,1,0,The state's governor had been,signing,0.46964934,SE,BAAI/bge-m3
19,5,An appointment was signing falsely.,No-Attraction Violation,0,1,An appointment was,signing,0.65495384,SE,BAAI/bge-m3
20,6,The vocabulary list was memorizing well.,Attraction Violation,1,1,The vocabulary list was,memorizing,0.563665,SE,BAAI/bge-m3
21,6,The vocabulary list was memorized well.,Passive Control,1,1,The vocabulary list was,memorized,0.53264666,SE,BAAI/bge-m3
22,6,The medical students were memorizing sample exam questions all night.,Active Control,1,0,The medical students were,memorizing,0.53252417,SE,BAAI/bge-m3
23,6,The simple coffin was memorizing the lines of the poem.,No-Attraction Violation,0,1,The simple coffin was,memorizing,0.45847014,SE,BAAI/bge-m3
24,7,The firewood had been chopping poorly.,Attraction Violation,1,1,The firewood had been,chopping,0.5196526,SE,BAAI/bge-m3
25,7,The firewood had been chopped by Jen's grandfather.,Passive Control,1,1,The firewood had been,chopped,0.5416474,SE,BAAI/bge-m3
26,7,Jen's grandfather had been chopping the firewood.,Active Control,1,0,Jen's grandfather had been,chopping,0.39944652,SE,BAAI/bge-m3
27,7,Mark's wrinkly shirts were chopping vegetables.,No-Attraction Violation,0,1,Mark's wrinkly shirts were,chopping,0.4323599,SE,BAAI/bge-m3
28,8,Lisa's phone had been disconnecting last month.,Attraction Violation,1,1,Lisa's phone had been,disconnecting,0.58093005,SE,BAAI/bge-m3
29,8,Lisa's phone had been disconnected last month.,Passive Control,1,1,Lisa's phone had been,disconnected,0.61985654,SE,BAAI/bge-m3
30,8,The electrician had been disconnecting the machine's power source.,Active Control,1,0,The electrician had been,disconnecting,0.6331187,SE,BAAI/bge-m3
31,8,Mother Theresa's death was disconnecting the two cables.,No-Attraction Violation,0,1,Mother Theresa's death was,disconnecting,0.37465838,SE,BAAI/bge-m3
32,9,Wendy's muddy car was washing the boys.,Attraction Violation,1,1,Wendy's muddy car was,washing,0.54826814,SE,BAAI/bge-m3
33,9,Wendy's muddy car was washed wearily.,Passive Control,1,1,Wendy's muddy car was,washed,0.618464,SE,BAAI/bge-m3
34,9,Wendy and Harriet were washing the muddy car.,Active Control,1,0,Wendy and Harriet were,washing,0.4318101,SE,BAAI/bge-m3
35,9,Frank's loan application had been washing the used pencil.,No-Attraction Violation,0,1,Frank's loan application had been,washing,0.43800005,SE,BAAI/bge-m3
36,10,The library books had been borrowing the graduate student.,Attraction Violation,1,1,The library books had been,borrowing,0.53399974,SE,BAAI/bge-m3
37,10,The library books had been borrowed by the graduate student.,Passive Control,1,1,The library books had been,borrowed,0.59145015,SE,BAAI/bge-m3
38,10,Katie and Lara had been borrowing dozens of books about botany from the library.,Active Control,1,0,Katie and Lara had been,borrowing,0.34079129,SE,BAAI/bge-m3
39,10,The tragic mistake was borrowing in a hurry.,No-Attraction Violation,0,1,The tragic mistake was,borrowing,0.41051915,SE,BAAI/bge-m3
40,11,"The dark, underwater cave was exploring by the divers.",Attraction Violation,1,1,"The dark, underwater cave was",exploring,0.54375565,SE,BAAI/bge-m3
41,11,"The dark, underwater cave was explored by the divers.",Passive Control,1,1,"The dark, underwater cave was",explored,0.50185245,SE,BAAI/bge-m3
42,11,The cautious scuba divers were exploring the underwater cave.,Active Control,1,0,The cautious scuba divers were,exploring,0.57035494,SE,BAAI/bge-m3
43,11,The phone bill had been exploring at the zoo.,No-Attraction Violation,0,1,The phone bill had been,exploring,0.50214326,SE,BAAI/bge-m3
44,12,The unpleasant cough syrup was swallowing the boy.,Attraction Violation,1,1,The unpleasant cough syrup was,swallowing,0.55033046,SE,BAAI/bge-m3
45,12,The unpleasant cough syrup was swallowed by the boy.,Passive Control,1,1,The unpleasant cough syrup was,swallowed,0.58010185,SE,BAAI/bge-m3
46,12,The huge adult alligator had been swallowing fish by the bucket.,Active Control,1,0,The huge adult alligator had been,swallowing,0.46346247,SE,BAAI/bge-m3
47,12,The murder had been swallowing with disgust.,No-Attraction Violation,0,1,The murder had been,swallowing,0.522372,SE,BAAI/bge-m3
48,13,The pizza had been delivering once more.,Attraction Violation,1,1,The pizza had been,delivering,0.6057792,SE,BAAI/bge-m3
49,13,The pizza had been delivered by Antonio himself.,Passive Control,1,1,The pizza had been,delivered,0.67238134,SE,BAAI/bge-m3
50,13,The exhausted messenger had been delivering packages all over town.,Active Control,1,0,The exhausted messenger had been,delivering,0.58212066,SE,BAAI/bge-m3
51,13,A genetic mutation was delivering once more.,No-Attraction Violation,0,1,A genetic mutation was,delivering,0.49937958,SE,BAAI/bge-m3
52,14,Frank's loan application had been approving by the bank.,Attraction Violation,1,1,Frank's loan application had been,approving,0.4936881,SE,BAAI/bge-m3
53,14,Frank's loan application had been approved anyways.,Passive Control,1,1,Frank's loan application had been,approved,0.535172,SE,BAAI/bge-m3
54,14,The board of directors had been approving too many expensive projects.,Active Control,1,0,The board of directors had been,approving,0.59566563,SE,BAAI/bge-m3
55,14,Wendy's muddy car was approving the boy's request.,No-Attraction Violation,0,1,Wendy's muddy car was,approving,0.37107635,SE,BAAI/bge-m3
56,15,The cheap products had been manufacturing a Belgian firm.,Attraction Violation,1,1,The cheap products had been,manufacturing,0.52746505,SE,BAAI/bge-m3
57,15,The cheap products had been manufactured by a Belgian firm.,Passive Control,1,1,The cheap products had been,manufactured,0.6039001,SE,BAAI/bge-m3
58,15,The auto company had been manufacturing parts in China.,Active Control,1,0,The auto company had been,manufacturing,0.5760036,SE,BAAI/bge-m3
59,15,A drawing of the house had been manufacturing at a factory.,No-Attraction Violation,0,1,A drawing of the house had been,manufacturing,0.40596518,SE,BAAI/bge-m3
60,16,Their secret conversation had been overhearing by a surprised neighbor.,Attraction Violation,1,1,Their secret conversation had been,overhearing,0.5993095,SE,BAAI/bge-m3
61,16,Their secret conversation had been overheard by a surprised neighbor.,Passive Control,1,1,Their secret conversation had been,overheard,0.6348619,SE,BAAI/bge-m3
62,16,The annoyed resident had been overhearing his neighbor's phone conversations through the wall.,Active Control,1,0,The annoyed resident had been,overhearing,0.5695559,SE,BAAI/bge-m3
63,16,A wet snowball had been overhearing despite the precautions.,No-Attraction Violation,0,1,A wet snowball had been,overhearing,0.5111003,SE,BAAI/bge-m3
64,17,The rough part of the wood was sanding to perfection.,Attraction Violation,1,1,The rough part of the wood was,sanding,0.54128224,SE,BAAI/bge-m3
65,17,The rough part of the wood was sanded by the carpenter.,Passive Control,1,1,The rough part of the wood was,sanded,0.51518506,SE,BAAI/bge-m3
66,17,The skillful carpenter was sanding the rough edge of the wood.,Active Control,1,0,The skillful carpenter was,sanding,0.56208926,SE,BAAI/bge-m3
67,17,Three more martinis were sanding the chair.,No-Attraction Violation,0,1,Three more martinis were,sanding,0.4420111,SE,BAAI/bge-m3
68,18,A package had been receiving by the secretary in the office.,Attraction Violation,1,1,A package had been,receiving,0.6508216,SE,BAAI/bge-m3
69,18,A package had been received by the secretary in the office.,Passive Control,1,1,A package had been,received,0.7217695,SE,BAAI/bge-m3
70,18,The secretary had been receiving flowers all day.,Active Control,1,0,The secretary had been,receiving,0.5684375,SE,BAAI/bge-m3
71,18,The noises in the attic had been receiving assistance from the government.,No-Attraction Violation,0,1,The noises in the attic had been,receiving,0.49629477,SE,BAAI/bge-m3
72,19,The club's rules had been violating Richard.,Attraction Violation,1,1,The club's rules had been,violating,0.5163895,SE,BAAI/bge-m3
73,19,The club's rules had been violated only twice.,Passive Control,1,1,The club's rules had been,violated,0.5370604,SE,BAAI/bge-m3
74,19,The rebel had been violating the rules.,Active Control,1,0,The rebel had been,violating,0.59153795,SE,BAAI/bge-m3
75,19,Thirty pounds of potatoes had been violating only twice.,No-Attraction Violation,0,1,Thirty pounds of potatoes had been,violating,0.42917424,SE,BAAI/bge-m3
76,20,A new medication had been prescribing the physician.,Attraction Violation,1,1,A new medication had been,prescribing,0.5936831,SE,BAAI/bge-m3
77,20,A new medication had been prescribed by the physician.,Passive Control,1,1,A new medication had been,prescribed,0.6561061,SE,BAAI/bge-m3
78,20,The new doctor had been prescribing powerful painkillers for Jelena's sore knee.,Active Control,1,0,The new doctor had been,prescribing,0.5596101,SE,BAAI/bge-m3
79,20,The portrait of Napoleon had been prescribing with caution.,No-Attraction Violation,0,1,The portrait of Napoleon had been,prescribing,0.37478608,SE,BAAI/bge-m3
80,21,The wheat crops had been harvesting by the local farmers.,Attraction Violation,1,1,The wheat crops had been,harvesting,0.71104354,SE,BAAI/bge-m3
81,21,The wheat crops had been harvested after the rain.,Passive Control,1,1,The wheat crops had been,harvested,0.67620784,SE,BAAI/bge-m3
82,21,The local farmers had been harvesting the corn all week.,Active Control,1,0,The local farmers had been,harvesting,0.68940747,SE,BAAI/bge-m3
83,21,The elevator button had been harvesting after the rain.,No-Attraction Violation,0,1,The elevator button had been,harvesting,0.47771224,SE,BAAI/bge-m3
84,22,The musical piece was composing by Beethoven in 1799.,Attraction Violation,1,1,The musical piece was,composing,0.6824282,SE,BAAI/bge-m3
85,22,The musical piece was composed in a dream.,Passive Control,1,1,The musical piece was,composed,0.64983094,SE,BAAI/bge-m3
86,22,Ludwig von Beethoven was composing symphonies as a teenager.,Active Control,1,0,Ludwig von Beethoven was,composing,0.48529217,SE,BAAI/bge-m3
87,22,The bank had been composing in a dream.,No-Attraction Violation,0,1,The bank had been,composing,0.4830096,SE,BAAI/bge-m3
88,23,The old lady's purse had been snatching a kid.,Attraction Violation,1,1,The old lady's purse had been,snatching,0.4861141,SE,BAAI/bge-m3
89,23,The old lady's purse had been snatched with speed.,Passive Control,1,1,The old lady's purse had been,snatched,0.53284943,SE,BAAI/bge-m3
90,23,The clever dog had been snatching cookies from the table.,Active Control,1,0,The clever dog had been,snatching,0.5095118,SE,BAAI/bge-m3
91,23,The quality of Karla's work was snatching victory from the jaws of defeat.,No-Attraction Violation,0,1,The quality of Karla's work was,snatching,0.3739563,SE,BAAI/bge-m3
92,24,Olson's bulging suitcase had been packing his assistant.,Attraction Violation,1,1,Olson's bulging suitcase had been,packing,0.62221324,SE,BAAI/bge-m3
93,24,Olson's bulging suitcase had been packed for the trip.,Passive Control,1,1,Olson's bulging suitcase had been,packed,0.64424264,SE,BAAI/bge-m3
94,24,The excited vacationers had been packing their suitcases when the hurricane hit.,Active Control,1,0,The excited vacationers had been,packing,0.56170624,SE,BAAI/bge-m3
95,24,Stormy weather had been packing for the trip.,No-Attraction Violation,0,1,Stormy weather had been,packing,0.5860473,SE,BAAI/bge-m3
96,25,Several spelling errors were noticing the careful editor.,Attraction Violation,1,1,Several spelling errors were,noticing,0.5330454,SE,BAAI/bge-m3
97,25,Several spelling errors were noticed by the careful editor.,Passive Control,1,1,Several spelling errors were,noticed,0.50333285,SE,BAAI/bge-m3
98,25,Brittany's close friends were noticing changes in her personality.,Active Control,1,0,Brittany's close friends were,noticing,0.4477971,SE,BAAI/bge-m3
99,25,The final destination had been noticing too late.,No-Attraction Violation,0,1,The final destination had been,noticing,0.49577758,SE,BAAI/bge-m3
100,26,An illegal weapon had been smuggling only once.,Attraction Violation,1,1,An illegal weapon had been,smuggling,0.6010661,SE,BAAI/bge-m3
101,26,An illegal weapon had been smuggled only once.,Passive Control,1,1,An illegal weapon had been,smuggled,0.63473576,SE,BAAI/bge-m3
102,26,The drug dealer had been smuggling heroin into Canada.,Active Control,1,0,The drug dealer had been,smuggling,0.62514055,SE,BAAI/bge-m3
103,26,Cleopatra's beauty was smuggling only once.,No-Attraction Violation,0,1,Cleopatra's beauty was,smuggling,0.3359419,SE,BAAI/bge-m3
104,27,The leftover food was discarding wastefully.,Attraction Violation,1,1,The leftover food was,discarding,0.57470703,SE,BAAI/bge-m3
105,27,The leftover food was discarded wastefully.,Passive Control,1,1,The leftover food was,discarded,0.6615226,SE,BAAI/bge-m3
106,27,The campers were discarding the leftover food.,Active Control,1,0,The campers were,discarding,0.5226112,SE,BAAI/bge-m3
107,27,The sleek new building was discarding wastefully.,No-Attraction Violation,0,1,The sleek new building was,discarding,0.47325087,SE,BAAI/bge-m3
108,28,Thirty pounds of potatoes had been peeling by the cooks.,Attraction Violation,1,1,Thirty pounds of potatoes had been,peeling,0.4462047,SE,BAAI/bge-m3
109,28,Thirty pounds of potatoes had been peeled carefully.,Passive Control,1,1,Thirty pounds of potatoes had been,peeled,0.48021296,SE,BAAI/bge-m3
110,28,The bored looking cooks had been peeling potatoes for hours.,Active Control,1,0,The bored looking cooks had been,peeling,0.4746126,SE,BAAI/bge-m3
111,28,The club's rules had been peeling the sticker off the box.,No-Attraction Violation,0,1,The club's rules had been,peeling,0.45484006,SE,BAAI/bge-m3
112,29,The grimy pots and pans had been scrubbing the dishwashers.,Attraction Violation,1,1,The grimy pots and pans had been,scrubbing,0.55771166,SE,BAAI/bge-m3
113,29,The grimy pots and pans had been scrubbed by the dishwashers.,Passive Control,1,1,The grimy pots and pans had been,scrubbed,0.59184325,SE,BAAI/bge-m3
114,29,The guys in the kitchen had been scrubbing the pots and pans.,Active Control,1,0,The guys in the kitchen had been,scrubbing,0.5421636,SE,BAAI/bge-m3
115,29,The stolen artwork had been scrubbing with vigor.,No-Attraction Violation,0,1,The stolen artwork had been,scrubbing,0.50157696,SE,BAAI/bge-m3
116,30,The roast lamb had been carving by a servant.,Attraction Violation,1,1,The roast lamb had been,carving,0.49716446,SE,BAAI/bge-m3
117,30,The roast lamb had been carved by a servant.,Passive Control,1,1,The roast lamb had been,carved,0.5251971,SE,BAAI/bge-m3
118,30,The butcher had been carving the meat.,Active Control,1,0,The butcher had been,carving,0.54890776,SE,BAAI/bge-m3
119,30,Janet's houseplants were carving before dinner.,No-Attraction Violation,0,1,Janet's houseplants were,carving,0.3948988,SE,BAAI/bge-m3
120,31,Cleopatra's beauty was admiring many people.,Attraction Violation,1,1,Cleopatra's beauty was,admiring,0.5446361,SE,BAAI/bge-m3
121,31,Cleopatra's beauty was admired always.,Passive Control,1,1,Cleopatra's beauty was,admired,0.51208436,SE,BAAI/bge-m3
122,31,The men were admiring the beautiful woman from a distance.,Active Control,1,0,The men were,admiring,0.60009795,SE,BAAI/bge-m3
123,31,An illegal weapon had been admiring always.,No-Attraction Violation,0,1,An illegal weapon had been,admiring,0.5094581,SE,BAAI/bge-m3
124,32,A wet snowball had been tossing by the girls through the window.,Attraction Violation,1,1,A wet snowball had been,tossing,0.6319099,SE,BAAI/bge-m3
125,32,A wet snowball had been tossed in anger.,Passive Control,1,1,A wet snowball had been,tossed,0.65080756,SE,BAAI/bge-m3
126,32,The baseball players had been tossing the ball around the infield.,Active Control,1,0,The baseball players had been,tossing,0.59849083,SE,BAAI/bge-m3
127,32,Their secret conversation had been tossing a steak on the grill.,No-Attraction Violation,0,1,Their secret conversation had been,tossing,0.46888375,SE,BAAI/bge-m3
128,33,The sealed envelope was opening the judge.,Attraction Violation,1,1,The sealed envelope was,opening,0.56665975,SE,BAAI/bge-m3
129,33,The sealed envelope was opened without permission.,Passive Control,1,1,The sealed envelope was,opened,0.6002766,SE,BAAI/bge-m3
130,33,Tuxedoed waiters were opening bottles of champagne for the toast.,Active Control,1,0,Tuxedoed waiters were,opening,0.4889626,SE,BAAI/bge-m3
131,33,The men's faces had been opening without permission.,No-Attraction Violation,0,1,The men's faces had been,opening,0.49047887,SE,BAAI/bge-m3
132,34,The man's beard had been shaving twice a day.,Attraction Violation,1,1,The man's beard had been,shaving,0.6484686,SE,BAAI/bge-m3
133,34,The man's beard had been shaved twice a day.,Passive Control,1,1,The man's beard had been,shaved,0.68073475,SE,BAAI/bge-m3
134,34,His uncle Ralph had been shaving his beard off.,Active Control,1,0,His uncle Ralph had been,shaving,0.49618435,SE,BAAI/bge-m3
135,34,The popular amusement park is shaving twice a day.,No-Attraction Violation,0,1,The popular amusement park is,shaving,0.41503948,SE,BAAI/bge-m3
136,35,The elevator button had been pressing slowly.,Attraction Violation,1,1,The elevator button had been,pressing,0.61318284,SE,BAAI/bge-m3
137,35,The elevator button had been pressed by the attendant.,Passive Control,1,1,The elevator button had been,pressed,0.61417407,SE,BAAI/bge-m3
138,35,The attendant had been pressing the buttons.,Active Control,1,0,The attendant had been,pressing,0.60252297,SE,BAAI/bge-m3
139,35,The wheat crops had been pressing slowly.,No-Attraction Violation,0,1,The wheat crops had been,pressing,0.5280889,SE,BAAI/bge-m3
140,36,The winning lottery numbers had been announcing the TV news.,Attraction Violation,1,1,The winning lottery numbers had been,announcing,0.48782688,SE,BAAI/bge-m3
141,36,The winning lottery numbers had been announced by the TV news.,Passive Control,1,1,The winning lottery numbers had been,announced,0.5278112,SE,BAAI/bge-m3
142,36,The flight attendant had been announcing the reason for the delay.,Active Control,1,0,The flight attendant had been,announcing,0.5659252,SE,BAAI/bge-m3
143,36,The tarnished silverware was announcing on the television.,No-Attraction Violation,0,1,The tarnished silverware was,announcing,0.43416354,SE,BAAI/bge-m3
144,37,The victim's body had been identifying at the morgue.,Attraction Violation,1,1,The victim's body had been,identifying,0.5097333,SE,BAAI/bge-m3
145,37,The victim's body had been identified by the family members.,Passive Control,1,1,The victim's body had been,identified,0.52820104,SE,BAAI/bge-m3
146,37,The laboratory technicians had been identifying the chemical.,Active Control,1,0,The laboratory technicians had been,identifying,0.45804,SE,BAAI/bge-m3
147,37,The movie was identifying rare fish for the divers.,No-Attraction Violation,0,1,The movie was,identifying,0.5081524,SE,BAAI/bge-m3
148,38,The hearty meal was devouring by the kids.,Attraction Violation,1,1,The hearty meal was,devouring,0.5898728,SE,BAAI/bge-m3
149,38,The hearty meal was devoured with gusto.,Passive Control,1,1,The hearty meal was,devoured,0.5070065,SE,BAAI/bge-m3
150,38,The hungry boys were devouring the plate of cookies when Jack arrived.,Active Control,1,0,The hungry boys were,devouring,0.5696556,SE,BAAI/bge-m3
151,38,The dusty tabletops were devouring with gusto.,No-Attraction Violation,0,1,The dusty tabletops were,devouring,0.56599754,SE,BAAI/bge-m3
152,39,The overgrown shrubs were trimming regularly.,Attraction Violation,1,1,The overgrown shrubs were,trimming,0.57995623,SE,BAAI/bge-m3
153,39,The overgrown shrubs were trimmed by a gardener.,Passive Control,1,1,The overgrown shrubs were,trimmed,0.55966896,SE,BAAI/bge-m3
154,39,A gardener was trimming the overgrown shrubbery.,Active Control,1,0,A gardener was,trimming,0.66131616,SE,BAAI/bge-m3
155,39,The alarm clock had been trimming regularly.,No-Attraction Violation,0,1,The alarm clock had been,trimming,0.5362628,SE,BAAI/bge-m3
156,40,Wilson's unreasonable proposal was rejecting by the boss.,Attraction Violation,1,1,Wilson's unreasonable proposal was,rejecting,0.47613886,SE,BAAI/bge-m3
157,40,Wilson's unreasonable proposal was rejected at the hospital.,Passive Control,1,1,Wilson's unreasonable proposal was,rejected,0.488222,SE,BAAI/bge-m3
158,40,The admissions committee was rejecting nearly every application.,Active Control,1,0,The admissions committee was,rejecting,0.545226,SE,BAAI/bge-m3
159,40,The rare bird's behavior was rejecting all offers.,No-Attraction Violation,0,1,The rare bird's behavior was,rejecting,0.45807862,SE,BAAI/bge-m3
160,41,Hathaway's gigantic fortune had been inheriting by his daughters.,Attraction Violation,1,1,Hathaway's gigantic fortune had been,inheriting,0.41344142,SE,BAAI/bge-m3
161,41,Hathaway's gigantic fortune had been inherited by his daughters.,Passive Control,1,1,Hathaway's gigantic fortune had been,inherited,0.41463903,SE,BAAI/bge-m3
162,41,Generations of aristocratic Englishmen have been inheriting their fortunes.,Active Control,1,0,Generations of aristocratic Englishmen have been,inheriting,0.51768005,SE,BAAI/bge-m3
163,41,The strange mystery had been inheriting the estate from her grandmother.,No-Attraction Violation,0,1,The strange mystery had been,inheriting,0.4909116,SE,BAAI/bge-m3
164,42,All of her money had been spending before the wedding.,Attraction Violation,1,1,All of her money had been,spending,0.52518237,SE,BAAI/bge-m3
165,42,All of her money had been spent before the wedding.,Passive Control,1,1,All of her money had been,spent,0.589015,SE,BAAI/bge-m3
166,42,The shopping fanatic had been spending all her money in Bloomingdales.,Active Control,1,0,The shopping fanatic had been,spending,0.5884394,SE,BAAI/bge-m3
167,42,Patty's overgrown lawn was spending its time on the beach.,No-Attraction Violation,0,1,Patty's overgrown lawn was,spending,0.3834225,SE,BAAI/bge-m3
168,43,An appointment was scheduling by the secretary.,Attraction Violation,1,1,An appointment was,scheduling,0.6884948,SE,BAAI/bge-m3
169,43,An appointment was scheduled by the secretary.,Passive Control,1,1,An appointment was,scheduled,0.7081258,SE,BAAI/bge-m3
170,43,The secretary was scheduling new appointments for the afternoon.,Active Control,1,0,The secretary was,scheduling,0.57736653,SE,BAAI/bge-m3
171,43,The legal contract had been scheduling for next week.,No-Attraction Violation,0,1,The legal contract had been,scheduling,0.5485723,SE,BAAI/bge-m3
172,44,The men's faces had been photographing by a security camera.,Attraction Violation,1,1,The men's faces had been,photographing,0.5541337,SE,BAAI/bge-m3
173,44,The men's faces had been photographed by a security camera.,Passive Control,1,1,The men's faces had been,photographed,0.66086346,SE,BAAI/bge-m3
174,44,The intrusive reporter had been photographing the celebrities at the party.,Active Control,1,0,The intrusive reporter had been,photographing,0.5540628,SE,BAAI/bge-m3
175,44,The sealed envelope was photographing at the party.,No-Attraction Violation,0,1,The sealed envelope was,photographing,0.49802783,SE,BAAI/bge-m3
176,45,The broken television had been repairing the technician.,Attraction Violation,1,1,The broken television had been,repairing,0.6228553,SE,BAAI/bge-m3
177,45,The broken television had been repaired by the technician.,Passive Control,1,1,The broken television had been,repaired,0.6424503,SE,BAAI/bge-m3
178,45,The competent technician had been repairing the television.,Active Control,1,0,The competent technician had been,repairing,0.62674296,SE,BAAI/bge-m3
179,45,Larry's note had been repairing the computer's hard drive.,No-Attraction Violation,0,1,Larry's note had been,repairing,0.49788758,SE,BAAI/bge-m3
180,46,The alarm clock had been unplugging accidentally.,Attraction Violation,1,1,The alarm clock had been,unplugging,0.63566935,SE,BAAI/bge-m3
181,46,The alarm clock had been unplugged late.,Passive Control,1,1,The alarm clock had been,unplugged,0.62847996,SE,BAAI/bge-m3
182,46,The frantic woman had been unplugging every electrical device in the house.,Active Control,1,0,The frantic woman had been,unplugging,0.5348081,SE,BAAI/bge-m3
183,46,The overgrown shrubs were unplugging accidentally.,No-Attraction Violation,0,1,The overgrown shrubs were,unplugging,0.49554822,SE,BAAI/bge-m3
184,47,The car door had been unlocking late at night.,Attraction Violation,1,1,The car door had been,unlocking,0.6055908,SE,BAAI/bge-m3
185,47,The car door had been unlocked by the child.,Passive Control,1,1,The car door had been,unlocked,0.6292125,SE,BAAI/bge-m3
186,47,The babysitter had been unlocking the back door.,Active Control,1,0,The babysitter had been,unlocking,0.5344609,SE,BAAI/bge-m3
187,47,The Queen's 80th birthday was unlocking late at night.,No-Attraction Violation,0,1,The Queen's 80th birthday was,unlocking,0.32159832,SE,BAAI/bge-m3
188,48,The portrait of Napoleon had been painting by a Dutch artist.,Attraction Violation,1,1,The portrait of Napoleon had been,painting,0.5807121,SE,BAAI/bge-m3
189,48,The portrait of Napoleon had been painted by a Dutch artist.,Passive Control,1,1,The portrait of Napoleon had been,painted,0.630169,SE,BAAI/bge-m3
190,48,The French Impressionist artists had been painting with a focus on light and color.,Active Control,1,0,The French Impressionist artists had been,painting,0.5817296,SE,BAAI/bge-m3
191,48,A new medication had been painting on Tuesday.,No-Attraction Violation,0,1,A new medication had been,painting,0.49603164,SE,BAAI/bge-m3
192,49,The embarrassing allegations had been denying by the mayor.,Attraction Violation,1,1,The embarrassing allegations had been,denying,0.56029725,SE,BAAI/bge-m3
193,49,The embarrassing allegations had been denied by the mayor.,Passive Control,1,1,The embarrassing allegations had been,denied,0.5382422,SE,BAAI/bge-m3
194,49,The embarassed mayor had been denying allegations of corruption.,Active Control,1,0,The embarassed mayor had been,denying,0.46617192,SE,BAAI/bge-m3
195,49,Tamara's birthday gift had been denying the rumor.,No-Attraction Violation,0,1,Tamara's birthday gift had been,denying,0.37623608,SE,BAAI/bge-m3
196,50,The noises in the attic had been hearing nightly.,Attraction Violation,1,1,The noises in the attic had been,hearing,0.5782793,SE,BAAI/bge-m3
197,50,The noises in the attic had been heard by the boys.,Passive Control,1,1,The noises in the attic had been,heard,0.6151274,SE,BAAI/bge-m3
198,50,The frightened campers had been hearing noises in the woods.,Active Control,1,0,The frightened campers had been,hearing,0.44941378,SE,BAAI/bge-m3
199,50,A package had been hearing nightly.,No-Attraction Violation,0,1,A package had been,hearing,0.5535454,SE,BAAI/bge-m3
200,51,The appetizers had been serving before the meal.,Attraction Violation,1,1,The appetizers had been,serving,0.6540639,SE,BAAI/bge-m3
201,51,The appetizers had been served before the meal.,Passive Control,1,1,The appetizers had been,served,0.6293668,SE,BAAI/bge-m3
202,51,The waiters had been serving the meal.,Active Control,1,0,The waiters had been,serving,0.7121936,SE,BAAI/bge-m3
203,51,The final exams had been serving before the meal.,No-Attraction Violation,0,1,The final exams had been,serving,0.49512097,SE,BAAI/bge-m3
204,52,Billy's unruly hair was combing his mother to one side.,Attraction Violation,1,1,Billy's unruly hair was,combing,0.47382832,SE,BAAI/bge-m3
205,52,Billy's unruly hair was combed by his mother to one side.,Passive Control,1,1,Billy's unruly hair was,combed,0.36716205,SE,BAAI/bge-m3
206,52,The patient barber was combing the boy's hair to one side.,Active Control,1,0,The patient barber was,combing,0.5529253,SE,BAAI/bge-m3
207,52,The girl's disease was combing the area for escaped prisoners.,No-Attraction Violation,0,1,The girl's disease was,combing,0.44760343,SE,BAAI/bge-m3
208,53,A drawing of the house had been sketching again.,Attraction Violation,1,1,A drawing of the house had been,sketching,0.6389669,SE,BAAI/bge-m3
209,53,A drawing of the house had been sketched again.,Passive Control,1,1,A drawing of the house had been,sketched,0.6770717,SE,BAAI/bge-m3
210,53,An artist in the studio had been sketching the house.,Active Control,1,0,An artist in the studio had been,sketching,0.68964654,SE,BAAI/bge-m3
211,53,The cheap products had been sketching again.,No-Attraction Violation,0,1,The cheap products had been,sketching,0.47107992,SE,BAAI/bge-m3
212,54,The simple coffin was burying the villagers.,Attraction Violation,1,1,The simple coffin was,burying,0.61276436,SE,BAAI/bge-m3
213,54,The simple coffin was buried at the church.,Passive Control,1,1,The simple coffin was,buried,0.6062126,SE,BAAI/bge-m3
214,54,The tribal people were burying their dead.,Active Control,1,0,The tribal people were,burying,0.49406138,SE,BAAI/bge-m3
215,54,The vocabulary list was burying at the church.,No-Attraction Violation,0,1,The vocabulary list was,burying,0.42385313,SE,BAAI/bge-m3
216,55,The homicide case had been investigating diligently.,Attraction Violation,1,1,The homicide case had been,investigating,0.647799,SE,BAAI/bge-m3
217,55,The homicide case had been investigated by the FBI.,Passive Control,1,1,The homicide case had been,investigated,0.64740354,SE,BAAI/bge-m3
218,55,The FBI agents had been investigating the homicide case for weeks.,Active Control,1,0,The FBI agents had been,investigating,0.59584385,SE,BAAI/bge-m3
219,55,Martin's tonsils had been investigating the problem.,No-Attraction Violation,0,1,Martin's tonsils had been,investigating,0.4643507,SE,BAAI/bge-m3
220,56,Mark's wrinkly shirts were ironing by his mother.,Attraction Violation,1,1,Mark's wrinkly shirts were,ironing,0.47878614,SE,BAAI/bge-m3
221,56,Mark's wrinkly shirts were ironed by his mother.,Passive Control,1,1,Mark's wrinkly shirts were,ironed,0.46262705,SE,BAAI/bge-m3
222,56,Mark's doting mother was ironing his shirts while he slept.,Active Control,1,0,Mark's doting mother was,ironing,0.3636532,SE,BAAI/bge-m3
223,56,The firewood had been ironing her dress.,No-Attraction Violation,0,1,The firewood had been,ironing,0.54150844,SE,BAAI/bge-m3
224,57,An important lesson had been learning in space.,Attraction Violation,1,1,An important lesson had been,learning,0.6974706,SE,BAAI/bge-m3
225,57,An important lesson had been learned in space.,Passive Control,1,1,An important lesson had been,learned,0.70390886,SE,BAAI/bge-m3
226,57,The children had been learning Spanish.,Active Control,1,0,The children had been,learning,0.55347514,SE,BAAI/bge-m3
227,57,The bathroom floor had been learning in space.,No-Attraction Violation,0,1,The bathroom floor had been,learning,0.5179919,SE,BAAI/bge-m3
228,58,The height of the bookcase was measuring by a carpenter.,Attraction Violation,1,1,The height of the bookcase was,measuring,0.5427447,SE,BAAI/bge-m3
229,58,The height of the bookcase was measured incorrectly.,Passive Control,1,1,The height of the bookcase was,measured,0.5448557,SE,BAAI/bge-m3
230,58,The carpenter was measuring the height of the bookcase.,Active Control,1,0,The carpenter was,measuring,0.54238504,SE,BAAI/bge-m3
231,58,An urgent message had been measuring her heart rate.,No-Attraction Violation,0,1,An urgent message had been,measuring,0.47117797,SE,BAAI/bge-m3
232,59,Several important topics were discussing despite the weather.,Attraction Violation,1,1,Several important topics were,discussing,0.66005576,SE,BAAI/bge-m3
233,59,Several important topics were discussed by the board of trustees.,Passive Control,1,1,Several important topics were,discussed,0.7221516,SE,BAAI/bge-m3
234,59,The board members were discussing several important topics.,Active Control,1,0,The board members were,discussing,0.67400223,SE,BAAI/bge-m3
235,59,"The fresh, warm bread was discussing despite the weather.",No-Attraction Violation,0,1,"The fresh, warm bread was",discussing,0.5779116,SE,BAAI/bge-m3
236,60,The dusty tabletops were wiping thoroughly.,Attraction Violation,1,1,The dusty tabletops were,wiping,0.5228502,SE,BAAI/bge-m3
237,60,The dusty tabletops were wiped thoroughly.,Passive Control,1,1,The dusty tabletops were,wiped,0.55046993,SE,BAAI/bge-m3
238,60,The tired busboy was wiping for hours.,Active Control,1,0,The tired busboy was,wiping,0.47085452,SE,BAAI/bge-m3
239,60,The hearty meal was wiping thoroughly.,No-Attraction Violation,0,1,The hearty meal was,wiping,0.4504286,SE,BAAI/bge-m3
240,61,A tiny spy camera was concealing by the agent inside a flowerpot.,Attraction Violation,1,1,A tiny spy camera was,concealing,0.58097833,SE,BAAI/bge-m3
241,61,A tiny spy camera was concealed by the agent inside a flowerpot.,Passive Control,1,1,A tiny spy camera was,concealed,0.5832227,SE,BAAI/bge-m3
242,61,The sneaky lawyer was concealing the truth.,Active Control,1,0,The sneaky lawyer was,concealing,0.58261585,SE,BAAI/bge-m3
243,61,A faint light was concealing their identity.,No-Attraction Violation,0,1,A faint light was,concealing,0.599055,SE,BAAI/bge-m3
244,62,"The fresh, warm bread was slicing by the baker into halves.",Attraction Violation,1,1,"The fresh, warm bread was",slicing,0.5671894,SE,BAAI/bge-m3
245,62,"The fresh, warm bread was sliced with love.",Passive Control,1,1,"The fresh, warm bread was",sliced,0.5562358,SE,BAAI/bge-m3
246,62,The chef's assistants were slicing the mushrooms for a pie.,Active Control,1,0,The chef's assistants were,slicing,0.6086163,SE,BAAI/bge-m3
247,62,Several important topics were slicing with love.,No-Attraction Violation,0,1,Several important topics were,slicing,0.4716953,SE,BAAI/bge-m3
248,63,The tarnished silverware was polishing by the butler.,Attraction Violation,1,1,The tarnished silverware was,polishing,0.5328294,SE,BAAI/bge-m3
249,63,The tarnished silverware was polished by the butler.,Passive Control,1,1,The tarnished silverware was,polished,0.5615532,SE,BAAI/bge-m3
250,63,The thorough butler was polishing the doorknobs.,Active Control,1,0,The thorough butler was,polishing,0.55310684,SE,BAAI/bge-m3
251,63,The winning lottery numbers had been polishing his shoes.,No-Attraction Violation,0,1,The winning lottery numbers had been,polishing,0.4519506,SE,BAAI/bge-m3
252,64,Poisonous fumes had been inhaling the firefighters.,Attraction Violation,1,1,Poisonous fumes had been,inhaling,0.5837428,SE,BAAI/bge-m3
253,64,Poisonous fumes had been inhaled by the firefighters.,Passive Control,1,1,Poisonous fumes had been,inhaled,0.6294033,SE,BAAI/bge-m3
254,64,The firefighters had been inhaling the smoke.,Active Control,1,0,The firefighters had been,inhaling,0.53620124,SE,BAAI/bge-m3
255,64,The man's signature was inhaling during the fire.,No-Attraction Violation,0,1,The man's signature was,inhaling,0.50680554,SE,BAAI/bge-m3
256,65,A genetic mutation was discovering the scientists.,Attraction Violation,1,1,A genetic mutation was,discovering,0.5339971,SE,BAAI/bge-m3
257,65,A genetic mutation was discovered suddenly.,Passive Control,1,1,A genetic mutation was,discovered,0.5883217,SE,BAAI/bge-m3
258,65,The excited explorers were discovering ancient artifacts everywhere they looked.,Active Control,1,0,The excited explorers were,discovering,0.6779168,SE,BAAI/bge-m3
259,65,The pizza had been discovering new methods for making dough.,No-Attraction Violation,0,1,The pizza had been,discovering,0.51278216,SE,BAAI/bge-m3
260,66,The Queen's 80th birthday was celebrating expensively.,Attraction Violation,1,1,The Queen's 80th birthday was,celebrating,0.49025533,SE,BAAI/bge-m3
261,66,The Queen's 80th birthday was celebrated by thousands of people in the streets.,Passive Control,1,1,The Queen's 80th birthday was,celebrated,0.49026445,SE,BAAI/bge-m3
262,66,Thousands of excited fans were celebrating the Superbowl victory in the streets.,Active Control,1,0,Thousands of excited fans were,celebrating,0.6068402,SE,BAAI/bge-m3
263,66,The car door had been celebrating her promotion.,No-Attraction Violation,0,1,The car door had been,celebrating,0.5720477,SE,BAAI/bge-m3
264,67,The diagram on the chalkboard had been erasing Mrs. Larson.,Attraction Violation,1,1,The diagram on the chalkboard had been,erasing,0.49597564,SE,BAAI/bge-m3
265,67,The diagram on the chalkboard had been erased by Mrs. Larson.,Passive Control,1,1,The diagram on the chalkboard had been,erased,0.5003411,SE,BAAI/bge-m3
266,67,Mrs. Larson had been erasing the chalkboard.,Active Control,1,0,Mrs. Larson had been,erasing,0.46966583,SE,BAAI/bge-m3
267,67,Food for the homeless had been erasing over and over.,No-Attraction Violation,0,1,Food for the homeless had been,erasing,0.42130488,SE,BAAI/bge-m3
268,68,The movie was directing Steven Spielberg.,Attraction Violation,1,1,The movie was,directing,0.58432096,SE,BAAI/bge-m3
269,68,The movie was directed professionally.,Passive Control,1,1,The movie was,directed,0.63190025,SE,BAAI/bge-m3
270,68,Steven Spielberg was directing another blockbuster.,Active Control,1,0,Steven Spielberg was,directing,0.48751503,SE,BAAI/bge-m3
271,68,The victim's body had been directing the police.,No-Attraction Violation,0,1,The victim's body had been,directing,0.41743335,SE,BAAI/bge-m3
272,69,Theresa's birthday gift had been wrapping yesterday.,Attraction Violation,1,1,Theresa's birthday gift had been,wrapping,0.43059438,SE,BAAI/bge-m3
273,69,Theresa's birthday gift had been wrapped yesterday.,Passive Control,1,1,Theresa's birthday gift had been,wrapped,0.4917642,SE,BAAI/bge-m3
274,69,Theresa's loving grandmother had been wrapping the presents.,Active Control,1,0,Theresa's loving grandmother had been,wrapping,0.42230016,SE,BAAI/bge-m3
275,69,The embarrassing allegations had been wrapping yesterday.,No-Attraction Violation,0,1,The embarrassing allegations had been,wrapping,0.45386127,SE,BAAI/bge-m3
276,70,The popular amusement park is visiting by millions of tourists eh year.,Attraction Violation,1,1,The popular amusement park is,visiting,0.5139643,SE,BAAI/bge-m3
277,70,The popular amusement park is visited daily.,Passive Control,1,1,The popular amusement park is,visited,0.5000508,SE,BAAI/bge-m3
278,70,The tourists had been visiting the amusement park in the morning.,Active Control,1,0,The tourists had been,visiting,0.69248986,SE,BAAI/bge-m3
279,70,The man's beard had been visiting a friend in the hospital.,No-Attraction Violation,0,1,The man's beard had been,visiting,0.4952608,SE,BAAI/bge-m3
280,71,Ten new trees had been planting on dry land.,Attraction Violation,1,1,Ten new trees had been,planting,0.6348972,SE,BAAI/bge-m3
281,71,Ten new trees had been planted by the Forestry Service.,Passive Control,1,1,Ten new trees had been,planted,0.61272055,SE,BAAI/bge-m3
282,71,The forestry workers had been planting cedar saplings on the hillside.,Active Control,1,0,The forestry workers had been,planting,0.620651,SE,BAAI/bge-m3
283,71,The sin had been planting doubt in her mind.,No-Attraction Violation,0,1,The sin had been,planting,0.49910408,SE,BAAI/bge-m3
284,72,Food for the homeless had been donating neighborhood residents.,Attraction Violation,1,1,Food for the homeless had been,donating,0.5222982,SE,BAAI/bge-m3
285,72,Food for the homeless had been donated many times.,Passive Control,1,1,Food for the homeless had been,donated,0.5787238,SE,BAAI/bge-m3
286,72,The wealthy American philanthropist had been donating money to Romanian orphanages.,Active Control,1,0,The wealthy American philanthropist had been,donating,0.5895146,SE,BAAI/bge-m3
287,72,The diagram on the chalkboard had been donating blood.,No-Attraction Violation,0,1,The diagram on the chalkboard had been,donating,0.49099696,SE,BAAI/bge-m3
288,73,The rare bird's behavior was observing by the biologists.,Attraction Violation,1,1,The rare bird's behavior was,observing,0.57902545,SE,BAAI/bge-m3
289,73,The rare bird's behavior was observed by the biologists.,Passive Control,1,1,The rare bird's behavior was,observed,0.568913,SE,BAAI/bge-m3
290,73,The excited bird watchers were observing the rare eagle.,Active Control,1,0,The excited bird watchers were,observing,0.6674148,SE,BAAI/bge-m3
291,73,Wilson's unreasonable proposal was observing the stars.,No-Attraction Violation,0,1,Wilson's unreasonable proposal was,observing,0.38251367,SE,BAAI/bge-m3
292,74,Stormy weather had been forecasting by the weatherman.,Attraction Violation,1,1,Stormy weather had been,forecasting,0.56042385,SE,BAAI/bge-m3
293,74,Stormy weather had been forecasted by the weatherman.,Passive Control,1,1,Stormy weather had been,forecasted,0.629366,SE,BAAI/bge-m3
294,74,The weather service had been forecasting snow for the mountain areas.,Active Control,1,0,The weather service had been,forecasting,0.6145869,SE,BAAI/bge-m3
295,74,Olson's bulging suitcase had been forecasting correctly.,No-Attraction Violation,0,1,Olson's bulging suitcase had been,forecasting,0.37300885,SE,BAAI/bge-m3
296,75,The tragic mistake was regretting by Erika for many years.,Attraction Violation,1,1,The tragic mistake was,regretting,0.68237895,SE,BAAI/bge-m3
297,75,The tragic mistake was regretted years later.,Passive Control,1,1,The tragic mistake was,regretted,0.6755002,SE,BAAI/bge-m3
298,75,Erika was regretting the mistake.,Active Control,1,0,Erika was,regretting,0.4324518,SE,BAAI/bge-m3
299,75,The library books had been regretting their behavior.,No-Attraction Violation,0,1,The library books had been,regretting,0.5365327,SE,BAAI/bge-m3
300,76,The stolen artwork had been seizing without warning.,Attraction Violation,1,1,The stolen artwork had been,seizing,0.49995175,SE,BAAI/bge-m3
301,76,The stolen artwork had been seized by the border police.,Passive Control,1,1,The stolen artwork had been,seized,0.6794928,SE,BAAI/bge-m3
302,76,The police had been seizing shipments of drugs at the border.,Active Control,1,0,The police had been,seizing,0.53277516,SE,BAAI/bge-m3
303,76,The grimy pots and pans had been seizing without warning.,No-Attraction Violation,0,1,The grimy pots and pans had been,seizing,0.41585216,SE,BAAI/bge-m3
304,77,The value of the jewels was estimating the dealer.,Attraction Violation,1,1,The value of the jewels was,estimating,0.52542347,SE,BAAI/bge-m3
305,77,The value of the jewels was estimated by the dealer.,Passive Control,1,1,The value of the jewels was,estimated,0.54452914,SE,BAAI/bge-m3
306,77,The jewel expert was estimating the value of the diamond.,Active Control,1,0,The jewel expert was,estimating,0.5345836,SE,BAAI/bge-m3
307,77,The useful new gadget had been estimating professionally.,No-Attraction Violation,0,1,The useful new gadget had been,estimating,0.5345104,SE,BAAI/bge-m3
308,78,Larry's note had been scribbling his wife.,Attraction Violation,1,1,Larry's note had been,scribbling,0.55642927,SE,BAAI/bge-m3
309,78,Larry's note had been scribbled with haste.,Passive Control,1,1,Larry's note had been,scribbled,0.57928365,SE,BAAI/bge-m3
310,78,Larry's wife had been scribbling a note to him about dinner plans.,Active Control,1,0,Larry's wife had been,scribbling,0.4173591,SE,BAAI/bge-m3
311,78,The broken television had been scribbling his thoughts on a napkin.,No-Attraction Violation,0,1,The broken television had been,scribbling,0.48243165,SE,BAAI/bge-m3
312,79,Carrie's morning meeting was canceling as expected.,Attraction Violation,1,1,Carrie's morning meeting was,canceling,0.41650337,SE,BAAI/bge-m3
313,79,Carrie's morning meeting was canceled by the boss.,Passive Control,1,1,Carrie's morning meeting was,canceled,0.42312893,SE,BAAI/bge-m3
314,79,Carrie had been canceling all of her meetings.,Active Control,1,0,Carrie had been,canceling,0.46694493,SE,BAAI/bge-m3
315,79,The bubblegum had been canceling as expected.,No-Attraction Violation,0,1,The bubblegum had been,canceling,0.48995584,SE,BAAI/bge-m3
316,80,The girl's disease was curing a simple treatment.,Attraction Violation,1,1,The girl's disease was,curing,0.5591615,SE,BAAI/bge-m3
317,80,The girl's disease was cured by a simple treatment.,Passive Control,1,1,The girl's disease was,cured,0.51101047,SE,BAAI/bge-m3
318,80,The foreign doctors were curing hundreds of villagers of malaria.,Active Control,1,0,The foreign doctors were,curing,0.5599383,SE,BAAI/bge-m3
319,80,Billy's unruly hair was curing his cold.,No-Attraction Violation,0,1,Billy's unruly hair was,curing,0.38046664,SE,BAAI/bge-m3
320,81,Janet's houseplants were watering too much.,Attraction Violation,1,1,Janet's houseplants were,watering,0.48881343,SE,BAAI/bge-m3
321,81,Janet's houseplants were watered by her neighbor.,Passive Control,1,1,Janet's houseplants were,watered,0.46819094,SE,BAAI/bge-m3
322,81,The gardener was watering the plants.,Active Control,1,0,The gardener was,watering,0.6643689,SE,BAAI/bge-m3
323,81,The roast lamb had been watering too much.,No-Attraction Violation,0,1,The roast lamb had been,watering,0.5359553,SE,BAAI/bge-m3
324,82,The useful new gadget had been inventing by a bored waiter.,Attraction Violation,1,1,The useful new gadget had been,inventing,0.65444976,SE,BAAI/bge-m3
325,82,The useful new gadget had been invented by a bored waiter.,Passive Control,1,1,The useful new gadget had been,invented,0.667682,SE,BAAI/bge-m3
326,82,The resourceful engineers had been inventing tiny new devices.,Active Control,1,0,The resourceful engineers had been,inventing,0.6142525,SE,BAAI/bge-m3
327,82,The value of the jewels was inventing the digital computer.,No-Attraction Violation,0,1,The value of the jewels was,inventing,0.4602289,SE,BAAI/bge-m3
328,83,The phone bill had been paying his roommate.,Attraction Violation,1,1,The phone bill had been,paying,0.6379749,SE,BAAI/bge-m3
329,83,The phone bill had been paid quickly.,Passive Control,1,1,The phone bill had been,paid,0.5844685,SE,BAAI/bge-m3
330,83,Juan and Perry had been paying too much for their apartment.,Active Control,1,0,Juan and Perry had been,paying,0.43915066,SE,BAAI/bge-m3
331,83,"The dark, underwater cave was paying attention to the divers.",No-Attraction Violation,0,1,"The dark, underwater cave was",paying,0.3685961,SE,BAAI/bge-m3
332,84,The man's signature was forging the lawyers.,Attraction Violation,1,1,The man's signature was,forging,0.5376663,SE,BAAI/bge-m3
333,84,The man's signature was forged by the lawyers.,Passive Control,1,1,The man's signature was,forged,0.51093405,SE,BAAI/bge-m3
334,84,The con artists were forging the signatures on checks.,Active Control,1,0,The con artists were,forging,0.53111506,SE,BAAI/bge-m3
335,84,Poisonous fumes had been forging very well.,No-Attraction Violation,0,1,Poisonous fumes had been,forging,0.45171705,SE,BAAI/bge-m3
336,85,The bank had been robbing two masked men.,Attraction Violation,1,1,The bank had been,robbing,0.57903314,SE,BAAI/bge-m3
337,85,The bank had been robbed repeatedly.,Passive Control,1,1,The bank had been,robbed,0.63848734,SE,BAAI/bge-m3
338,85,The clever burglars had been robbing houses in broad daylight.,Active Control,1,0,The clever burglars had been,robbing,0.6009791,SE,BAAI/bge-m3
339,85,The musical piece was robbing repeatedly.,No-Attraction Violation,0,1,The musical piece was,robbing,0.51346487,SE,BAAI/bge-m3
340,86,An urgent message had been sending by the ambassador to the President.,Attraction Violation,1,1,An urgent message had been,sending,0.6319489,SE,BAAI/bge-m3
341,86,An urgent message had been sent again.,Passive Control,1,1,An urgent message had been,sent,0.6687472,SE,BAAI/bge-m3
342,86,The Prime Minister had been sending urgent messages to her Ambassador.,Active Control,1,0,The Prime Minister had been,sending,0.48694038,SE,BAAI/bge-m3
343,86,The height of the bookcase was sending mixed signals to the carpenter.,No-Attraction Violation,0,1,The height of the bookcase was,sending,0.41316003,SE,BAAI/bge-m3
344,87,The sleek new building was designing a team of German architects.,Attraction Violation,1,1,The sleek new building was,designing,0.5275884,SE,BAAI/bge-m3
345,87,The sleek new building was designed by a team of German architects.,Passive Control,1,1,The sleek new building was,designed,0.6098735,SE,BAAI/bge-m3
346,87,A team of architects had been designing the new building.,Active Control,1,0,A team of architects had been,designing,0.63094014,SE,BAAI/bge-m3
347,87,The leftover food was designing with flair.,No-Attraction Violation,0,1,The leftover food was,designing,0.47228003,SE,BAAI/bge-m3
348,88,The final exams had been grading in school.,Attraction Violation,1,1,The final exams had been,grading,0.5820086,SE,BAAI/bge-m3
349,88,The final exams had been graded in school.,Passive Control,1,1,The final exams had been,graded,0.56415355,SE,BAAI/bge-m3
350,88,The professor had been grading the final exams until 4 AM.,Active Control,1,0,The professor had been,grading,0.55459887,SE,BAAI/bge-m3
351,88,The appetizers had been grading Iverson's students.,No-Attraction Violation,0,1,The appetizers had been,grading,0.46878716,SE,BAAI/bge-m3
352,89,The final destination had been reaching too late.,Attraction Violation,1,1,The final destination had been,reaching,0.61412245,SE,BAAI/bge-m3
353,89,The final destination had been reached too late.,Passive Control,1,1,The final destination had been,reached,0.6004817,SE,BAAI/bge-m3
354,89,The curious child had been reaching for the cup on the table.,Active Control,1,0,The curious child had been,reaching,0.50493115,SE,BAAI/bge-m3
355,89,Several spelling errors were reaching too late.,No-Attraction Violation,0,1,Several spelling errors were,reaching,0.4480934,SE,BAAI/bge-m3
356,90,A faint light was perceiving by the rescue workers.,Attraction Violation,1,1,A faint light was,perceiving,0.5707405,SE,BAAI/bge-m3
357,90,A faint light was perceived underwater.,Passive Control,1,1,A faint light was,perceived,0.5830229,SE,BAAI/bge-m3
358,90,The worried pilot was perceiving a rattling sound in the jet's engine.,Active Control,1,0,The worried pilot was,perceiving,0.52365404,SE,BAAI/bge-m3
359,90,A tiny spy camera was perceiving underwater.,No-Attraction Violation,0,1,A tiny spy camera was,perceiving,0.5020036,SE,BAAI/bge-m3
360,91,The bubblegum had been chewing by the boy.,Attraction Violation,1,1,The bubblegum had been,chewing,0.58246493,SE,BAAI/bge-m3
361,91,The bubblegum had been chewed by the boy.,Passive Control,1,1,The bubblegum had been,chewed,0.6005663,SE,BAAI/bge-m3
362,91,The hungry dog had been chewing a bone.,Active Control,1,0,The hungry dog had been,chewing,0.5701444,SE,BAAI/bge-m3
363,91,Carrie's morning meeting was chewing for a long time.,No-Attraction Violation,0,1,Carrie's morning meeting was,chewing,0.45086205,SE,BAAI/bge-m3
364,92,Martin's tonsils had been removing at the hospital.,Attraction Violation,1,1,Martin's tonsils had been,removing,0.4400389,SE,BAAI/bge-m3
365,92,Martin's tonsils had been removed at the hospital.,Passive Control,1,1,Martin's tonsils had been,removed,0.4819912,SE,BAAI/bge-m3
366,92,The surgeon had been removing the cancerous growth.,Active Control,1,0,The surgeon had been,removing,0.51025695,SE,BAAI/bge-m3
367,92,The homicide case had been removing at the hospital.,No-Attraction Violation,0,1,The homicide case had been,removing,0.5114032,SE,BAAI/bge-m3
368,93,Mother Theresa's death was mourning millions of people.,Attraction Violation,1,1,Mother Theresa's death was,mourning,0.5217129,SE,BAAI/bge-m3
369,93,Mother Theresa's death was mourned by millions of people.,Passive Control,1,1,Mother Theresa's death was,mourned,0.50166386,SE,BAAI/bge-m3
370,93,The black-clad women were mourning the death of their brother.,Active Control,1,0,The black-clad women were,mourning,0.5244297,SE,BAAI/bge-m3
371,93,Lisa's phone had been mourning the loss of a loved one.,No-Attraction Violation,0,1,Lisa's phone had been,mourning,0.5262293,SE,BAAI/bge-m3
372,94,The bathroom floor had been mopping by a janitor.,Attraction Violation,1,1,The bathroom floor had been,mopping,0.65859455,SE,BAAI/bge-m3
373,94,The bathroom floor had been mopped in the past.,Passive Control,1,1,The bathroom floor had been,mopped,0.6512801,SE,BAAI/bge-m3
374,94,The school janitor had been mopping the bathroom.,Active Control,1,0,The school janitor had been,mopping,0.56041604,SE,BAAI/bge-m3
375,94,An important lesson had been mopping in the past.,No-Attraction Violation,0,1,An important lesson had been,mopping,0.5064958,SE,BAAI/bge-m3
376,95,The sin had been confessing by the repentant Catholic.,Attraction Violation,1,1,The sin had been,confessing,0.67270744,SE,BAAI/bge-m3
377,95,The sin had been confessed on Sunday.,Passive Control,1,1,The sin had been,confessed,0.6824323,SE,BAAI/bge-m3
378,95,The repentant Catholic had been confessing his sins.,Active Control,1,0,The repentant Catholic had been,confessing,0.69962025,SE,BAAI/bge-m3
379,95,Ten new trees had been confessing on Sunday.,No-Attraction Violation,0,1,Ten new trees had been,confessing,0.43499163,SE,BAAI/bge-m3
380,96,The strange mystery had been solving the detectives.,Attraction Violation,1,1,The strange mystery had been,solving,0.50422645,SE,BAAI/bge-m3
381,96,The strange mystery had been solved at the station.,Passive Control,1,1,The strange mystery had been,solved,0.49350178,SE,BAAI/bge-m3
382,96,The brilliant detective had been solving mysterious crimes for two decades.,Active Control,1,0,The brilliant detective had been,solving,0.5321599,SE,BAAI/bge-m3
383,96,Hathaway's gigantic fortune had been solving at the station.,No-Attraction Violation,0,1,Hathaway's gigantic fortune had been,solving,0.30911127,SE,BAAI/bge-m3
0,1,The murder had been witnessing by the three bystanders,Attraction Violation,1,1,The murder had been,witnessing,0.3780864,SE,Gameselo/STS-multilingual-mpnet-base-v2
1,1,The murder had been witnessed in the dark.,Passive Control,1,1,The murder had been,witnessed,0.51604575,SE,Gameselo/STS-multilingual-mpnet-base-v2
2,1,The bystanders had been witnessing the crime.,Active Control,1,0,The bystanders had been,witnessing,0.6286368,SE,Gameselo/STS-multilingual-mpnet-base-v2
3,1,The unpleasant cough syrup was witnessing in the dark.,No-Attraction Violation,0,1,The unpleasant cough syrup was,witnessing,0.44177645,SE,Gameselo/STS-multilingual-mpnet-base-v2
4,2,Patty's overgrown lawn was mowing the boy next door.,Attraction Violation,1,1,Patty's overgrown lawn was,mowing,0.61334556,SE,Gameselo/STS-multilingual-mpnet-base-v2
5,2,Patty's overgrown lawn was mowed only last week.,Passive Control,1,1,Patty's overgrown lawn was,mowed,0.67033637,SE,Gameselo/STS-multilingual-mpnet-base-v2
6,2,Patty's teenage son was mowing the lawn.,Active Control,1,0,Patty's teenage son was,mowing,0.4136189,SE,Gameselo/STS-multilingual-mpnet-base-v2
7,2,All of her money had been mowing the grass.,No-Attraction Violation,0,1,All of her money had been,mowing,0.28832433,SE,Gameselo/STS-multilingual-mpnet-base-v2
8,3,Three more martinis were ordering by Laurie's sister.,Attraction Violation,1,1,Three more martinis were,ordering,0.4375151,SE,Gameselo/STS-multilingual-mpnet-base-v2
9,3,Three more martinis were ordered repeatedly.,Passive Control,1,1,Three more martinis were,ordered,0.46535423,SE,Gameselo/STS-multilingual-mpnet-base-v2
10,3,"The regular customers were ordering quiche, as usual.",Active Control,1,0,The regular customers were,ordering,0.5982692,SE,Gameselo/STS-multilingual-mpnet-base-v2
11,3,The rough part of the wood was ordering late.,No-Attraction Violation,0,1,The rough part of the wood was,ordering,0.4021069,SE,Gameselo/STS-multilingual-mpnet-base-v2
12,4,The quality of Karla's work was evaluating frequently.,Attraction Violation,1,1,The quality of Karla's work was,evaluating,0.5059881,SE,Gameselo/STS-multilingual-mpnet-base-v2
13,4,The quality of Karla's work was evaluated frequently.,Passive Control,1,1,The quality of Karla's work was,evaluated,0.5668317,SE,Gameselo/STS-multilingual-mpnet-base-v2
14,4,The engineers were evaluating the success of the new device.,Active Control,1,0,The engineers were,evaluating,0.45420337,SE,Gameselo/STS-multilingual-mpnet-base-v2
15,4,The old lady's purse had been evaluating Nelson's idea.,No-Attraction Violation,0,1,The old lady's purse had been,evaluating,0.3608913,SE,Gameselo/STS-multilingual-mpnet-base-v2
16,5,The legal contract had been signing falsely.,Attraction Violation,1,1,The legal contract had been,signing,0.5872116,SE,Gameselo/STS-multilingual-mpnet-base-v2
17,5,The legal contract had been signed by the family.,Passive Control,1,1,The legal contract had been,signed,0.73396134,SE,Gameselo/STS-multilingual-mpnet-base-v2
18,5,The state's governor had been signing new legislation.,Active Control,1,0,The state's governor had been,signing,0.34885976,SE,Gameselo/STS-multilingual-mpnet-base-v2
19,5,An appointment was signing falsely.,No-Attraction Violation,0,1,An appointment was,signing,0.71363217,SE,Gameselo/STS-multilingual-mpnet-base-v2
20,6,The vocabulary list was memorizing well.,Attraction Violation,1,1,The vocabulary list was,memorizing,0.6515891,SE,Gameselo/STS-multilingual-mpnet-base-v2
21,6,The vocabulary list was memorized well.,Passive Control,1,1,The vocabulary list was,memorized,0.7318567,SE,Gameselo/STS-multilingual-mpnet-base-v2
22,6,The medical students were memorizing sample exam questions all night.,Active Control,1,0,The medical students were,memorizing,0.45617723,SE,Gameselo/STS-multilingual-mpnet-base-v2
23,6,The simple coffin was memorizing the lines of the poem.,No-Attraction Violation,0,1,The simple coffin was,memorizing,0.58345324,SE,Gameselo/STS-multilingual-mpnet-base-v2
24,7,The firewood had been chopping poorly.,Attraction Violation,1,1,The firewood had been,chopping,0.47802815,SE,Gameselo/STS-multilingual-mpnet-base-v2
25,7,The firewood had been chopped by Jen's grandfather.,Passive Control,1,1,The firewood had been,chopped,0.5306323,SE,Gameselo/STS-multilingual-mpnet-base-v2
26,7,Jen's grandfather had been chopping the firewood.,Active Control,1,0,Jen's grandfather had been,chopping,0.3348166,SE,Gameselo/STS-multilingual-mpnet-base-v2
27,7,Mark's wrinkly shirts were chopping vegetables.,No-Attraction Violation,0,1,Mark's wrinkly shirts were,chopping,0.4201947,SE,Gameselo/STS-multilingual-mpnet-base-v2
28,8,Lisa's phone had been disconnecting last month.,Attraction Violation,1,1,Lisa's phone had been,disconnecting,0.27255687,SE,Gameselo/STS-multilingual-mpnet-base-v2
29,8,Lisa's phone had been disconnected last month.,Passive Control,1,1,Lisa's phone had been,disconnected,0.3812662,SE,Gameselo/STS-multilingual-mpnet-base-v2
30,8,The electrician had been disconnecting the machine's power source.,Active Control,1,0,The electrician had been,disconnecting,0.38962287,SE,Gameselo/STS-multilingual-mpnet-base-v2
31,8,Mother Theresa's death was disconnecting the two cables.,No-Attraction Violation,0,1,Mother Theresa's death was,disconnecting,0.22323792,SE,Gameselo/STS-multilingual-mpnet-base-v2
32,9,Wendy's muddy car was washing the boys.,Attraction Violation,1,1,Wendy's muddy car was,washing,0.56621253,SE,Gameselo/STS-multilingual-mpnet-base-v2
33,9,Wendy's muddy car was washed wearily.,Passive Control,1,1,Wendy's muddy car was,washed,0.5966379,SE,Gameselo/STS-multilingual-mpnet-base-v2
34,9,Wendy and Harriet were washing the muddy car.,Active Control,1,0,Wendy and Harriet were,washing,0.5002427,SE,Gameselo/STS-multilingual-mpnet-base-v2
35,9,Frank's loan application had been washing the used pencil.,No-Attraction Violation,0,1,Frank's loan application had been,washing,0.421596,SE,Gameselo/STS-multilingual-mpnet-base-v2
36,10,The library books had been borrowing the graduate student.,Attraction Violation,1,1,The library books had been,borrowing,0.3346802,SE,Gameselo/STS-multilingual-mpnet-base-v2
37,10,The library books had been borrowed by the graduate student.,Passive Control,1,1,The library books had been,borrowed,0.45609358,SE,Gameselo/STS-multilingual-mpnet-base-v2
38,10,Katie and Lara had been borrowing dozens of books about botany from the library.,Active Control,1,0,Katie and Lara had been,borrowing,0.31412262,SE,Gameselo/STS-multilingual-mpnet-base-v2
39,10,The tragic mistake was borrowing in a hurry.,No-Attraction Violation,0,1,The tragic mistake was,borrowing,0.44508708,SE,Gameselo/STS-multilingual-mpnet-base-v2
40,11,"The dark, underwater cave was exploring by the divers.",Attraction Violation,1,1,"The dark, underwater cave was",exploring,0.57213354,SE,Gameselo/STS-multilingual-mpnet-base-v2
41,11,"The dark, underwater cave was explored by the divers.",Passive Control,1,1,"The dark, underwater cave was",explored,0.6274624,SE,Gameselo/STS-multilingual-mpnet-base-v2
42,11,The cautious scuba divers were exploring the underwater cave.,Active Control,1,0,The cautious scuba divers were,exploring,0.617683,SE,Gameselo/STS-multilingual-mpnet-base-v2
43,11,The phone bill had been exploring at the zoo.,No-Attraction Violation,0,1,The phone bill had been,exploring,0.2911596,SE,Gameselo/STS-multilingual-mpnet-base-v2
44,12,The unpleasant cough syrup was swallowing the boy.,Attraction Violation,1,1,The unpleasant cough syrup was,swallowing,0.68993247,SE,Gameselo/STS-multilingual-mpnet-base-v2
45,12,The unpleasant cough syrup was swallowed by the boy.,Passive Control,1,1,The unpleasant cough syrup was,swallowed,0.6800301,SE,Gameselo/STS-multilingual-mpnet-base-v2
46,12,The huge adult alligator had been swallowing fish by the bucket.,Active Control,1,0,The huge adult alligator had been,swallowing,0.50626636,SE,Gameselo/STS-multilingual-mpnet-base-v2
47,12,The murder had been swallowing with disgust.,No-Attraction Violation,0,1,The murder had been,swallowing,0.45647228,SE,Gameselo/STS-multilingual-mpnet-base-v2
48,13,The pizza had been delivering once more.,Attraction Violation,1,1,The pizza had been,delivering,0.5090628,SE,Gameselo/STS-multilingual-mpnet-base-v2
49,13,The pizza had been delivered by Antonio himself.,Passive Control,1,1,The pizza had been,delivered,0.636399,SE,Gameselo/STS-multilingual-mpnet-base-v2
50,13,The exhausted messenger had been delivering packages all over town.,Active Control,1,0,The exhausted messenger had been,delivering,0.5670162,SE,Gameselo/STS-multilingual-mpnet-base-v2
51,13,A genetic mutation was delivering once more.,No-Attraction Violation,0,1,A genetic mutation was,delivering,0.3850129,SE,Gameselo/STS-multilingual-mpnet-base-v2
52,14,Frank's loan application had been approving by the bank.,Attraction Violation,1,1,Frank's loan application had been,approving,0.5115397,SE,Gameselo/STS-multilingual-mpnet-base-v2
53,14,Frank's loan application had been approved anyways.,Passive Control,1,1,Frank's loan application had been,approved,0.6038791,SE,Gameselo/STS-multilingual-mpnet-base-v2
54,14,The board of directors had been approving too many expensive projects.,Active Control,1,0,The board of directors had been,approving,0.59961075,SE,Gameselo/STS-multilingual-mpnet-base-v2
55,14,Wendy's muddy car was approving the boy's request.,No-Attraction Violation,0,1,Wendy's muddy car was,approving,0.53355753,SE,Gameselo/STS-multilingual-mpnet-base-v2
56,15,The cheap products had been manufacturing a Belgian firm.,Attraction Violation,1,1,The cheap products had been,manufacturing,0.4559936,SE,Gameselo/STS-multilingual-mpnet-base-v2
57,15,The cheap products had been manufactured by a Belgian firm.,Passive Control,1,1,The cheap products had been,manufactured,0.5872833,SE,Gameselo/STS-multilingual-mpnet-base-v2
58,15,The auto company had been manufacturing parts in China.,Active Control,1,0,The auto company had been,manufacturing,0.50483173,SE,Gameselo/STS-multilingual-mpnet-base-v2
59,15,A drawing of the house had been manufacturing at a factory.,No-Attraction Violation,0,1,A drawing of the house had been,manufacturing,0.42403862,SE,Gameselo/STS-multilingual-mpnet-base-v2
60,16,Their secret conversation had been overhearing by a surprised neighbor.,Attraction Violation,1,1,Their secret conversation had been,overhearing,0.47428742,SE,Gameselo/STS-multilingual-mpnet-base-v2
61,16,Their secret conversation had been overheard by a surprised neighbor.,Passive Control,1,1,Their secret conversation had been,overheard,0.64671296,SE,Gameselo/STS-multilingual-mpnet-base-v2
62,16,The annoyed resident had been overhearing his neighbor's phone conversations through the wall.,Active Control,1,0,The annoyed resident had been,overhearing,0.47417825,SE,Gameselo/STS-multilingual-mpnet-base-v2
63,16,A wet snowball had been overhearing despite the precautions.,No-Attraction Violation,0,1,A wet snowball had been,overhearing,0.45959178,SE,Gameselo/STS-multilingual-mpnet-base-v2
64,17,The rough part of the wood was sanding to perfection.,Attraction Violation,1,1,The rough part of the wood was,sanding,0.4718305,SE,Gameselo/STS-multilingual-mpnet-base-v2
65,17,The rough part of the wood was sanded by the carpenter.,Passive Control,1,1,The rough part of the wood was,sanded,0.47831744,SE,Gameselo/STS-multilingual-mpnet-base-v2
66,17,The skillful carpenter was sanding the rough edge of the wood.,Active Control,1,0,The skillful carpenter was,sanding,0.54088044,SE,Gameselo/STS-multilingual-mpnet-base-v2
67,17,Three more martinis were sanding the chair.,No-Attraction Violation,0,1,Three more martinis were,sanding,0.520922,SE,Gameselo/STS-multilingual-mpnet-base-v2
68,18,A package had been receiving by the secretary in the office.,Attraction Violation,1,1,A package had been,receiving,0.55467343,SE,Gameselo/STS-multilingual-mpnet-base-v2
69,18,A package had been received by the secretary in the office.,Passive Control,1,1,A package had been,received,0.6994155,SE,Gameselo/STS-multilingual-mpnet-base-v2
70,18,The secretary had been receiving flowers all day.,Active Control,1,0,The secretary had been,receiving,0.4469369,SE,Gameselo/STS-multilingual-mpnet-base-v2
71,18,The noises in the attic had been receiving assistance from the government.,No-Attraction Violation,0,1,The noises in the attic had been,receiving,0.38929728,SE,Gameselo/STS-multilingual-mpnet-base-v2
72,19,The club's rules had been violating Richard.,Attraction Violation,1,1,The club's rules had been,violating,0.529485,SE,Gameselo/STS-multilingual-mpnet-base-v2
73,19,The club's rules had been violated only twice.,Passive Control,1,1,The club's rules had been,violated,0.5607501,SE,Gameselo/STS-multilingual-mpnet-base-v2
74,19,The rebel had been violating the rules.,Active Control,1,0,The rebel had been,violating,0.54509896,SE,Gameselo/STS-multilingual-mpnet-base-v2
75,19,Thirty pounds of potatoes had been violating only twice.,No-Attraction Violation,0,1,Thirty pounds of potatoes had been,violating,0.47238848,SE,Gameselo/STS-multilingual-mpnet-base-v2
76,20,A new medication had been prescribing the physician.,Attraction Violation,1,1,A new medication had been,prescribing,0.7299123,SE,Gameselo/STS-multilingual-mpnet-base-v2
77,20,A new medication had been prescribed by the physician.,Passive Control,1,1,A new medication had been,prescribed,0.7659084,SE,Gameselo/STS-multilingual-mpnet-base-v2
78,20,The new doctor had been prescribing powerful painkillers for Jelena's sore knee.,Active Control,1,0,The new doctor had been,prescribing,0.5402103,SE,Gameselo/STS-multilingual-mpnet-base-v2
79,20,The portrait of Napoleon had been prescribing with caution.,No-Attraction Violation,0,1,The portrait of Napoleon had been,prescribing,0.4245863,SE,Gameselo/STS-multilingual-mpnet-base-v2
80,21,The wheat crops had been harvesting by the local farmers.,Attraction Violation,1,1,The wheat crops had been,harvesting,0.50437075,SE,Gameselo/STS-multilingual-mpnet-base-v2
81,21,The wheat crops had been harvested after the rain.,Passive Control,1,1,The wheat crops had been,harvested,0.5924303,SE,Gameselo/STS-multilingual-mpnet-base-v2
82,21,The local farmers had been harvesting the corn all week.,Active Control,1,0,The local farmers had been,harvesting,0.54796904,SE,Gameselo/STS-multilingual-mpnet-base-v2
83,21,The elevator button had been harvesting after the rain.,No-Attraction Violation,0,1,The elevator button had been,harvesting,0.37141916,SE,Gameselo/STS-multilingual-mpnet-base-v2
84,22,The musical piece was composing by Beethoven in 1799.,Attraction Violation,1,1,The musical piece was,composing,0.5902055,SE,Gameselo/STS-multilingual-mpnet-base-v2
85,22,The musical piece was composed in a dream.,Passive Control,1,1,The musical piece was,composed,0.70068485,SE,Gameselo/STS-multilingual-mpnet-base-v2
86,22,Ludwig von Beethoven was composing symphonies as a teenager.,Active Control,1,0,Ludwig von Beethoven was,composing,0.6780252,SE,Gameselo/STS-multilingual-mpnet-base-v2
87,22,The bank had been composing in a dream.,No-Attraction Violation,0,1,The bank had been,composing,0.41956988,SE,Gameselo/STS-multilingual-mpnet-base-v2
88,23,The old lady's purse had been snatching a kid.,Attraction Violation,1,1,The old lady's purse had been,snatching,0.36143404,SE,Gameselo/STS-multilingual-mpnet-base-v2
89,23,The old lady's purse had been snatched with speed.,Passive Control,1,1,The old lady's purse had been,snatched,0.42011532,SE,Gameselo/STS-multilingual-mpnet-base-v2
90,23,The clever dog had been snatching cookies from the table.,Active Control,1,0,The clever dog had been,snatching,0.44817555,SE,Gameselo/STS-multilingual-mpnet-base-v2
91,23,The quality of Karla's work was snatching victory from the jaws of defeat.,No-Attraction Violation,0,1,The quality of Karla's work was,snatching,0.2683092,SE,Gameselo/STS-multilingual-mpnet-base-v2
92,24,Olson's bulging suitcase had been packing his assistant.,Attraction Violation,1,1,Olson's bulging suitcase had been,packing,0.63888896,SE,Gameselo/STS-multilingual-mpnet-base-v2
93,24,Olson's bulging suitcase had been packed for the trip.,Passive Control,1,1,Olson's bulging suitcase had been,packed,0.6471013,SE,Gameselo/STS-multilingual-mpnet-base-v2
94,24,The excited vacationers had been packing their suitcases when the hurricane hit.,Active Control,1,0,The excited vacationers had been,packing,0.582468,SE,Gameselo/STS-multilingual-mpnet-base-v2
95,24,Stormy weather had been packing for the trip.,No-Attraction Violation,0,1,Stormy weather had been,packing,0.4421825,SE,Gameselo/STS-multilingual-mpnet-base-v2
96,25,Several spelling errors were noticing the careful editor.,Attraction Violation,1,1,Several spelling errors were,noticing,0.55825627,SE,Gameselo/STS-multilingual-mpnet-base-v2
97,25,Several spelling errors were noticed by the careful editor.,Passive Control,1,1,Several spelling errors were,noticed,0.62707996,SE,Gameselo/STS-multilingual-mpnet-base-v2
98,25,Brittany's close friends were noticing changes in her personality.,Active Control,1,0,Brittany's close friends were,noticing,0.53466785,SE,Gameselo/STS-multilingual-mpnet-base-v2
99,25,The final destination had been noticing too late.,No-Attraction Violation,0,1,The final destination had been,noticing,0.4022339,SE,Gameselo/STS-multilingual-mpnet-base-v2
100,26,An illegal weapon had been smuggling only once.,Attraction Violation,1,1,An illegal weapon had been,smuggling,0.5450788,SE,Gameselo/STS-multilingual-mpnet-base-v2
101,26,An illegal weapon had been smuggled only once.,Passive Control,1,1,An illegal weapon had been,smuggled,0.6194711,SE,Gameselo/STS-multilingual-mpnet-base-v2
102,26,The drug dealer had been smuggling heroin into Canada.,Active Control,1,0,The drug dealer had been,smuggling,0.5472444,SE,Gameselo/STS-multilingual-mpnet-base-v2
103,26,Cleopatra's beauty was smuggling only once.,No-Attraction Violation,0,1,Cleopatra's beauty was,smuggling,0.43857467,SE,Gameselo/STS-multilingual-mpnet-base-v2
104,27,The leftover food was discarding wastefully.,Attraction Violation,1,1,The leftover food was,discarding,0.5146679,SE,Gameselo/STS-multilingual-mpnet-base-v2
105,27,The leftover food was discarded wastefully.,Passive Control,1,1,The leftover food was,discarded,0.55203474,SE,Gameselo/STS-multilingual-mpnet-base-v2
106,27,The campers were discarding the leftover food.,Active Control,1,0,The campers were,discarding,0.4852022,SE,Gameselo/STS-multilingual-mpnet-base-v2
107,27,The sleek new building was discarding wastefully.,No-Attraction Violation,0,1,The sleek new building was,discarding,0.49740192,SE,Gameselo/STS-multilingual-mpnet-base-v2
108,28,Thirty pounds of potatoes had been peeling by the cooks.,Attraction Violation,1,1,Thirty pounds of potatoes had been,peeling,0.53927463,SE,Gameselo/STS-multilingual-mpnet-base-v2
109,28,Thirty pounds of potatoes had been peeled carefully.,Passive Control,1,1,Thirty pounds of potatoes had been,peeled,0.58184314,SE,Gameselo/STS-multilingual-mpnet-base-v2
110,28,The bored looking cooks had been peeling potatoes for hours.,Active Control,1,0,The bored looking cooks had been,peeling,0.6473345,SE,Gameselo/STS-multilingual-mpnet-base-v2
111,28,The club's rules had been peeling the sticker off the box.,No-Attraction Violation,0,1,The club's rules had been,peeling,0.50000906,SE,Gameselo/STS-multilingual-mpnet-base-v2
112,29,The grimy pots and pans had been scrubbing the dishwashers.,Attraction Violation,1,1,The grimy pots and pans had been,scrubbing,0.5245465,SE,Gameselo/STS-multilingual-mpnet-base-v2
113,29,The grimy pots and pans had been scrubbed by the dishwashers.,Passive Control,1,1,The grimy pots and pans had been,scrubbed,0.5835095,SE,Gameselo/STS-multilingual-mpnet-base-v2
114,29,The guys in the kitchen had been scrubbing the pots and pans.,Active Control,1,0,The guys in the kitchen had been,scrubbing,0.42712387,SE,Gameselo/STS-multilingual-mpnet-base-v2
115,29,The stolen artwork had been scrubbing with vigor.,No-Attraction Violation,0,1,The stolen artwork had been,scrubbing,0.48226696,SE,Gameselo/STS-multilingual-mpnet-base-v2
116,30,The roast lamb had been carving by a servant.,Attraction Violation,1,1,The roast lamb had been,carving,0.46709865,SE,Gameselo/STS-multilingual-mpnet-base-v2
117,30,The roast lamb had been carved by a servant.,Passive Control,1,1,The roast lamb had been,carved,0.5051237,SE,Gameselo/STS-multilingual-mpnet-base-v2
118,30,The butcher had been carving the meat.,Active Control,1,0,The butcher had been,carving,0.508824,SE,Gameselo/STS-multilingual-mpnet-base-v2
119,30,Janet's houseplants were carving before dinner.,No-Attraction Violation,0,1,Janet's houseplants were,carving,0.45126548,SE,Gameselo/STS-multilingual-mpnet-base-v2
120,31,Cleopatra's beauty was admiring many people.,Attraction Violation,1,1,Cleopatra's beauty was,admiring,0.6505847,SE,Gameselo/STS-multilingual-mpnet-base-v2
121,31,Cleopatra's beauty was admired always.,Passive Control,1,1,Cleopatra's beauty was,admired,0.65897256,SE,Gameselo/STS-multilingual-mpnet-base-v2
122,31,The men were admiring the beautiful woman from a distance.,Active Control,1,0,The men were,admiring,0.5587589,SE,Gameselo/STS-multilingual-mpnet-base-v2
123,31,An illegal weapon had been admiring always.,No-Attraction Violation,0,1,An illegal weapon had been,admiring,0.54328275,SE,Gameselo/STS-multilingual-mpnet-base-v2
124,32,A wet snowball had been tossing by the girls through the window.,Attraction Violation,1,1,A wet snowball had been,tossing,0.5580338,SE,Gameselo/STS-multilingual-mpnet-base-v2
125,32,A wet snowball had been tossed in anger.,Passive Control,1,1,A wet snowball had been,tossed,0.61044383,SE,Gameselo/STS-multilingual-mpnet-base-v2
126,32,The baseball players had been tossing the ball around the infield.,Active Control,1,0,The baseball players had been,tossing,0.4552665,SE,Gameselo/STS-multilingual-mpnet-base-v2
127,32,Their secret conversation had been tossing a steak on the grill.,No-Attraction Violation,0,1,Their secret conversation had been,tossing,0.4674589,SE,Gameselo/STS-multilingual-mpnet-base-v2
128,33,The sealed envelope was opening the judge.,Attraction Violation,1,1,The sealed envelope was,opening,0.51537603,SE,Gameselo/STS-multilingual-mpnet-base-v2
129,33,The sealed envelope was opened without permission.,Passive Control,1,1,The sealed envelope was,opened,0.5286219,SE,Gameselo/STS-multilingual-mpnet-base-v2
130,33,Tuxedoed waiters were opening bottles of champagne for the toast.,Active Control,1,0,Tuxedoed waiters were,opening,0.44592792,SE,Gameselo/STS-multilingual-mpnet-base-v2
131,33,The men's faces had been opening without permission.,No-Attraction Violation,0,1,The men's faces had been,opening,0.3959833,SE,Gameselo/STS-multilingual-mpnet-base-v2
132,34,The man's beard had been shaving twice a day.,Attraction Violation,1,1,The man's beard had been,shaving,0.57309866,SE,Gameselo/STS-multilingual-mpnet-base-v2
133,34,The man's beard had been shaved twice a day.,Passive Control,1,1,The man's beard had been,shaved,0.67257524,SE,Gameselo/STS-multilingual-mpnet-base-v2
134,34,His uncle Ralph had been shaving his beard off.,Active Control,1,0,His uncle Ralph had been,shaving,0.3439802,SE,Gameselo/STS-multilingual-mpnet-base-v2
135,34,The popular amusement park is shaving twice a day.,No-Attraction Violation,0,1,The popular amusement park is,shaving,0.39653704,SE,Gameselo/STS-multilingual-mpnet-base-v2
136,35,The elevator button had been pressing slowly.,Attraction Violation,1,1,The elevator button had been,pressing,0.603425,SE,Gameselo/STS-multilingual-mpnet-base-v2
137,35,The elevator button had been pressed by the attendant.,Passive Control,1,1,The elevator button had been,pressed,0.6097807,SE,Gameselo/STS-multilingual-mpnet-base-v2
138,35,The attendant had been pressing the buttons.,Active Control,1,0,The attendant had been,pressing,0.52673304,SE,Gameselo/STS-multilingual-mpnet-base-v2
139,35,The wheat crops had been pressing slowly.,No-Attraction Violation,0,1,The wheat crops had been,pressing,0.43743566,SE,Gameselo/STS-multilingual-mpnet-base-v2
140,36,The winning lottery numbers had been announcing the TV news.,Attraction Violation,1,1,The winning lottery numbers had been,announcing,0.5656345,SE,Gameselo/STS-multilingual-mpnet-base-v2
141,36,The winning lottery numbers had been announced by the TV news.,Passive Control,1,1,The winning lottery numbers had been,announced,0.63300353,SE,Gameselo/STS-multilingual-mpnet-base-v2
142,36,The flight attendant had been announcing the reason for the delay.,Active Control,1,0,The flight attendant had been,announcing,0.5052902,SE,Gameselo/STS-multilingual-mpnet-base-v2
143,36,The tarnished silverware was announcing on the television.,No-Attraction Violation,0,1,The tarnished silverware was,announcing,0.51984364,SE,Gameselo/STS-multilingual-mpnet-base-v2
144,37,The victim's body had been identifying at the morgue.,Attraction Violation,1,1,The victim's body had been,identifying,0.49784505,SE,Gameselo/STS-multilingual-mpnet-base-v2
145,37,The victim's body had been identified by the family members.,Passive Control,1,1,The victim's body had been,identified,0.57345515,SE,Gameselo/STS-multilingual-mpnet-base-v2
146,37,The laboratory technicians had been identifying the chemical.,Active Control,1,0,The laboratory technicians had been,identifying,0.4739841,SE,Gameselo/STS-multilingual-mpnet-base-v2
147,37,The movie was identifying rare fish for the divers.,No-Attraction Violation,0,1,The movie was,identifying,0.53568995,SE,Gameselo/STS-multilingual-mpnet-base-v2
148,38,The hearty meal was devouring by the kids.,Attraction Violation,1,1,The hearty meal was,devouring,0.6800121,SE,Gameselo/STS-multilingual-mpnet-base-v2
149,38,The hearty meal was devoured with gusto.,Passive Control,1,1,The hearty meal was,devoured,0.7174098,SE,Gameselo/STS-multilingual-mpnet-base-v2
150,38,The hungry boys were devouring the plate of cookies when Jack arrived.,Active Control,1,0,The hungry boys were,devouring,0.6578579,SE,Gameselo/STS-multilingual-mpnet-base-v2
151,38,The dusty tabletops were devouring with gusto.,No-Attraction Violation,0,1,The dusty tabletops were,devouring,0.55791205,SE,Gameselo/STS-multilingual-mpnet-base-v2
152,39,The overgrown shrubs were trimming regularly.,Attraction Violation,1,1,The overgrown shrubs were,trimming,0.47476494,SE,Gameselo/STS-multilingual-mpnet-base-v2
153,39,The overgrown shrubs were trimmed by a gardener.,Passive Control,1,1,The overgrown shrubs were,trimmed,0.6037922,SE,Gameselo/STS-multilingual-mpnet-base-v2
154,39,A gardener was trimming the overgrown shrubbery.,Active Control,1,0,A gardener was,trimming,0.46665737,SE,Gameselo/STS-multilingual-mpnet-base-v2
155,39,The alarm clock had been trimming regularly.,No-Attraction Violation,0,1,The alarm clock had been,trimming,0.40182647,SE,Gameselo/STS-multilingual-mpnet-base-v2
156,40,Wilson's unreasonable proposal was rejecting by the boss.,Attraction Violation,1,1,Wilson's unreasonable proposal was,rejecting,0.55266696,SE,Gameselo/STS-multilingual-mpnet-base-v2
157,40,Wilson's unreasonable proposal was rejected at the hospital.,Passive Control,1,1,Wilson's unreasonable proposal was,rejected,0.62204283,SE,Gameselo/STS-multilingual-mpnet-base-v2
158,40,The admissions committee was rejecting nearly every application.,Active Control,1,0,The admissions committee was,rejecting,0.471074,SE,Gameselo/STS-multilingual-mpnet-base-v2
159,40,The rare bird's behavior was rejecting all offers.,No-Attraction Violation,0,1,The rare bird's behavior was,rejecting,0.48271292,SE,Gameselo/STS-multilingual-mpnet-base-v2
160,41,Hathaway's gigantic fortune had been inheriting by his daughters.,Attraction Violation,1,1,Hathaway's gigantic fortune had been,inheriting,0.43695024,SE,Gameselo/STS-multilingual-mpnet-base-v2
161,41,Hathaway's gigantic fortune had been inherited by his daughters.,Passive Control,1,1,Hathaway's gigantic fortune had been,inherited,0.46876004,SE,Gameselo/STS-multilingual-mpnet-base-v2
162,41,Generations of aristocratic Englishmen have been inheriting their fortunes.,Active Control,1,0,Generations of aristocratic Englishmen have been,inheriting,0.5882894,SE,Gameselo/STS-multilingual-mpnet-base-v2
163,41,The strange mystery had been inheriting the estate from her grandmother.,No-Attraction Violation,0,1,The strange mystery had been,inheriting,0.44179302,SE,Gameselo/STS-multilingual-mpnet-base-v2
164,42,All of her money had been spending before the wedding.,Attraction Violation,1,1,All of her money had been,spending,0.48168746,SE,Gameselo/STS-multilingual-mpnet-base-v2
165,42,All of her money had been spent before the wedding.,Passive Control,1,1,All of her money had been,spent,0.56793416,SE,Gameselo/STS-multilingual-mpnet-base-v2
166,42,The shopping fanatic had been spending all her money in Bloomingdales.,Active Control,1,0,The shopping fanatic had been,spending,0.5865283,SE,Gameselo/STS-multilingual-mpnet-base-v2
167,42,Patty's overgrown lawn was spending its time on the beach.,No-Attraction Violation,0,1,Patty's overgrown lawn was,spending,0.40903315,SE,Gameselo/STS-multilingual-mpnet-base-v2
168,43,An appointment was scheduling by the secretary.,Attraction Violation,1,1,An appointment was,scheduling,0.80824,SE,Gameselo/STS-multilingual-mpnet-base-v2
169,43,An appointment was scheduled by the secretary.,Passive Control,1,1,An appointment was,scheduled,0.7829291,SE,Gameselo/STS-multilingual-mpnet-base-v2
170,43,The secretary was scheduling new appointments for the afternoon.,Active Control,1,0,The secretary was,scheduling,0.57964116,SE,Gameselo/STS-multilingual-mpnet-base-v2
171,43,The legal contract had been scheduling for next week.,No-Attraction Violation,0,1,The legal contract had been,scheduling,0.55470705,SE,Gameselo/STS-multilingual-mpnet-base-v2
172,44,The men's faces had been photographing by a security camera.,Attraction Violation,1,1,The men's faces had been,photographing,0.4432787,SE,Gameselo/STS-multilingual-mpnet-base-v2
173,44,The men's faces had been photographed by a security camera.,Passive Control,1,1,The men's faces had been,photographed,0.5606562,SE,Gameselo/STS-multilingual-mpnet-base-v2
174,44,The intrusive reporter had been photographing the celebrities at the party.,Active Control,1,0,The intrusive reporter had been,photographing,0.63085896,SE,Gameselo/STS-multilingual-mpnet-base-v2
175,44,The sealed envelope was photographing at the party.,No-Attraction Violation,0,1,The sealed envelope was,photographing,0.49558848,SE,Gameselo/STS-multilingual-mpnet-base-v2
176,45,The broken television had been repairing the technician.,Attraction Violation,1,1,The broken television had been,repairing,0.4284772,SE,Gameselo/STS-multilingual-mpnet-base-v2
177,45,The broken television had been repaired by the technician.,Passive Control,1,1,The broken television had been,repaired,0.542748,SE,Gameselo/STS-multilingual-mpnet-base-v2
178,45,The competent technician had been repairing the television.,Active Control,1,0,The competent technician had been,repairing,0.6202004,SE,Gameselo/STS-multilingual-mpnet-base-v2
179,45,Larry's note had been repairing the computer's hard drive.,No-Attraction Violation,0,1,Larry's note had been,repairing,0.45198455,SE,Gameselo/STS-multilingual-mpnet-base-v2
180,46,The alarm clock had been unplugging accidentally.,Attraction Violation,1,1,The alarm clock had been,unplugging,0.326411,SE,Gameselo/STS-multilingual-mpnet-base-v2
181,46,The alarm clock had been unplugged late.,Passive Control,1,1,The alarm clock had been,unplugged,0.37186158,SE,Gameselo/STS-multilingual-mpnet-base-v2
182,46,The frantic woman had been unplugging every electrical device in the house.,Active Control,1,0,The frantic woman had been,unplugging,0.37849426,SE,Gameselo/STS-multilingual-mpnet-base-v2
183,46,The overgrown shrubs were unplugging accidentally.,No-Attraction Violation,0,1,The overgrown shrubs were,unplugging,0.20884492,SE,Gameselo/STS-multilingual-mpnet-base-v2
184,47,The car door had been unlocking late at night.,Attraction Violation,1,1,The car door had been,unlocking,0.46429503,SE,Gameselo/STS-multilingual-mpnet-base-v2
185,47,The car door had been unlocked by the child.,Passive Control,1,1,The car door had been,unlocked,0.5590437,SE,Gameselo/STS-multilingual-mpnet-base-v2
186,47,The babysitter had been unlocking the back door.,Active Control,1,0,The babysitter had been,unlocking,0.4263201,SE,Gameselo/STS-multilingual-mpnet-base-v2
187,47,The Queen's 80th birthday was unlocking late at night.,No-Attraction Violation,0,1,The Queen's 80th birthday was,unlocking,0.42515463,SE,Gameselo/STS-multilingual-mpnet-base-v2
188,48,The portrait of Napoleon had been painting by a Dutch artist.,Attraction Violation,1,1,The portrait of Napoleon had been,painting,0.5638574,SE,Gameselo/STS-multilingual-mpnet-base-v2
189,48,The portrait of Napoleon had been painted by a Dutch artist.,Passive Control,1,1,The portrait of Napoleon had been,painted,0.59423155,SE,Gameselo/STS-multilingual-mpnet-base-v2
190,48,The French Impressionist artists had been painting with a focus on light and color.,Active Control,1,0,The French Impressionist artists had been,painting,0.559076,SE,Gameselo/STS-multilingual-mpnet-base-v2
191,48,A new medication had been painting on Tuesday.,No-Attraction Violation,0,1,A new medication had been,painting,0.59409267,SE,Gameselo/STS-multilingual-mpnet-base-v2
192,49,The embarrassing allegations had been denying by the mayor.,Attraction Violation,1,1,The embarrassing allegations had been,denying,0.5399278,SE,Gameselo/STS-multilingual-mpnet-base-v2
193,49,The embarrassing allegations had been denied by the mayor.,Passive Control,1,1,The embarrassing allegations had been,denied,0.5694977,SE,Gameselo/STS-multilingual-mpnet-base-v2
194,49,The embarassed mayor had been denying allegations of corruption.,Active Control,1,0,The embarassed mayor had been,denying,0.5038714,SE,Gameselo/STS-multilingual-mpnet-base-v2
195,49,Tamara's birthday gift had been denying the rumor.,No-Attraction Violation,0,1,Tamara's birthday gift had been,denying,0.348833,SE,Gameselo/STS-multilingual-mpnet-base-v2
196,50,The noises in the attic had been hearing nightly.,Attraction Violation,1,1,The noises in the attic had been,hearing,0.56024855,SE,Gameselo/STS-multilingual-mpnet-base-v2
197,50,The noises in the attic had been heard by the boys.,Passive Control,1,1,The noises in the attic had been,heard,0.6462388,SE,Gameselo/STS-multilingual-mpnet-base-v2
198,50,The frightened campers had been hearing noises in the woods.,Active Control,1,0,The frightened campers had been,hearing,0.5438651,SE,Gameselo/STS-multilingual-mpnet-base-v2
199,50,A package had been hearing nightly.,No-Attraction Violation,0,1,A package had been,hearing,0.4177039,SE,Gameselo/STS-multilingual-mpnet-base-v2
200,51,The appetizers had been serving before the meal.,Attraction Violation,1,1,The appetizers had been,serving,0.569483,SE,Gameselo/STS-multilingual-mpnet-base-v2
201,51,The appetizers had been served before the meal.,Passive Control,1,1,The appetizers had been,served,0.6694631,SE,Gameselo/STS-multilingual-mpnet-base-v2
202,51,The waiters had been serving the meal.,Active Control,1,0,The waiters had been,serving,0.6386194,SE,Gameselo/STS-multilingual-mpnet-base-v2
203,51,The final exams had been serving before the meal.,No-Attraction Violation,0,1,The final exams had been,serving,0.45041677,SE,Gameselo/STS-multilingual-mpnet-base-v2
204,52,Billy's unruly hair was combing his mother to one side.,Attraction Violation,1,1,Billy's unruly hair was,combing,0.5824277,SE,Gameselo/STS-multilingual-mpnet-base-v2
205,52,Billy's unruly hair was combed by his mother to one side.,Passive Control,1,1,Billy's unruly hair was,combed,0.5784501,SE,Gameselo/STS-multilingual-mpnet-base-v2
206,52,The patient barber was combing the boy's hair to one side.,Active Control,1,0,The patient barber was,combing,0.6624658,SE,Gameselo/STS-multilingual-mpnet-base-v2
207,52,The girl's disease was combing the area for escaped prisoners.,No-Attraction Violation,0,1,The girl's disease was,combing,0.50355786,SE,Gameselo/STS-multilingual-mpnet-base-v2
208,53,A drawing of the house had been sketching again.,Attraction Violation,1,1,A drawing of the house had been,sketching,0.55102485,SE,Gameselo/STS-multilingual-mpnet-base-v2
209,53,A drawing of the house had been sketched again.,Passive Control,1,1,A drawing of the house had been,sketched,0.61357933,SE,Gameselo/STS-multilingual-mpnet-base-v2
210,53,An artist in the studio had been sketching the house.,Active Control,1,0,An artist in the studio had been,sketching,0.5098612,SE,Gameselo/STS-multilingual-mpnet-base-v2
211,53,The cheap products had been sketching again.,No-Attraction Violation,0,1,The cheap products had been,sketching,0.40729868,SE,Gameselo/STS-multilingual-mpnet-base-v2
212,54,The simple coffin was burying the villagers.,Attraction Violation,1,1,The simple coffin was,burying,0.6352949,SE,Gameselo/STS-multilingual-mpnet-base-v2
213,54,The simple coffin was buried at the church.,Passive Control,1,1,The simple coffin was,buried,0.64157915,SE,Gameselo/STS-multilingual-mpnet-base-v2
214,54,The tribal people were burying their dead.,Active Control,1,0,The tribal people were,burying,0.46191564,SE,Gameselo/STS-multilingual-mpnet-base-v2
215,54,The vocabulary list was burying at the church.,No-Attraction Violation,0,1,The vocabulary list was,burying,0.486939,SE,Gameselo/STS-multilingual-mpnet-base-v2
216,55,The homicide case had been investigating diligently.,Attraction Violation,1,1,The homicide case had been,investigating,0.49594063,SE,Gameselo/STS-multilingual-mpnet-base-v2
217,55,The homicide case had been investigated by the FBI.,Passive Control,1,1,The homicide case had been,investigated,0.54149437,SE,Gameselo/STS-multilingual-mpnet-base-v2
218,55,The FBI agents had been investigating the homicide case for weeks.,Active Control,1,0,The FBI agents had been,investigating,0.5627626,SE,Gameselo/STS-multilingual-mpnet-base-v2
219,55,Martin's tonsils had been investigating the problem.,No-Attraction Violation,0,1,Martin's tonsils had been,investigating,0.40742362,SE,Gameselo/STS-multilingual-mpnet-base-v2
220,56,Mark's wrinkly shirts were ironing by his mother.,Attraction Violation,1,1,Mark's wrinkly shirts were,ironing,0.59439784,SE,Gameselo/STS-multilingual-mpnet-base-v2
221,56,Mark's wrinkly shirts were ironed by his mother.,Passive Control,1,1,Mark's wrinkly shirts were,ironed,0.53139067,SE,Gameselo/STS-multilingual-mpnet-base-v2
222,56,Mark's doting mother was ironing his shirts while he slept.,Active Control,1,0,Mark's doting mother was,ironing,0.5417083,SE,Gameselo/STS-multilingual-mpnet-base-v2
223,56,The firewood had been ironing her dress.,No-Attraction Violation,0,1,The firewood had been,ironing,0.5632604,SE,Gameselo/STS-multilingual-mpnet-base-v2
224,57,An important lesson had been learning in space.,Attraction Violation,1,1,An important lesson had been,learning,0.70820725,SE,Gameselo/STS-multilingual-mpnet-base-v2
225,57,An important lesson had been learned in space.,Passive Control,1,1,An important lesson had been,learned,0.78715634,SE,Gameselo/STS-multilingual-mpnet-base-v2
226,57,The children had been learning Spanish.,Active Control,1,0,The children had been,learning,0.43742138,SE,Gameselo/STS-multilingual-mpnet-base-v2
227,57,The bathroom floor had been learning in space.,No-Attraction Violation,0,1,The bathroom floor had been,learning,0.37622082,SE,Gameselo/STS-multilingual-mpnet-base-v2
228,58,The height of the bookcase was measuring by a carpenter.,Attraction Violation,1,1,The height of the bookcase was,measuring,0.47491324,SE,Gameselo/STS-multilingual-mpnet-base-v2
229,58,The height of the bookcase was measured incorrectly.,Passive Control,1,1,The height of the bookcase was,measured,0.5294103,SE,Gameselo/STS-multilingual-mpnet-base-v2
230,58,The carpenter was measuring the height of the bookcase.,Active Control,1,0,The carpenter was,measuring,0.4823417,SE,Gameselo/STS-multilingual-mpnet-base-v2
231,58,An urgent message had been measuring her heart rate.,No-Attraction Violation,0,1,An urgent message had been,measuring,0.5140184,SE,Gameselo/STS-multilingual-mpnet-base-v2
232,59,Several important topics were discussing despite the weather.,Attraction Violation,1,1,Several important topics were,discussing,0.7288024,SE,Gameselo/STS-multilingual-mpnet-base-v2
233,59,Several important topics were discussed by the board of trustees.,Passive Control,1,1,Several important topics were,discussed,0.8056212,SE,Gameselo/STS-multilingual-mpnet-base-v2
234,59,The board members were discussing several important topics.,Active Control,1,0,The board members were,discussing,0.5541399,SE,Gameselo/STS-multilingual-mpnet-base-v2
235,59,"The fresh, warm bread was discussing despite the weather.",No-Attraction Violation,0,1,"The fresh, warm bread was",discussing,0.45245254,SE,Gameselo/STS-multilingual-mpnet-base-v2
236,60,The dusty tabletops were wiping thoroughly.,Attraction Violation,1,1,The dusty tabletops were,wiping,0.63436764,SE,Gameselo/STS-multilingual-mpnet-base-v2
237,60,The dusty tabletops were wiped thoroughly.,Passive Control,1,1,The dusty tabletops were,wiped,0.65239125,SE,Gameselo/STS-multilingual-mpnet-base-v2
238,60,The tired busboy was wiping for hours.,Active Control,1,0,The tired busboy was,wiping,0.58512324,SE,Gameselo/STS-multilingual-mpnet-base-v2
239,60,The hearty meal was wiping thoroughly.,No-Attraction Violation,0,1,The hearty meal was,wiping,0.5932381,SE,Gameselo/STS-multilingual-mpnet-base-v2
240,61,A tiny spy camera was concealing by the agent inside a flowerpot.,Attraction Violation,1,1,A tiny spy camera was,concealing,0.5020896,SE,Gameselo/STS-multilingual-mpnet-base-v2
241,61,A tiny spy camera was concealed by the agent inside a flowerpot.,Passive Control,1,1,A tiny spy camera was,concealed,0.5471271,SE,Gameselo/STS-multilingual-mpnet-base-v2
242,61,The sneaky lawyer was concealing the truth.,Active Control,1,0,The sneaky lawyer was,concealing,0.51785344,SE,Gameselo/STS-multilingual-mpnet-base-v2
243,61,A faint light was concealing their identity.,No-Attraction Violation,0,1,A faint light was,concealing,0.43796358,SE,Gameselo/STS-multilingual-mpnet-base-v2
244,62,"The fresh, warm bread was slicing by the baker into halves.",Attraction Violation,1,1,"The fresh, warm bread was",slicing,0.46933028,SE,Gameselo/STS-multilingual-mpnet-base-v2
245,62,"The fresh, warm bread was sliced with love.",Passive Control,1,1,"The fresh, warm bread was",sliced,0.51022285,SE,Gameselo/STS-multilingual-mpnet-base-v2
246,62,The chef's assistants were slicing the mushrooms for a pie.,Active Control,1,0,The chef's assistants were,slicing,0.42576316,SE,Gameselo/STS-multilingual-mpnet-base-v2
247,62,Several important topics were slicing with love.,No-Attraction Violation,0,1,Several important topics were,slicing,0.44807577,SE,Gameselo/STS-multilingual-mpnet-base-v2
248,63,The tarnished silverware was polishing by the butler.,Attraction Violation,1,1,The tarnished silverware was,polishing,0.6392242,SE,Gameselo/STS-multilingual-mpnet-base-v2
249,63,The tarnished silverware was polished by the butler.,Passive Control,1,1,The tarnished silverware was,polished,0.6881699,SE,Gameselo/STS-multilingual-mpnet-base-v2
250,63,The thorough butler was polishing the doorknobs.,Active Control,1,0,The thorough butler was,polishing,0.65051997,SE,Gameselo/STS-multilingual-mpnet-base-v2
251,63,The winning lottery numbers had been polishing his shoes.,No-Attraction Violation,0,1,The winning lottery numbers had been,polishing,0.53874636,SE,Gameselo/STS-multilingual-mpnet-base-v2
252,64,Poisonous fumes had been inhaling the firefighters.,Attraction Violation,1,1,Poisonous fumes had been,inhaling,0.6820688,SE,Gameselo/STS-multilingual-mpnet-base-v2
253,64,Poisonous fumes had been inhaled by the firefighters.,Passive Control,1,1,Poisonous fumes had been,inhaled,0.7331156,SE,Gameselo/STS-multilingual-mpnet-base-v2
254,64,The firefighters had been inhaling the smoke.,Active Control,1,0,The firefighters had been,inhaling,0.47336584,SE,Gameselo/STS-multilingual-mpnet-base-v2
255,64,The man's signature was inhaling during the fire.,No-Attraction Violation,0,1,The man's signature was,inhaling,0.46499458,SE,Gameselo/STS-multilingual-mpnet-base-v2
256,65,A genetic mutation was discovering the scientists.,Attraction Violation,1,1,A genetic mutation was,discovering,0.57157105,SE,Gameselo/STS-multilingual-mpnet-base-v2
257,65,A genetic mutation was discovered suddenly.,Passive Control,1,1,A genetic mutation was,discovered,0.64132005,SE,Gameselo/STS-multilingual-mpnet-base-v2
258,65,The excited explorers were discovering ancient artifacts everywhere they looked.,Active Control,1,0,The excited explorers were,discovering,0.69517845,SE,Gameselo/STS-multilingual-mpnet-base-v2
259,65,The pizza had been discovering new methods for making dough.,No-Attraction Violation,0,1,The pizza had been,discovering,0.40590188,SE,Gameselo/STS-multilingual-mpnet-base-v2
260,66,The Queen's 80th birthday was celebrating expensively.,Attraction Violation,1,1,The Queen's 80th birthday was,celebrating,0.59006035,SE,Gameselo/STS-multilingual-mpnet-base-v2
261,66,The Queen's 80th birthday was celebrated by thousands of people in the streets.,Passive Control,1,1,The Queen's 80th birthday was,celebrated,0.6268546,SE,Gameselo/STS-multilingual-mpnet-base-v2
262,66,Thousands of excited fans were celebrating the Superbowl victory in the streets.,Active Control,1,0,Thousands of excited fans were,celebrating,0.6944445,SE,Gameselo/STS-multilingual-mpnet-base-v2
263,66,The car door had been celebrating her promotion.,No-Attraction Violation,0,1,The car door had been,celebrating,0.44105926,SE,Gameselo/STS-multilingual-mpnet-base-v2
264,67,The diagram on the chalkboard had been erasing Mrs. Larson.,Attraction Violation,1,1,The diagram on the chalkboard had been,erasing,0.58459115,SE,Gameselo/STS-multilingual-mpnet-base-v2
265,67,The diagram on the chalkboard had been erased by Mrs. Larson.,Passive Control,1,1,The diagram on the chalkboard had been,erased,0.5940166,SE,Gameselo/STS-multilingual-mpnet-base-v2
266,67,Mrs. Larson had been erasing the chalkboard.,Active Control,1,0,Mrs. Larson had been,erasing,0.43692237,SE,Gameselo/STS-multilingual-mpnet-base-v2
267,67,Food for the homeless had been erasing over and over.,No-Attraction Violation,0,1,Food for the homeless had been,erasing,0.470387,SE,Gameselo/STS-multilingual-mpnet-base-v2
268,68,The movie was directing Steven Spielberg.,Attraction Violation,1,1,The movie was,directing,0.5810716,SE,Gameselo/STS-multilingual-mpnet-base-v2
269,68,The movie was directed professionally.,Passive Control,1,1,The movie was,directed,0.66065663,SE,Gameselo/STS-multilingual-mpnet-base-v2
270,68,Steven Spielberg was directing another blockbuster.,Active Control,1,0,Steven Spielberg was,directing,0.71889246,SE,Gameselo/STS-multilingual-mpnet-base-v2
271,68,The victim's body had been directing the police.,No-Attraction Violation,0,1,The victim's body had been,directing,0.42424816,SE,Gameselo/STS-multilingual-mpnet-base-v2
272,69,Theresa's birthday gift had been wrapping yesterday.,Attraction Violation,1,1,Theresa's birthday gift had been,wrapping,0.41086042,SE,Gameselo/STS-multilingual-mpnet-base-v2
273,69,Theresa's birthday gift had been wrapped yesterday.,Passive Control,1,1,Theresa's birthday gift had been,wrapped,0.46010867,SE,Gameselo/STS-multilingual-mpnet-base-v2
274,69,Theresa's loving grandmother had been wrapping the presents.,Active Control,1,0,Theresa's loving grandmother had been,wrapping,0.44209343,SE,Gameselo/STS-multilingual-mpnet-base-v2
275,69,The embarrassing allegations had been wrapping yesterday.,No-Attraction Violation,0,1,The embarrassing allegations had been,wrapping,0.42378938,SE,Gameselo/STS-multilingual-mpnet-base-v2
276,70,The popular amusement park is visiting by millions of tourists eh year.,Attraction Violation,1,1,The popular amusement park is,visiting,0.61984056,SE,Gameselo/STS-multilingual-mpnet-base-v2
277,70,The popular amusement park is visited daily.,Passive Control,1,1,The popular amusement park is,visited,0.6126568,SE,Gameselo/STS-multilingual-mpnet-base-v2
278,70,The tourists had been visiting the amusement park in the morning.,Active Control,1,0,The tourists had been,visiting,0.74850756,SE,Gameselo/STS-multilingual-mpnet-base-v2
279,70,The man's beard had been visiting a friend in the hospital.,No-Attraction Violation,0,1,The man's beard had been,visiting,0.5127607,SE,Gameselo/STS-multilingual-mpnet-base-v2
280,71,Ten new trees had been planting on dry land.,Attraction Violation,1,1,Ten new trees had been,planting,0.55742645,SE,Gameselo/STS-multilingual-mpnet-base-v2
281,71,Ten new trees had been planted by the Forestry Service.,Passive Control,1,1,Ten new trees had been,planted,0.606545,SE,Gameselo/STS-multilingual-mpnet-base-v2
282,71,The forestry workers had been planting cedar saplings on the hillside.,Active Control,1,0,The forestry workers had been,planting,0.52648157,SE,Gameselo/STS-multilingual-mpnet-base-v2
283,71,The sin had been planting doubt in her mind.,No-Attraction Violation,0,1,The sin had been,planting,0.448862,SE,Gameselo/STS-multilingual-mpnet-base-v2
284,72,Food for the homeless had been donating neighborhood residents.,Attraction Violation,1,1,Food for the homeless had been,donating,0.6280553,SE,Gameselo/STS-multilingual-mpnet-base-v2
285,72,Food for the homeless had been donated many times.,Passive Control,1,1,Food for the homeless had been,donated,0.6130456,SE,Gameselo/STS-multilingual-mpnet-base-v2
286,72,The wealthy American philanthropist had been donating money to Romanian orphanages.,Active Control,1,0,The wealthy American philanthropist had been,donating,0.6167076,SE,Gameselo/STS-multilingual-mpnet-base-v2
287,72,The diagram on the chalkboard had been donating blood.,No-Attraction Violation,0,1,The diagram on the chalkboard had been,donating,0.5647282,SE,Gameselo/STS-multilingual-mpnet-base-v2
288,73,The rare bird's behavior was observing by the biologists.,Attraction Violation,1,1,The rare bird's behavior was,observing,0.610696,SE,Gameselo/STS-multilingual-mpnet-base-v2
289,73,The rare bird's behavior was observed by the biologists.,Passive Control,1,1,The rare bird's behavior was,observed,0.67372614,SE,Gameselo/STS-multilingual-mpnet-base-v2
290,73,The excited bird watchers were observing the rare eagle.,Active Control,1,0,The excited bird watchers were,observing,0.66867745,SE,Gameselo/STS-multilingual-mpnet-base-v2
291,73,Wilson's unreasonable proposal was observing the stars.,No-Attraction Violation,0,1,Wilson's unreasonable proposal was,observing,0.45126295,SE,Gameselo/STS-multilingual-mpnet-base-v2
292,74,Stormy weather had been forecasting by the weatherman.,Attraction Violation,1,1,Stormy weather had been,forecasting,0.5121215,SE,Gameselo/STS-multilingual-mpnet-base-v2
293,74,Stormy weather had been forecasted by the weatherman.,Passive Control,1,1,Stormy weather had been,forecasted,0.5612942,SE,Gameselo/STS-multilingual-mpnet-base-v2
294,74,The weather service had been forecasting snow for the mountain areas.,Active Control,1,0,The weather service had been,forecasting,0.47848523,SE,Gameselo/STS-multilingual-mpnet-base-v2
295,74,Olson's bulging suitcase had been forecasting correctly.,No-Attraction Violation,0,1,Olson's bulging suitcase had been,forecasting,0.3113677,SE,Gameselo/STS-multilingual-mpnet-base-v2
296,75,The tragic mistake was regretting by Erika for many years.,Attraction Violation,1,1,The tragic mistake was,regretting,0.7798439,SE,Gameselo/STS-multilingual-mpnet-base-v2
297,75,The tragic mistake was regretted years later.,Passive Control,1,1,The tragic mistake was,regretted,0.79566157,SE,Gameselo/STS-multilingual-mpnet-base-v2
298,75,Erika was regretting the mistake.,Active Control,1,0,Erika was,regretting,0.55023175,SE,Gameselo/STS-multilingual-mpnet-base-v2
299,75,The library books had been regretting their behavior.,No-Attraction Violation,0,1,The library books had been,regretting,0.46081153,SE,Gameselo/STS-multilingual-mpnet-base-v2
300,76,The stolen artwork had been seizing without warning.,Attraction Violation,1,1,The stolen artwork had been,seizing,0.49272522,SE,Gameselo/STS-multilingual-mpnet-base-v2
301,76,The stolen artwork had been seized by the border police.,Passive Control,1,1,The stolen artwork had been,seized,0.58795744,SE,Gameselo/STS-multilingual-mpnet-base-v2
302,76,The police had been seizing shipments of drugs at the border.,Active Control,1,0,The police had been,seizing,0.50418127,SE,Gameselo/STS-multilingual-mpnet-base-v2
303,76,The grimy pots and pans had been seizing without warning.,No-Attraction Violation,0,1,The grimy pots and pans had been,seizing,0.43150172,SE,Gameselo/STS-multilingual-mpnet-base-v2
304,77,The value of the jewels was estimating the dealer.,Attraction Violation,1,1,The value of the jewels was,estimating,0.5670478,SE,Gameselo/STS-multilingual-mpnet-base-v2
305,77,The value of the jewels was estimated by the dealer.,Passive Control,1,1,The value of the jewels was,estimated,0.57784843,SE,Gameselo/STS-multilingual-mpnet-base-v2
306,77,The jewel expert was estimating the value of the diamond.,Active Control,1,0,The jewel expert was,estimating,0.6016574,SE,Gameselo/STS-multilingual-mpnet-base-v2
307,77,The useful new gadget had been estimating professionally.,No-Attraction Violation,0,1,The useful new gadget had been,estimating,0.53070134,SE,Gameselo/STS-multilingual-mpnet-base-v2
308,78,Larry's note had been scribbling his wife.,Attraction Violation,1,1,Larry's note had been,scribbling,0.43864447,SE,Gameselo/STS-multilingual-mpnet-base-v2
309,78,Larry's note had been scribbled with haste.,Passive Control,1,1,Larry's note had been,scribbled,0.5001166,SE,Gameselo/STS-multilingual-mpnet-base-v2
310,78,Larry's wife had been scribbling a note to him about dinner plans.,Active Control,1,0,Larry's wife had been,scribbling,0.24203758,SE,Gameselo/STS-multilingual-mpnet-base-v2
311,78,The broken television had been scribbling his thoughts on a napkin.,No-Attraction Violation,0,1,The broken television had been,scribbling,0.29024285,SE,Gameselo/STS-multilingual-mpnet-base-v2
312,79,Carrie's morning meeting was canceling as expected.,Attraction Violation,1,1,Carrie's morning meeting was,canceling,0.5206137,SE,Gameselo/STS-multilingual-mpnet-base-v2
313,79,Carrie's morning meeting was canceled by the boss.,Passive Control,1,1,Carrie's morning meeting was,canceled,0.56119806,SE,Gameselo/STS-multilingual-mpnet-base-v2
314,79,Carrie had been canceling all of her meetings.,Active Control,1,0,Carrie had been,canceling,0.4950413,SE,Gameselo/STS-multilingual-mpnet-base-v2
315,79,The bubblegum had been canceling as expected.,No-Attraction Violation,0,1,The bubblegum had been,canceling,0.56774855,SE,Gameselo/STS-multilingual-mpnet-base-v2
316,80,The girl's disease was curing a simple treatment.,Attraction Violation,1,1,The girl's disease was,curing,0.5087803,SE,Gameselo/STS-multilingual-mpnet-base-v2
317,80,The girl's disease was cured by a simple treatment.,Passive Control,1,1,The girl's disease was,cured,0.593563,SE,Gameselo/STS-multilingual-mpnet-base-v2
318,80,The foreign doctors were curing hundreds of villagers of malaria.,Active Control,1,0,The foreign doctors were,curing,0.49622035,SE,Gameselo/STS-multilingual-mpnet-base-v2
319,80,Billy's unruly hair was curing his cold.,No-Attraction Violation,0,1,Billy's unruly hair was,curing,0.5399146,SE,Gameselo/STS-multilingual-mpnet-base-v2
320,81,Janet's houseplants were watering too much.,Attraction Violation,1,1,Janet's houseplants were,watering,0.4225941,SE,Gameselo/STS-multilingual-mpnet-base-v2
321,81,Janet's houseplants were watered by her neighbor.,Passive Control,1,1,Janet's houseplants were,watered,0.42649361,SE,Gameselo/STS-multilingual-mpnet-base-v2
322,81,The gardener was watering the plants.,Active Control,1,0,The gardener was,watering,0.6047609,SE,Gameselo/STS-multilingual-mpnet-base-v2
323,81,The roast lamb had been watering too much.,No-Attraction Violation,0,1,The roast lamb had been,watering,0.45186412,SE,Gameselo/STS-multilingual-mpnet-base-v2
324,82,The useful new gadget had been inventing by a bored waiter.,Attraction Violation,1,1,The useful new gadget had been,inventing,0.6308256,SE,Gameselo/STS-multilingual-mpnet-base-v2
325,82,The useful new gadget had been invented by a bored waiter.,Passive Control,1,1,The useful new gadget had been,invented,0.71323085,SE,Gameselo/STS-multilingual-mpnet-base-v2
326,82,The resourceful engineers had been inventing tiny new devices.,Active Control,1,0,The resourceful engineers had been,inventing,0.52155316,SE,Gameselo/STS-multilingual-mpnet-base-v2
327,82,The value of the jewels was inventing the digital computer.,No-Attraction Violation,0,1,The value of the jewels was,inventing,0.4661629,SE,Gameselo/STS-multilingual-mpnet-base-v2
328,83,The phone bill had been paying his roommate.,Attraction Violation,1,1,The phone bill had been,paying,0.5742904,SE,Gameselo/STS-multilingual-mpnet-base-v2
329,83,The phone bill had been paid quickly.,Passive Control,1,1,The phone bill had been,paid,0.6113908,SE,Gameselo/STS-multilingual-mpnet-base-v2
330,83,Juan and Perry had been paying too much for their apartment.,Active Control,1,0,Juan and Perry had been,paying,0.33476728,SE,Gameselo/STS-multilingual-mpnet-base-v2
331,83,"The dark, underwater cave was paying attention to the divers.",No-Attraction Violation,0,1,"The dark, underwater cave was",paying,0.38559434,SE,Gameselo/STS-multilingual-mpnet-base-v2
332,84,The man's signature was forging the lawyers.,Attraction Violation,1,1,The man's signature was,forging,0.54234606,SE,Gameselo/STS-multilingual-mpnet-base-v2
333,84,The man's signature was forged by the lawyers.,Passive Control,1,1,The man's signature was,forged,0.71070623,SE,Gameselo/STS-multilingual-mpnet-base-v2
334,84,The con artists were forging the signatures on checks.,Active Control,1,0,The con artists were,forging,0.58457303,SE,Gameselo/STS-multilingual-mpnet-base-v2
335,84,Poisonous fumes had been forging very well.,No-Attraction Violation,0,1,Poisonous fumes had been,forging,0.5008464,SE,Gameselo/STS-multilingual-mpnet-base-v2
336,85,The bank had been robbing two masked men.,Attraction Violation,1,1,The bank had been,robbing,0.5487875,SE,Gameselo/STS-multilingual-mpnet-base-v2
337,85,The bank had been robbed repeatedly.,Passive Control,1,1,The bank had been,robbed,0.5743993,SE,Gameselo/STS-multilingual-mpnet-base-v2
338,85,The clever burglars had been robbing houses in broad daylight.,Active Control,1,0,The clever burglars had been,robbing,0.6686422,SE,Gameselo/STS-multilingual-mpnet-base-v2
339,85,The musical piece was robbing repeatedly.,No-Attraction Violation,0,1,The musical piece was,robbing,0.53898114,SE,Gameselo/STS-multilingual-mpnet-base-v2
340,86,An urgent message had been sending by the ambassador to the President.,Attraction Violation,1,1,An urgent message had been,sending,0.68856645,SE,Gameselo/STS-multilingual-mpnet-base-v2
341,86,An urgent message had been sent again.,Passive Control,1,1,An urgent message had been,sent,0.74814826,SE,Gameselo/STS-multilingual-mpnet-base-v2
342,86,The Prime Minister had been sending urgent messages to her Ambassador.,Active Control,1,0,The Prime Minister had been,sending,0.45843995,SE,Gameselo/STS-multilingual-mpnet-base-v2
343,86,The height of the bookcase was sending mixed signals to the carpenter.,No-Attraction Violation,0,1,The height of the bookcase was,sending,0.4397506,SE,Gameselo/STS-multilingual-mpnet-base-v2
344,87,The sleek new building was designing a team of German architects.,Attraction Violation,1,1,The sleek new building was,designing,0.46842417,SE,Gameselo/STS-multilingual-mpnet-base-v2
345,87,The sleek new building was designed by a team of German architects.,Passive Control,1,1,The sleek new building was,designed,0.6078728,SE,Gameselo/STS-multilingual-mpnet-base-v2
346,87,A team of architects had been designing the new building.,Active Control,1,0,A team of architects had been,designing,0.5036661,SE,Gameselo/STS-multilingual-mpnet-base-v2
347,87,The leftover food was designing with flair.,No-Attraction Violation,0,1,The leftover food was,designing,0.29272985,SE,Gameselo/STS-multilingual-mpnet-base-v2
348,88,The final exams had been grading in school.,Attraction Violation,1,1,The final exams had been,grading,0.4248552,SE,Gameselo/STS-multilingual-mpnet-base-v2
349,88,The final exams had been graded in school.,Passive Control,1,1,The final exams had been,graded,0.5593436,SE,Gameselo/STS-multilingual-mpnet-base-v2
350,88,The professor had been grading the final exams until 4 AM.,Active Control,1,0,The professor had been,grading,0.4357561,SE,Gameselo/STS-multilingual-mpnet-base-v2
351,88,The appetizers had been grading Iverson's students.,No-Attraction Violation,0,1,The appetizers had been,grading,0.38195336,SE,Gameselo/STS-multilingual-mpnet-base-v2
352,89,The final destination had been reaching too late.,Attraction Violation,1,1,The final destination had been,reaching,0.4889511,SE,Gameselo/STS-multilingual-mpnet-base-v2
353,89,The final destination had been reached too late.,Passive Control,1,1,The final destination had been,reached,0.71830654,SE,Gameselo/STS-multilingual-mpnet-base-v2
354,89,The curious child had been reaching for the cup on the table.,Active Control,1,0,The curious child had been,reaching,0.5198704,SE,Gameselo/STS-multilingual-mpnet-base-v2
355,89,Several spelling errors were reaching too late.,No-Attraction Violation,0,1,Several spelling errors were,reaching,0.4377388,SE,Gameselo/STS-multilingual-mpnet-base-v2
356,90,A faint light was perceiving by the rescue workers.,Attraction Violation,1,1,A faint light was,perceiving,0.6228221,SE,Gameselo/STS-multilingual-mpnet-base-v2
357,90,A faint light was perceived underwater.,Passive Control,1,1,A faint light was,perceived,0.64833087,SE,Gameselo/STS-multilingual-mpnet-base-v2
358,90,The worried pilot was perceiving a rattling sound in the jet's engine.,Active Control,1,0,The worried pilot was,perceiving,0.55379707,SE,Gameselo/STS-multilingual-mpnet-base-v2
359,90,A tiny spy camera was perceiving underwater.,No-Attraction Violation,0,1,A tiny spy camera was,perceiving,0.55341303,SE,Gameselo/STS-multilingual-mpnet-base-v2
360,91,The bubblegum had been chewing by the boy.,Attraction Violation,1,1,The bubblegum had been,chewing,0.5734301,SE,Gameselo/STS-multilingual-mpnet-base-v2
361,91,The bubblegum had been chewed by the boy.,Passive Control,1,1,The bubblegum had been,chewed,0.64768213,SE,Gameselo/STS-multilingual-mpnet-base-v2
362,91,The hungry dog had been chewing a bone.,Active Control,1,0,The hungry dog had been,chewing,0.6018992,SE,Gameselo/STS-multilingual-mpnet-base-v2
363,91,Carrie's morning meeting was chewing for a long time.,No-Attraction Violation,0,1,Carrie's morning meeting was,chewing,0.3864599,SE,Gameselo/STS-multilingual-mpnet-base-v2
364,92,Martin's tonsils had been removing at the hospital.,Attraction Violation,1,1,Martin's tonsils had been,removing,0.37789318,SE,Gameselo/STS-multilingual-mpnet-base-v2
365,92,Martin's tonsils had been removed at the hospital.,Passive Control,1,1,Martin's tonsils had been,removed,0.46961442,SE,Gameselo/STS-multilingual-mpnet-base-v2
366,92,The surgeon had been removing the cancerous growth.,Active Control,1,0,The surgeon had been,removing,0.47301736,SE,Gameselo/STS-multilingual-mpnet-base-v2
367,92,The homicide case had been removing at the hospital.,No-Attraction Violation,0,1,The homicide case had been,removing,0.40472773,SE,Gameselo/STS-multilingual-mpnet-base-v2
368,93,Mother Theresa's death was mourning millions of people.,Attraction Violation,1,1,Mother Theresa's death was,mourning,0.52566457,SE,Gameselo/STS-multilingual-mpnet-base-v2
369,93,Mother Theresa's death was mourned by millions of people.,Passive Control,1,1,Mother Theresa's death was,mourned,0.53266853,SE,Gameselo/STS-multilingual-mpnet-base-v2
370,93,The black-clad women were mourning the death of their brother.,Active Control,1,0,The black-clad women were,mourning,0.41040793,SE,Gameselo/STS-multilingual-mpnet-base-v2
371,93,Lisa's phone had been mourning the loss of a loved one.,No-Attraction Violation,0,1,Lisa's phone had been,mourning,0.35261303,SE,Gameselo/STS-multilingual-mpnet-base-v2
372,94,The bathroom floor had been mopping by a janitor.,Attraction Violation,1,1,The bathroom floor had been,mopping,0.5487285,SE,Gameselo/STS-multilingual-mpnet-base-v2
373,94,The bathroom floor had been mopped in the past.,Passive Control,1,1,The bathroom floor had been,mopped,0.6275931,SE,Gameselo/STS-multilingual-mpnet-base-v2
374,94,The school janitor had been mopping the bathroom.,Active Control,1,0,The school janitor had been,mopping,0.46334592,SE,Gameselo/STS-multilingual-mpnet-base-v2
375,94,An important lesson had been mopping in the past.,No-Attraction Violation,0,1,An important lesson had been,mopping,0.4605775,SE,Gameselo/STS-multilingual-mpnet-base-v2
376,95,The sin had been confessing by the repentant Catholic.,Attraction Violation,1,1,The sin had been,confessing,0.5954482,SE,Gameselo/STS-multilingual-mpnet-base-v2
377,95,The sin had been confessed on Sunday.,Passive Control,1,1,The sin had been,confessed,0.65141445,SE,Gameselo/STS-multilingual-mpnet-base-v2
378,95,The repentant Catholic had been confessing his sins.,Active Control,1,0,The repentant Catholic had been,confessing,0.6005601,SE,Gameselo/STS-multilingual-mpnet-base-v2
379,95,Ten new trees had been confessing on Sunday.,No-Attraction Violation,0,1,Ten new trees had been,confessing,0.39854398,SE,Gameselo/STS-multilingual-mpnet-base-v2
380,96,The strange mystery had been solving the detectives.,Attraction Violation,1,1,The strange mystery had been,solving,0.66470426,SE,Gameselo/STS-multilingual-mpnet-base-v2
381,96,The strange mystery had been solved at the station.,Passive Control,1,1,The strange mystery had been,solved,0.6700934,SE,Gameselo/STS-multilingual-mpnet-base-v2
382,96,The brilliant detective had been solving mysterious crimes for two decades.,Active Control,1,0,The brilliant detective had been,solving,0.58890676,SE,Gameselo/STS-multilingual-mpnet-base-v2
383,96,Hathaway's gigantic fortune had been solving at the station.,No-Attraction Violation,0,1,Hathaway's gigantic fortune had been,solving,0.5009717,SE,Gameselo/STS-multilingual-mpnet-base-v2
0,1,The murder had been witnessing by the three bystanders,Attraction Violation,1,1,The murder had been,witnessing,0.7764977,SE,intfloat/e5-large-v2
1,1,The murder had been witnessed in the dark.,Passive Control,1,1,The murder had been,witnessed,0.81513286,SE,intfloat/e5-large-v2
2,1,The bystanders had been witnessing the crime.,Active Control,1,0,The bystanders had been,witnessing,0.8033146,SE,intfloat/e5-large-v2
3,1,The unpleasant cough syrup was witnessing in the dark.,No-Attraction Violation,0,1,The unpleasant cough syrup was,witnessing,0.733618,SE,intfloat/e5-large-v2
4,2,Patty's overgrown lawn was mowing the boy next door.,Attraction Violation,1,1,Patty's overgrown lawn was,mowing,0.7743981,SE,intfloat/e5-large-v2
5,2,Patty's overgrown lawn was mowed only last week.,Passive Control,1,1,Patty's overgrown lawn was,mowed,0.7872162,SE,intfloat/e5-large-v2
6,2,Patty's teenage son was mowing the lawn.,Active Control,1,0,Patty's teenage son was,mowing,0.71412796,SE,intfloat/e5-large-v2
7,2,All of her money had been mowing the grass.,No-Attraction Violation,0,1,All of her money had been,mowing,0.71640337,SE,intfloat/e5-large-v2
8,3,Three more martinis were ordering by Laurie's sister.,Attraction Violation,1,1,Three more martinis were,ordering,0.76077837,SE,intfloat/e5-large-v2
9,3,Three more martinis were ordered repeatedly.,Passive Control,1,1,Three more martinis were,ordered,0.7759091,SE,intfloat/e5-large-v2
10,3,"The regular customers were ordering quiche, as usual.",Active Control,1,0,The regular customers were,ordering,0.7737313,SE,intfloat/e5-large-v2
11,3,The rough part of the wood was ordering late.,No-Attraction Violation,0,1,The rough part of the wood was,ordering,0.7543578,SE,intfloat/e5-large-v2
12,4,The quality of Karla's work was evaluating frequently.,Attraction Violation,1,1,The quality of Karla's work was,evaluating,0.7558389,SE,intfloat/e5-large-v2
13,4,The quality of Karla's work was evaluated frequently.,Passive Control,1,1,The quality of Karla's work was,evaluated,0.7615884,SE,intfloat/e5-large-v2
14,4,The engineers were evaluating the success of the new device.,Active Control,1,0,The engineers were,evaluating,0.8080669,SE,intfloat/e5-large-v2
15,4,The old lady's purse had been evaluating Nelson's idea.,No-Attraction Violation,0,1,The old lady's purse had been,evaluating,0.7125582,SE,intfloat/e5-large-v2
16,5,The legal contract had been signing falsely.,Attraction Violation,1,1,The legal contract had been,signing,0.7989385,SE,intfloat/e5-large-v2
17,5,The legal contract had been signed by the family.,Passive Control,1,1,The legal contract had been,signed,0.81630003,SE,intfloat/e5-large-v2
18,5,The state's governor had been signing new legislation.,Active Control,1,0,The state's governor had been,signing,0.732436,SE,intfloat/e5-large-v2
19,5,An appointment was signing falsely.,No-Attraction Violation,0,1,An appointment was,signing,0.81063735,SE,intfloat/e5-large-v2
20,6,The vocabulary list was memorizing well.,Attraction Violation,1,1,The vocabulary list was,memorizing,0.779851,SE,intfloat/e5-large-v2
21,6,The vocabulary list was memorized well.,Passive Control,1,1,The vocabulary list was,memorized,0.7866415,SE,intfloat/e5-large-v2
22,6,The medical students were memorizing sample exam questions all night.,Active Control,1,0,The medical students were,memorizing,0.75222504,SE,intfloat/e5-large-v2
23,6,The simple coffin was memorizing the lines of the poem.,No-Attraction Violation,0,1,The simple coffin was,memorizing,0.74263257,SE,intfloat/e5-large-v2
24,7,The firewood had been chopping poorly.,Attraction Violation,1,1,The firewood had been,chopping,0.7578504,SE,intfloat/e5-large-v2
25,7,The firewood had been chopped by Jen's grandfather.,Passive Control,1,1,The firewood had been,chopped,0.7838804,SE,intfloat/e5-large-v2
26,7,Jen's grandfather had been chopping the firewood.,Active Control,1,0,Jen's grandfather had been,chopping,0.70075005,SE,intfloat/e5-large-v2
27,7,Mark's wrinkly shirts were chopping vegetables.,No-Attraction Violation,0,1,Mark's wrinkly shirts were,chopping,0.6968978,SE,intfloat/e5-large-v2
28,8,Lisa's phone had been disconnecting last month.,Attraction Violation,1,1,Lisa's phone had been,disconnecting,0.7570577,SE,intfloat/e5-large-v2
29,8,Lisa's phone had been disconnected last month.,Passive Control,1,1,Lisa's phone had been,disconnected,0.77701646,SE,intfloat/e5-large-v2
30,8,The electrician had been disconnecting the machine's power source.,Active Control,1,0,The electrician had been,disconnecting,0.778988,SE,intfloat/e5-large-v2
31,8,Mother Theresa's death was disconnecting the two cables.,No-Attraction Violation,0,1,Mother Theresa's death was,disconnecting,0.7273628,SE,intfloat/e5-large-v2
32,9,Wendy's muddy car was washing the boys.,Attraction Violation,1,1,Wendy's muddy car was,washing,0.7425421,SE,intfloat/e5-large-v2
33,9,Wendy's muddy car was washed wearily.,Passive Control,1,1,Wendy's muddy car was,washed,0.76785254,SE,intfloat/e5-large-v2
34,9,Wendy and Harriet were washing the muddy car.,Active Control,1,0,Wendy and Harriet were,washing,0.75604075,SE,intfloat/e5-large-v2
35,9,Frank's loan application had been washing the used pencil.,No-Attraction Violation,0,1,Frank's loan application had been,washing,0.7151778,SE,intfloat/e5-large-v2
36,10,The library books had been borrowing the graduate student.,Attraction Violation,1,1,The library books had been,borrowing,0.7436881,SE,intfloat/e5-large-v2
37,10,The library books had been borrowed by the graduate student.,Passive Control,1,1,The library books had been,borrowed,0.7685461,SE,intfloat/e5-large-v2
38,10,Katie and Lara had been borrowing dozens of books about botany from the library.,Active Control,1,0,Katie and Lara had been,borrowing,0.7364225,SE,intfloat/e5-large-v2
39,10,The tragic mistake was borrowing in a hurry.,No-Attraction Violation,0,1,The tragic mistake was,borrowing,0.73994154,SE,intfloat/e5-large-v2
40,11,"The dark, underwater cave was exploring by the divers.",Attraction Violation,1,1,"The dark, underwater cave was",exploring,0.7781342,SE,intfloat/e5-large-v2
41,11,"The dark, underwater cave was explored by the divers.",Passive Control,1,1,"The dark, underwater cave was",explored,0.7814405,SE,intfloat/e5-large-v2
42,11,The cautious scuba divers were exploring the underwater cave.,Active Control,1,0,The cautious scuba divers were,exploring,0.76464146,SE,intfloat/e5-large-v2
43,11,The phone bill had been exploring at the zoo.,No-Attraction Violation,0,1,The phone bill had been,exploring,0.7437805,SE,intfloat/e5-large-v2
44,12,The unpleasant cough syrup was swallowing the boy.,Attraction Violation,1,1,The unpleasant cough syrup was,swallowing,0.77397186,SE,intfloat/e5-large-v2
45,12,The unpleasant cough syrup was swallowed by the boy.,Passive Control,1,1,The unpleasant cough syrup was,swallowed,0.79672354,SE,intfloat/e5-large-v2
46,12,The huge adult alligator had been swallowing fish by the bucket.,Active Control,1,0,The huge adult alligator had been,swallowing,0.73465365,SE,intfloat/e5-large-v2
47,12,The murder had been swallowing with disgust.,No-Attraction Violation,0,1,The murder had been,swallowing,0.74758536,SE,intfloat/e5-large-v2
48,13,The pizza had been delivering once more.,Attraction Violation,1,1,The pizza had been,delivering,0.80027694,SE,intfloat/e5-large-v2
49,13,The pizza had been delivered by Antonio himself.,Passive Control,1,1,The pizza had been,delivered,0.8210038,SE,intfloat/e5-large-v2
50,13,The exhausted messenger had been delivering packages all over town.,Active Control,1,0,The exhausted messenger had been,delivering,0.80482805,SE,intfloat/e5-large-v2
51,13,A genetic mutation was delivering once more.,No-Attraction Violation,0,1,A genetic mutation was,delivering,0.77460855,SE,intfloat/e5-large-v2
52,14,Frank's loan application had been approving by the bank.,Attraction Violation,1,1,Frank's loan application had been,approving,0.782714,SE,intfloat/e5-large-v2
53,14,Frank's loan application had been approved anyways.,Passive Control,1,1,Frank's loan application had been,approved,0.7883779,SE,intfloat/e5-large-v2
54,14,The board of directors had been approving too many expensive projects.,Active Control,1,0,The board of directors had been,approving,0.7669945,SE,intfloat/e5-large-v2
55,14,Wendy's muddy car was approving the boy's request.,No-Attraction Violation,0,1,Wendy's muddy car was,approving,0.70840645,SE,intfloat/e5-large-v2
56,15,The cheap products had been manufacturing a Belgian firm.,Attraction Violation,1,1,The cheap products had been,manufacturing,0.750987,SE,intfloat/e5-large-v2
57,15,The cheap products had been manufactured by a Belgian firm.,Passive Control,1,1,The cheap products had been,manufactured,0.7866634,SE,intfloat/e5-large-v2
58,15,The auto company had been manufacturing parts in China.,Active Control,1,0,The auto company had been,manufacturing,0.76904505,SE,intfloat/e5-large-v2
59,15,A drawing of the house had been manufacturing at a factory.,No-Attraction Violation,0,1,A drawing of the house had been,manufacturing,0.71157044,SE,intfloat/e5-large-v2
60,16,Their secret conversation had been overhearing by a surprised neighbor.,Attraction Violation,1,1,Their secret conversation had been,overhearing,0.78378594,SE,intfloat/e5-large-v2
61,16,Their secret conversation had been overheard by a surprised neighbor.,Passive Control,1,1,Their secret conversation had been,overheard,0.8413724,SE,intfloat/e5-large-v2
62,16,The annoyed resident had been overhearing his neighbor's phone conversations through the wall.,Active Control,1,0,The annoyed resident had been,overhearing,0.7552825,SE,intfloat/e5-large-v2
63,16,A wet snowball had been overhearing despite the precautions.,No-Attraction Violation,0,1,A wet snowball had been,overhearing,0.73483884,SE,intfloat/e5-large-v2
64,17,The rough part of the wood was sanding to perfection.,Attraction Violation,1,1,The rough part of the wood was,sanding,0.7983043,SE,intfloat/e5-large-v2
65,17,The rough part of the wood was sanded by the carpenter.,Passive Control,1,1,The rough part of the wood was,sanded,0.8056221,SE,intfloat/e5-large-v2
66,17,The skillful carpenter was sanding the rough edge of the wood.,Active Control,1,0,The skillful carpenter was,sanding,0.76410425,SE,intfloat/e5-large-v2
67,17,Three more martinis were sanding the chair.,No-Attraction Violation,0,1,Three more martinis were,sanding,0.7184163,SE,intfloat/e5-large-v2
68,18,A package had been receiving by the secretary in the office.,Attraction Violation,1,1,A package had been,receiving,0.83083016,SE,intfloat/e5-large-v2
69,18,A package had been received by the secretary in the office.,Passive Control,1,1,A package had been,received,0.8603669,SE,intfloat/e5-large-v2
70,18,The secretary had been receiving flowers all day.,Active Control,1,0,The secretary had been,receiving,0.7691828,SE,intfloat/e5-large-v2
71,18,The noises in the attic had been receiving assistance from the government.,No-Attraction Violation,0,1,The noises in the attic had been,receiving,0.74787945,SE,intfloat/e5-large-v2
72,19,The club's rules had been violating Richard.,Attraction Violation,1,1,The club's rules had been,violating,0.7732792,SE,intfloat/e5-large-v2
73,19,The club's rules had been violated only twice.,Passive Control,1,1,The club's rules had been,violated,0.77171195,SE,intfloat/e5-large-v2
74,19,The rebel had been violating the rules.,Active Control,1,0,The rebel had been,violating,0.7876254,SE,intfloat/e5-large-v2
75,19,Thirty pounds of potatoes had been violating only twice.,No-Attraction Violation,0,1,Thirty pounds of potatoes had been,violating,0.7468744,SE,intfloat/e5-large-v2
76,20,A new medication had been prescribing the physician.,Attraction Violation,1,1,A new medication had been,prescribing,0.8137227,SE,intfloat/e5-large-v2
77,20,A new medication had been prescribed by the physician.,Passive Control,1,1,A new medication had been,prescribed,0.8243499,SE,intfloat/e5-large-v2
78,20,The new doctor had been prescribing powerful painkillers for Jelena's sore knee.,Active Control,1,0,The new doctor had been,prescribing,0.78278804,SE,intfloat/e5-large-v2
79,20,The portrait of Napoleon had been prescribing with caution.,No-Attraction Violation,0,1,The portrait of Napoleon had been,prescribing,0.69872576,SE,intfloat/e5-large-v2
80,21,The wheat crops had been harvesting by the local farmers.,Attraction Violation,1,1,The wheat crops had been,harvesting,0.7718433,SE,intfloat/e5-large-v2
81,21,The wheat crops had been harvested after the rain.,Passive Control,1,1,The wheat crops had been,harvested,0.7878962,SE,intfloat/e5-large-v2
82,21,The local farmers had been harvesting the corn all week.,Active Control,1,0,The local farmers had been,harvesting,0.78551805,SE,intfloat/e5-large-v2
83,21,The elevator button had been harvesting after the rain.,No-Attraction Violation,0,1,The elevator button had been,harvesting,0.72289664,SE,intfloat/e5-large-v2
84,22,The musical piece was composing by Beethoven in 1799.,Attraction Violation,1,1,The musical piece was,composing,0.8150675,SE,intfloat/e5-large-v2
85,22,The musical piece was composed in a dream.,Passive Control,1,1,The musical piece was,composed,0.81780034,SE,intfloat/e5-large-v2
86,22,Ludwig von Beethoven was composing symphonies as a teenager.,Active Control,1,0,Ludwig von Beethoven was,composing,0.79927933,SE,intfloat/e5-large-v2
87,22,The bank had been composing in a dream.,No-Attraction Violation,0,1,The bank had been,composing,0.75847363,SE,intfloat/e5-large-v2
88,23,The old lady's purse had been snatching a kid.,Attraction Violation,1,1,The old lady's purse had been,snatching,0.74938565,SE,intfloat/e5-large-v2
89,23,The old lady's purse had been snatched with speed.,Passive Control,1,1,The old lady's purse had been,snatched,0.7646011,SE,intfloat/e5-large-v2
90,23,The clever dog had been snatching cookies from the table.,Active Control,1,0,The clever dog had been,snatching,0.72773784,SE,intfloat/e5-large-v2
91,23,The quality of Karla's work was snatching victory from the jaws of defeat.,No-Attraction Violation,0,1,The quality of Karla's work was,snatching,0.7237334,SE,intfloat/e5-large-v2
92,24,Olson's bulging suitcase had been packing his assistant.,Attraction Violation,1,1,Olson's bulging suitcase had been,packing,0.8011609,SE,intfloat/e5-large-v2
93,24,Olson's bulging suitcase had been packed for the trip.,Passive Control,1,1,Olson's bulging suitcase had been,packed,0.80859023,SE,intfloat/e5-large-v2
94,24,The excited vacationers had been packing their suitcases when the hurricane hit.,Active Control,1,0,The excited vacationers had been,packing,0.72722495,SE,intfloat/e5-large-v2
95,24,Stormy weather had been packing for the trip.,No-Attraction Violation,0,1,Stormy weather had been,packing,0.7462009,SE,intfloat/e5-large-v2
96,25,Several spelling errors were noticing the careful editor.,Attraction Violation,1,1,Several spelling errors were,noticing,0.8212405,SE,intfloat/e5-large-v2
97,25,Several spelling errors were noticed by the careful editor.,Passive Control,1,1,Several spelling errors were,noticed,0.82041085,SE,intfloat/e5-large-v2
98,25,Brittany's close friends were noticing changes in her personality.,Active Control,1,0,Brittany's close friends were,noticing,0.74937207,SE,intfloat/e5-large-v2
99,25,The final destination had been noticing too late.,No-Attraction Violation,0,1,The final destination had been,noticing,0.78627425,SE,intfloat/e5-large-v2
100,26,An illegal weapon had been smuggling only once.,Attraction Violation,1,1,An illegal weapon had been,smuggling,0.7935695,SE,intfloat/e5-large-v2
101,26,An illegal weapon had been smuggled only once.,Passive Control,1,1,An illegal weapon had been,smuggled,0.7949994,SE,intfloat/e5-large-v2
102,26,The drug dealer had been smuggling heroin into Canada.,Active Control,1,0,The drug dealer had been,smuggling,0.7503833,SE,intfloat/e5-large-v2
103,26,Cleopatra's beauty was smuggling only once.,No-Attraction Violation,0,1,Cleopatra's beauty was,smuggling,0.70214516,SE,intfloat/e5-large-v2
104,27,The leftover food was discarding wastefully.,Attraction Violation,1,1,The leftover food was,discarding,0.7884247,SE,intfloat/e5-large-v2
105,27,The leftover food was discarded wastefully.,Passive Control,1,1,The leftover food was,discarded,0.80991423,SE,intfloat/e5-large-v2
106,27,The campers were discarding the leftover food.,Active Control,1,0,The campers were,discarding,0.75607765,SE,intfloat/e5-large-v2
107,27,The sleek new building was discarding wastefully.,No-Attraction Violation,0,1,The sleek new building was,discarding,0.6984804,SE,intfloat/e5-large-v2
108,28,Thirty pounds of potatoes had been peeling by the cooks.,Attraction Violation,1,1,Thirty pounds of potatoes had been,peeling,0.7506244,SE,intfloat/e5-large-v2
109,28,Thirty pounds of potatoes had been peeled carefully.,Passive Control,1,1,Thirty pounds of potatoes had been,peeled,0.7679929,SE,intfloat/e5-large-v2
110,28,The bored looking cooks had been peeling potatoes for hours.,Active Control,1,0,The bored looking cooks had been,peeling,0.74628997,SE,intfloat/e5-large-v2
111,28,The club's rules had been peeling the sticker off the box.,No-Attraction Violation,0,1,The club's rules had been,peeling,0.71661395,SE,intfloat/e5-large-v2
112,29,The grimy pots and pans had been scrubbing the dishwashers.,Attraction Violation,1,1,The grimy pots and pans had been,scrubbing,0.7763165,SE,intfloat/e5-large-v2
113,29,The grimy pots and pans had been scrubbed by the dishwashers.,Passive Control,1,1,The grimy pots and pans had been,scrubbed,0.7829271,SE,intfloat/e5-large-v2
114,29,The guys in the kitchen had been scrubbing the pots and pans.,Active Control,1,0,The guys in the kitchen had been,scrubbing,0.73990315,SE,intfloat/e5-large-v2
115,29,The stolen artwork had been scrubbing with vigor.,No-Attraction Violation,0,1,The stolen artwork had been,scrubbing,0.72393316,SE,intfloat/e5-large-v2
116,30,The roast lamb had been carving by a servant.,Attraction Violation,1,1,The roast lamb had been,carving,0.74132603,SE,intfloat/e5-large-v2
117,30,The roast lamb had been carved by a servant.,Passive Control,1,1,The roast lamb had been,carved,0.78090525,SE,intfloat/e5-large-v2
118,30,The butcher had been carving the meat.,Active Control,1,0,The butcher had been,carving,0.7531474,SE,intfloat/e5-large-v2
119,30,Janet's houseplants were carving before dinner.,No-Attraction Violation,0,1,Janet's houseplants were,carving,0.71704453,SE,intfloat/e5-large-v2
120,31,Cleopatra's beauty was admiring many people.,Attraction Violation,1,1,Cleopatra's beauty was,admiring,0.7873182,SE,intfloat/e5-large-v2
121,31,Cleopatra's beauty was admired always.,Passive Control,1,1,Cleopatra's beauty was,admired,0.7846074,SE,intfloat/e5-large-v2
122,31,The men were admiring the beautiful woman from a distance.,Active Control,1,0,The men were,admiring,0.8186036,SE,intfloat/e5-large-v2
123,31,An illegal weapon had been admiring always.,No-Attraction Violation,0,1,An illegal weapon had been,admiring,0.76929486,SE,intfloat/e5-large-v2
124,32,A wet snowball had been tossing by the girls through the window.,Attraction Violation,1,1,A wet snowball had been,tossing,0.771562,SE,intfloat/e5-large-v2
125,32,A wet snowball had been tossed in anger.,Passive Control,1,1,A wet snowball had been,tossed,0.772117,SE,intfloat/e5-large-v2
126,32,The baseball players had been tossing the ball around the infield.,Active Control,1,0,The baseball players had been,tossing,0.7417172,SE,intfloat/e5-large-v2
127,32,Their secret conversation had been tossing a steak on the grill.,No-Attraction Violation,0,1,Their secret conversation had been,tossing,0.7616337,SE,intfloat/e5-large-v2
128,33,The sealed envelope was opening the judge.,Attraction Violation,1,1,The sealed envelope was,opening,0.7941779,SE,intfloat/e5-large-v2
129,33,The sealed envelope was opened without permission.,Passive Control,1,1,The sealed envelope was,opened,0.83166206,SE,intfloat/e5-large-v2
130,33,Tuxedoed waiters were opening bottles of champagne for the toast.,Active Control,1,0,Tuxedoed waiters were,opening,0.7627703,SE,intfloat/e5-large-v2
131,33,The men's faces had been opening without permission.,No-Attraction Violation,0,1,The men's faces had been,opening,0.742055,SE,intfloat/e5-large-v2
132,34,The man's beard had been shaving twice a day.,Attraction Violation,1,1,The man's beard had been,shaving,0.76883346,SE,intfloat/e5-large-v2
133,34,The man's beard had been shaved twice a day.,Passive Control,1,1,The man's beard had been,shaved,0.80255616,SE,intfloat/e5-large-v2
134,34,His uncle Ralph had been shaving his beard off.,Active Control,1,0,His uncle Ralph had been,shaving,0.72691596,SE,intfloat/e5-large-v2
135,34,The popular amusement park is shaving twice a day.,No-Attraction Violation,0,1,The popular amusement park is,shaving,0.6994994,SE,intfloat/e5-large-v2
136,35,The elevator button had been pressing slowly.,Attraction Violation,1,1,The elevator button had been,pressing,0.7743988,SE,intfloat/e5-large-v2
137,35,The elevator button had been pressed by the attendant.,Passive Control,1,1,The elevator button had been,pressed,0.79699194,SE,intfloat/e5-large-v2
138,35,The attendant had been pressing the buttons.,Active Control,1,0,The attendant had been,pressing,0.7643972,SE,intfloat/e5-large-v2
139,35,The wheat crops had been pressing slowly.,No-Attraction Violation,0,1,The wheat crops had been,pressing,0.7304371,SE,intfloat/e5-large-v2
140,36,The winning lottery numbers had been announcing the TV news.,Attraction Violation,1,1,The winning lottery numbers had been,announcing,0.7776476,SE,intfloat/e5-large-v2
141,36,The winning lottery numbers had been announced by the TV news.,Passive Control,1,1,The winning lottery numbers had been,announced,0.77585405,SE,intfloat/e5-large-v2
142,36,The flight attendant had been announcing the reason for the delay.,Active Control,1,0,The flight attendant had been,announcing,0.7607655,SE,intfloat/e5-large-v2
143,36,The tarnished silverware was announcing on the television.,No-Attraction Violation,0,1,The tarnished silverware was,announcing,0.74316615,SE,intfloat/e5-large-v2
144,37,The victim's body had been identifying at the morgue.,Attraction Violation,1,1,The victim's body had been,identifying,0.7886481,SE,intfloat/e5-large-v2
145,37,The victim's body had been identified by the family members.,Passive Control,1,1,The victim's body had been,identified,0.7940813,SE,intfloat/e5-large-v2
146,37,The laboratory technicians had been identifying the chemical.,Active Control,1,0,The laboratory technicians had been,identifying,0.77546924,SE,intfloat/e5-large-v2
147,37,The movie was identifying rare fish for the divers.,No-Attraction Violation,0,1,The movie was,identifying,0.79142225,SE,intfloat/e5-large-v2
148,38,The hearty meal was devouring by the kids.,Attraction Violation,1,1,The hearty meal was,devouring,0.8275921,SE,intfloat/e5-large-v2
149,38,The hearty meal was devoured with gusto.,Passive Control,1,1,The hearty meal was,devoured,0.82507753,SE,intfloat/e5-large-v2
150,38,The hungry boys were devouring the plate of cookies when Jack arrived.,Active Control,1,0,The hungry boys were,devouring,0.829677,SE,intfloat/e5-large-v2
151,38,The dusty tabletops were devouring with gusto.,No-Attraction Violation,0,1,The dusty tabletops were,devouring,0.7458319,SE,intfloat/e5-large-v2
152,39,The overgrown shrubs were trimming regularly.,Attraction Violation,1,1,The overgrown shrubs were,trimming,0.76614696,SE,intfloat/e5-large-v2
153,39,The overgrown shrubs were trimmed by a gardener.,Passive Control,1,1,The overgrown shrubs were,trimmed,0.78736377,SE,intfloat/e5-large-v2
154,39,A gardener was trimming the overgrown shrubbery.,Active Control,1,0,A gardener was,trimming,0.7849741,SE,intfloat/e5-large-v2
155,39,The alarm clock had been trimming regularly.,No-Attraction Violation,0,1,The alarm clock had been,trimming,0.7278597,SE,intfloat/e5-large-v2
156,40,Wilson's unreasonable proposal was rejecting by the boss.,Attraction Violation,1,1,Wilson's unreasonable proposal was,rejecting,0.79275835,SE,intfloat/e5-large-v2
157,40,Wilson's unreasonable proposal was rejected at the hospital.,Passive Control,1,1,Wilson's unreasonable proposal was,rejected,0.7971034,SE,intfloat/e5-large-v2
158,40,The admissions committee was rejecting nearly every application.,Active Control,1,0,The admissions committee was,rejecting,0.78604627,SE,intfloat/e5-large-v2
159,40,The rare bird's behavior was rejecting all offers.,No-Attraction Violation,0,1,The rare bird's behavior was,rejecting,0.7764173,SE,intfloat/e5-large-v2
160,41,Hathaway's gigantic fortune had been inheriting by his daughters.,Attraction Violation,1,1,Hathaway's gigantic fortune had been,inheriting,0.7416858,SE,intfloat/e5-large-v2
161,41,Hathaway's gigantic fortune had been inherited by his daughters.,Passive Control,1,1,Hathaway's gigantic fortune had been,inherited,0.7553307,SE,intfloat/e5-large-v2
162,41,Generations of aristocratic Englishmen have been inheriting their fortunes.,Active Control,1,0,Generations of aristocratic Englishmen have been,inheriting,0.77984715,SE,intfloat/e5-large-v2
163,41,The strange mystery had been inheriting the estate from her grandmother.,No-Attraction Violation,0,1,The strange mystery had been,inheriting,0.75388163,SE,intfloat/e5-large-v2
164,42,All of her money had been spending before the wedding.,Attraction Violation,1,1,All of her money had been,spending,0.79159683,SE,intfloat/e5-large-v2
165,42,All of her money had been spent before the wedding.,Passive Control,1,1,All of her money had been,spent,0.8304503,SE,intfloat/e5-large-v2
166,42,The shopping fanatic had been spending all her money in Bloomingdales.,Active Control,1,0,The shopping fanatic had been,spending,0.75938153,SE,intfloat/e5-large-v2
167,42,Patty's overgrown lawn was spending its time on the beach.,No-Attraction Violation,0,1,Patty's overgrown lawn was,spending,0.6943881,SE,intfloat/e5-large-v2
168,43,An appointment was scheduling by the secretary.,Attraction Violation,1,1,An appointment was,scheduling,0.8201004,SE,intfloat/e5-large-v2
169,43,An appointment was scheduled by the secretary.,Passive Control,1,1,An appointment was,scheduled,0.8231889,SE,intfloat/e5-large-v2
170,43,The secretary was scheduling new appointments for the afternoon.,Active Control,1,0,The secretary was,scheduling,0.7721335,SE,intfloat/e5-large-v2
171,43,The legal contract had been scheduling for next week.,No-Attraction Violation,0,1,The legal contract had been,scheduling,0.7554713,SE,intfloat/e5-large-v2
172,44,The men's faces had been photographing by a security camera.,Attraction Violation,1,1,The men's faces had been,photographing,0.74216056,SE,intfloat/e5-large-v2
173,44,The men's faces had been photographed by a security camera.,Passive Control,1,1,The men's faces had been,photographed,0.79459023,SE,intfloat/e5-large-v2
174,44,The intrusive reporter had been photographing the celebrities at the party.,Active Control,1,0,The intrusive reporter had been,photographing,0.74866277,SE,intfloat/e5-large-v2
175,44,The sealed envelope was photographing at the party.,No-Attraction Violation,0,1,The sealed envelope was,photographing,0.7580214,SE,intfloat/e5-large-v2
176,45,The broken television had been repairing the technician.,Attraction Violation,1,1,The broken television had been,repairing,0.7935749,SE,intfloat/e5-large-v2
177,45,The broken television had been repaired by the technician.,Passive Control,1,1,The broken television had been,repaired,0.81055915,SE,intfloat/e5-large-v2
178,45,The competent technician had been repairing the television.,Active Control,1,0,The competent technician had been,repairing,0.81781936,SE,intfloat/e5-large-v2
179,45,Larry's note had been repairing the computer's hard drive.,No-Attraction Violation,0,1,Larry's note had been,repairing,0.7551775,SE,intfloat/e5-large-v2
180,46,The alarm clock had been unplugging accidentally.,Attraction Violation,1,1,The alarm clock had been,unplugging,0.7821367,SE,intfloat/e5-large-v2
181,46,The alarm clock had been unplugged late.,Passive Control,1,1,The alarm clock had been,unplugged,0.7661875,SE,intfloat/e5-large-v2
182,46,The frantic woman had been unplugging every electrical device in the house.,Active Control,1,0,The frantic woman had been,unplugging,0.7317678,SE,intfloat/e5-large-v2
183,46,The overgrown shrubs were unplugging accidentally.,No-Attraction Violation,0,1,The overgrown shrubs were,unplugging,0.7354151,SE,intfloat/e5-large-v2
184,47,The car door had been unlocking late at night.,Attraction Violation,1,1,The car door had been,unlocking,0.763867,SE,intfloat/e5-large-v2
185,47,The car door had been unlocked by the child.,Passive Control,1,1,The car door had been,unlocked,0.78788173,SE,intfloat/e5-large-v2
186,47,The babysitter had been unlocking the back door.,Active Control,1,0,The babysitter had been,unlocking,0.72923964,SE,intfloat/e5-large-v2
187,47,The Queen's 80th birthday was unlocking late at night.,No-Attraction Violation,0,1,The Queen's 80th birthday was,unlocking,0.71618974,SE,intfloat/e5-large-v2
188,48,The portrait of Napoleon had been painting by a Dutch artist.,Attraction Violation,1,1,The portrait of Napoleon had been,painting,0.767747,SE,intfloat/e5-large-v2
189,48,The portrait of Napoleon had been painted by a Dutch artist.,Passive Control,1,1,The portrait of Napoleon had been,painted,0.7915533,SE,intfloat/e5-large-v2
190,48,The French Impressionist artists had been painting with a focus on light and color.,Active Control,1,0,The French Impressionist artists had been,painting,0.7793998,SE,intfloat/e5-large-v2
191,48,A new medication had been painting on Tuesday.,No-Attraction Violation,0,1,A new medication had been,painting,0.7246004,SE,intfloat/e5-large-v2
192,49,The embarrassing allegations had been denying by the mayor.,Attraction Violation,1,1,The embarrassing allegations had been,denying,0.8042806,SE,intfloat/e5-large-v2
193,49,The embarrassing allegations had been denied by the mayor.,Passive Control,1,1,The embarrassing allegations had been,denied,0.799852,SE,intfloat/e5-large-v2
194,49,The embarassed mayor had been denying allegations of corruption.,Active Control,1,0,The embarassed mayor had been,denying,0.7620839,SE,intfloat/e5-large-v2
195,49,Tamara's birthday gift had been denying the rumor.,No-Attraction Violation,0,1,Tamara's birthday gift had been,denying,0.71982974,SE,intfloat/e5-large-v2
196,50,The noises in the attic had been hearing nightly.,Attraction Violation,1,1,The noises in the attic had been,hearing,0.7838608,SE,intfloat/e5-large-v2
197,50,The noises in the attic had been heard by the boys.,Passive Control,1,1,The noises in the attic had been,heard,0.8042957,SE,intfloat/e5-large-v2
198,50,The frightened campers had been hearing noises in the woods.,Active Control,1,0,The frightened campers had been,hearing,0.72489256,SE,intfloat/e5-large-v2
199,50,A package had been hearing nightly.,No-Attraction Violation,0,1,A package had been,hearing,0.74562514,SE,intfloat/e5-large-v2
200,51,The appetizers had been serving before the meal.,Attraction Violation,1,1,The appetizers had been,serving,0.80303395,SE,intfloat/e5-large-v2
201,51,The appetizers had been served before the meal.,Passive Control,1,1,The appetizers had been,served,0.8165708,SE,intfloat/e5-large-v2
202,51,The waiters had been serving the meal.,Active Control,1,0,The waiters had been,serving,0.81043166,SE,intfloat/e5-large-v2
203,51,The final exams had been serving before the meal.,No-Attraction Violation,0,1,The final exams had been,serving,0.745919,SE,intfloat/e5-large-v2
204,52,Billy's unruly hair was combing his mother to one side.,Attraction Violation,1,1,Billy's unruly hair was,combing,0.7736355,SE,intfloat/e5-large-v2
205,52,Billy's unruly hair was combed by his mother to one side.,Passive Control,1,1,Billy's unruly hair was,combed,0.7979836,SE,intfloat/e5-large-v2
206,52,The patient barber was combing the boy's hair to one side.,Active Control,1,0,The patient barber was,combing,0.77218825,SE,intfloat/e5-large-v2
207,52,The girl's disease was combing the area for escaped prisoners.,No-Attraction Violation,0,1,The girl's disease was,combing,0.7289869,SE,intfloat/e5-large-v2
208,53,A drawing of the house had been sketching again.,Attraction Violation,1,1,A drawing of the house had been,sketching,0.80722195,SE,intfloat/e5-large-v2
209,53,A drawing of the house had been sketched again.,Passive Control,1,1,A drawing of the house had been,sketched,0.8295663,SE,intfloat/e5-large-v2
210,53,An artist in the studio had been sketching the house.,Active Control,1,0,An artist in the studio had been,sketching,0.7858574,SE,intfloat/e5-large-v2
211,53,The cheap products had been sketching again.,No-Attraction Violation,0,1,The cheap products had been,sketching,0.71114093,SE,intfloat/e5-large-v2
212,54,The simple coffin was burying the villagers.,Attraction Violation,1,1,The simple coffin was,burying,0.7921408,SE,intfloat/e5-large-v2
213,54,The simple coffin was buried at the church.,Passive Control,1,1,The simple coffin was,buried,0.80365896,SE,intfloat/e5-large-v2
214,54,The tribal people were burying their dead.,Active Control,1,0,The tribal people were,burying,0.7740613,SE,intfloat/e5-large-v2
215,54,The vocabulary list was burying at the church.,No-Attraction Violation,0,1,The vocabulary list was,burying,0.7429396,SE,intfloat/e5-large-v2
216,55,The homicide case had been investigating diligently.,Attraction Violation,1,1,The homicide case had been,investigating,0.7780703,SE,intfloat/e5-large-v2
217,55,The homicide case had been investigated by the FBI.,Passive Control,1,1,The homicide case had been,investigated,0.7878103,SE,intfloat/e5-large-v2
218,55,The FBI agents had been investigating the homicide case for weeks.,Active Control,1,0,The FBI agents had been,investigating,0.78921723,SE,intfloat/e5-large-v2
219,55,Martin's tonsils had been investigating the problem.,No-Attraction Violation,0,1,Martin's tonsils had been,investigating,0.73638076,SE,intfloat/e5-large-v2
220,56,Mark's wrinkly shirts were ironing by his mother.,Attraction Violation,1,1,Mark's wrinkly shirts were,ironing,0.74882644,SE,intfloat/e5-large-v2
221,56,Mark's wrinkly shirts were ironed by his mother.,Passive Control,1,1,Mark's wrinkly shirts were,ironed,0.76427996,SE,intfloat/e5-large-v2
222,56,Mark's doting mother was ironing his shirts while he slept.,Active Control,1,0,Mark's doting mother was,ironing,0.7243677,SE,intfloat/e5-large-v2
223,56,The firewood had been ironing her dress.,No-Attraction Violation,0,1,The firewood had been,ironing,0.72045773,SE,intfloat/e5-large-v2
224,57,An important lesson had been learning in space.,Attraction Violation,1,1,An important lesson had been,learning,0.77696323,SE,intfloat/e5-large-v2
225,57,An important lesson had been learned in space.,Passive Control,1,1,An important lesson had been,learned,0.83700675,SE,intfloat/e5-large-v2
226,57,The children had been learning Spanish.,Active Control,1,0,The children had been,learning,0.76466537,SE,intfloat/e5-large-v2
227,57,The bathroom floor had been learning in space.,No-Attraction Violation,0,1,The bathroom floor had been,learning,0.73932785,SE,intfloat/e5-large-v2
228,58,The height of the bookcase was measuring by a carpenter.,Attraction Violation,1,1,The height of the bookcase was,measuring,0.7644608,SE,intfloat/e5-large-v2
229,58,The height of the bookcase was measured incorrectly.,Passive Control,1,1,The height of the bookcase was,measured,0.77633506,SE,intfloat/e5-large-v2
230,58,The carpenter was measuring the height of the bookcase.,Active Control,1,0,The carpenter was,measuring,0.77297586,SE,intfloat/e5-large-v2
231,58,An urgent message had been measuring her heart rate.,No-Attraction Violation,0,1,An urgent message had been,measuring,0.73986816,SE,intfloat/e5-large-v2
232,59,Several important topics were discussing despite the weather.,Attraction Violation,1,1,Several important topics were,discussing,0.8428136,SE,intfloat/e5-large-v2
233,59,Several important topics were discussed by the board of trustees.,Passive Control,1,1,Several important topics were,discussed,0.854549,SE,intfloat/e5-large-v2
234,59,The board members were discussing several important topics.,Active Control,1,0,The board members were,discussing,0.7954427,SE,intfloat/e5-large-v2
235,59,"The fresh, warm bread was discussing despite the weather.",No-Attraction Violation,0,1,"The fresh, warm bread was",discussing,0.7523308,SE,intfloat/e5-large-v2
236,60,The dusty tabletops were wiping thoroughly.,Attraction Violation,1,1,The dusty tabletops were,wiping,0.7592008,SE,intfloat/e5-large-v2
237,60,The dusty tabletops were wiped thoroughly.,Passive Control,1,1,The dusty tabletops were,wiped,0.79323286,SE,intfloat/e5-large-v2
238,60,The tired busboy was wiping for hours.,Active Control,1,0,The tired busboy was,wiping,0.73636335,SE,intfloat/e5-large-v2
239,60,The hearty meal was wiping thoroughly.,No-Attraction Violation,0,1,The hearty meal was,wiping,0.74916184,SE,intfloat/e5-large-v2
240,61,A tiny spy camera was concealing by the agent inside a flowerpot.,Attraction Violation,1,1,A tiny spy camera was,concealing,0.7733596,SE,intfloat/e5-large-v2
241,61,A tiny spy camera was concealed by the agent inside a flowerpot.,Passive Control,1,1,A tiny spy camera was,concealed,0.77394164,SE,intfloat/e5-large-v2
242,61,The sneaky lawyer was concealing the truth.,Active Control,1,0,The sneaky lawyer was,concealing,0.7989724,SE,intfloat/e5-large-v2
243,61,A faint light was concealing their identity.,No-Attraction Violation,0,1,A faint light was,concealing,0.7800911,SE,intfloat/e5-large-v2
244,62,"The fresh, warm bread was slicing by the baker into halves.",Attraction Violation,1,1,"The fresh, warm bread was",slicing,0.75206965,SE,intfloat/e5-large-v2
245,62,"The fresh, warm bread was sliced with love.",Passive Control,1,1,"The fresh, warm bread was",sliced,0.78984326,SE,intfloat/e5-large-v2
246,62,The chef's assistants were slicing the mushrooms for a pie.,Active Control,1,0,The chef's assistants were,slicing,0.7454978,SE,intfloat/e5-large-v2
247,62,Several important topics were slicing with love.,No-Attraction Violation,0,1,Several important topics were,slicing,0.75422305,SE,intfloat/e5-large-v2
248,63,The tarnished silverware was polishing by the butler.,Attraction Violation,1,1,The tarnished silverware was,polishing,0.75336134,SE,intfloat/e5-large-v2
249,63,The tarnished silverware was polished by the butler.,Passive Control,1,1,The tarnished silverware was,polished,0.78617394,SE,intfloat/e5-large-v2
250,63,The thorough butler was polishing the doorknobs.,Active Control,1,0,The thorough butler was,polishing,0.74349463,SE,intfloat/e5-large-v2
251,63,The winning lottery numbers had been polishing his shoes.,No-Attraction Violation,0,1,The winning lottery numbers had been,polishing,0.71681905,SE,intfloat/e5-large-v2
252,64,Poisonous fumes had been inhaling the firefighters.,Attraction Violation,1,1,Poisonous fumes had been,inhaling,0.7880739,SE,intfloat/e5-large-v2
253,64,Poisonous fumes had been inhaled by the firefighters.,Passive Control,1,1,Poisonous fumes had been,inhaled,0.8142071,SE,intfloat/e5-large-v2
254,64,The firefighters had been inhaling the smoke.,Active Control,1,0,The firefighters had been,inhaling,0.74716485,SE,intfloat/e5-large-v2
255,64,The man's signature was inhaling during the fire.,No-Attraction Violation,0,1,The man's signature was,inhaling,0.74883235,SE,intfloat/e5-large-v2
256,65,A genetic mutation was discovering the scientists.,Attraction Violation,1,1,A genetic mutation was,discovering,0.7955633,SE,intfloat/e5-large-v2
257,65,A genetic mutation was discovered suddenly.,Passive Control,1,1,A genetic mutation was,discovered,0.8228931,SE,intfloat/e5-large-v2
258,65,The excited explorers were discovering ancient artifacts everywhere they looked.,Active Control,1,0,The excited explorers were,discovering,0.8174593,SE,intfloat/e5-large-v2
259,65,The pizza had been discovering new methods for making dough.,No-Attraction Violation,0,1,The pizza had been,discovering,0.77409446,SE,intfloat/e5-large-v2
260,66,The Queen's 80th birthday was celebrating expensively.,Attraction Violation,1,1,The Queen's 80th birthday was,celebrating,0.76032144,SE,intfloat/e5-large-v2
261,66,The Queen's 80th birthday was celebrated by thousands of people in the streets.,Passive Control,1,1,The Queen's 80th birthday was,celebrated,0.76314145,SE,intfloat/e5-large-v2
262,66,Thousands of excited fans were celebrating the Superbowl victory in the streets.,Active Control,1,0,Thousands of excited fans were,celebrating,0.79920226,SE,intfloat/e5-large-v2
263,66,The car door had been celebrating her promotion.,No-Attraction Violation,0,1,The car door had been,celebrating,0.74517834,SE,intfloat/e5-large-v2
264,67,The diagram on the chalkboard had been erasing Mrs. Larson.,Attraction Violation,1,1,The diagram on the chalkboard had been,erasing,0.758516,SE,intfloat/e5-large-v2
265,67,The diagram on the chalkboard had been erased by Mrs. Larson.,Passive Control,1,1,The diagram on the chalkboard had been,erased,0.7568037,SE,intfloat/e5-large-v2
266,67,Mrs. Larson had been erasing the chalkboard.,Active Control,1,0,Mrs. Larson had been,erasing,0.7308261,SE,intfloat/e5-large-v2
267,67,Food for the homeless had been erasing over and over.,No-Attraction Violation,0,1,Food for the homeless had been,erasing,0.70444125,SE,intfloat/e5-large-v2
268,68,The movie was directing Steven Spielberg.,Attraction Violation,1,1,The movie was,directing,0.7667709,SE,intfloat/e5-large-v2
269,68,The movie was directed professionally.,Passive Control,1,1,The movie was,directed,0.8046855,SE,intfloat/e5-large-v2
270,68,Steven Spielberg was directing another blockbuster.,Active Control,1,0,Steven Spielberg was,directing,0.7777435,SE,intfloat/e5-large-v2
271,68,The victim's body had been directing the police.,No-Attraction Violation,0,1,The victim's body had been,directing,0.7262627,SE,intfloat/e5-large-v2
272,69,Theresa's birthday gift had been wrapping yesterday.,Attraction Violation,1,1,Theresa's birthday gift had been,wrapping,0.7545542,SE,intfloat/e5-large-v2
273,69,Theresa's birthday gift had been wrapped yesterday.,Passive Control,1,1,Theresa's birthday gift had been,wrapped,0.7821906,SE,intfloat/e5-large-v2
274,69,Theresa's loving grandmother had been wrapping the presents.,Active Control,1,0,Theresa's loving grandmother had been,wrapping,0.7180582,SE,intfloat/e5-large-v2
275,69,The embarrassing allegations had been wrapping yesterday.,No-Attraction Violation,0,1,The embarrassing allegations had been,wrapping,0.7136357,SE,intfloat/e5-large-v2
276,70,The popular amusement park is visiting by millions of tourists eh year.,Attraction Violation,1,1,The popular amusement park is,visiting,0.77106816,SE,intfloat/e5-large-v2
277,70,The popular amusement park is visited daily.,Passive Control,1,1,The popular amusement park is,visited,0.7523574,SE,intfloat/e5-large-v2
278,70,The tourists had been visiting the amusement park in the morning.,Active Control,1,0,The tourists had been,visiting,0.8202207,SE,intfloat/e5-large-v2
279,70,The man's beard had been visiting a friend in the hospital.,No-Attraction Violation,0,1,The man's beard had been,visiting,0.7486968,SE,intfloat/e5-large-v2
280,71,Ten new trees had been planting on dry land.,Attraction Violation,1,1,Ten new trees had been,planting,0.78393704,SE,intfloat/e5-large-v2
281,71,Ten new trees had been planted by the Forestry Service.,Passive Control,1,1,Ten new trees had been,planted,0.7895136,SE,intfloat/e5-large-v2
282,71,The forestry workers had been planting cedar saplings on the hillside.,Active Control,1,0,The forestry workers had been,planting,0.7541397,SE,intfloat/e5-large-v2
283,71,The sin had been planting doubt in her mind.,No-Attraction Violation,0,1,The sin had been,planting,0.73822135,SE,intfloat/e5-large-v2
284,72,Food for the homeless had been donating neighborhood residents.,Attraction Violation,1,1,Food for the homeless had been,donating,0.77778554,SE,intfloat/e5-large-v2
285,72,Food for the homeless had been donated many times.,Passive Control,1,1,Food for the homeless had been,donated,0.7942299,SE,intfloat/e5-large-v2
286,72,The wealthy American philanthropist had been donating money to Romanian orphanages.,Active Control,1,0,The wealthy American philanthropist had been,donating,0.78922904,SE,intfloat/e5-large-v2
287,72,The diagram on the chalkboard had been donating blood.,No-Attraction Violation,0,1,The diagram on the chalkboard had been,donating,0.7349923,SE,intfloat/e5-large-v2
288,73,The rare bird's behavior was observing by the biologists.,Attraction Violation,1,1,The rare bird's behavior was,observing,0.78326017,SE,intfloat/e5-large-v2
289,73,The rare bird's behavior was observed by the biologists.,Passive Control,1,1,The rare bird's behavior was,observed,0.8020554,SE,intfloat/e5-large-v2
290,73,The excited bird watchers were observing the rare eagle.,Active Control,1,0,The excited bird watchers were,observing,0.78176415,SE,intfloat/e5-large-v2
291,73,Wilson's unreasonable proposal was observing the stars.,No-Attraction Violation,0,1,Wilson's unreasonable proposal was,observing,0.72359866,SE,intfloat/e5-large-v2
292,74,Stormy weather had been forecasting by the weatherman.,Attraction Violation,1,1,Stormy weather had been,forecasting,0.75315964,SE,intfloat/e5-large-v2
293,74,Stormy weather had been forecasted by the weatherman.,Passive Control,1,1,Stormy weather had been,forecasted,0.796337,SE,intfloat/e5-large-v2
294,74,The weather service had been forecasting snow for the mountain areas.,Active Control,1,0,The weather service had been,forecasting,0.7589085,SE,intfloat/e5-large-v2
295,74,Olson's bulging suitcase had been forecasting correctly.,No-Attraction Violation,0,1,Olson's bulging suitcase had been,forecasting,0.67973727,SE,intfloat/e5-large-v2
296,75,The tragic mistake was regretting by Erika for many years.,Attraction Violation,1,1,The tragic mistake was,regretting,0.84764034,SE,intfloat/e5-large-v2
297,75,The tragic mistake was regretted years later.,Passive Control,1,1,The tragic mistake was,regretted,0.85306084,SE,intfloat/e5-large-v2
298,75,Erika was regretting the mistake.,Active Control,1,0,Erika was,regretting,0.77074546,SE,intfloat/e5-large-v2
299,75,The library books had been regretting their behavior.,No-Attraction Violation,0,1,The library books had been,regretting,0.7400636,SE,intfloat/e5-large-v2
300,76,The stolen artwork had been seizing without warning.,Attraction Violation,1,1,The stolen artwork had been,seizing,0.7757089,SE,intfloat/e5-large-v2
301,76,The stolen artwork had been seized by the border police.,Passive Control,1,1,The stolen artwork had been,seized,0.8048253,SE,intfloat/e5-large-v2
302,76,The police had been seizing shipments of drugs at the border.,Active Control,1,0,The police had been,seizing,0.7925879,SE,intfloat/e5-large-v2
303,76,The grimy pots and pans had been seizing without warning.,No-Attraction Violation,0,1,The grimy pots and pans had been,seizing,0.74597603,SE,intfloat/e5-large-v2
304,77,The value of the jewels was estimating the dealer.,Attraction Violation,1,1,The value of the jewels was,estimating,0.7308897,SE,intfloat/e5-large-v2
305,77,The value of the jewels was estimated by the dealer.,Passive Control,1,1,The value of the jewels was,estimated,0.78176725,SE,intfloat/e5-large-v2
306,77,The jewel expert was estimating the value of the diamond.,Active Control,1,0,The jewel expert was,estimating,0.7292869,SE,intfloat/e5-large-v2
307,77,The useful new gadget had been estimating professionally.,No-Attraction Violation,0,1,The useful new gadget had been,estimating,0.7417542,SE,intfloat/e5-large-v2
308,78,Larry's note had been scribbling his wife.,Attraction Violation,1,1,Larry's note had been,scribbling,0.7752996,SE,intfloat/e5-large-v2
309,78,Larry's note had been scribbled with haste.,Passive Control,1,1,Larry's note had been,scribbled,0.79081154,SE,intfloat/e5-large-v2
310,78,Larry's wife had been scribbling a note to him about dinner plans.,Active Control,1,0,Larry's wife had been,scribbling,0.7191643,SE,intfloat/e5-large-v2
311,78,The broken television had been scribbling his thoughts on a napkin.,No-Attraction Violation,0,1,The broken television had been,scribbling,0.7290988,SE,intfloat/e5-large-v2
312,79,Carrie's morning meeting was canceling as expected.,Attraction Violation,1,1,Carrie's morning meeting was,canceling,0.73125875,SE,intfloat/e5-large-v2
313,79,Carrie's morning meeting was canceled by the boss.,Passive Control,1,1,Carrie's morning meeting was,canceled,0.7368239,SE,intfloat/e5-large-v2
314,79,Carrie had been canceling all of her meetings.,Active Control,1,0,Carrie had been,canceling,0.7816901,SE,intfloat/e5-large-v2
315,79,The bubblegum had been canceling as expected.,No-Attraction Violation,0,1,The bubblegum had been,canceling,0.77282125,SE,intfloat/e5-large-v2
316,80,The girl's disease was curing a simple treatment.,Attraction Violation,1,1,The girl's disease was,curing,0.7572433,SE,intfloat/e5-large-v2
317,80,The girl's disease was cured by a simple treatment.,Passive Control,1,1,The girl's disease was,cured,0.80561763,SE,intfloat/e5-large-v2
318,80,The foreign doctors were curing hundreds of villagers of malaria.,Active Control,1,0,The foreign doctors were,curing,0.7491392,SE,intfloat/e5-large-v2
319,80,Billy's unruly hair was curing his cold.,No-Attraction Violation,0,1,Billy's unruly hair was,curing,0.728677,SE,intfloat/e5-large-v2
320,81,Janet's houseplants were watering too much.,Attraction Violation,1,1,Janet's houseplants were,watering,0.7452298,SE,intfloat/e5-large-v2
321,81,Janet's houseplants were watered by her neighbor.,Passive Control,1,1,Janet's houseplants were,watered,0.7658888,SE,intfloat/e5-large-v2
322,81,The gardener was watering the plants.,Active Control,1,0,The gardener was,watering,0.7933997,SE,intfloat/e5-large-v2
323,81,The roast lamb had been watering too much.,No-Attraction Violation,0,1,The roast lamb had been,watering,0.70960134,SE,intfloat/e5-large-v2
324,82,The useful new gadget had been inventing by a bored waiter.,Attraction Violation,1,1,The useful new gadget had been,inventing,0.76283073,SE,intfloat/e5-large-v2
325,82,The useful new gadget had been invented by a bored waiter.,Passive Control,1,1,The useful new gadget had been,invented,0.7910496,SE,intfloat/e5-large-v2
326,82,The resourceful engineers had been inventing tiny new devices.,Active Control,1,0,The resourceful engineers had been,inventing,0.7812807,SE,intfloat/e5-large-v2
327,82,The value of the jewels was inventing the digital computer.,No-Attraction Violation,0,1,The value of the jewels was,inventing,0.73193157,SE,intfloat/e5-large-v2
328,83,The phone bill had been paying his roommate.,Attraction Violation,1,1,The phone bill had been,paying,0.8225794,SE,intfloat/e5-large-v2
329,83,The phone bill had been paid quickly.,Passive Control,1,1,The phone bill had been,paid,0.80546725,SE,intfloat/e5-large-v2
330,83,Juan and Perry had been paying too much for their apartment.,Active Control,1,0,Juan and Perry had been,paying,0.75793177,SE,intfloat/e5-large-v2
331,83,"The dark, underwater cave was paying attention to the divers.",No-Attraction Violation,0,1,"The dark, underwater cave was",paying,0.7107775,SE,intfloat/e5-large-v2
332,84,The man's signature was forging the lawyers.,Attraction Violation,1,1,The man's signature was,forging,0.7359006,SE,intfloat/e5-large-v2
333,84,The man's signature was forged by the lawyers.,Passive Control,1,1,The man's signature was,forged,0.7764899,SE,intfloat/e5-large-v2
334,84,The con artists were forging the signatures on checks.,Active Control,1,0,The con artists were,forging,0.74911326,SE,intfloat/e5-large-v2
335,84,Poisonous fumes had been forging very well.,No-Attraction Violation,0,1,Poisonous fumes had been,forging,0.73988724,SE,intfloat/e5-large-v2
336,85,The bank had been robbing two masked men.,Attraction Violation,1,1,The bank had been,robbing,0.77577984,SE,intfloat/e5-large-v2
337,85,The bank had been robbed repeatedly.,Passive Control,1,1,The bank had been,robbed,0.7953497,SE,intfloat/e5-large-v2
338,85,The clever burglars had been robbing houses in broad daylight.,Active Control,1,0,The clever burglars had been,robbing,0.7608809,SE,intfloat/e5-large-v2
339,85,The musical piece was robbing repeatedly.,No-Attraction Violation,0,1,The musical piece was,robbing,0.7460856,SE,intfloat/e5-large-v2
340,86,An urgent message had been sending by the ambassador to the President.,Attraction Violation,1,1,An urgent message had been,sending,0.8217679,SE,intfloat/e5-large-v2
341,86,An urgent message had been sent again.,Passive Control,1,1,An urgent message had been,sent,0.8179575,SE,intfloat/e5-large-v2
342,86,The Prime Minister had been sending urgent messages to her Ambassador.,Active Control,1,0,The Prime Minister had been,sending,0.78220487,SE,intfloat/e5-large-v2
343,86,The height of the bookcase was sending mixed signals to the carpenter.,No-Attraction Violation,0,1,The height of the bookcase was,sending,0.72412974,SE,intfloat/e5-large-v2
344,87,The sleek new building was designing a team of German architects.,Attraction Violation,1,1,The sleek new building was,designing,0.7773839,SE,intfloat/e5-large-v2
345,87,The sleek new building was designed by a team of German architects.,Passive Control,1,1,The sleek new building was,designed,0.7835092,SE,intfloat/e5-large-v2
346,87,A team of architects had been designing the new building.,Active Control,1,0,A team of architects had been,designing,0.8125863,SE,intfloat/e5-large-v2
347,87,The leftover food was designing with flair.,No-Attraction Violation,0,1,The leftover food was,designing,0.7474008,SE,intfloat/e5-large-v2
348,88,The final exams had been grading in school.,Attraction Violation,1,1,The final exams had been,grading,0.7921294,SE,intfloat/e5-large-v2
349,88,The final exams had been graded in school.,Passive Control,1,1,The final exams had been,graded,0.7825146,SE,intfloat/e5-large-v2
350,88,The professor had been grading the final exams until 4 AM.,Active Control,1,0,The professor had been,grading,0.7781309,SE,intfloat/e5-large-v2
351,88,The appetizers had been grading Iverson's students.,No-Attraction Violation,0,1,The appetizers had been,grading,0.7459502,SE,intfloat/e5-large-v2
352,89,The final destination had been reaching too late.,Attraction Violation,1,1,The final destination had been,reaching,0.7714284,SE,intfloat/e5-large-v2
353,89,The final destination had been reached too late.,Passive Control,1,1,The final destination had been,reached,0.79398006,SE,intfloat/e5-large-v2
354,89,The curious child had been reaching for the cup on the table.,Active Control,1,0,The curious child had been,reaching,0.80131316,SE,intfloat/e5-large-v2
355,89,Several spelling errors were reaching too late.,No-Attraction Violation,0,1,Several spelling errors were,reaching,0.79252446,SE,intfloat/e5-large-v2
356,90,A faint light was perceiving by the rescue workers.,Attraction Violation,1,1,A faint light was,perceiving,0.7851276,SE,intfloat/e5-large-v2
357,90,A faint light was perceived underwater.,Passive Control,1,1,A faint light was,perceived,0.7887608,SE,intfloat/e5-large-v2
358,90,The worried pilot was perceiving a rattling sound in the jet's engine.,Active Control,1,0,The worried pilot was,perceiving,0.7411236,SE,intfloat/e5-large-v2
359,90,A tiny spy camera was perceiving underwater.,No-Attraction Violation,0,1,A tiny spy camera was,perceiving,0.750792,SE,intfloat/e5-large-v2
360,91,The bubblegum had been chewing by the boy.,Attraction Violation,1,1,The bubblegum had been,chewing,0.787064,SE,intfloat/e5-large-v2
361,91,The bubblegum had been chewed by the boy.,Passive Control,1,1,The bubblegum had been,chewed,0.82267416,SE,intfloat/e5-large-v2
362,91,The hungry dog had been chewing a bone.,Active Control,1,0,The hungry dog had been,chewing,0.77695006,SE,intfloat/e5-large-v2
363,91,Carrie's morning meeting was chewing for a long time.,No-Attraction Violation,0,1,Carrie's morning meeting was,chewing,0.738417,SE,intfloat/e5-large-v2
364,92,Martin's tonsils had been removing at the hospital.,Attraction Violation,1,1,Martin's tonsils had been,removing,0.7565407,SE,intfloat/e5-large-v2
365,92,Martin's tonsils had been removed at the hospital.,Passive Control,1,1,Martin's tonsils had been,removed,0.7484522,SE,intfloat/e5-large-v2
366,92,The surgeon had been removing the cancerous growth.,Active Control,1,0,The surgeon had been,removing,0.7940165,SE,intfloat/e5-large-v2
367,92,The homicide case had been removing at the hospital.,No-Attraction Violation,0,1,The homicide case had been,removing,0.75552624,SE,intfloat/e5-large-v2
368,93,Mother Theresa's death was mourning millions of people.,Attraction Violation,1,1,Mother Theresa's death was,mourning,0.7745317,SE,intfloat/e5-large-v2
369,93,Mother Theresa's death was mourned by millions of people.,Passive Control,1,1,Mother Theresa's death was,mourned,0.77863485,SE,intfloat/e5-large-v2
370,93,The black-clad women were mourning the death of their brother.,Active Control,1,0,The black-clad women were,mourning,0.7346902,SE,intfloat/e5-large-v2
371,93,Lisa's phone had been mourning the loss of a loved one.,No-Attraction Violation,0,1,Lisa's phone had been,mourning,0.7270183,SE,intfloat/e5-large-v2
372,94,The bathroom floor had been mopping by a janitor.,Attraction Violation,1,1,The bathroom floor had been,mopping,0.7698348,SE,intfloat/e5-large-v2
373,94,The bathroom floor had been mopped in the past.,Passive Control,1,1,The bathroom floor had been,mopped,0.787924,SE,intfloat/e5-large-v2
374,94,The school janitor had been mopping the bathroom.,Active Control,1,0,The school janitor had been,mopping,0.76163244,SE,intfloat/e5-large-v2
375,94,An important lesson had been mopping in the past.,No-Attraction Violation,0,1,An important lesson had been,mopping,0.7171284,SE,intfloat/e5-large-v2
376,95,The sin had been confessing by the repentant Catholic.,Attraction Violation,1,1,The sin had been,confessing,0.8140936,SE,intfloat/e5-large-v2
377,95,The sin had been confessed on Sunday.,Passive Control,1,1,The sin had been,confessed,0.80645895,SE,intfloat/e5-large-v2
378,95,The repentant Catholic had been confessing his sins.,Active Control,1,0,The repentant Catholic had been,confessing,0.8161266,SE,intfloat/e5-large-v2
379,95,Ten new trees had been confessing on Sunday.,No-Attraction Violation,0,1,Ten new trees had been,confessing,0.73224866,SE,intfloat/e5-large-v2
380,96,The strange mystery had been solving the detectives.,Attraction Violation,1,1,The strange mystery had been,solving,0.7774814,SE,intfloat/e5-large-v2
381,96,The strange mystery had been solved at the station.,Passive Control,1,1,The strange mystery had been,solved,0.7959075,SE,intfloat/e5-large-v2
382,96,The brilliant detective had been solving mysterious crimes for two decades.,Active Control,1,0,The brilliant detective had been,solving,0.79871166,SE,intfloat/e5-large-v2
383,96,Hathaway's gigantic fortune had been solving at the station.,No-Attraction Violation,0,1,Hathaway's gigantic fortune had been,solving,0.7112859,SE,intfloat/e5-large-v2
0,1,The murder had been witnessing by the three bystanders,Attraction Violation,1,1,The murder had been,witnessing,0.34991536,SE,whaleloops/phrase-bert
1,1,The murder had been witnessed in the dark.,Passive Control,1,1,The murder had been,witnessed,0.53599864,SE,whaleloops/phrase-bert
2,1,The bystanders had been witnessing the crime.,Active Control,1,0,The bystanders had been,witnessing,0.45141402,SE,whaleloops/phrase-bert
3,1,The unpleasant cough syrup was witnessing in the dark.,No-Attraction Violation,0,1,The unpleasant cough syrup was,witnessing,0.29129106,SE,whaleloops/phrase-bert
4,2,Patty's overgrown lawn was mowing the boy next door.,Attraction Violation,1,1,Patty's overgrown lawn was,mowing,0.50734705,SE,whaleloops/phrase-bert
5,2,Patty's overgrown lawn was mowed only last week.,Passive Control,1,1,Patty's overgrown lawn was,mowed,0.5723076,SE,whaleloops/phrase-bert
6,2,Patty's teenage son was mowing the lawn.,Active Control,1,0,Patty's teenage son was,mowing,0.27479708,SE,whaleloops/phrase-bert
7,2,All of her money had been mowing the grass.,No-Attraction Violation,0,1,All of her money had been,mowing,0.34383652,SE,whaleloops/phrase-bert
8,3,Three more martinis were ordering by Laurie's sister.,Attraction Violation,1,1,Three more martinis were,ordering,0.3577325,SE,whaleloops/phrase-bert
9,3,Three more martinis were ordered repeatedly.,Passive Control,1,1,Three more martinis were,ordered,0.39766607,SE,whaleloops/phrase-bert
10,3,"The regular customers were ordering quiche, as usual.",Active Control,1,0,The regular customers were,ordering,0.46647486,SE,whaleloops/phrase-bert
11,3,The rough part of the wood was ordering late.,No-Attraction Violation,0,1,The rough part of the wood was,ordering,0.2997339,SE,whaleloops/phrase-bert
12,4,The quality of Karla's work was evaluating frequently.,Attraction Violation,1,1,The quality of Karla's work was,evaluating,0.4300254,SE,whaleloops/phrase-bert
13,4,The quality of Karla's work was evaluated frequently.,Passive Control,1,1,The quality of Karla's work was,evaluated,0.4672356,SE,whaleloops/phrase-bert
14,4,The engineers were evaluating the success of the new device.,Active Control,1,0,The engineers were,evaluating,0.35339147,SE,whaleloops/phrase-bert
15,4,The old lady's purse had been evaluating Nelson's idea.,No-Attraction Violation,0,1,The old lady's purse had been,evaluating,0.26566464,SE,whaleloops/phrase-bert
16,5,The legal contract had been signing falsely.,Attraction Violation,1,1,The legal contract had been,signing,0.5528923,SE,whaleloops/phrase-bert
17,5,The legal contract had been signed by the family.,Passive Control,1,1,The legal contract had been,signed,0.66642493,SE,whaleloops/phrase-bert
18,5,The state's governor had been signing new legislation.,Active Control,1,0,The state's governor had been,signing,0.32697627,SE,whaleloops/phrase-bert
19,5,An appointment was signing falsely.,No-Attraction Violation,0,1,An appointment was,signing,0.4569671,SE,whaleloops/phrase-bert
20,6,The vocabulary list was memorizing well.,Attraction Violation,1,1,The vocabulary list was,memorizing,0.5443839,SE,whaleloops/phrase-bert
21,6,The vocabulary list was memorized well.,Passive Control,1,1,The vocabulary list was,memorized,0.5824364,SE,whaleloops/phrase-bert
22,6,The medical students were memorizing sample exam questions all night.,Active Control,1,0,The medical students were,memorizing,0.30197647,SE,whaleloops/phrase-bert
23,6,The simple coffin was memorizing the lines of the poem.,No-Attraction Violation,0,1,The simple coffin was,memorizing,0.3907293,SE,whaleloops/phrase-bert
24,7,The firewood had been chopping poorly.,Attraction Violation,1,1,The firewood had been,chopping,0.44684497,SE,whaleloops/phrase-bert
25,7,The firewood had been chopped by Jen's grandfather.,Passive Control,1,1,The firewood had been,chopped,0.64165664,SE,whaleloops/phrase-bert
26,7,Jen's grandfather had been chopping the firewood.,Active Control,1,0,Jen's grandfather had been,chopping,0.264459,SE,whaleloops/phrase-bert
27,7,Mark's wrinkly shirts were chopping vegetables.,No-Attraction Violation,0,1,Mark's wrinkly shirts were,chopping,0.3767827,SE,whaleloops/phrase-bert
28,8,Lisa's phone had been disconnecting last month.,Attraction Violation,1,1,Lisa's phone had been,disconnecting,0.39698148,SE,whaleloops/phrase-bert
29,8,Lisa's phone had been disconnected last month.,Passive Control,1,1,Lisa's phone had been,disconnected,0.4937242,SE,whaleloops/phrase-bert
30,8,The electrician had been disconnecting the machine's power source.,Active Control,1,0,The electrician had been,disconnecting,0.4069971,SE,whaleloops/phrase-bert
31,8,Mother Theresa's death was disconnecting the two cables.,No-Attraction Violation,0,1,Mother Theresa's death was,disconnecting,0.4587959,SE,whaleloops/phrase-bert
32,9,Wendy's muddy car was washing the boys.,Attraction Violation,1,1,Wendy's muddy car was,washing,0.5360052,SE,whaleloops/phrase-bert
33,9,Wendy's muddy car was washed wearily.,Passive Control,1,1,Wendy's muddy car was,washed,0.60650176,SE,whaleloops/phrase-bert
34,9,Wendy and Harriet were washing the muddy car.,Active Control,1,0,Wendy and Harriet were,washing,0.37934348,SE,whaleloops/phrase-bert
35,9,Frank's loan application had been washing the used pencil.,No-Attraction Violation,0,1,Frank's loan application had been,washing,0.27679572,SE,whaleloops/phrase-bert
36,10,The library books had been borrowing the graduate student.,Attraction Violation,1,1,The library books had been,borrowing,0.43101746,SE,whaleloops/phrase-bert
37,10,The library books had been borrowed by the graduate student.,Passive Control,1,1,The library books had been,borrowed,0.555381,SE,whaleloops/phrase-bert
38,10,Katie and Lara had been borrowing dozens of books about botany from the library.,Active Control,1,0,Katie and Lara had been,borrowing,0.30780235,SE,whaleloops/phrase-bert
39,10,The tragic mistake was borrowing in a hurry.,No-Attraction Violation,0,1,The tragic mistake was,borrowing,0.392371,SE,whaleloops/phrase-bert
40,11,"The dark, underwater cave was exploring by the divers.",Attraction Violation,1,1,"The dark, underwater cave was",exploring,0.32353896,SE,whaleloops/phrase-bert
41,11,"The dark, underwater cave was explored by the divers.",Passive Control,1,1,"The dark, underwater cave was",explored,0.34395435,SE,whaleloops/phrase-bert
42,11,The cautious scuba divers were exploring the underwater cave.,Active Control,1,0,The cautious scuba divers were,exploring,0.33381778,SE,whaleloops/phrase-bert
43,11,The phone bill had been exploring at the zoo.,No-Attraction Violation,0,1,The phone bill had been,exploring,0.15411188,SE,whaleloops/phrase-bert
44,12,The unpleasant cough syrup was swallowing the boy.,Attraction Violation,1,1,The unpleasant cough syrup was,swallowing,0.5236588,SE,whaleloops/phrase-bert
45,12,The unpleasant cough syrup was swallowed by the boy.,Passive Control,1,1,The unpleasant cough syrup was,swallowed,0.57944727,SE,whaleloops/phrase-bert
46,12,The huge adult alligator had been swallowing fish by the bucket.,Active Control,1,0,The huge adult alligator had been,swallowing,0.40597948,SE,whaleloops/phrase-bert
47,12,The murder had been swallowing with disgust.,No-Attraction Violation,0,1,The murder had been,swallowing,0.2778305,SE,whaleloops/phrase-bert
48,13,The pizza had been delivering once more.,Attraction Violation,1,1,The pizza had been,delivering,0.4031845,SE,whaleloops/phrase-bert
49,13,The pizza had been delivered by Antonio himself.,Passive Control,1,1,The pizza had been,delivered,0.54490083,SE,whaleloops/phrase-bert
50,13,The exhausted messenger had been delivering packages all over town.,Active Control,1,0,The exhausted messenger had been,delivering,0.42606446,SE,whaleloops/phrase-bert
51,13,A genetic mutation was delivering once more.,No-Attraction Violation,0,1,A genetic mutation was,delivering,0.24330679,SE,whaleloops/phrase-bert
52,14,Frank's loan application had been approving by the bank.,Attraction Violation,1,1,Frank's loan application had been,approving,0.3902395,SE,whaleloops/phrase-bert
53,14,Frank's loan application had been approved anyways.,Passive Control,1,1,Frank's loan application had been,approved,0.5080844,SE,whaleloops/phrase-bert
54,14,The board of directors had been approving too many expensive projects.,Active Control,1,0,The board of directors had been,approving,0.36171207,SE,whaleloops/phrase-bert
55,14,Wendy's muddy car was approving the boy's request.,No-Attraction Violation,0,1,Wendy's muddy car was,approving,0.26887214,SE,whaleloops/phrase-bert
56,15,The cheap products had been manufacturing a Belgian firm.,Attraction Violation,1,1,The cheap products had been,manufacturing,0.49563354,SE,whaleloops/phrase-bert
57,15,The cheap products had been manufactured by a Belgian firm.,Passive Control,1,1,The cheap products had been,manufactured,0.5993656,SE,whaleloops/phrase-bert
58,15,The auto company had been manufacturing parts in China.,Active Control,1,0,The auto company had been,manufacturing,0.51107526,SE,whaleloops/phrase-bert
59,15,A drawing of the house had been manufacturing at a factory.,No-Attraction Violation,0,1,A drawing of the house had been,manufacturing,0.32246593,SE,whaleloops/phrase-bert
60,16,Their secret conversation had been overhearing by a surprised neighbor.,Attraction Violation,1,1,Their secret conversation had been,overhearing,0.50821704,SE,whaleloops/phrase-bert
61,16,Their secret conversation had been overheard by a surprised neighbor.,Passive Control,1,1,Their secret conversation had been,overheard,0.6751516,SE,whaleloops/phrase-bert
62,16,The annoyed resident had been overhearing his neighbor's phone conversations through the wall.,Active Control,1,0,The annoyed resident had been,overhearing,0.46607742,SE,whaleloops/phrase-bert
63,16,A wet snowball had been overhearing despite the precautions.,No-Attraction Violation,0,1,A wet snowball had been,overhearing,0.2967757,SE,whaleloops/phrase-bert
64,17,The rough part of the wood was sanding to perfection.,Attraction Violation,1,1,The rough part of the wood was,sanding,0.5298971,SE,whaleloops/phrase-bert
65,17,The rough part of the wood was sanded by the carpenter.,Passive Control,1,1,The rough part of the wood was,sanded,0.6385261,SE,whaleloops/phrase-bert
66,17,The skillful carpenter was sanding the rough edge of the wood.,Active Control,1,0,The skillful carpenter was,sanding,0.3983089,SE,whaleloops/phrase-bert
67,17,Three more martinis were sanding the chair.,No-Attraction Violation,0,1,Three more martinis were,sanding,0.37379748,SE,whaleloops/phrase-bert
68,18,A package had been receiving by the secretary in the office.,Attraction Violation,1,1,A package had been,receiving,0.4981596,SE,whaleloops/phrase-bert
69,18,A package had been received by the secretary in the office.,Passive Control,1,1,A package had been,received,0.6903135,SE,whaleloops/phrase-bert
70,18,The secretary had been receiving flowers all day.,Active Control,1,0,The secretary had been,receiving,0.46723798,SE,whaleloops/phrase-bert
71,18,The noises in the attic had been receiving assistance from the government.,No-Attraction Violation,0,1,The noises in the attic had been,receiving,0.27937573,SE,whaleloops/phrase-bert
72,19,The club's rules had been violating Richard.,Attraction Violation,1,1,The club's rules had been,violating,0.38852283,SE,whaleloops/phrase-bert
73,19,The club's rules had been violated only twice.,Passive Control,1,1,The club's rules had been,violated,0.4661265,SE,whaleloops/phrase-bert
74,19,The rebel had been violating the rules.,Active Control,1,0,The rebel had been,violating,0.5175337,SE,whaleloops/phrase-bert
75,19,Thirty pounds of potatoes had been violating only twice.,No-Attraction Violation,0,1,Thirty pounds of potatoes had been,violating,0.28066307,SE,whaleloops/phrase-bert
76,20,A new medication had been prescribing the physician.,Attraction Violation,1,1,A new medication had been,prescribing,0.46652156,SE,whaleloops/phrase-bert
77,20,A new medication had been prescribed by the physician.,Passive Control,1,1,A new medication had been,prescribed,0.51858556,SE,whaleloops/phrase-bert
78,20,The new doctor had been prescribing powerful painkillers for Jelena's sore knee.,Active Control,1,0,The new doctor had been,prescribing,0.4511479,SE,whaleloops/phrase-bert
79,20,The portrait of Napoleon had been prescribing with caution.,No-Attraction Violation,0,1,The portrait of Napoleon had been,prescribing,0.343917,SE,whaleloops/phrase-bert
80,21,The wheat crops had been harvesting by the local farmers.,Attraction Violation,1,1,The wheat crops had been,harvesting,0.6272791,SE,whaleloops/phrase-bert
81,21,The wheat crops had been harvested after the rain.,Passive Control,1,1,The wheat crops had been,harvested,0.7568793,SE,whaleloops/phrase-bert
82,21,The local farmers had been harvesting the corn all week.,Active Control,1,0,The local farmers had been,harvesting,0.54071045,SE,whaleloops/phrase-bert
83,21,The elevator button had been harvesting after the rain.,No-Attraction Violation,0,1,The elevator button had been,harvesting,0.30031514,SE,whaleloops/phrase-bert
84,22,The musical piece was composing by Beethoven in 1799.,Attraction Violation,1,1,The musical piece was,composing,0.41051224,SE,whaleloops/phrase-bert
85,22,The musical piece was composed in a dream.,Passive Control,1,1,The musical piece was,composed,0.36413133,SE,whaleloops/phrase-bert
86,22,Ludwig von Beethoven was composing symphonies as a teenager.,Active Control,1,0,Ludwig von Beethoven was,composing,0.34622902,SE,whaleloops/phrase-bert
87,22,The bank had been composing in a dream.,No-Attraction Violation,0,1,The bank had been,composing,0.32148704,SE,whaleloops/phrase-bert
88,23,The old lady's purse had been snatching a kid.,Attraction Violation,1,1,The old lady's purse had been,snatching,0.540785,SE,whaleloops/phrase-bert
89,23,The old lady's purse had been snatched with speed.,Passive Control,1,1,The old lady's purse had been,snatched,0.64632356,SE,whaleloops/phrase-bert
90,23,The clever dog had been snatching cookies from the table.,Active Control,1,0,The clever dog had been,snatching,0.40450174,SE,whaleloops/phrase-bert
91,23,The quality of Karla's work was snatching victory from the jaws of defeat.,No-Attraction Violation,0,1,The quality of Karla's work was,snatching,0.27893364,SE,whaleloops/phrase-bert
92,24,Olson's bulging suitcase had been packing his assistant.,Attraction Violation,1,1,Olson's bulging suitcase had been,packing,0.5847393,SE,whaleloops/phrase-bert
93,24,Olson's bulging suitcase had been packed for the trip.,Passive Control,1,1,Olson's bulging suitcase had been,packed,0.6903071,SE,whaleloops/phrase-bert
94,24,The excited vacationers had been packing their suitcases when the hurricane hit.,Active Control,1,0,The excited vacationers had been,packing,0.27869794,SE,whaleloops/phrase-bert
95,24,Stormy weather had been packing for the trip.,No-Attraction Violation,0,1,Stormy weather had been,packing,0.2535851,SE,whaleloops/phrase-bert
96,25,Several spelling errors were noticing the careful editor.,Attraction Violation,1,1,Several spelling errors were,noticing,0.24810474,SE,whaleloops/phrase-bert
97,25,Several spelling errors were noticed by the careful editor.,Passive Control,1,1,Several spelling errors were,noticed,0.31288657,SE,whaleloops/phrase-bert
98,25,Brittany's close friends were noticing changes in her personality.,Active Control,1,0,Brittany's close friends were,noticing,0.31651,SE,whaleloops/phrase-bert
99,25,The final destination had been noticing too late.,No-Attraction Violation,0,1,The final destination had been,noticing,0.29766795,SE,whaleloops/phrase-bert
100,26,An illegal weapon had been smuggling only once.,Attraction Violation,1,1,An illegal weapon had been,smuggling,0.5654754,SE,whaleloops/phrase-bert
101,26,An illegal weapon had been smuggled only once.,Passive Control,1,1,An illegal weapon had been,smuggled,0.6919299,SE,whaleloops/phrase-bert
102,26,The drug dealer had been smuggling heroin into Canada.,Active Control,1,0,The drug dealer had been,smuggling,0.61668223,SE,whaleloops/phrase-bert
103,26,Cleopatra's beauty was smuggling only once.,No-Attraction Violation,0,1,Cleopatra's beauty was,smuggling,0.29707924,SE,whaleloops/phrase-bert
104,27,The leftover food was discarding wastefully.,Attraction Violation,1,1,The leftover food was,discarding,0.38516667,SE,whaleloops/phrase-bert
105,27,The leftover food was discarded wastefully.,Passive Control,1,1,The leftover food was,discarded,0.53464544,SE,whaleloops/phrase-bert
106,27,The campers were discarding the leftover food.,Active Control,1,0,The campers were,discarding,0.27097535,SE,whaleloops/phrase-bert
107,27,The sleek new building was discarding wastefully.,No-Attraction Violation,0,1,The sleek new building was,discarding,0.29068953,SE,whaleloops/phrase-bert
108,28,Thirty pounds of potatoes had been peeling by the cooks.,Attraction Violation,1,1,Thirty pounds of potatoes had been,peeling,0.423346,SE,whaleloops/phrase-bert
109,28,Thirty pounds of potatoes had been peeled carefully.,Passive Control,1,1,Thirty pounds of potatoes had been,peeled,0.55804175,SE,whaleloops/phrase-bert
110,28,The bored looking cooks had been peeling potatoes for hours.,Active Control,1,0,The bored looking cooks had been,peeling,0.48116538,SE,whaleloops/phrase-bert
111,28,The club's rules had been peeling the sticker off the box.,No-Attraction Violation,0,1,The club's rules had been,peeling,0.20147751,SE,whaleloops/phrase-bert
112,29,The grimy pots and pans had been scrubbing the dishwashers.,Attraction Violation,1,1,The grimy pots and pans had been,scrubbing,0.6447057,SE,whaleloops/phrase-bert
113,29,The grimy pots and pans had been scrubbed by the dishwashers.,Passive Control,1,1,The grimy pots and pans had been,scrubbed,0.74833,SE,whaleloops/phrase-bert
114,29,The guys in the kitchen had been scrubbing the pots and pans.,Active Control,1,0,The guys in the kitchen had been,scrubbing,0.4996249,SE,whaleloops/phrase-bert
115,29,The stolen artwork had been scrubbing with vigor.,No-Attraction Violation,0,1,The stolen artwork had been,scrubbing,0.34741116,SE,whaleloops/phrase-bert
116,30,The roast lamb had been carving by a servant.,Attraction Violation,1,1,The roast lamb had been,carving,0.39762923,SE,whaleloops/phrase-bert
117,30,The roast lamb had been carved by a servant.,Passive Control,1,1,The roast lamb had been,carved,0.44395918,SE,whaleloops/phrase-bert
118,30,The butcher had been carving the meat.,Active Control,1,0,The butcher had been,carving,0.4636116,SE,whaleloops/phrase-bert
119,30,Janet's houseplants were carving before dinner.,No-Attraction Violation,0,1,Janet's houseplants were,carving,0.40753257,SE,whaleloops/phrase-bert
120,31,Cleopatra's beauty was admiring many people.,Attraction Violation,1,1,Cleopatra's beauty was,admiring,0.39000374,SE,whaleloops/phrase-bert
121,31,Cleopatra's beauty was admired always.,Passive Control,1,1,Cleopatra's beauty was,admired,0.5035222,SE,whaleloops/phrase-bert
122,31,The men were admiring the beautiful woman from a distance.,Active Control,1,0,The men were,admiring,0.44109166,SE,whaleloops/phrase-bert
123,31,An illegal weapon had been admiring always.,No-Attraction Violation,0,1,An illegal weapon had been,admiring,0.12495569,SE,whaleloops/phrase-bert
124,32,A wet snowball had been tossing by the girls through the window.,Attraction Violation,1,1,A wet snowball had been,tossing,0.50947595,SE,whaleloops/phrase-bert
125,32,A wet snowball had been tossed in anger.,Passive Control,1,1,A wet snowball had been,tossed,0.6399566,SE,whaleloops/phrase-bert
126,32,The baseball players had been tossing the ball around the infield.,Active Control,1,0,The baseball players had been,tossing,0.35870174,SE,whaleloops/phrase-bert
127,32,Their secret conversation had been tossing a steak on the grill.,No-Attraction Violation,0,1,Their secret conversation had been,tossing,0.30862868,SE,whaleloops/phrase-bert
128,33,The sealed envelope was opening the judge.,Attraction Violation,1,1,The sealed envelope was,opening,0.4759873,SE,whaleloops/phrase-bert
129,33,The sealed envelope was opened without permission.,Passive Control,1,1,The sealed envelope was,opened,0.6071715,SE,whaleloops/phrase-bert
130,33,Tuxedoed waiters were opening bottles of champagne for the toast.,Active Control,1,0,Tuxedoed waiters were,opening,0.28986952,SE,whaleloops/phrase-bert
131,33,The men's faces had been opening without permission.,No-Attraction Violation,0,1,The men's faces had been,opening,0.26340875,SE,whaleloops/phrase-bert
132,34,The man's beard had been shaving twice a day.,Attraction Violation,1,1,The man's beard had been,shaving,0.5505515,SE,whaleloops/phrase-bert
133,34,The man's beard had been shaved twice a day.,Passive Control,1,1,The man's beard had been,shaved,0.76448905,SE,whaleloops/phrase-bert
134,34,His uncle Ralph had been shaving his beard off.,Active Control,1,0,His uncle Ralph had been,shaving,0.35600698,SE,whaleloops/phrase-bert
135,34,The popular amusement park is shaving twice a day.,No-Attraction Violation,0,1,The popular amusement park is,shaving,0.24320823,SE,whaleloops/phrase-bert
136,35,The elevator button had been pressing slowly.,Attraction Violation,1,1,The elevator button had been,pressing,0.43444395,SE,whaleloops/phrase-bert
137,35,The elevator button had been pressed by the attendant.,Passive Control,1,1,The elevator button had been,pressed,0.6069819,SE,whaleloops/phrase-bert
138,35,The attendant had been pressing the buttons.,Active Control,1,0,The attendant had been,pressing,0.30135304,SE,whaleloops/phrase-bert
139,35,The wheat crops had been pressing slowly.,No-Attraction Violation,0,1,The wheat crops had been,pressing,0.17466332,SE,whaleloops/phrase-bert
140,36,The winning lottery numbers had been announcing the TV news.,Attraction Violation,1,1,The winning lottery numbers had been,announcing,0.27499214,SE,whaleloops/phrase-bert
141,36,The winning lottery numbers had been announced by the TV news.,Passive Control,1,1,The winning lottery numbers had been,announced,0.45674133,SE,whaleloops/phrase-bert
142,36,The flight attendant had been announcing the reason for the delay.,Active Control,1,0,The flight attendant had been,announcing,0.34740102,SE,whaleloops/phrase-bert
143,36,The tarnished silverware was announcing on the television.,No-Attraction Violation,0,1,The tarnished silverware was,announcing,0.18507177,SE,whaleloops/phrase-bert
144,37,The victim's body had been identifying at the morgue.,Attraction Violation,1,1,The victim's body had been,identifying,0.45074338,SE,whaleloops/phrase-bert
145,37,The victim's body had been identified by the family members.,Passive Control,1,1,The victim's body had been,identified,0.5769701,SE,whaleloops/phrase-bert
146,37,The laboratory technicians had been identifying the chemical.,Active Control,1,0,The laboratory technicians had been,identifying,0.36557916,SE,whaleloops/phrase-bert
147,37,The movie was identifying rare fish for the divers.,No-Attraction Violation,0,1,The movie was,identifying,0.15539819,SE,whaleloops/phrase-bert
148,38,The hearty meal was devouring by the kids.,Attraction Violation,1,1,The hearty meal was,devouring,0.48342106,SE,whaleloops/phrase-bert
149,38,The hearty meal was devoured with gusto.,Passive Control,1,1,The hearty meal was,devoured,0.5257646,SE,whaleloops/phrase-bert
150,38,The hungry boys were devouring the plate of cookies when Jack arrived.,Active Control,1,0,The hungry boys were,devouring,0.539325,SE,whaleloops/phrase-bert
151,38,The dusty tabletops were devouring with gusto.,No-Attraction Violation,0,1,The dusty tabletops were,devouring,0.40662077,SE,whaleloops/phrase-bert
152,39,The overgrown shrubs were trimming regularly.,Attraction Violation,1,1,The overgrown shrubs were,trimming,0.42906424,SE,whaleloops/phrase-bert
153,39,The overgrown shrubs were trimmed by a gardener.,Passive Control,1,1,The overgrown shrubs were,trimmed,0.5004719,SE,whaleloops/phrase-bert
154,39,A gardener was trimming the overgrown shrubbery.,Active Control,1,0,A gardener was,trimming,0.41615435,SE,whaleloops/phrase-bert
155,39,The alarm clock had been trimming regularly.,No-Attraction Violation,0,1,The alarm clock had been,trimming,0.4205643,SE,whaleloops/phrase-bert
156,40,Wilson's unreasonable proposal was rejecting by the boss.,Attraction Violation,1,1,Wilson's unreasonable proposal was,rejecting,0.5385346,SE,whaleloops/phrase-bert
157,40,Wilson's unreasonable proposal was rejected at the hospital.,Passive Control,1,1,Wilson's unreasonable proposal was,rejected,0.54694813,SE,whaleloops/phrase-bert
158,40,The admissions committee was rejecting nearly every application.,Active Control,1,0,The admissions committee was,rejecting,0.30016884,SE,whaleloops/phrase-bert
159,40,The rare bird's behavior was rejecting all offers.,No-Attraction Violation,0,1,The rare bird's behavior was,rejecting,0.35469955,SE,whaleloops/phrase-bert
160,41,Hathaway's gigantic fortune had been inheriting by his daughters.,Attraction Violation,1,1,Hathaway's gigantic fortune had been,inheriting,0.48623437,SE,whaleloops/phrase-bert
161,41,Hathaway's gigantic fortune had been inherited by his daughters.,Passive Control,1,1,Hathaway's gigantic fortune had been,inherited,0.5273516,SE,whaleloops/phrase-bert
162,41,Generations of aristocratic Englishmen have been inheriting their fortunes.,Active Control,1,0,Generations of aristocratic Englishmen have been,inheriting,0.5106053,SE,whaleloops/phrase-bert
163,41,The strange mystery had been inheriting the estate from her grandmother.,No-Attraction Violation,0,1,The strange mystery had been,inheriting,0.33052564,SE,whaleloops/phrase-bert
164,42,All of her money had been spending before the wedding.,Attraction Violation,1,1,All of her money had been,spending,0.5918383,SE,whaleloops/phrase-bert
165,42,All of her money had been spent before the wedding.,Passive Control,1,1,All of her money had been,spent,0.6223768,SE,whaleloops/phrase-bert
166,42,The shopping fanatic had been spending all her money in Bloomingdales.,Active Control,1,0,The shopping fanatic had been,spending,0.45504588,SE,whaleloops/phrase-bert
167,42,Patty's overgrown lawn was spending its time on the beach.,No-Attraction Violation,0,1,Patty's overgrown lawn was,spending,0.19571856,SE,whaleloops/phrase-bert
168,43,An appointment was scheduling by the secretary.,Attraction Violation,1,1,An appointment was,scheduling,0.45653805,SE,whaleloops/phrase-bert
169,43,An appointment was scheduled by the secretary.,Passive Control,1,1,An appointment was,scheduled,0.603296,SE,whaleloops/phrase-bert
170,43,The secretary was scheduling new appointments for the afternoon.,Active Control,1,0,The secretary was,scheduling,0.35063028,SE,whaleloops/phrase-bert
171,43,The legal contract had been scheduling for next week.,No-Attraction Violation,0,1,The legal contract had been,scheduling,0.33573157,SE,whaleloops/phrase-bert
172,44,The men's faces had been photographing by a security camera.,Attraction Violation,1,1,The men's faces had been,photographing,0.3591947,SE,whaleloops/phrase-bert
173,44,The men's faces had been photographed by a security camera.,Passive Control,1,1,The men's faces had been,photographed,0.53502893,SE,whaleloops/phrase-bert
174,44,The intrusive reporter had been photographing the celebrities at the party.,Active Control,1,0,The intrusive reporter had been,photographing,0.429463,SE,whaleloops/phrase-bert
175,44,The sealed envelope was photographing at the party.,No-Attraction Violation,0,1,The sealed envelope was,photographing,0.2927258,SE,whaleloops/phrase-bert
176,45,The broken television had been repairing the technician.,Attraction Violation,1,1,The broken television had been,repairing,0.4164469,SE,whaleloops/phrase-bert
177,45,The broken television had been repaired by the technician.,Passive Control,1,1,The broken television had been,repaired,0.5211894,SE,whaleloops/phrase-bert
178,45,The competent technician had been repairing the television.,Active Control,1,0,The competent technician had been,repairing,0.40322906,SE,whaleloops/phrase-bert
179,45,Larry's note had been repairing the computer's hard drive.,No-Attraction Violation,0,1,Larry's note had been,repairing,0.32753104,SE,whaleloops/phrase-bert
180,46,The alarm clock had been unplugging accidentally.,Attraction Violation,1,1,The alarm clock had been,unplugging,0.51799005,SE,whaleloops/phrase-bert
181,46,The alarm clock had been unplugged late.,Passive Control,1,1,The alarm clock had been,unplugged,0.58739644,SE,whaleloops/phrase-bert
182,46,The frantic woman had been unplugging every electrical device in the house.,Active Control,1,0,The frantic woman had been,unplugging,0.46538898,SE,whaleloops/phrase-bert
183,46,The overgrown shrubs were unplugging accidentally.,No-Attraction Violation,0,1,The overgrown shrubs were,unplugging,0.34319377,SE,whaleloops/phrase-bert
184,47,The car door had been unlocking late at night.,Attraction Violation,1,1,The car door had been,unlocking,0.49754208,SE,whaleloops/phrase-bert
185,47,The car door had been unlocked by the child.,Passive Control,1,1,The car door had been,unlocked,0.66201246,SE,whaleloops/phrase-bert
186,47,The babysitter had been unlocking the back door.,Active Control,1,0,The babysitter had been,unlocking,0.36953402,SE,whaleloops/phrase-bert
187,47,The Queen's 80th birthday was unlocking late at night.,No-Attraction Violation,0,1,The Queen's 80th birthday was,unlocking,0.13808809,SE,whaleloops/phrase-bert
188,48,The portrait of Napoleon had been painting by a Dutch artist.,Attraction Violation,1,1,The portrait of Napoleon had been,painting,0.47845522,SE,whaleloops/phrase-bert
189,48,The portrait of Napoleon had been painted by a Dutch artist.,Passive Control,1,1,The portrait of Napoleon had been,painted,0.52889615,SE,whaleloops/phrase-bert
190,48,The French Impressionist artists had been painting with a focus on light and color.,Active Control,1,0,The French Impressionist artists had been,painting,0.48229244,SE,whaleloops/phrase-bert
191,48,A new medication had been painting on Tuesday.,No-Attraction Violation,0,1,A new medication had been,painting,0.29610145,SE,whaleloops/phrase-bert
192,49,The embarrassing allegations had been denying by the mayor.,Attraction Violation,1,1,The embarrassing allegations had been,denying,0.4534921,SE,whaleloops/phrase-bert
193,49,The embarrassing allegations had been denied by the mayor.,Passive Control,1,1,The embarrassing allegations had been,denied,0.48982126,SE,whaleloops/phrase-bert
194,49,The embarassed mayor had been denying allegations of corruption.,Active Control,1,0,The embarassed mayor had been,denying,0.3374738,SE,whaleloops/phrase-bert
195,49,Tamara's birthday gift had been denying the rumor.,No-Attraction Violation,0,1,Tamara's birthday gift had been,denying,0.29138806,SE,whaleloops/phrase-bert
196,50,The noises in the attic had been hearing nightly.,Attraction Violation,1,1,The noises in the attic had been,hearing,0.49702054,SE,whaleloops/phrase-bert
197,50,The noises in the attic had been heard by the boys.,Passive Control,1,1,The noises in the attic had been,heard,0.67495036,SE,whaleloops/phrase-bert
198,50,The frightened campers had been hearing noises in the woods.,Active Control,1,0,The frightened campers had been,hearing,0.32916513,SE,whaleloops/phrase-bert
199,50,A package had been hearing nightly.,No-Attraction Violation,0,1,A package had been,hearing,0.26219216,SE,whaleloops/phrase-bert
200,51,The appetizers had been serving before the meal.,Attraction Violation,1,1,The appetizers had been,serving,0.4319867,SE,whaleloops/phrase-bert
201,51,The appetizers had been served before the meal.,Passive Control,1,1,The appetizers had been,served,0.5463906,SE,whaleloops/phrase-bert
202,51,The waiters had been serving the meal.,Active Control,1,0,The waiters had been,serving,0.4504344,SE,whaleloops/phrase-bert
203,51,The final exams had been serving before the meal.,No-Attraction Violation,0,1,The final exams had been,serving,0.25573444,SE,whaleloops/phrase-bert
204,52,Billy's unruly hair was combing his mother to one side.,Attraction Violation,1,1,Billy's unruly hair was,combing,0.46417618,SE,whaleloops/phrase-bert
205,52,Billy's unruly hair was combed by his mother to one side.,Passive Control,1,1,Billy's unruly hair was,combed,0.57335055,SE,whaleloops/phrase-bert
206,52,The patient barber was combing the boy's hair to one side.,Active Control,1,0,The patient barber was,combing,0.4732634,SE,whaleloops/phrase-bert
207,52,The girl's disease was combing the area for escaped prisoners.,No-Attraction Violation,0,1,The girl's disease was,combing,0.35454085,SE,whaleloops/phrase-bert
208,53,A drawing of the house had been sketching again.,Attraction Violation,1,1,A drawing of the house had been,sketching,0.4869374,SE,whaleloops/phrase-bert
209,53,A drawing of the house had been sketched again.,Passive Control,1,1,A drawing of the house had been,sketched,0.63219064,SE,whaleloops/phrase-bert
210,53,An artist in the studio had been sketching the house.,Active Control,1,0,An artist in the studio had been,sketching,0.43020135,SE,whaleloops/phrase-bert
211,53,The cheap products had been sketching again.,No-Attraction Violation,0,1,The cheap products had been,sketching,0.3148587,SE,whaleloops/phrase-bert
212,54,The simple coffin was burying the villagers.,Attraction Violation,1,1,The simple coffin was,burying,0.5882088,SE,whaleloops/phrase-bert
213,54,The simple coffin was buried at the church.,Passive Control,1,1,The simple coffin was,buried,0.6714229,SE,whaleloops/phrase-bert
214,54,The tribal people were burying their dead.,Active Control,1,0,The tribal people were,burying,0.3223032,SE,whaleloops/phrase-bert
215,54,The vocabulary list was burying at the church.,No-Attraction Violation,0,1,The vocabulary list was,burying,0.32523957,SE,whaleloops/phrase-bert
216,55,The homicide case had been investigating diligently.,Attraction Violation,1,1,The homicide case had been,investigating,0.5380095,SE,whaleloops/phrase-bert
217,55,The homicide case had been investigated by the FBI.,Passive Control,1,1,The homicide case had been,investigated,0.68560636,SE,whaleloops/phrase-bert
218,55,The FBI agents had been investigating the homicide case for weeks.,Active Control,1,0,The FBI agents had been,investigating,0.52023596,SE,whaleloops/phrase-bert
219,55,Martin's tonsils had been investigating the problem.,No-Attraction Violation,0,1,Martin's tonsils had been,investigating,0.24906805,SE,whaleloops/phrase-bert
220,56,Mark's wrinkly shirts were ironing by his mother.,Attraction Violation,1,1,Mark's wrinkly shirts were,ironing,0.41500834,SE,whaleloops/phrase-bert
221,56,Mark's wrinkly shirts were ironed by his mother.,Passive Control,1,1,Mark's wrinkly shirts were,ironed,0.51496017,SE,whaleloops/phrase-bert
222,56,Mark's doting mother was ironing his shirts while he slept.,Active Control,1,0,Mark's doting mother was,ironing,0.29256544,SE,whaleloops/phrase-bert
223,56,The firewood had been ironing her dress.,No-Attraction Violation,0,1,The firewood had been,ironing,0.37944716,SE,whaleloops/phrase-bert
224,57,An important lesson had been learning in space.,Attraction Violation,1,1,An important lesson had been,learning,0.57646924,SE,whaleloops/phrase-bert
225,57,An important lesson had been learned in space.,Passive Control,1,1,An important lesson had been,learned,0.70544034,SE,whaleloops/phrase-bert
226,57,The children had been learning Spanish.,Active Control,1,0,The children had been,learning,0.44101623,SE,whaleloops/phrase-bert
227,57,The bathroom floor had been learning in space.,No-Attraction Violation,0,1,The bathroom floor had been,learning,0.22853436,SE,whaleloops/phrase-bert
228,58,The height of the bookcase was measuring by a carpenter.,Attraction Violation,1,1,The height of the bookcase was,measuring,0.43029073,SE,whaleloops/phrase-bert
229,58,The height of the bookcase was measured incorrectly.,Passive Control,1,1,The height of the bookcase was,measured,0.4697876,SE,whaleloops/phrase-bert
230,58,The carpenter was measuring the height of the bookcase.,Active Control,1,0,The carpenter was,measuring,0.35572454,SE,whaleloops/phrase-bert
231,58,An urgent message had been measuring her heart rate.,No-Attraction Violation,0,1,An urgent message had been,measuring,0.2698118,SE,whaleloops/phrase-bert
232,59,Several important topics were discussing despite the weather.,Attraction Violation,1,1,Several important topics were,discussing,0.50170445,SE,whaleloops/phrase-bert
233,59,Several important topics were discussed by the board of trustees.,Passive Control,1,1,Several important topics were,discussed,0.63725984,SE,whaleloops/phrase-bert
234,59,The board members were discussing several important topics.,Active Control,1,0,The board members were,discussing,0.27742454,SE,whaleloops/phrase-bert
235,59,"The fresh, warm bread was discussing despite the weather.",No-Attraction Violation,0,1,"The fresh, warm bread was",discussing,0.22290845,SE,whaleloops/phrase-bert
236,60,The dusty tabletops were wiping thoroughly.,Attraction Violation,1,1,The dusty tabletops were,wiping,0.53498876,SE,whaleloops/phrase-bert
237,60,The dusty tabletops were wiped thoroughly.,Passive Control,1,1,The dusty tabletops were,wiped,0.57319546,SE,whaleloops/phrase-bert
238,60,The tired busboy was wiping for hours.,Active Control,1,0,The tired busboy was,wiping,0.44538668,SE,whaleloops/phrase-bert
239,60,The hearty meal was wiping thoroughly.,No-Attraction Violation,0,1,The hearty meal was,wiping,0.4366682,SE,whaleloops/phrase-bert
240,61,A tiny spy camera was concealing by the agent inside a flowerpot.,Attraction Violation,1,1,A tiny spy camera was,concealing,0.5817864,SE,whaleloops/phrase-bert
241,61,A tiny spy camera was concealed by the agent inside a flowerpot.,Passive Control,1,1,A tiny spy camera was,concealed,0.642976,SE,whaleloops/phrase-bert
242,61,The sneaky lawyer was concealing the truth.,Active Control,1,0,The sneaky lawyer was,concealing,0.4577681,SE,whaleloops/phrase-bert
243,61,A faint light was concealing their identity.,No-Attraction Violation,0,1,A faint light was,concealing,0.4751837,SE,whaleloops/phrase-bert
244,62,"The fresh, warm bread was slicing by the baker into halves.",Attraction Violation,1,1,"The fresh, warm bread was",slicing,0.48374644,SE,whaleloops/phrase-bert
245,62,"The fresh, warm bread was sliced with love.",Passive Control,1,1,"The fresh, warm bread was",sliced,0.5851844,SE,whaleloops/phrase-bert
246,62,The chef's assistants were slicing the mushrooms for a pie.,Active Control,1,0,The chef's assistants were,slicing,0.3523937,SE,whaleloops/phrase-bert
247,62,Several important topics were slicing with love.,No-Attraction Violation,0,1,Several important topics were,slicing,0.29382312,SE,whaleloops/phrase-bert
248,63,The tarnished silverware was polishing by the butler.,Attraction Violation,1,1,The tarnished silverware was,polishing,0.5749757,SE,whaleloops/phrase-bert
249,63,The tarnished silverware was polished by the butler.,Passive Control,1,1,The tarnished silverware was,polished,0.705855,SE,whaleloops/phrase-bert
250,63,The thorough butler was polishing the doorknobs.,Active Control,1,0,The thorough butler was,polishing,0.46566373,SE,whaleloops/phrase-bert
251,63,The winning lottery numbers had been polishing his shoes.,No-Attraction Violation,0,1,The winning lottery numbers had been,polishing,0.27816397,SE,whaleloops/phrase-bert
252,64,Poisonous fumes had been inhaling the firefighters.,Attraction Violation,1,1,Poisonous fumes had been,inhaling,0.56549376,SE,whaleloops/phrase-bert
253,64,Poisonous fumes had been inhaled by the firefighters.,Passive Control,1,1,Poisonous fumes had been,inhaled,0.68499345,SE,whaleloops/phrase-bert
254,64,The firefighters had been inhaling the smoke.,Active Control,1,0,The firefighters had been,inhaling,0.36097598,SE,whaleloops/phrase-bert
255,64,The man's signature was inhaling during the fire.,No-Attraction Violation,0,1,The man's signature was,inhaling,0.26312098,SE,whaleloops/phrase-bert
256,65,A genetic mutation was discovering the scientists.,Attraction Violation,1,1,A genetic mutation was,discovering,0.34930006,SE,whaleloops/phrase-bert
257,65,A genetic mutation was discovered suddenly.,Passive Control,1,1,A genetic mutation was,discovered,0.4910184,SE,whaleloops/phrase-bert
258,65,The excited explorers were discovering ancient artifacts everywhere they looked.,Active Control,1,0,The excited explorers were,discovering,0.45256647,SE,whaleloops/phrase-bert
259,65,The pizza had been discovering new methods for making dough.,No-Attraction Violation,0,1,The pizza had been,discovering,0.23020189,SE,whaleloops/phrase-bert
260,66,The Queen's 80th birthday was celebrating expensively.,Attraction Violation,1,1,The Queen's 80th birthday was,celebrating,0.4363865,SE,whaleloops/phrase-bert
261,66,The Queen's 80th birthday was celebrated by thousands of people in the streets.,Passive Control,1,1,The Queen's 80th birthday was,celebrated,0.5023268,SE,whaleloops/phrase-bert
262,66,Thousands of excited fans were celebrating the Superbowl victory in the streets.,Active Control,1,0,Thousands of excited fans were,celebrating,0.5462144,SE,whaleloops/phrase-bert
263,66,The car door had been celebrating her promotion.,No-Attraction Violation,0,1,The car door had been,celebrating,0.22662947,SE,whaleloops/phrase-bert
264,67,The diagram on the chalkboard had been erasing Mrs. Larson.,Attraction Violation,1,1,The diagram on the chalkboard had been,erasing,0.48371896,SE,whaleloops/phrase-bert
265,67,The diagram on the chalkboard had been erased by Mrs. Larson.,Passive Control,1,1,The diagram on the chalkboard had been,erased,0.53747547,SE,whaleloops/phrase-bert
266,67,Mrs. Larson had been erasing the chalkboard.,Active Control,1,0,Mrs. Larson had been,erasing,0.34224233,SE,whaleloops/phrase-bert
267,67,Food for the homeless had been erasing over and over.,No-Attraction Violation,0,1,Food for the homeless had been,erasing,0.34240013,SE,whaleloops/phrase-bert
268,68,The movie was directing Steven Spielberg.,Attraction Violation,1,1,The movie was,directing,0.29025304,SE,whaleloops/phrase-bert
269,68,The movie was directed professionally.,Passive Control,1,1,The movie was,directed,0.38674,SE,whaleloops/phrase-bert
270,68,Steven Spielberg was directing another blockbuster.,Active Control,1,0,Steven Spielberg was,directing,0.3390498,SE,whaleloops/phrase-bert
271,68,The victim's body had been directing the police.,No-Attraction Violation,0,1,The victim's body had been,directing,0.2836636,SE,whaleloops/phrase-bert
272,69,Theresa's birthday gift had been wrapping yesterday.,Attraction Violation,1,1,Theresa's birthday gift had been,wrapping,0.3937912,SE,whaleloops/phrase-bert
273,69,Theresa's birthday gift had been wrapped yesterday.,Passive Control,1,1,Theresa's birthday gift had been,wrapped,0.42649665,SE,whaleloops/phrase-bert
274,69,Theresa's loving grandmother had been wrapping the presents.,Active Control,1,0,Theresa's loving grandmother had been,wrapping,0.3356125,SE,whaleloops/phrase-bert
275,69,The embarrassing allegations had been wrapping yesterday.,No-Attraction Violation,0,1,The embarrassing allegations had been,wrapping,0.3085802,SE,whaleloops/phrase-bert
276,70,The popular amusement park is visiting by millions of tourists eh year.,Attraction Violation,1,1,The popular amusement park is,visiting,0.37584937,SE,whaleloops/phrase-bert
277,70,The popular amusement park is visited daily.,Passive Control,1,1,The popular amusement park is,visited,0.31053263,SE,whaleloops/phrase-bert
278,70,The tourists had been visiting the amusement park in the morning.,Active Control,1,0,The tourists had been,visiting,0.52494025,SE,whaleloops/phrase-bert
279,70,The man's beard had been visiting a friend in the hospital.,No-Attraction Violation,0,1,The man's beard had been,visiting,0.29366687,SE,whaleloops/phrase-bert
280,71,Ten new trees had been planting on dry land.,Attraction Violation,1,1,Ten new trees had been,planting,0.5312515,SE,whaleloops/phrase-bert
281,71,Ten new trees had been planted by the Forestry Service.,Passive Control,1,1,Ten new trees had been,planted,0.6210356,SE,whaleloops/phrase-bert
282,71,The forestry workers had been planting cedar saplings on the hillside.,Active Control,1,0,The forestry workers had been,planting,0.4533363,SE,whaleloops/phrase-bert
283,71,The sin had been planting doubt in her mind.,No-Attraction Violation,0,1,The sin had been,planting,0.31951854,SE,whaleloops/phrase-bert
284,72,Food for the homeless had been donating neighborhood residents.,Attraction Violation,1,1,Food for the homeless had been,donating,0.48783547,SE,whaleloops/phrase-bert
285,72,Food for the homeless had been donated many times.,Passive Control,1,1,Food for the homeless had been,donated,0.61421865,SE,whaleloops/phrase-bert
286,72,The wealthy American philanthropist had been donating money to Romanian orphanages.,Active Control,1,0,The wealthy American philanthropist had been,donating,0.42686972,SE,whaleloops/phrase-bert
287,72,The diagram on the chalkboard had been donating blood.,No-Attraction Violation,0,1,The diagram on the chalkboard had been,donating,0.2499302,SE,whaleloops/phrase-bert
288,73,The rare bird's behavior was observing by the biologists.,Attraction Violation,1,1,The rare bird's behavior was,observing,0.45275685,SE,whaleloops/phrase-bert
289,73,The rare bird's behavior was observed by the biologists.,Passive Control,1,1,The rare bird's behavior was,observed,0.5918264,SE,whaleloops/phrase-bert
290,73,The excited bird watchers were observing the rare eagle.,Active Control,1,0,The excited bird watchers were,observing,0.52887833,SE,whaleloops/phrase-bert
291,73,Wilson's unreasonable proposal was observing the stars.,No-Attraction Violation,0,1,Wilson's unreasonable proposal was,observing,0.2601469,SE,whaleloops/phrase-bert
292,74,Stormy weather had been forecasting by the weatherman.,Attraction Violation,1,1,Stormy weather had been,forecasting,0.43128222,SE,whaleloops/phrase-bert
293,74,Stormy weather had been forecasted by the weatherman.,Passive Control,1,1,Stormy weather had been,forecasted,0.48616105,SE,whaleloops/phrase-bert
294,74,The weather service had been forecasting snow for the mountain areas.,Active Control,1,0,The weather service had been,forecasting,0.5105209,SE,whaleloops/phrase-bert
295,74,Olson's bulging suitcase had been forecasting correctly.,No-Attraction Violation,0,1,Olson's bulging suitcase had been,forecasting,0.2230531,SE,whaleloops/phrase-bert
296,75,The tragic mistake was regretting by Erika for many years.,Attraction Violation,1,1,The tragic mistake was,regretting,0.5566621,SE,whaleloops/phrase-bert
297,75,The tragic mistake was regretted years later.,Passive Control,1,1,The tragic mistake was,regretted,0.5937802,SE,whaleloops/phrase-bert
298,75,Erika was regretting the mistake.,Active Control,1,0,Erika was,regretting,0.42008334,SE,whaleloops/phrase-bert
299,75,The library books had been regretting their behavior.,No-Attraction Violation,0,1,The library books had been,regretting,0.28542992,SE,whaleloops/phrase-bert
300,76,The stolen artwork had been seizing without warning.,Attraction Violation,1,1,The stolen artwork had been,seizing,0.28063798,SE,whaleloops/phrase-bert
301,76,The stolen artwork had been seized by the border police.,Passive Control,1,1,The stolen artwork had been,seized,0.45458457,SE,whaleloops/phrase-bert
302,76,The police had been seizing shipments of drugs at the border.,Active Control,1,0,The police had been,seizing,0.34162623,SE,whaleloops/phrase-bert
303,76,The grimy pots and pans had been seizing without warning.,No-Attraction Violation,0,1,The grimy pots and pans had been,seizing,0.34784737,SE,whaleloops/phrase-bert
304,77,The value of the jewels was estimating the dealer.,Attraction Violation,1,1,The value of the jewels was,estimating,0.34112284,SE,whaleloops/phrase-bert
305,77,The value of the jewels was estimated by the dealer.,Passive Control,1,1,The value of the jewels was,estimated,0.41060847,SE,whaleloops/phrase-bert
306,77,The jewel expert was estimating the value of the diamond.,Active Control,1,0,The jewel expert was,estimating,0.2855403,SE,whaleloops/phrase-bert
307,77,The useful new gadget had been estimating professionally.,No-Attraction Violation,0,1,The useful new gadget had been,estimating,0.31227553,SE,whaleloops/phrase-bert
308,78,Larry's note had been scribbling his wife.,Attraction Violation,1,1,Larry's note had been,scribbling,0.50528926,SE,whaleloops/phrase-bert
309,78,Larry's note had been scribbled with haste.,Passive Control,1,1,Larry's note had been,scribbled,0.664694,SE,whaleloops/phrase-bert
310,78,Larry's wife had been scribbling a note to him about dinner plans.,Active Control,1,0,Larry's wife had been,scribbling,0.26876417,SE,whaleloops/phrase-bert
311,78,The broken television had been scribbling his thoughts on a napkin.,No-Attraction Violation,0,1,The broken television had been,scribbling,0.25121793,SE,whaleloops/phrase-bert
312,79,Carrie's morning meeting was canceling as expected.,Attraction Violation,1,1,Carrie's morning meeting was,canceling,0.33487785,SE,whaleloops/phrase-bert
313,79,Carrie's morning meeting was canceled by the boss.,Passive Control,1,1,Carrie's morning meeting was,canceled,0.42040017,SE,whaleloops/phrase-bert
314,79,Carrie had been canceling all of her meetings.,Active Control,1,0,Carrie had been,canceling,0.2978061,SE,whaleloops/phrase-bert
315,79,The bubblegum had been canceling as expected.,No-Attraction Violation,0,1,The bubblegum had been,canceling,0.3377202,SE,whaleloops/phrase-bert
316,80,The girl's disease was curing a simple treatment.,Attraction Violation,1,1,The girl's disease was,curing,0.56115025,SE,whaleloops/phrase-bert
317,80,The girl's disease was cured by a simple treatment.,Passive Control,1,1,The girl's disease was,cured,0.60941154,SE,whaleloops/phrase-bert
318,80,The foreign doctors were curing hundreds of villagers of malaria.,Active Control,1,0,The foreign doctors were,curing,0.42084336,SE,whaleloops/phrase-bert
319,80,Billy's unruly hair was curing his cold.,No-Attraction Violation,0,1,Billy's unruly hair was,curing,0.29617035,SE,whaleloops/phrase-bert
320,81,Janet's houseplants were watering too much.,Attraction Violation,1,1,Janet's houseplants were,watering,0.5000486,SE,whaleloops/phrase-bert
321,81,Janet's houseplants were watered by her neighbor.,Passive Control,1,1,Janet's houseplants were,watered,0.5368252,SE,whaleloops/phrase-bert
322,81,The gardener was watering the plants.,Active Control,1,0,The gardener was,watering,0.6247934,SE,whaleloops/phrase-bert
323,81,The roast lamb had been watering too much.,No-Attraction Violation,0,1,The roast lamb had been,watering,0.48699036,SE,whaleloops/phrase-bert
324,82,The useful new gadget had been inventing by a bored waiter.,Attraction Violation,1,1,The useful new gadget had been,inventing,0.5443831,SE,whaleloops/phrase-bert
325,82,The useful new gadget had been invented by a bored waiter.,Passive Control,1,1,The useful new gadget had been,invented,0.6337391,SE,whaleloops/phrase-bert
326,82,The resourceful engineers had been inventing tiny new devices.,Active Control,1,0,The resourceful engineers had been,inventing,0.42501348,SE,whaleloops/phrase-bert
327,82,The value of the jewels was inventing the digital computer.,No-Attraction Violation,0,1,The value of the jewels was,inventing,0.34572786,SE,whaleloops/phrase-bert
328,83,The phone bill had been paying his roommate.,Attraction Violation,1,1,The phone bill had been,paying,0.5545438,SE,whaleloops/phrase-bert
329,83,The phone bill had been paid quickly.,Passive Control,1,1,The phone bill had been,paid,0.6521245,SE,whaleloops/phrase-bert
330,83,Juan and Perry had been paying too much for their apartment.,Active Control,1,0,Juan and Perry had been,paying,0.2629781,SE,whaleloops/phrase-bert
331,83,"The dark, underwater cave was paying attention to the divers.",No-Attraction Violation,0,1,"The dark, underwater cave was",paying,0.2654756,SE,whaleloops/phrase-bert
332,84,The man's signature was forging the lawyers.,Attraction Violation,1,1,The man's signature was,forging,0.44469008,SE,whaleloops/phrase-bert
333,84,The man's signature was forged by the lawyers.,Passive Control,1,1,The man's signature was,forged,0.5760732,SE,whaleloops/phrase-bert
334,84,The con artists were forging the signatures on checks.,Active Control,1,0,The con artists were,forging,0.44337976,SE,whaleloops/phrase-bert
335,84,Poisonous fumes had been forging very well.,No-Attraction Violation,0,1,Poisonous fumes had been,forging,0.35687825,SE,whaleloops/phrase-bert
336,85,The bank had been robbing two masked men.,Attraction Violation,1,1,The bank had been,robbing,0.40616,SE,whaleloops/phrase-bert
337,85,The bank had been robbed repeatedly.,Passive Control,1,1,The bank had been,robbed,0.5718109,SE,whaleloops/phrase-bert
338,85,The clever burglars had been robbing houses in broad daylight.,Active Control,1,0,The clever burglars had been,robbing,0.48457575,SE,whaleloops/phrase-bert
339,85,The musical piece was robbing repeatedly.,No-Attraction Violation,0,1,The musical piece was,robbing,0.25196168,SE,whaleloops/phrase-bert
340,86,An urgent message had been sending by the ambassador to the President.,Attraction Violation,1,1,An urgent message had been,sending,0.5317514,SE,whaleloops/phrase-bert
341,86,An urgent message had been sent again.,Passive Control,1,1,An urgent message had been,sent,0.7074765,SE,whaleloops/phrase-bert
342,86,The Prime Minister had been sending urgent messages to her Ambassador.,Active Control,1,0,The Prime Minister had been,sending,0.3825888,SE,whaleloops/phrase-bert
343,86,The height of the bookcase was sending mixed signals to the carpenter.,No-Attraction Violation,0,1,The height of the bookcase was,sending,0.21982563,SE,whaleloops/phrase-bert
344,87,The sleek new building was designing a team of German architects.,Attraction Violation,1,1,The sleek new building was,designing,0.43566173,SE,whaleloops/phrase-bert
345,87,The sleek new building was designed by a team of German architects.,Passive Control,1,1,The sleek new building was,designed,0.55175304,SE,whaleloops/phrase-bert
346,87,A team of architects had been designing the new building.,Active Control,1,0,A team of architects had been,designing,0.5334504,SE,whaleloops/phrase-bert
347,87,The leftover food was designing with flair.,No-Attraction Violation,0,1,The leftover food was,designing,0.27685425,SE,whaleloops/phrase-bert
348,88,The final exams had been grading in school.,Attraction Violation,1,1,The final exams had been,grading,0.466488,SE,whaleloops/phrase-bert
349,88,The final exams had been graded in school.,Passive Control,1,1,The final exams had been,graded,0.5216206,SE,whaleloops/phrase-bert
350,88,The professor had been grading the final exams until 4 AM.,Active Control,1,0,The professor had been,grading,0.38402355,SE,whaleloops/phrase-bert
351,88,The appetizers had been grading Iverson's students.,No-Attraction Violation,0,1,The appetizers had been,grading,0.31087643,SE,whaleloops/phrase-bert
352,89,The final destination had been reaching too late.,Attraction Violation,1,1,The final destination had been,reaching,0.46939516,SE,whaleloops/phrase-bert
353,89,The final destination had been reached too late.,Passive Control,1,1,The final destination had been,reached,0.65963036,SE,whaleloops/phrase-bert
354,89,The curious child had been reaching for the cup on the table.,Active Control,1,0,The curious child had been,reaching,0.37358776,SE,whaleloops/phrase-bert
355,89,Several spelling errors were reaching too late.,No-Attraction Violation,0,1,Several spelling errors were,reaching,0.20029041,SE,whaleloops/phrase-bert
356,90,A faint light was perceiving by the rescue workers.,Attraction Violation,1,1,A faint light was,perceiving,0.33252883,SE,whaleloops/phrase-bert
357,90,A faint light was perceived underwater.,Passive Control,1,1,A faint light was,perceived,0.46008018,SE,whaleloops/phrase-bert
358,90,The worried pilot was perceiving a rattling sound in the jet's engine.,Active Control,1,0,The worried pilot was,perceiving,0.31433266,SE,whaleloops/phrase-bert
359,90,A tiny spy camera was perceiving underwater.,No-Attraction Violation,0,1,A tiny spy camera was,perceiving,0.41382933,SE,whaleloops/phrase-bert
360,91,The bubblegum had been chewing by the boy.,Attraction Violation,1,1,The bubblegum had been,chewing,0.49628136,SE,whaleloops/phrase-bert
361,91,The bubblegum had been chewed by the boy.,Passive Control,1,1,The bubblegum had been,chewed,0.6880694,SE,whaleloops/phrase-bert
362,91,The hungry dog had been chewing a bone.,Active Control,1,0,The hungry dog had been,chewing,0.5491545,SE,whaleloops/phrase-bert
363,91,Carrie's morning meeting was chewing for a long time.,No-Attraction Violation,0,1,Carrie's morning meeting was,chewing,0.4282192,SE,whaleloops/phrase-bert
364,92,Martin's tonsils had been removing at the hospital.,Attraction Violation,1,1,Martin's tonsils had been,removing,0.35658818,SE,whaleloops/phrase-bert
365,92,Martin's tonsils had been removed at the hospital.,Passive Control,1,1,Martin's tonsils had been,removed,0.48814702,SE,whaleloops/phrase-bert
366,92,The surgeon had been removing the cancerous growth.,Active Control,1,0,The surgeon had been,removing,0.33592397,SE,whaleloops/phrase-bert
367,92,The homicide case had been removing at the hospital.,No-Attraction Violation,0,1,The homicide case had been,removing,0.38192493,SE,whaleloops/phrase-bert
368,93,Mother Theresa's death was mourning millions of people.,Attraction Violation,1,1,Mother Theresa's death was,mourning,0.52795404,SE,whaleloops/phrase-bert
369,93,Mother Theresa's death was mourned by millions of people.,Passive Control,1,1,Mother Theresa's death was,mourned,0.5130605,SE,whaleloops/phrase-bert
370,93,The black-clad women were mourning the death of their brother.,Active Control,1,0,The black-clad women were,mourning,0.4179625,SE,whaleloops/phrase-bert
371,93,Lisa's phone had been mourning the loss of a loved one.,No-Attraction Violation,0,1,Lisa's phone had been,mourning,0.2990917,SE,whaleloops/phrase-bert
372,94,The bathroom floor had been mopping by a janitor.,Attraction Violation,1,1,The bathroom floor had been,mopping,0.5603064,SE,whaleloops/phrase-bert
373,94,The bathroom floor had been mopped in the past.,Passive Control,1,1,The bathroom floor had been,mopped,0.7121294,SE,whaleloops/phrase-bert
374,94,The school janitor had been mopping the bathroom.,Active Control,1,0,The school janitor had been,mopping,0.45204872,SE,whaleloops/phrase-bert
375,94,An important lesson had been mopping in the past.,No-Attraction Violation,0,1,An important lesson had been,mopping,0.2613538,SE,whaleloops/phrase-bert
376,95,The sin had been confessing by the repentant Catholic.,Attraction Violation,1,1,The sin had been,confessing,0.5499613,SE,whaleloops/phrase-bert
377,95,The sin had been confessed on Sunday.,Passive Control,1,1,The sin had been,confessed,0.66315097,SE,whaleloops/phrase-bert
378,95,The repentant Catholic had been confessing his sins.,Active Control,1,0,The repentant Catholic had been,confessing,0.6075756,SE,whaleloops/phrase-bert
379,95,Ten new trees had been confessing on Sunday.,No-Attraction Violation,0,1,Ten new trees had been,confessing,0.22200967,SE,whaleloops/phrase-bert
380,96,The strange mystery had been solving the detectives.,Attraction Violation,1,1,The strange mystery had been,solving,0.4604669,SE,whaleloops/phrase-bert
381,96,The strange mystery had been solved at the station.,Passive Control,1,1,The strange mystery had been,solved,0.5760366,SE,whaleloops/phrase-bert
382,96,The brilliant detective had been solving mysterious crimes for two decades.,Active Control,1,0,The brilliant detective had been,solving,0.39627722,SE,whaleloops/phrase-bert
383,96,Hathaway's gigantic fortune had been solving at the station.,No-Attraction Violation,0,1,Hathaway's gigantic fortune had been,solving,0.30450207,SE,whaleloops/phrase-bert
0,1,The murder had been witnessing by the three bystanders,Attraction Violation,1,1,The murder had been,witnessing,0.3387911,SE,bigscience/sgpt-bloom-7b1-msmarco
1,1,The murder had been witnessed in the dark.,Passive Control,1,1,The murder had been,witnessed,0.34821025,SE,bigscience/sgpt-bloom-7b1-msmarco
2,1,The bystanders had been witnessing the crime.,Active Control,1,0,The bystanders had been,witnessing,0.43978465,SE,bigscience/sgpt-bloom-7b1-msmarco
3,1,The unpleasant cough syrup was witnessing in the dark.,No-Attraction Violation,0,1,The unpleasant cough syrup was,witnessing,0.2773878,SE,bigscience/sgpt-bloom-7b1-msmarco
4,2,Patty's overgrown lawn was mowing the boy next door.,Attraction Violation,1,1,Patty's overgrown lawn was,mowing,0.40437183,SE,bigscience/sgpt-bloom-7b1-msmarco
5,2,Patty's overgrown lawn was mowed only last week.,Passive Control,1,1,Patty's overgrown lawn was,mowed,0.3959895,SE,bigscience/sgpt-bloom-7b1-msmarco
6,2,Patty's teenage son was mowing the lawn.,Active Control,1,0,Patty's teenage son was,mowing,0.3104305,SE,bigscience/sgpt-bloom-7b1-msmarco
7,2,All of her money had been mowing the grass.,No-Attraction Violation,0,1,All of her money had been,mowing,0.23683234,SE,bigscience/sgpt-bloom-7b1-msmarco
8,3,Three more martinis were ordering by Laurie's sister.,Attraction Violation,1,1,Three more martinis were,ordering,0.30024078,SE,bigscience/sgpt-bloom-7b1-msmarco
9,3,Three more martinis were ordered repeatedly.,Passive Control,1,1,Three more martinis were,ordered,0.30809885,SE,bigscience/sgpt-bloom-7b1-msmarco
10,3,"The regular customers were ordering quiche, as usual.",Active Control,1,0,The regular customers were,ordering,0.34887862,SE,bigscience/sgpt-bloom-7b1-msmarco
11,3,The rough part of the wood was ordering late.,No-Attraction Violation,0,1,The rough part of the wood was,ordering,0.2699421,SE,bigscience/sgpt-bloom-7b1-msmarco
12,4,The quality of Karla's work was evaluating frequently.,Attraction Violation,1,1,The quality of Karla's work was,evaluating,0.43252409,SE,bigscience/sgpt-bloom-7b1-msmarco
13,4,The quality of Karla's work was evaluated frequently.,Passive Control,1,1,The quality of Karla's work was,evaluated,0.4332027,SE,bigscience/sgpt-bloom-7b1-msmarco
14,4,The engineers were evaluating the success of the new device.,Active Control,1,0,The engineers were,evaluating,0.46716908,SE,bigscience/sgpt-bloom-7b1-msmarco
15,4,The old lady's purse had been evaluating Nelson's idea.,No-Attraction Violation,0,1,The old lady's purse had been,evaluating,0.34366527,SE,bigscience/sgpt-bloom-7b1-msmarco
16,5,The legal contract had been signing falsely.,Attraction Violation,1,1,The legal contract had been,signing,0.29993394,SE,bigscience/sgpt-bloom-7b1-msmarco
17,5,The legal contract had been signed by the family.,Passive Control,1,1,The legal contract had been,signed,0.35916078,SE,bigscience/sgpt-bloom-7b1-msmarco
18,5,The state's governor had been signing new legislation.,Active Control,1,0,The state's governor had been,signing,0.2599427,SE,bigscience/sgpt-bloom-7b1-msmarco
19,5,An appointment was signing falsely.,No-Attraction Violation,0,1,An appointment was,signing,0.3308193,SE,bigscience/sgpt-bloom-7b1-msmarco
20,6,The vocabulary list was memorizing well.,Attraction Violation,1,1,The vocabulary list was,memorizing,0.2175043,SE,bigscience/sgpt-bloom-7b1-msmarco
21,6,The vocabulary list was memorized well.,Passive Control,1,1,The vocabulary list was,memorized,0.22216277,SE,bigscience/sgpt-bloom-7b1-msmarco
22,6,The medical students were memorizing sample exam questions all night.,Active Control,1,0,The medical students were,memorizing,0.1440989,SE,bigscience/sgpt-bloom-7b1-msmarco
23,6,The simple coffin was memorizing the lines of the poem.,No-Attraction Violation,0,1,The simple coffin was,memorizing,0.11164935,SE,bigscience/sgpt-bloom-7b1-msmarco
24,7,The firewood had been chopping poorly.,Attraction Violation,1,1,The firewood had been,chopping,0.3043706,SE,bigscience/sgpt-bloom-7b1-msmarco
25,7,The firewood had been chopped by Jen's grandfather.,Passive Control,1,1,The firewood had been,chopped,0.3240362,SE,bigscience/sgpt-bloom-7b1-msmarco
26,7,Jen's grandfather had been chopping the firewood.,Active Control,1,0,Jen's grandfather had been,chopping,0.34360823,SE,bigscience/sgpt-bloom-7b1-msmarco
27,7,Mark's wrinkly shirts were chopping vegetables.,No-Attraction Violation,0,1,Mark's wrinkly shirts were,chopping,0.3800682,SE,bigscience/sgpt-bloom-7b1-msmarco
28,8,Lisa's phone had been disconnecting last month.,Attraction Violation,1,1,Lisa's phone had been,disconnecting,0.1869881,SE,bigscience/sgpt-bloom-7b1-msmarco
29,8,Lisa's phone had been disconnected last month.,Passive Control,1,1,Lisa's phone had been,disconnected,0.2850419,SE,bigscience/sgpt-bloom-7b1-msmarco
30,8,The electrician had been disconnecting the machine's power source.,Active Control,1,0,The electrician had been,disconnecting,0.2027594,SE,bigscience/sgpt-bloom-7b1-msmarco
31,8,Mother Theresa's death was disconnecting the two cables.,No-Attraction Violation,0,1,Mother Theresa's death was,disconnecting,0.15321982,SE,bigscience/sgpt-bloom-7b1-msmarco
32,9,Wendy's muddy car was washing the boys.,Attraction Violation,1,1,Wendy's muddy car was,washing,0.31790558,SE,bigscience/sgpt-bloom-7b1-msmarco
33,9,Wendy's muddy car was washed wearily.,Passive Control,1,1,Wendy's muddy car was,washed,0.3941115,SE,bigscience/sgpt-bloom-7b1-msmarco
34,9,Wendy and Harriet were washing the muddy car.,Active Control,1,0,Wendy and Harriet were,washing,0.31319234,SE,bigscience/sgpt-bloom-7b1-msmarco
35,9,Frank's loan application had been washing the used pencil.,No-Attraction Violation,0,1,Frank's loan application had been,washing,0.466637,SE,bigscience/sgpt-bloom-7b1-msmarco
36,10,The library books had been borrowing the graduate student.,Attraction Violation,1,1,The library books had been,borrowing,0.41004345,SE,bigscience/sgpt-bloom-7b1-msmarco
37,10,The library books had been borrowed by the graduate student.,Passive Control,1,1,The library books had been,borrowed,0.43308845,SE,bigscience/sgpt-bloom-7b1-msmarco
38,10,Katie and Lara had been borrowing dozens of books about botany from the library.,Active Control,1,0,Katie and Lara had been,borrowing,0.35558817,SE,bigscience/sgpt-bloom-7b1-msmarco
39,10,The tragic mistake was borrowing in a hurry.,No-Attraction Violation,0,1,The tragic mistake was,borrowing,0.31347436,SE,bigscience/sgpt-bloom-7b1-msmarco
40,11,"The dark, underwater cave was exploring by the divers.",Attraction Violation,1,1,"The dark, underwater cave was",exploring,0.31484747,SE,bigscience/sgpt-bloom-7b1-msmarco
41,11,"The dark, underwater cave was explored by the divers.",Passive Control,1,1,"The dark, underwater cave was",explored,0.35490796,SE,bigscience/sgpt-bloom-7b1-msmarco
42,11,The cautious scuba divers were exploring the underwater cave.,Active Control,1,0,The cautious scuba divers were,exploring,0.31339106,SE,bigscience/sgpt-bloom-7b1-msmarco
43,11,The phone bill had been exploring at the zoo.,No-Attraction Violation,0,1,The phone bill had been,exploring,0.29864463,SE,bigscience/sgpt-bloom-7b1-msmarco
44,12,The unpleasant cough syrup was swallowing the boy.,Attraction Violation,1,1,The unpleasant cough syrup was,swallowing,0.34401354,SE,bigscience/sgpt-bloom-7b1-msmarco
45,12,The unpleasant cough syrup was swallowed by the boy.,Passive Control,1,1,The unpleasant cough syrup was,swallowed,0.25487348,SE,bigscience/sgpt-bloom-7b1-msmarco
46,12,The huge adult alligator had been swallowing fish by the bucket.,Active Control,1,0,The huge adult alligator had been,swallowing,0.2976086,SE,bigscience/sgpt-bloom-7b1-msmarco
47,12,The murder had been swallowing with disgust.,No-Attraction Violation,0,1,The murder had been,swallowing,0.23811339,SE,bigscience/sgpt-bloom-7b1-msmarco
48,13,The pizza had been delivering once more.,Attraction Violation,1,1,The pizza had been,delivering,0.4428984,SE,bigscience/sgpt-bloom-7b1-msmarco
49,13,The pizza had been delivered by Antonio himself.,Passive Control,1,1,The pizza had been,delivered,0.4400022,SE,bigscience/sgpt-bloom-7b1-msmarco
50,13,The exhausted messenger had been delivering packages all over town.,Active Control,1,0,The exhausted messenger had been,delivering,0.4550806,SE,bigscience/sgpt-bloom-7b1-msmarco
51,13,A genetic mutation was delivering once more.,No-Attraction Violation,0,1,A genetic mutation was,delivering,0.35699812,SE,bigscience/sgpt-bloom-7b1-msmarco
52,14,Frank's loan application had been approving by the bank.,Attraction Violation,1,1,Frank's loan application had been,approving,0.34713647,SE,bigscience/sgpt-bloom-7b1-msmarco
53,14,Frank's loan application had been approved anyways.,Passive Control,1,1,Frank's loan application had been,approved,0.18395446,SE,bigscience/sgpt-bloom-7b1-msmarco
54,14,The board of directors had been approving too many expensive projects.,Active Control,1,0,The board of directors had been,approving,0.24300045,SE,bigscience/sgpt-bloom-7b1-msmarco
55,14,Wendy's muddy car was approving the boy's request.,No-Attraction Violation,0,1,Wendy's muddy car was,approving,0.26623082,SE,bigscience/sgpt-bloom-7b1-msmarco
56,15,The cheap products had been manufacturing a Belgian firm.,Attraction Violation,1,1,The cheap products had been,manufacturing,0.39215672,SE,bigscience/sgpt-bloom-7b1-msmarco
57,15,The cheap products had been manufactured by a Belgian firm.,Passive Control,1,1,The cheap products had been,manufactured,0.43711984,SE,bigscience/sgpt-bloom-7b1-msmarco
58,15,The auto company had been manufacturing parts in China.,Active Control,1,0,The auto company had been,manufacturing,0.4344801,SE,bigscience/sgpt-bloom-7b1-msmarco
59,15,A drawing of the house had been manufacturing at a factory.,No-Attraction Violation,0,1,A drawing of the house had been,manufacturing,0.39643654,SE,bigscience/sgpt-bloom-7b1-msmarco
60,16,Their secret conversation had been overhearing by a surprised neighbor.,Attraction Violation,1,1,Their secret conversation had been,overhearing,0.3123805,SE,bigscience/sgpt-bloom-7b1-msmarco
61,16,Their secret conversation had been overheard by a surprised neighbor.,Passive Control,1,1,Their secret conversation had been,overheard,0.41999656,SE,bigscience/sgpt-bloom-7b1-msmarco
62,16,The annoyed resident had been overhearing his neighbor's phone conversations through the wall.,Active Control,1,0,The annoyed resident had been,overhearing,0.34680483,SE,bigscience/sgpt-bloom-7b1-msmarco
63,16,A wet snowball had been overhearing despite the precautions.,No-Attraction Violation,0,1,A wet snowball had been,overhearing,0.38247338,SE,bigscience/sgpt-bloom-7b1-msmarco
64,17,The rough part of the wood was sanding to perfection.,Attraction Violation,1,1,The rough part of the wood was,sanding,0.3998818,SE,bigscience/sgpt-bloom-7b1-msmarco
65,17,The rough part of the wood was sanded by the carpenter.,Passive Control,1,1,The rough part of the wood was,sanded,0.3225977,SE,bigscience/sgpt-bloom-7b1-msmarco
66,17,The skillful carpenter was sanding the rough edge of the wood.,Active Control,1,0,The skillful carpenter was,sanding,0.39092156,SE,bigscience/sgpt-bloom-7b1-msmarco
67,17,Three more martinis were sanding the chair.,No-Attraction Violation,0,1,Three more martinis were,sanding,0.36343923,SE,bigscience/sgpt-bloom-7b1-msmarco
68,18,A package had been receiving by the secretary in the office.,Attraction Violation,1,1,A package had been,receiving,0.48404953,SE,bigscience/sgpt-bloom-7b1-msmarco
69,18,A package had been received by the secretary in the office.,Passive Control,1,1,A package had been,received,0.31490192,SE,bigscience/sgpt-bloom-7b1-msmarco
70,18,The secretary had been receiving flowers all day.,Active Control,1,0,The secretary had been,receiving,0.35305363,SE,bigscience/sgpt-bloom-7b1-msmarco
71,18,The noises in the attic had been receiving assistance from the government.,No-Attraction Violation,0,1,The noises in the attic had been,receiving,0.33016762,SE,bigscience/sgpt-bloom-7b1-msmarco
72,19,The club's rules had been violating Richard.,Attraction Violation,1,1,The club's rules had been,violating,0.2839596,SE,bigscience/sgpt-bloom-7b1-msmarco
73,19,The club's rules had been violated only twice.,Passive Control,1,1,The club's rules had been,violated,0.29576468,SE,bigscience/sgpt-bloom-7b1-msmarco
74,19,The rebel had been violating the rules.,Active Control,1,0,The rebel had been,violating,0.27683198,SE,bigscience/sgpt-bloom-7b1-msmarco
75,19,Thirty pounds of potatoes had been violating only twice.,No-Attraction Violation,0,1,Thirty pounds of potatoes had been,violating,0.25972578,SE,bigscience/sgpt-bloom-7b1-msmarco
76,20,A new medication had been prescribing the physician.,Attraction Violation,1,1,A new medication had been,prescribing,0.393496,SE,bigscience/sgpt-bloom-7b1-msmarco
77,20,A new medication had been prescribed by the physician.,Passive Control,1,1,A new medication had been,prescribed,0.41303444,SE,bigscience/sgpt-bloom-7b1-msmarco
78,20,The new doctor had been prescribing powerful painkillers for Jelena's sore knee.,Active Control,1,0,The new doctor had been,prescribing,0.30046335,SE,bigscience/sgpt-bloom-7b1-msmarco
79,20,The portrait of Napoleon had been prescribing with caution.,No-Attraction Violation,0,1,The portrait of Napoleon had been,prescribing,0.26003695,SE,bigscience/sgpt-bloom-7b1-msmarco
80,21,The wheat crops had been harvesting by the local farmers.,Attraction Violation,1,1,The wheat crops had been,harvesting,0.49434695,SE,bigscience/sgpt-bloom-7b1-msmarco
81,21,The wheat crops had been harvested after the rain.,Passive Control,1,1,The wheat crops had been,harvested,0.50412613,SE,bigscience/sgpt-bloom-7b1-msmarco
82,21,The local farmers had been harvesting the corn all week.,Active Control,1,0,The local farmers had been,harvesting,0.43292877,SE,bigscience/sgpt-bloom-7b1-msmarco
83,21,The elevator button had been harvesting after the rain.,No-Attraction Violation,0,1,The elevator button had been,harvesting,0.33595368,SE,bigscience/sgpt-bloom-7b1-msmarco
84,22,The musical piece was composing by Beethoven in 1799.,Attraction Violation,1,1,The musical piece was,composing,0.3634726,SE,bigscience/sgpt-bloom-7b1-msmarco
85,22,The musical piece was composed in a dream.,Passive Control,1,1,The musical piece was,composed,0.3728411,SE,bigscience/sgpt-bloom-7b1-msmarco
86,22,Ludwig von Beethoven was composing symphonies as a teenager.,Active Control,1,0,Ludwig von Beethoven was,composing,0.26435038,SE,bigscience/sgpt-bloom-7b1-msmarco
87,22,The bank had been composing in a dream.,No-Attraction Violation,0,1,The bank had been,composing,0.26055315,SE,bigscience/sgpt-bloom-7b1-msmarco
88,23,The old lady's purse had been snatching a kid.,Attraction Violation,1,1,The old lady's purse had been,snatching,0.25183517,SE,bigscience/sgpt-bloom-7b1-msmarco
89,23,The old lady's purse had been snatched with speed.,Passive Control,1,1,The old lady's purse had been,snatched,0.2474435,SE,bigscience/sgpt-bloom-7b1-msmarco
90,23,The clever dog had been snatching cookies from the table.,Active Control,1,0,The clever dog had been,snatching,0.23135889,SE,bigscience/sgpt-bloom-7b1-msmarco
91,23,The quality of Karla's work was snatching victory from the jaws of defeat.,No-Attraction Violation,0,1,The quality of Karla's work was,snatching,0.19457477,SE,bigscience/sgpt-bloom-7b1-msmarco
92,24,Olson's bulging suitcase had been packing his assistant.,Attraction Violation,1,1,Olson's bulging suitcase had been,packing,0.27415213,SE,bigscience/sgpt-bloom-7b1-msmarco
93,24,Olson's bulging suitcase had been packed for the trip.,Passive Control,1,1,Olson's bulging suitcase had been,packed,0.2710162,SE,bigscience/sgpt-bloom-7b1-msmarco
94,24,The excited vacationers had been packing their suitcases when the hurricane hit.,Active Control,1,0,The excited vacationers had been,packing,0.18013677,SE,bigscience/sgpt-bloom-7b1-msmarco
95,24,Stormy weather had been packing for the trip.,No-Attraction Violation,0,1,Stormy weather had been,packing,0.44355884,SE,bigscience/sgpt-bloom-7b1-msmarco
96,25,Several spelling errors were noticing the careful editor.,Attraction Violation,1,1,Several spelling errors were,noticing,0.33344093,SE,bigscience/sgpt-bloom-7b1-msmarco
97,25,Several spelling errors were noticed by the careful editor.,Passive Control,1,1,Several spelling errors were,noticed,0.3040944,SE,bigscience/sgpt-bloom-7b1-msmarco
98,25,Brittany's close friends were noticing changes in her personality.,Active Control,1,0,Brittany's close friends were,noticing,0.27052742,SE,bigscience/sgpt-bloom-7b1-msmarco
99,25,The final destination had been noticing too late.,No-Attraction Violation,0,1,The final destination had been,noticing,0.31669468,SE,bigscience/sgpt-bloom-7b1-msmarco
100,26,An illegal weapon had been smuggling only once.,Attraction Violation,1,1,An illegal weapon had been,smuggling,0.40149322,SE,bigscience/sgpt-bloom-7b1-msmarco
101,26,An illegal weapon had been smuggled only once.,Passive Control,1,1,An illegal weapon had been,smuggled,0.32683516,SE,bigscience/sgpt-bloom-7b1-msmarco
102,26,The drug dealer had been smuggling heroin into Canada.,Active Control,1,0,The drug dealer had been,smuggling,0.35520396,SE,bigscience/sgpt-bloom-7b1-msmarco
103,26,Cleopatra's beauty was smuggling only once.,No-Attraction Violation,0,1,Cleopatra's beauty was,smuggling,0.31237924,SE,bigscience/sgpt-bloom-7b1-msmarco
104,27,The leftover food was discarding wastefully.,Attraction Violation,1,1,The leftover food was,discarding,0.32084492,SE,bigscience/sgpt-bloom-7b1-msmarco
105,27,The leftover food was discarded wastefully.,Passive Control,1,1,The leftover food was,discarded,0.3614815,SE,bigscience/sgpt-bloom-7b1-msmarco
106,27,The campers were discarding the leftover food.,Active Control,1,0,The campers were,discarding,0.2921846,SE,bigscience/sgpt-bloom-7b1-msmarco
107,27,The sleek new building was discarding wastefully.,No-Attraction Violation,0,1,The sleek new building was,discarding,0.26064578,SE,bigscience/sgpt-bloom-7b1-msmarco
108,28,Thirty pounds of potatoes had been peeling by the cooks.,Attraction Violation,1,1,Thirty pounds of potatoes had been,peeling,0.26046142,SE,bigscience/sgpt-bloom-7b1-msmarco
109,28,Thirty pounds of potatoes had been peeled carefully.,Passive Control,1,1,Thirty pounds of potatoes had been,peeled,0.24632455,SE,bigscience/sgpt-bloom-7b1-msmarco
110,28,The bored looking cooks had been peeling potatoes for hours.,Active Control,1,0,The bored looking cooks had been,peeling,0.33520538,SE,bigscience/sgpt-bloom-7b1-msmarco
111,28,The club's rules had been peeling the sticker off the box.,No-Attraction Violation,0,1,The club's rules had been,peeling,0.3012057,SE,bigscience/sgpt-bloom-7b1-msmarco
112,29,The grimy pots and pans had been scrubbing the dishwashers.,Attraction Violation,1,1,The grimy pots and pans had been,scrubbing,0.36664385,SE,bigscience/sgpt-bloom-7b1-msmarco
113,29,The grimy pots and pans had been scrubbed by the dishwashers.,Passive Control,1,1,The grimy pots and pans had been,scrubbed,0.4071832,SE,bigscience/sgpt-bloom-7b1-msmarco
114,29,The guys in the kitchen had been scrubbing the pots and pans.,Active Control,1,0,The guys in the kitchen had been,scrubbing,0.33389756,SE,bigscience/sgpt-bloom-7b1-msmarco
115,29,The stolen artwork had been scrubbing with vigor.,No-Attraction Violation,0,1,The stolen artwork had been,scrubbing,0.2978418,SE,bigscience/sgpt-bloom-7b1-msmarco
116,30,The roast lamb had been carving by a servant.,Attraction Violation,1,1,The roast lamb had been,carving,0.36719653,SE,bigscience/sgpt-bloom-7b1-msmarco
117,30,The roast lamb had been carved by a servant.,Passive Control,1,1,The roast lamb had been,carved,0.37201077,SE,bigscience/sgpt-bloom-7b1-msmarco
118,30,The butcher had been carving the meat.,Active Control,1,0,The butcher had been,carving,0.4291354,SE,bigscience/sgpt-bloom-7b1-msmarco
119,30,Janet's houseplants were carving before dinner.,No-Attraction Violation,0,1,Janet's houseplants were,carving,0.4599184,SE,bigscience/sgpt-bloom-7b1-msmarco
120,31,Cleopatra's beauty was admiring many people.,Attraction Violation,1,1,Cleopatra's beauty was,admiring,0.31577697,SE,bigscience/sgpt-bloom-7b1-msmarco
121,31,Cleopatra's beauty was admired always.,Passive Control,1,1,Cleopatra's beauty was,admired,0.30923057,SE,bigscience/sgpt-bloom-7b1-msmarco
122,31,The men were admiring the beautiful woman from a distance.,Active Control,1,0,The men were,admiring,0.25880685,SE,bigscience/sgpt-bloom-7b1-msmarco
123,31,An illegal weapon had been admiring always.,No-Attraction Violation,0,1,An illegal weapon had been,admiring,0.35197634,SE,bigscience/sgpt-bloom-7b1-msmarco
124,32,A wet snowball had been tossing by the girls through the window.,Attraction Violation,1,1,A wet snowball had been,tossing,0.2830838,SE,bigscience/sgpt-bloom-7b1-msmarco
125,32,A wet snowball had been tossed in anger.,Passive Control,1,1,A wet snowball had been,tossed,0.31720045,SE,bigscience/sgpt-bloom-7b1-msmarco
126,32,The baseball players had been tossing the ball around the infield.,Active Control,1,0,The baseball players had been,tossing,0.21879399,SE,bigscience/sgpt-bloom-7b1-msmarco
127,32,Their secret conversation had been tossing a steak on the grill.,No-Attraction Violation,0,1,Their secret conversation had been,tossing,0.15836276,SE,bigscience/sgpt-bloom-7b1-msmarco
128,33,The sealed envelope was opening the judge.,Attraction Violation,1,1,The sealed envelope was,opening,0.3382827,SE,bigscience/sgpt-bloom-7b1-msmarco
129,33,The sealed envelope was opened without permission.,Passive Control,1,1,The sealed envelope was,opened,0.38117334,SE,bigscience/sgpt-bloom-7b1-msmarco
130,33,Tuxedoed waiters were opening bottles of champagne for the toast.,Active Control,1,0,Tuxedoed waiters were,opening,0.2501673,SE,bigscience/sgpt-bloom-7b1-msmarco
131,33,The men's faces had been opening without permission.,No-Attraction Violation,0,1,The men's faces had been,opening,0.28799435,SE,bigscience/sgpt-bloom-7b1-msmarco
132,34,The man's beard had been shaving twice a day.,Attraction Violation,1,1,The man's beard had been,shaving,0.28975385,SE,bigscience/sgpt-bloom-7b1-msmarco
133,34,The man's beard had been shaved twice a day.,Passive Control,1,1,The man's beard had been,shaved,0.30894643,SE,bigscience/sgpt-bloom-7b1-msmarco
134,34,His uncle Ralph had been shaving his beard off.,Active Control,1,0,His uncle Ralph had been,shaving,0.22366919,SE,bigscience/sgpt-bloom-7b1-msmarco
135,34,The popular amusement park is shaving twice a day.,No-Attraction Violation,0,1,The popular amusement park is,shaving,0.22568856,SE,bigscience/sgpt-bloom-7b1-msmarco
136,35,The elevator button had been pressing slowly.,Attraction Violation,1,1,The elevator button had been,pressing,0.3043718,SE,bigscience/sgpt-bloom-7b1-msmarco
137,35,The elevator button had been pressed by the attendant.,Passive Control,1,1,The elevator button had been,pressed,0.2444555,SE,bigscience/sgpt-bloom-7b1-msmarco
138,35,The attendant had been pressing the buttons.,Active Control,1,0,The attendant had been,pressing,0.31529,SE,bigscience/sgpt-bloom-7b1-msmarco
139,35,The wheat crops had been pressing slowly.,No-Attraction Violation,0,1,The wheat crops had been,pressing,0.2864874,SE,bigscience/sgpt-bloom-7b1-msmarco
140,36,The winning lottery numbers had been announcing the TV news.,Attraction Violation,1,1,The winning lottery numbers had been,announcing,0.35738105,SE,bigscience/sgpt-bloom-7b1-msmarco
141,36,The winning lottery numbers had been announced by the TV news.,Passive Control,1,1,The winning lottery numbers had been,announced,0.3490354,SE,bigscience/sgpt-bloom-7b1-msmarco
142,36,The flight attendant had been announcing the reason for the delay.,Active Control,1,0,The flight attendant had been,announcing,0.38412648,SE,bigscience/sgpt-bloom-7b1-msmarco
143,36,The tarnished silverware was announcing on the television.,No-Attraction Violation,0,1,The tarnished silverware was,announcing,0.33120927,SE,bigscience/sgpt-bloom-7b1-msmarco
144,37,The victim's body had been identifying at the morgue.,Attraction Violation,1,1,The victim's body had been,identifying,0.39436126,SE,bigscience/sgpt-bloom-7b1-msmarco
145,37,The victim's body had been identified by the family members.,Passive Control,1,1,The victim's body had been,identified,0.33673295,SE,bigscience/sgpt-bloom-7b1-msmarco
146,37,The laboratory technicians had been identifying the chemical.,Active Control,1,0,The laboratory technicians had been,identifying,0.39710438,SE,bigscience/sgpt-bloom-7b1-msmarco
147,37,The movie was identifying rare fish for the divers.,No-Attraction Violation,0,1,The movie was,identifying,0.39369518,SE,bigscience/sgpt-bloom-7b1-msmarco
148,38,The hearty meal was devouring by the kids.,Attraction Violation,1,1,The hearty meal was,devouring,0.3165852,SE,bigscience/sgpt-bloom-7b1-msmarco
149,38,The hearty meal was devoured with gusto.,Passive Control,1,1,The hearty meal was,devoured,0.30408052,SE,bigscience/sgpt-bloom-7b1-msmarco
150,38,The hungry boys were devouring the plate of cookies when Jack arrived.,Active Control,1,0,The hungry boys were,devouring,0.27584842,SE,bigscience/sgpt-bloom-7b1-msmarco
151,38,The dusty tabletops were devouring with gusto.,No-Attraction Violation,0,1,The dusty tabletops were,devouring,0.2991987,SE,bigscience/sgpt-bloom-7b1-msmarco
152,39,The overgrown shrubs were trimming regularly.,Attraction Violation,1,1,The overgrown shrubs were,trimming,0.31341234,SE,bigscience/sgpt-bloom-7b1-msmarco
153,39,The overgrown shrubs were trimmed by a gardener.,Passive Control,1,1,The overgrown shrubs were,trimmed,0.3789836,SE,bigscience/sgpt-bloom-7b1-msmarco
154,39,A gardener was trimming the overgrown shrubbery.,Active Control,1,0,A gardener was,trimming,0.32294008,SE,bigscience/sgpt-bloom-7b1-msmarco
155,39,The alarm clock had been trimming regularly.,No-Attraction Violation,0,1,The alarm clock had been,trimming,0.2850606,SE,bigscience/sgpt-bloom-7b1-msmarco
156,40,Wilson's unreasonable proposal was rejecting by the boss.,Attraction Violation,1,1,Wilson's unreasonable proposal was,rejecting,0.25521538,SE,bigscience/sgpt-bloom-7b1-msmarco
157,40,Wilson's unreasonable proposal was rejected at the hospital.,Passive Control,1,1,Wilson's unreasonable proposal was,rejected,0.3370784,SE,bigscience/sgpt-bloom-7b1-msmarco
158,40,The admissions committee was rejecting nearly every application.,Active Control,1,0,The admissions committee was,rejecting,0.3098686,SE,bigscience/sgpt-bloom-7b1-msmarco
159,40,The rare bird's behavior was rejecting all offers.,No-Attraction Violation,0,1,The rare bird's behavior was,rejecting,0.1972527,SE,bigscience/sgpt-bloom-7b1-msmarco
160,41,Hathaway's gigantic fortune had been inheriting by his daughters.,Attraction Violation,1,1,Hathaway's gigantic fortune had been,inheriting,0.26215473,SE,bigscience/sgpt-bloom-7b1-msmarco
161,41,Hathaway's gigantic fortune had been inherited by his daughters.,Passive Control,1,1,Hathaway's gigantic fortune had been,inherited,0.32326424,SE,bigscience/sgpt-bloom-7b1-msmarco
162,41,Generations of aristocratic Englishmen have been inheriting their fortunes.,Active Control,1,0,Generations of aristocratic Englishmen have been,inheriting,0.3507729,SE,bigscience/sgpt-bloom-7b1-msmarco
163,41,The strange mystery had been inheriting the estate from her grandmother.,No-Attraction Violation,0,1,The strange mystery had been,inheriting,0.22906572,SE,bigscience/sgpt-bloom-7b1-msmarco
164,42,All of her money had been spending before the wedding.,Attraction Violation,1,1,All of her money had been,spending,0.26234573,SE,bigscience/sgpt-bloom-7b1-msmarco
165,42,All of her money had been spent before the wedding.,Passive Control,1,1,All of her money had been,spent,0.29407609,SE,bigscience/sgpt-bloom-7b1-msmarco
166,42,The shopping fanatic had been spending all her money in Bloomingdales.,Active Control,1,0,The shopping fanatic had been,spending,0.18639807,SE,bigscience/sgpt-bloom-7b1-msmarco
167,42,Patty's overgrown lawn was spending its time on the beach.,No-Attraction Violation,0,1,Patty's overgrown lawn was,spending,0.27845222,SE,bigscience/sgpt-bloom-7b1-msmarco
168,43,An appointment was scheduling by the secretary.,Attraction Violation,1,1,An appointment was,scheduling,0.40430474,SE,bigscience/sgpt-bloom-7b1-msmarco
169,43,An appointment was scheduled by the secretary.,Passive Control,1,1,An appointment was,scheduled,0.5190725,SE,bigscience/sgpt-bloom-7b1-msmarco
170,43,The secretary was scheduling new appointments for the afternoon.,Active Control,1,0,The secretary was,scheduling,0.17341065,SE,bigscience/sgpt-bloom-7b1-msmarco
171,43,The legal contract had been scheduling for next week.,No-Attraction Violation,0,1,The legal contract had been,scheduling,0.17672546,SE,bigscience/sgpt-bloom-7b1-msmarco
172,44,The men's faces had been photographing by a security camera.,Attraction Violation,1,1,The men's faces had been,photographing,0.19011754,SE,bigscience/sgpt-bloom-7b1-msmarco
173,44,The men's faces had been photographed by a security camera.,Passive Control,1,1,The men's faces had been,photographed,0.19707537,SE,bigscience/sgpt-bloom-7b1-msmarco
174,44,The intrusive reporter had been photographing the celebrities at the party.,Active Control,1,0,The intrusive reporter had been,photographing,0.24696288,SE,bigscience/sgpt-bloom-7b1-msmarco
175,44,The sealed envelope was photographing at the party.,No-Attraction Violation,0,1,The sealed envelope was,photographing,0.21899796,SE,bigscience/sgpt-bloom-7b1-msmarco
176,45,The broken television had been repairing the technician.,Attraction Violation,1,1,The broken television had been,repairing,0.42559463,SE,bigscience/sgpt-bloom-7b1-msmarco
177,45,The broken television had been repaired by the technician.,Passive Control,1,1,The broken television had been,repaired,0.26584917,SE,bigscience/sgpt-bloom-7b1-msmarco
178,45,The competent technician had been repairing the television.,Active Control,1,0,The competent technician had been,repairing,0.42234465,SE,bigscience/sgpt-bloom-7b1-msmarco
179,45,Larry's note had been repairing the computer's hard drive.,No-Attraction Violation,0,1,Larry's note had been,repairing,0.26210198,SE,bigscience/sgpt-bloom-7b1-msmarco
180,46,The alarm clock had been unplugging accidentally.,Attraction Violation,1,1,The alarm clock had been,unplugging,0.4498296,SE,bigscience/sgpt-bloom-7b1-msmarco
181,46,The alarm clock had been unplugged late.,Passive Control,1,1,The alarm clock had been,unplugged,0.4542082,SE,bigscience/sgpt-bloom-7b1-msmarco
182,46,The frantic woman had been unplugging every electrical device in the house.,Active Control,1,0,The frantic woman had been,unplugging,0.36087057,SE,bigscience/sgpt-bloom-7b1-msmarco
183,46,The overgrown shrubs were unplugging accidentally.,No-Attraction Violation,0,1,The overgrown shrubs were,unplugging,0.4559335,SE,bigscience/sgpt-bloom-7b1-msmarco
184,47,The car door had been unlocking late at night.,Attraction Violation,1,1,The car door had been,unlocking,0.28696018,SE,bigscience/sgpt-bloom-7b1-msmarco
185,47,The car door had been unlocked by the child.,Passive Control,1,1,The car door had been,unlocked,0.38907,SE,bigscience/sgpt-bloom-7b1-msmarco
186,47,The babysitter had been unlocking the back door.,Active Control,1,0,The babysitter had been,unlocking,0.2590199,SE,bigscience/sgpt-bloom-7b1-msmarco
187,47,The Queen's 80th birthday was unlocking late at night.,No-Attraction Violation,0,1,The Queen's 80th birthday was,unlocking,0.23308389,SE,bigscience/sgpt-bloom-7b1-msmarco
188,48,The portrait of Napoleon had been painting by a Dutch artist.,Attraction Violation,1,1,The portrait of Napoleon had been,painting,0.49445698,SE,bigscience/sgpt-bloom-7b1-msmarco
189,48,The portrait of Napoleon had been painted by a Dutch artist.,Passive Control,1,1,The portrait of Napoleon had been,painted,0.36276507,SE,bigscience/sgpt-bloom-7b1-msmarco
190,48,The French Impressionist artists had been painting with a focus on light and color.,Active Control,1,0,The French Impressionist artists had been,painting,0.44248173,SE,bigscience/sgpt-bloom-7b1-msmarco
191,48,A new medication had been painting on Tuesday.,No-Attraction Violation,0,1,A new medication had been,painting,0.42070207,SE,bigscience/sgpt-bloom-7b1-msmarco
192,49,The embarrassing allegations had been denying by the mayor.,Attraction Violation,1,1,The embarrassing allegations had been,denying,0.45715836,SE,bigscience/sgpt-bloom-7b1-msmarco
193,49,The embarrassing allegations had been denied by the mayor.,Passive Control,1,1,The embarrassing allegations had been,denied,0.46132547,SE,bigscience/sgpt-bloom-7b1-msmarco
194,49,The embarassed mayor had been denying allegations of corruption.,Active Control,1,0,The embarassed mayor had been,denying,0.4472134,SE,bigscience/sgpt-bloom-7b1-msmarco
195,49,Tamara's birthday gift had been denying the rumor.,No-Attraction Violation,0,1,Tamara's birthday gift had been,denying,0.4332524,SE,bigscience/sgpt-bloom-7b1-msmarco
196,50,The noises in the attic had been hearing nightly.,Attraction Violation,1,1,The noises in the attic had been,hearing,0.4397845,SE,bigscience/sgpt-bloom-7b1-msmarco
197,50,The noises in the attic had been heard by the boys.,Passive Control,1,1,The noises in the attic had been,heard,0.42907968,SE,bigscience/sgpt-bloom-7b1-msmarco
198,50,The frightened campers had been hearing noises in the woods.,Active Control,1,0,The frightened campers had been,hearing,0.37212196,SE,bigscience/sgpt-bloom-7b1-msmarco
199,50,A package had been hearing nightly.,No-Attraction Violation,0,1,A package had been,hearing,0.47600833,SE,bigscience/sgpt-bloom-7b1-msmarco
200,51,The appetizers had been serving before the meal.,Attraction Violation,1,1,The appetizers had been,serving,0.31472126,SE,bigscience/sgpt-bloom-7b1-msmarco
201,51,The appetizers had been served before the meal.,Passive Control,1,1,The appetizers had been,served,0.29017755,SE,bigscience/sgpt-bloom-7b1-msmarco
202,51,The waiters had been serving the meal.,Active Control,1,0,The waiters had been,serving,0.27839813,SE,bigscience/sgpt-bloom-7b1-msmarco
203,51,The final exams had been serving before the meal.,No-Attraction Violation,0,1,The final exams had been,serving,0.24737729,SE,bigscience/sgpt-bloom-7b1-msmarco
204,52,Billy's unruly hair was combing his mother to one side.,Attraction Violation,1,1,Billy's unruly hair was,combing,0.29678965,SE,bigscience/sgpt-bloom-7b1-msmarco
205,52,Billy's unruly hair was combed by his mother to one side.,Passive Control,1,1,Billy's unruly hair was,combed,0.14569671,SE,bigscience/sgpt-bloom-7b1-msmarco
206,52,The patient barber was combing the boy's hair to one side.,Active Control,1,0,The patient barber was,combing,0.25872812,SE,bigscience/sgpt-bloom-7b1-msmarco
207,52,The girl's disease was combing the area for escaped prisoners.,No-Attraction Violation,0,1,The girl's disease was,combing,0.13157322,SE,bigscience/sgpt-bloom-7b1-msmarco
208,53,A drawing of the house had been sketching again.,Attraction Violation,1,1,A drawing of the house had been,sketching,0.4129009,SE,bigscience/sgpt-bloom-7b1-msmarco
209,53,A drawing of the house had been sketched again.,Passive Control,1,1,A drawing of the house had been,sketched,0.44006908,SE,bigscience/sgpt-bloom-7b1-msmarco
210,53,An artist in the studio had been sketching the house.,Active Control,1,0,An artist in the studio had been,sketching,0.31200796,SE,bigscience/sgpt-bloom-7b1-msmarco
211,53,The cheap products had been sketching again.,No-Attraction Violation,0,1,The cheap products had been,sketching,0.31484753,SE,bigscience/sgpt-bloom-7b1-msmarco
212,54,The simple coffin was burying the villagers.,Attraction Violation,1,1,The simple coffin was,burying,0.431248,SE,bigscience/sgpt-bloom-7b1-msmarco
213,54,The simple coffin was buried at the church.,Passive Control,1,1,The simple coffin was,buried,0.43655488,SE,bigscience/sgpt-bloom-7b1-msmarco
214,54,The tribal people were burying their dead.,Active Control,1,0,The tribal people were,burying,0.34493238,SE,bigscience/sgpt-bloom-7b1-msmarco
215,54,The vocabulary list was burying at the church.,No-Attraction Violation,0,1,The vocabulary list was,burying,0.3476387,SE,bigscience/sgpt-bloom-7b1-msmarco
216,55,The homicide case had been investigating diligently.,Attraction Violation,1,1,The homicide case had been,investigating,0.4739451,SE,bigscience/sgpt-bloom-7b1-msmarco
217,55,The homicide case had been investigated by the FBI.,Passive Control,1,1,The homicide case had been,investigated,0.49112555,SE,bigscience/sgpt-bloom-7b1-msmarco
218,55,The FBI agents had been investigating the homicide case for weeks.,Active Control,1,0,The FBI agents had been,investigating,0.42319223,SE,bigscience/sgpt-bloom-7b1-msmarco
219,55,Martin's tonsils had been investigating the problem.,No-Attraction Violation,0,1,Martin's tonsils had been,investigating,0.48871142,SE,bigscience/sgpt-bloom-7b1-msmarco
220,56,Mark's wrinkly shirts were ironing by his mother.,Attraction Violation,1,1,Mark's wrinkly shirts were,ironing,0.41564837,SE,bigscience/sgpt-bloom-7b1-msmarco
221,56,Mark's wrinkly shirts were ironed by his mother.,Passive Control,1,1,Mark's wrinkly shirts were,ironed,0.39791068,SE,bigscience/sgpt-bloom-7b1-msmarco
222,56,Mark's doting mother was ironing his shirts while he slept.,Active Control,1,0,Mark's doting mother was,ironing,0.43019614,SE,bigscience/sgpt-bloom-7b1-msmarco
223,56,The firewood had been ironing her dress.,No-Attraction Violation,0,1,The firewood had been,ironing,0.42381123,SE,bigscience/sgpt-bloom-7b1-msmarco
224,57,An important lesson had been learning in space.,Attraction Violation,1,1,An important lesson had been,learning,0.1354317,SE,bigscience/sgpt-bloom-7b1-msmarco
225,57,An important lesson had been learned in space.,Passive Control,1,1,An important lesson had been,learned,0.3732481,SE,bigscience/sgpt-bloom-7b1-msmarco
226,57,The children had been learning Spanish.,Active Control,1,0,The children had been,learning,0.30044037,SE,bigscience/sgpt-bloom-7b1-msmarco
227,57,The bathroom floor had been learning in space.,No-Attraction Violation,0,1,The bathroom floor had been,learning,0.24364959,SE,bigscience/sgpt-bloom-7b1-msmarco
228,58,The height of the bookcase was measuring by a carpenter.,Attraction Violation,1,1,The height of the bookcase was,measuring,0.46050978,SE,bigscience/sgpt-bloom-7b1-msmarco
229,58,The height of the bookcase was measured incorrectly.,Passive Control,1,1,The height of the bookcase was,measured,0.40702927,SE,bigscience/sgpt-bloom-7b1-msmarco
230,58,The carpenter was measuring the height of the bookcase.,Active Control,1,0,The carpenter was,measuring,0.45562294,SE,bigscience/sgpt-bloom-7b1-msmarco
231,58,An urgent message had been measuring her heart rate.,No-Attraction Violation,0,1,An urgent message had been,measuring,0.3398961,SE,bigscience/sgpt-bloom-7b1-msmarco
232,59,Several important topics were discussing despite the weather.,Attraction Violation,1,1,Several important topics were,discussing,0.6190988,SE,bigscience/sgpt-bloom-7b1-msmarco
233,59,Several important topics were discussed by the board of trustees.,Passive Control,1,1,Several important topics were,discussed,0.61075175,SE,bigscience/sgpt-bloom-7b1-msmarco
234,59,The board members were discussing several important topics.,Active Control,1,0,The board members were,discussing,0.45260715,SE,bigscience/sgpt-bloom-7b1-msmarco
235,59,"The fresh, warm bread was discussing despite the weather.",No-Attraction Violation,0,1,"The fresh, warm bread was",discussing,0.4383152,SE,bigscience/sgpt-bloom-7b1-msmarco
236,60,The dusty tabletops were wiping thoroughly.,Attraction Violation,1,1,The dusty tabletops were,wiping,0.27935374,SE,bigscience/sgpt-bloom-7b1-msmarco
237,60,The dusty tabletops were wiped thoroughly.,Passive Control,1,1,The dusty tabletops were,wiped,0.22731301,SE,bigscience/sgpt-bloom-7b1-msmarco
238,60,The tired busboy was wiping for hours.,Active Control,1,0,The tired busboy was,wiping,0.24095838,SE,bigscience/sgpt-bloom-7b1-msmarco
239,60,The hearty meal was wiping thoroughly.,No-Attraction Violation,0,1,The hearty meal was,wiping,0.21814957,SE,bigscience/sgpt-bloom-7b1-msmarco
240,61,A tiny spy camera was concealing by the agent inside a flowerpot.,Attraction Violation,1,1,A tiny spy camera was,concealing,0.4201709,SE,bigscience/sgpt-bloom-7b1-msmarco
241,61,A tiny spy camera was concealed by the agent inside a flowerpot.,Passive Control,1,1,A tiny spy camera was,concealed,0.433038,SE,bigscience/sgpt-bloom-7b1-msmarco
242,61,The sneaky lawyer was concealing the truth.,Active Control,1,0,The sneaky lawyer was,concealing,0.45100433,SE,bigscience/sgpt-bloom-7b1-msmarco
243,61,A faint light was concealing their identity.,No-Attraction Violation,0,1,A faint light was,concealing,0.4056042,SE,bigscience/sgpt-bloom-7b1-msmarco
244,62,"The fresh, warm bread was slicing by the baker into halves.",Attraction Violation,1,1,"The fresh, warm bread was",slicing,0.36832795,SE,bigscience/sgpt-bloom-7b1-msmarco
245,62,"The fresh, warm bread was sliced with love.",Passive Control,1,1,"The fresh, warm bread was",sliced,0.41025344,SE,bigscience/sgpt-bloom-7b1-msmarco
246,62,The chef's assistants were slicing the mushrooms for a pie.,Active Control,1,0,The chef's assistants were,slicing,0.30706775,SE,bigscience/sgpt-bloom-7b1-msmarco
247,62,Several important topics were slicing with love.,No-Attraction Violation,0,1,Several important topics were,slicing,0.35210335,SE,bigscience/sgpt-bloom-7b1-msmarco
248,63,The tarnished silverware was polishing by the butler.,Attraction Violation,1,1,The tarnished silverware was,polishing,0.3766721,SE,bigscience/sgpt-bloom-7b1-msmarco
249,63,The tarnished silverware was polished by the butler.,Passive Control,1,1,The tarnished silverware was,polished,0.4070361,SE,bigscience/sgpt-bloom-7b1-msmarco
250,63,The thorough butler was polishing the doorknobs.,Active Control,1,0,The thorough butler was,polishing,0.36093265,SE,bigscience/sgpt-bloom-7b1-msmarco
251,63,The winning lottery numbers had been polishing his shoes.,No-Attraction Violation,0,1,The winning lottery numbers had been,polishing,0.27611485,SE,bigscience/sgpt-bloom-7b1-msmarco
252,64,Poisonous fumes had been inhaling the firefighters.,Attraction Violation,1,1,Poisonous fumes had been,inhaling,0.46660638,SE,bigscience/sgpt-bloom-7b1-msmarco
253,64,Poisonous fumes had been inhaled by the firefighters.,Passive Control,1,1,Poisonous fumes had been,inhaled,0.47535074,SE,bigscience/sgpt-bloom-7b1-msmarco
254,64,The firefighters had been inhaling the smoke.,Active Control,1,0,The firefighters had been,inhaling,0.23668702,SE,bigscience/sgpt-bloom-7b1-msmarco
255,64,The man's signature was inhaling during the fire.,No-Attraction Violation,0,1,The man's signature was,inhaling,0.25100154,SE,bigscience/sgpt-bloom-7b1-msmarco
256,65,A genetic mutation was discovering the scientists.,Attraction Violation,1,1,A genetic mutation was,discovering,0.34012255,SE,bigscience/sgpt-bloom-7b1-msmarco
257,65,A genetic mutation was discovered suddenly.,Passive Control,1,1,A genetic mutation was,discovered,0.32808897,SE,bigscience/sgpt-bloom-7b1-msmarco
258,65,The excited explorers were discovering ancient artifacts everywhere they looked.,Active Control,1,0,The excited explorers were,discovering,0.34270397,SE,bigscience/sgpt-bloom-7b1-msmarco
259,65,The pizza had been discovering new methods for making dough.,No-Attraction Violation,0,1,The pizza had been,discovering,0.28878152,SE,bigscience/sgpt-bloom-7b1-msmarco
260,66,The Queen's 80th birthday was celebrating expensively.,Attraction Violation,1,1,The Queen's 80th birthday was,celebrating,0.4182214,SE,bigscience/sgpt-bloom-7b1-msmarco
261,66,The Queen's 80th birthday was celebrated by thousands of people in the streets.,Passive Control,1,1,The Queen's 80th birthday was,celebrated,0.41863483,SE,bigscience/sgpt-bloom-7b1-msmarco
262,66,Thousands of excited fans were celebrating the Superbowl victory in the streets.,Active Control,1,0,Thousands of excited fans were,celebrating,0.3114147,SE,bigscience/sgpt-bloom-7b1-msmarco
263,66,The car door had been celebrating her promotion.,No-Attraction Violation,0,1,The car door had been,celebrating,0.36528936,SE,bigscience/sgpt-bloom-7b1-msmarco
264,67,The diagram on the chalkboard had been erasing Mrs. Larson.,Attraction Violation,1,1,The diagram on the chalkboard had been,erasing,0.4222931,SE,bigscience/sgpt-bloom-7b1-msmarco
265,67,The diagram on the chalkboard had been erased by Mrs. Larson.,Passive Control,1,1,The diagram on the chalkboard had been,erased,0.43486288,SE,bigscience/sgpt-bloom-7b1-msmarco
266,67,Mrs. Larson had been erasing the chalkboard.,Active Control,1,0,Mrs. Larson had been,erasing,0.3165801,SE,bigscience/sgpt-bloom-7b1-msmarco
267,67,Food for the homeless had been erasing over and over.,No-Attraction Violation,0,1,Food for the homeless had been,erasing,0.35638642,SE,bigscience/sgpt-bloom-7b1-msmarco
268,68,The movie was directing Steven Spielberg.,Attraction Violation,1,1,The movie was,directing,0.3033096,SE,bigscience/sgpt-bloom-7b1-msmarco
269,68,The movie was directed professionally.,Passive Control,1,1,The movie was,directed,0.32403603,SE,bigscience/sgpt-bloom-7b1-msmarco
270,68,Steven Spielberg was directing another blockbuster.,Active Control,1,0,Steven Spielberg was,directing,0.20803662,SE,bigscience/sgpt-bloom-7b1-msmarco
271,68,The victim's body had been directing the police.,No-Attraction Violation,0,1,The victim's body had been,directing,0.21585378,SE,bigscience/sgpt-bloom-7b1-msmarco
272,69,Theresa's birthday gift had been wrapping yesterday.,Attraction Violation,1,1,Theresa's birthday gift had been,wrapping,0.4102651,SE,bigscience/sgpt-bloom-7b1-msmarco
273,69,Theresa's birthday gift had been wrapped yesterday.,Passive Control,1,1,Theresa's birthday gift had been,wrapped,0.3994812,SE,bigscience/sgpt-bloom-7b1-msmarco
274,69,Theresa's loving grandmother had been wrapping the presents.,Active Control,1,0,Theresa's loving grandmother had been,wrapping,0.3806406,SE,bigscience/sgpt-bloom-7b1-msmarco
275,69,The embarrassing allegations had been wrapping yesterday.,No-Attraction Violation,0,1,The embarrassing allegations had been,wrapping,0.28551662,SE,bigscience/sgpt-bloom-7b1-msmarco
276,70,The popular amusement park is visiting by millions of tourists eh year.,Attraction Violation,1,1,The popular amusement park is,visiting,0.35780177,SE,bigscience/sgpt-bloom-7b1-msmarco
277,70,The popular amusement park is visited daily.,Passive Control,1,1,The popular amusement park is,visited,0.3718942,SE,bigscience/sgpt-bloom-7b1-msmarco
278,70,The tourists had been visiting the amusement park in the morning.,Active Control,1,0,The tourists had been,visiting,0.4331245,SE,bigscience/sgpt-bloom-7b1-msmarco
279,70,The man's beard had been visiting a friend in the hospital.,No-Attraction Violation,0,1,The man's beard had been,visiting,0.29916105,SE,bigscience/sgpt-bloom-7b1-msmarco
280,71,Ten new trees had been planting on dry land.,Attraction Violation,1,1,Ten new trees had been,planting,0.5406582,SE,bigscience/sgpt-bloom-7b1-msmarco
281,71,Ten new trees had been planted by the Forestry Service.,Passive Control,1,1,Ten new trees had been,planted,0.56388456,SE,bigscience/sgpt-bloom-7b1-msmarco
282,71,The forestry workers had been planting cedar saplings on the hillside.,Active Control,1,0,The forestry workers had been,planting,0.39932773,SE,bigscience/sgpt-bloom-7b1-msmarco
283,71,The sin had been planting doubt in her mind.,No-Attraction Violation,0,1,The sin had been,planting,0.35414952,SE,bigscience/sgpt-bloom-7b1-msmarco
284,72,Food for the homeless had been donating neighborhood residents.,Attraction Violation,1,1,Food for the homeless had been,donating,0.3640598,SE,bigscience/sgpt-bloom-7b1-msmarco
285,72,Food for the homeless had been donated many times.,Passive Control,1,1,Food for the homeless had been,donated,0.3849054,SE,bigscience/sgpt-bloom-7b1-msmarco
286,72,The wealthy American philanthropist had been donating money to Romanian orphanages.,Active Control,1,0,The wealthy American philanthropist had been,donating,0.4436918,SE,bigscience/sgpt-bloom-7b1-msmarco
287,72,The diagram on the chalkboard had been donating blood.,No-Attraction Violation,0,1,The diagram on the chalkboard had been,donating,0.35511282,SE,bigscience/sgpt-bloom-7b1-msmarco
288,73,The rare bird's behavior was observing by the biologists.,Attraction Violation,1,1,The rare bird's behavior was,observing,0.33955076,SE,bigscience/sgpt-bloom-7b1-msmarco
289,73,The rare bird's behavior was observed by the biologists.,Passive Control,1,1,The rare bird's behavior was,observed,0.33232147,SE,bigscience/sgpt-bloom-7b1-msmarco
290,73,The excited bird watchers were observing the rare eagle.,Active Control,1,0,The excited bird watchers were,observing,0.3811117,SE,bigscience/sgpt-bloom-7b1-msmarco
291,73,Wilson's unreasonable proposal was observing the stars.,No-Attraction Violation,0,1,Wilson's unreasonable proposal was,observing,0.21048954,SE,bigscience/sgpt-bloom-7b1-msmarco
292,74,Stormy weather had been forecasting by the weatherman.,Attraction Violation,1,1,Stormy weather had been,forecasting,0.40599328,SE,bigscience/sgpt-bloom-7b1-msmarco
293,74,Stormy weather had been forecasted by the weatherman.,Passive Control,1,1,Stormy weather had been,forecasted,0.470825,SE,bigscience/sgpt-bloom-7b1-msmarco
294,74,The weather service had been forecasting snow for the mountain areas.,Active Control,1,0,The weather service had been,forecasting,0.5113347,SE,bigscience/sgpt-bloom-7b1-msmarco
295,74,Olson's bulging suitcase had been forecasting correctly.,No-Attraction Violation,0,1,Olson's bulging suitcase had been,forecasting,0.32075468,SE,bigscience/sgpt-bloom-7b1-msmarco
296,75,The tragic mistake was regretting by Erika for many years.,Attraction Violation,1,1,The tragic mistake was,regretting,0.29909608,SE,bigscience/sgpt-bloom-7b1-msmarco
297,75,The tragic mistake was regretted years later.,Passive Control,1,1,The tragic mistake was,regretted,0.3305272,SE,bigscience/sgpt-bloom-7b1-msmarco
298,75,Erika was regretting the mistake.,Active Control,1,0,Erika was,regretting,0.31471342,SE,bigscience/sgpt-bloom-7b1-msmarco
299,75,The library books had been regretting their behavior.,No-Attraction Violation,0,1,The library books had been,regretting,0.18288366,SE,bigscience/sgpt-bloom-7b1-msmarco
300,76,The stolen artwork had been seizing without warning.,Attraction Violation,1,1,The stolen artwork had been,seizing,0.42223275,SE,bigscience/sgpt-bloom-7b1-msmarco
301,76,The stolen artwork had been seized by the border police.,Passive Control,1,1,The stolen artwork had been,seized,0.4587288,SE,bigscience/sgpt-bloom-7b1-msmarco
302,76,The police had been seizing shipments of drugs at the border.,Active Control,1,0,The police had been,seizing,0.44115758,SE,bigscience/sgpt-bloom-7b1-msmarco
303,76,The grimy pots and pans had been seizing without warning.,No-Attraction Violation,0,1,The grimy pots and pans had been,seizing,0.38990137,SE,bigscience/sgpt-bloom-7b1-msmarco
304,77,The value of the jewels was estimating the dealer.,Attraction Violation,1,1,The value of the jewels was,estimating,0.31900623,SE,bigscience/sgpt-bloom-7b1-msmarco
305,77,The value of the jewels was estimated by the dealer.,Passive Control,1,1,The value of the jewels was,estimated,0.32286197,SE,bigscience/sgpt-bloom-7b1-msmarco
306,77,The jewel expert was estimating the value of the diamond.,Active Control,1,0,The jewel expert was,estimating,0.29478976,SE,bigscience/sgpt-bloom-7b1-msmarco
307,77,The useful new gadget had been estimating professionally.,No-Attraction Violation,0,1,The useful new gadget had been,estimating,0.30117142,SE,bigscience/sgpt-bloom-7b1-msmarco
308,78,Larry's note had been scribbling his wife.,Attraction Violation,1,1,Larry's note had been,scribbling,0.28438193,SE,bigscience/sgpt-bloom-7b1-msmarco
309,78,Larry's note had been scribbled with haste.,Passive Control,1,1,Larry's note had been,scribbled,0.30693895,SE,bigscience/sgpt-bloom-7b1-msmarco
310,78,Larry's wife had been scribbling a note to him about dinner plans.,Active Control,1,0,Larry's wife had been,scribbling,0.2398729,SE,bigscience/sgpt-bloom-7b1-msmarco
311,78,The broken television had been scribbling his thoughts on a napkin.,No-Attraction Violation,0,1,The broken television had been,scribbling,0.25118077,SE,bigscience/sgpt-bloom-7b1-msmarco
312,79,Carrie's morning meeting was canceling as expected.,Attraction Violation,1,1,Carrie's morning meeting was,canceling,0.32240045,SE,bigscience/sgpt-bloom-7b1-msmarco
313,79,Carrie's morning meeting was canceled by the boss.,Passive Control,1,1,Carrie's morning meeting was,canceled,0.30745545,SE,bigscience/sgpt-bloom-7b1-msmarco
314,79,Carrie had been canceling all of her meetings.,Active Control,1,0,Carrie had been,canceling,0.36205775,SE,bigscience/sgpt-bloom-7b1-msmarco
315,79,The bubblegum had been canceling as expected.,No-Attraction Violation,0,1,The bubblegum had been,canceling,0.22850642,SE,bigscience/sgpt-bloom-7b1-msmarco
316,80,The girl's disease was curing a simple treatment.,Attraction Violation,1,1,The girl's disease was,curing,0.097911075,SE,bigscience/sgpt-bloom-7b1-msmarco
317,80,The girl's disease was cured by a simple treatment.,Passive Control,1,1,The girl's disease was,cured,0.108405404,SE,bigscience/sgpt-bloom-7b1-msmarco
318,80,The foreign doctors were curing hundreds of villagers of malaria.,Active Control,1,0,The foreign doctors were,curing,0.15948291,SE,bigscience/sgpt-bloom-7b1-msmarco
319,80,Billy's unruly hair was curing his cold.,No-Attraction Violation,0,1,Billy's unruly hair was,curing,0.109529145,SE,bigscience/sgpt-bloom-7b1-msmarco
320,81,Janet's houseplants were watering too much.,Attraction Violation,1,1,Janet's houseplants were,watering,0.28316894,SE,bigscience/sgpt-bloom-7b1-msmarco
321,81,Janet's houseplants were watered by her neighbor.,Passive Control,1,1,Janet's houseplants were,watered,0.24688947,SE,bigscience/sgpt-bloom-7b1-msmarco
322,81,The gardener was watering the plants.,Active Control,1,0,The gardener was,watering,0.45909798,SE,bigscience/sgpt-bloom-7b1-msmarco
323,81,The roast lamb had been watering too much.,No-Attraction Violation,0,1,The roast lamb had been,watering,0.40629005,SE,bigscience/sgpt-bloom-7b1-msmarco
324,82,The useful new gadget had been inventing by a bored waiter.,Attraction Violation,1,1,The useful new gadget had been,inventing,0.40957427,SE,bigscience/sgpt-bloom-7b1-msmarco
325,82,The useful new gadget had been invented by a bored waiter.,Passive Control,1,1,The useful new gadget had been,invented,0.43149722,SE,bigscience/sgpt-bloom-7b1-msmarco
326,82,The resourceful engineers had been inventing tiny new devices.,Active Control,1,0,The resourceful engineers had been,inventing,0.41140747,SE,bigscience/sgpt-bloom-7b1-msmarco
327,82,The value of the jewels was inventing the digital computer.,No-Attraction Violation,0,1,The value of the jewels was,inventing,0.32916436,SE,bigscience/sgpt-bloom-7b1-msmarco
328,83,The phone bill had been paying his roommate.,Attraction Violation,1,1,The phone bill had been,paying,0.29268909,SE,bigscience/sgpt-bloom-7b1-msmarco
329,83,The phone bill had been paid quickly.,Passive Control,1,1,The phone bill had been,paid,0.34381244,SE,bigscience/sgpt-bloom-7b1-msmarco
330,83,Juan and Perry had been paying too much for their apartment.,Active Control,1,0,Juan and Perry had been,paying,0.3097212,SE,bigscience/sgpt-bloom-7b1-msmarco
331,83,"The dark, underwater cave was paying attention to the divers.",No-Attraction Violation,0,1,"The dark, underwater cave was",paying,0.2060204,SE,bigscience/sgpt-bloom-7b1-msmarco
332,84,The man's signature was forging the lawyers.,Attraction Violation,1,1,The man's signature was,forging,0.38520426,SE,bigscience/sgpt-bloom-7b1-msmarco
333,84,The man's signature was forged by the lawyers.,Passive Control,1,1,The man's signature was,forged,0.40280783,SE,bigscience/sgpt-bloom-7b1-msmarco
334,84,The con artists were forging the signatures on checks.,Active Control,1,0,The con artists were,forging,0.4078626,SE,bigscience/sgpt-bloom-7b1-msmarco
335,84,Poisonous fumes had been forging very well.,No-Attraction Violation,0,1,Poisonous fumes had been,forging,0.39343318,SE,bigscience/sgpt-bloom-7b1-msmarco
336,85,The bank had been robbing two masked men.,Attraction Violation,1,1,The bank had been,robbing,0.38228816,SE,bigscience/sgpt-bloom-7b1-msmarco
337,85,The bank had been robbed repeatedly.,Passive Control,1,1,The bank had been,robbed,0.40950185,SE,bigscience/sgpt-bloom-7b1-msmarco
338,85,The clever burglars had been robbing houses in broad daylight.,Active Control,1,0,The clever burglars had been,robbing,0.43776992,SE,bigscience/sgpt-bloom-7b1-msmarco
339,85,The musical piece was robbing repeatedly.,No-Attraction Violation,0,1,The musical piece was,robbing,0.3299051,SE,bigscience/sgpt-bloom-7b1-msmarco
340,86,An urgent message had been sending by the ambassador to the President.,Attraction Violation,1,1,An urgent message had been,sending,0.29561618,SE,bigscience/sgpt-bloom-7b1-msmarco
341,86,An urgent message had been sent again.,Passive Control,1,1,An urgent message had been,sent,0.32538152,SE,bigscience/sgpt-bloom-7b1-msmarco
342,86,The Prime Minister had been sending urgent messages to her Ambassador.,Active Control,1,0,The Prime Minister had been,sending,0.25547928,SE,bigscience/sgpt-bloom-7b1-msmarco
343,86,The height of the bookcase was sending mixed signals to the carpenter.,No-Attraction Violation,0,1,The height of the bookcase was,sending,0.18705034,SE,bigscience/sgpt-bloom-7b1-msmarco
344,87,The sleek new building was designing a team of German architects.,Attraction Violation,1,1,The sleek new building was,designing,0.37731636,SE,bigscience/sgpt-bloom-7b1-msmarco
345,87,The sleek new building was designed by a team of German architects.,Passive Control,1,1,The sleek new building was,designed,0.4398596,SE,bigscience/sgpt-bloom-7b1-msmarco
346,87,A team of architects had been designing the new building.,Active Control,1,0,A team of architects had been,designing,0.38078222,SE,bigscience/sgpt-bloom-7b1-msmarco
347,87,The leftover food was designing with flair.,No-Attraction Violation,0,1,The leftover food was,designing,0.2789249,SE,bigscience/sgpt-bloom-7b1-msmarco
348,88,The final exams had been grading in school.,Attraction Violation,1,1,The final exams had been,grading,0.22428027,SE,bigscience/sgpt-bloom-7b1-msmarco
349,88,The final exams had been graded in school.,Passive Control,1,1,The final exams had been,graded,0.3385246,SE,bigscience/sgpt-bloom-7b1-msmarco
350,88,The professor had been grading the final exams until 4 AM.,Active Control,1,0,The professor had been,grading,0.22865395,SE,bigscience/sgpt-bloom-7b1-msmarco
351,88,The appetizers had been grading Iverson's students.,No-Attraction Violation,0,1,The appetizers had been,grading,0.2015038,SE,bigscience/sgpt-bloom-7b1-msmarco
352,89,The final destination had been reaching too late.,Attraction Violation,1,1,The final destination had been,reaching,0.40430832,SE,bigscience/sgpt-bloom-7b1-msmarco
353,89,The final destination had been reached too late.,Passive Control,1,1,The final destination had been,reached,0.4413758,SE,bigscience/sgpt-bloom-7b1-msmarco
354,89,The curious child had been reaching for the cup on the table.,Active Control,1,0,The curious child had been,reaching,0.35735336,SE,bigscience/sgpt-bloom-7b1-msmarco
355,89,Several spelling errors were reaching too late.,No-Attraction Violation,0,1,Several spelling errors were,reaching,0.28724933,SE,bigscience/sgpt-bloom-7b1-msmarco
356,90,A faint light was perceiving by the rescue workers.,Attraction Violation,1,1,A faint light was,perceiving,0.46534717,SE,bigscience/sgpt-bloom-7b1-msmarco
357,90,A faint light was perceived underwater.,Passive Control,1,1,A faint light was,perceived,0.45275417,SE,bigscience/sgpt-bloom-7b1-msmarco
358,90,The worried pilot was perceiving a rattling sound in the jet's engine.,Active Control,1,0,The worried pilot was,perceiving,0.37536886,SE,bigscience/sgpt-bloom-7b1-msmarco
359,90,A tiny spy camera was perceiving underwater.,No-Attraction Violation,0,1,A tiny spy camera was,perceiving,0.4359537,SE,bigscience/sgpt-bloom-7b1-msmarco
360,91,The bubblegum had been chewing by the boy.,Attraction Violation,1,1,The bubblegum had been,chewing,0.38598105,SE,bigscience/sgpt-bloom-7b1-msmarco
361,91,The bubblegum had been chewed by the boy.,Passive Control,1,1,The bubblegum had been,chewed,0.40487462,SE,bigscience/sgpt-bloom-7b1-msmarco
362,91,The hungry dog had been chewing a bone.,Active Control,1,0,The hungry dog had been,chewing,0.30589765,SE,bigscience/sgpt-bloom-7b1-msmarco
363,91,Carrie's morning meeting was chewing for a long time.,No-Attraction Violation,0,1,Carrie's morning meeting was,chewing,0.35513595,SE,bigscience/sgpt-bloom-7b1-msmarco
364,92,Martin's tonsils had been removing at the hospital.,Attraction Violation,1,1,Martin's tonsils had been,removing,0.43344918,SE,bigscience/sgpt-bloom-7b1-msmarco
365,92,Martin's tonsils had been removed at the hospital.,Passive Control,1,1,Martin's tonsils had been,removed,0.0905007,SE,bigscience/sgpt-bloom-7b1-msmarco
366,92,The surgeon had been removing the cancerous growth.,Active Control,1,0,The surgeon had been,removing,0.32322416,SE,bigscience/sgpt-bloom-7b1-msmarco
367,92,The homicide case had been removing at the hospital.,No-Attraction Violation,0,1,The homicide case had been,removing,0.29532525,SE,bigscience/sgpt-bloom-7b1-msmarco
368,93,Mother Theresa's death was mourning millions of people.,Attraction Violation,1,1,Mother Theresa's death was,mourning,0.3919351,SE,bigscience/sgpt-bloom-7b1-msmarco
369,93,Mother Theresa's death was mourned by millions of people.,Passive Control,1,1,Mother Theresa's death was,mourned,0.39153498,SE,bigscience/sgpt-bloom-7b1-msmarco
370,93,The black-clad women were mourning the death of their brother.,Active Control,1,0,The black-clad women were,mourning,0.4949934,SE,bigscience/sgpt-bloom-7b1-msmarco
371,93,Lisa's phone had been mourning the loss of a loved one.,No-Attraction Violation,0,1,Lisa's phone had been,mourning,0.21319285,SE,bigscience/sgpt-bloom-7b1-msmarco
372,94,The bathroom floor had been mopping by a janitor.,Attraction Violation,1,1,The bathroom floor had been,mopping,0.29329905,SE,bigscience/sgpt-bloom-7b1-msmarco
373,94,The bathroom floor had been mopped in the past.,Passive Control,1,1,The bathroom floor had been,mopped,0.33472648,SE,bigscience/sgpt-bloom-7b1-msmarco
374,94,The school janitor had been mopping the bathroom.,Active Control,1,0,The school janitor had been,mopping,0.2837415,SE,bigscience/sgpt-bloom-7b1-msmarco
375,94,An important lesson had been mopping in the past.,No-Attraction Violation,0,1,An important lesson had been,mopping,0.32905677,SE,bigscience/sgpt-bloom-7b1-msmarco
376,95,The sin had been confessing by the repentant Catholic.,Attraction Violation,1,1,The sin had been,confessing,0.37503994,SE,bigscience/sgpt-bloom-7b1-msmarco
377,95,The sin had been confessed on Sunday.,Passive Control,1,1,The sin had been,confessed,0.3728945,SE,bigscience/sgpt-bloom-7b1-msmarco
378,95,The repentant Catholic had been confessing his sins.,Active Control,1,0,The repentant Catholic had been,confessing,0.4302086,SE,bigscience/sgpt-bloom-7b1-msmarco
379,95,Ten new trees had been confessing on Sunday.,No-Attraction Violation,0,1,Ten new trees had been,confessing,0.4080362,SE,bigscience/sgpt-bloom-7b1-msmarco
380,96,The strange mystery had been solving the detectives.,Attraction Violation,1,1,The strange mystery had been,solving,0.341777,SE,bigscience/sgpt-bloom-7b1-msmarco
381,96,The strange mystery had been solved at the station.,Passive Control,1,1,The strange mystery had been,solved,0.3578899,SE,bigscience/sgpt-bloom-7b1-msmarco
382,96,The brilliant detective had been solving mysterious crimes for two decades.,Active Control,1,0,The brilliant detective had been,solving,0.3304299,SE,bigscience/sgpt-bloom-7b1-msmarco
383,96,Hathaway's gigantic fortune had been solving at the station.,No-Attraction Violation,0,1,Hathaway's gigantic fortune had been,solving,0.30397612,SE,bigscience/sgpt-bloom-7b1-msmarco
0,1,The murder had been witnessing by the three bystanders,Attraction Violation,1,1,The murder had been,witnessing,0.5131431,SE,Qwen/Qwen3-Embedding-8B
1,1,The murder had been witnessed in the dark.,Passive Control,1,1,The murder had been,witnessed,0.5460272,SE,Qwen/Qwen3-Embedding-8B
2,1,The bystanders had been witnessing the crime.,Active Control,1,0,The bystanders had been,witnessing,0.684059,SE,Qwen/Qwen3-Embedding-8B
3,1,The unpleasant cough syrup was witnessing in the dark.,No-Attraction Violation,0,1,The unpleasant cough syrup was,witnessing,0.42064118,SE,Qwen/Qwen3-Embedding-8B
4,2,Patty's overgrown lawn was mowing the boy next door.,Attraction Violation,1,1,Patty's overgrown lawn was,mowing,0.63083696,SE,Qwen/Qwen3-Embedding-8B
5,2,Patty's overgrown lawn was mowed only last week.,Passive Control,1,1,Patty's overgrown lawn was,mowed,0.6463974,SE,Qwen/Qwen3-Embedding-8B
6,2,Patty's teenage son was mowing the lawn.,Active Control,1,0,Patty's teenage son was,mowing,0.39109138,SE,Qwen/Qwen3-Embedding-8B
7,2,All of her money had been mowing the grass.,No-Attraction Violation,0,1,All of her money had been,mowing,0.38301662,SE,Qwen/Qwen3-Embedding-8B
8,3,Three more martinis were ordering by Laurie's sister.,Attraction Violation,1,1,Three more martinis were,ordering,0.4475813,SE,Qwen/Qwen3-Embedding-8B
9,3,Three more martinis were ordered repeatedly.,Passive Control,1,1,Three more martinis were,ordered,0.46123734,SE,Qwen/Qwen3-Embedding-8B
10,3,"The regular customers were ordering quiche, as usual.",Active Control,1,0,The regular customers were,ordering,0.5053168,SE,Qwen/Qwen3-Embedding-8B
11,3,The rough part of the wood was ordering late.,No-Attraction Violation,0,1,The rough part of the wood was,ordering,0.4923782,SE,Qwen/Qwen3-Embedding-8B
12,4,The quality of Karla's work was evaluating frequently.,Attraction Violation,1,1,The quality of Karla's work was,evaluating,0.51789975,SE,Qwen/Qwen3-Embedding-8B
13,4,The quality of Karla's work was evaluated frequently.,Passive Control,1,1,The quality of Karla's work was,evaluated,0.5180186,SE,Qwen/Qwen3-Embedding-8B
14,4,The engineers were evaluating the success of the new device.,Active Control,1,0,The engineers were,evaluating,0.51858556,SE,Qwen/Qwen3-Embedding-8B
15,4,The old lady's purse had been evaluating Nelson's idea.,No-Attraction Violation,0,1,The old lady's purse had been,evaluating,0.44969735,SE,Qwen/Qwen3-Embedding-8B
16,5,The legal contract had been signing falsely.,Attraction Violation,1,1,The legal contract had been,signing,0.5707264,SE,Qwen/Qwen3-Embedding-8B
17,5,The legal contract had been signed by the family.,Passive Control,1,1,The legal contract had been,signed,0.6107705,SE,Qwen/Qwen3-Embedding-8B
18,5,The state's governor had been signing new legislation.,Active Control,1,0,The state's governor had been,signing,0.46843734,SE,Qwen/Qwen3-Embedding-8B
19,5,An appointment was signing falsely.,No-Attraction Violation,0,1,An appointment was,signing,0.58362186,SE,Qwen/Qwen3-Embedding-8B
20,6,The vocabulary list was memorizing well.,Attraction Violation,1,1,The vocabulary list was,memorizing,0.5724889,SE,Qwen/Qwen3-Embedding-8B
21,6,The vocabulary list was memorized well.,Passive Control,1,1,The vocabulary list was,memorized,0.57128817,SE,Qwen/Qwen3-Embedding-8B
22,6,The medical students were memorizing sample exam questions all night.,Active Control,1,0,The medical students were,memorizing,0.45177653,SE,Qwen/Qwen3-Embedding-8B
23,6,The simple coffin was memorizing the lines of the poem.,No-Attraction Violation,0,1,The simple coffin was,memorizing,0.4653359,SE,Qwen/Qwen3-Embedding-8B
24,7,The firewood had been chopping poorly.,Attraction Violation,1,1,The firewood had been,chopping,0.5571218,SE,Qwen/Qwen3-Embedding-8B
25,7,The firewood had been chopped by Jen's grandfather.,Passive Control,1,1,The firewood had been,chopped,0.5868458,SE,Qwen/Qwen3-Embedding-8B
26,7,Jen's grandfather had been chopping the firewood.,Active Control,1,0,Jen's grandfather had been,chopping,0.40477625,SE,Qwen/Qwen3-Embedding-8B
27,7,Mark's wrinkly shirts were chopping vegetables.,No-Attraction Violation,0,1,Mark's wrinkly shirts were,chopping,0.46347392,SE,Qwen/Qwen3-Embedding-8B
28,8,Lisa's phone had been disconnecting last month.,Attraction Violation,1,1,Lisa's phone had been,disconnecting,0.54727864,SE,Qwen/Qwen3-Embedding-8B
29,8,Lisa's phone had been disconnected last month.,Passive Control,1,1,Lisa's phone had been,disconnected,0.6106843,SE,Qwen/Qwen3-Embedding-8B
30,8,The electrician had been disconnecting the machine's power source.,Active Control,1,0,The electrician had been,disconnecting,0.52878726,SE,Qwen/Qwen3-Embedding-8B
31,8,Mother Theresa's death was disconnecting the two cables.,No-Attraction Violation,0,1,Mother Theresa's death was,disconnecting,0.37516683,SE,Qwen/Qwen3-Embedding-8B
32,9,Wendy's muddy car was washing the boys.,Attraction Violation,1,1,Wendy's muddy car was,washing,0.57900447,SE,Qwen/Qwen3-Embedding-8B
33,9,Wendy's muddy car was washed wearily.,Passive Control,1,1,Wendy's muddy car was,washed,0.6486375,SE,Qwen/Qwen3-Embedding-8B
34,9,Wendy and Harriet were washing the muddy car.,Active Control,1,0,Wendy and Harriet were,washing,0.48941702,SE,Qwen/Qwen3-Embedding-8B
35,9,Frank's loan application had been washing the used pencil.,No-Attraction Violation,0,1,Frank's loan application had been,washing,0.41113073,SE,Qwen/Qwen3-Embedding-8B
36,10,The library books had been borrowing the graduate student.,Attraction Violation,1,1,The library books had been,borrowing,0.61588985,SE,Qwen/Qwen3-Embedding-8B
37,10,The library books had been borrowed by the graduate student.,Passive Control,1,1,The library books had been,borrowed,0.6775529,SE,Qwen/Qwen3-Embedding-8B
38,10,Katie and Lara had been borrowing dozens of books about botany from the library.,Active Control,1,0,Katie and Lara had been,borrowing,0.44531906,SE,Qwen/Qwen3-Embedding-8B
39,10,The tragic mistake was borrowing in a hurry.,No-Attraction Violation,0,1,The tragic mistake was,borrowing,0.5161214,SE,Qwen/Qwen3-Embedding-8B
40,11,"The dark, underwater cave was exploring by the divers.",Attraction Violation,1,1,"The dark, underwater cave was",exploring,0.54895264,SE,Qwen/Qwen3-Embedding-8B
41,11,"The dark, underwater cave was explored by the divers.",Passive Control,1,1,"The dark, underwater cave was",explored,0.5896816,SE,Qwen/Qwen3-Embedding-8B
42,11,The cautious scuba divers were exploring the underwater cave.,Active Control,1,0,The cautious scuba divers were,exploring,0.4826784,SE,Qwen/Qwen3-Embedding-8B
43,11,The phone bill had been exploring at the zoo.,No-Attraction Violation,0,1,The phone bill had been,exploring,0.48266897,SE,Qwen/Qwen3-Embedding-8B
44,12,The unpleasant cough syrup was swallowing the boy.,Attraction Violation,1,1,The unpleasant cough syrup was,swallowing,0.5109829,SE,Qwen/Qwen3-Embedding-8B
45,12,The unpleasant cough syrup was swallowed by the boy.,Passive Control,1,1,The unpleasant cough syrup was,swallowed,0.52383137,SE,Qwen/Qwen3-Embedding-8B
46,12,The huge adult alligator had been swallowing fish by the bucket.,Active Control,1,0,The huge adult alligator had been,swallowing,0.48628113,SE,Qwen/Qwen3-Embedding-8B
47,12,The murder had been swallowing with disgust.,No-Attraction Violation,0,1,The murder had been,swallowing,0.43952036,SE,Qwen/Qwen3-Embedding-8B
48,13,The pizza had been delivering once more.,Attraction Violation,1,1,The pizza had been,delivering,0.5817326,SE,Qwen/Qwen3-Embedding-8B
49,13,The pizza had been delivered by Antonio himself.,Passive Control,1,1,The pizza had been,delivered,0.6146053,SE,Qwen/Qwen3-Embedding-8B
50,13,The exhausted messenger had been delivering packages all over town.,Active Control,1,0,The exhausted messenger had been,delivering,0.6128366,SE,Qwen/Qwen3-Embedding-8B
51,13,A genetic mutation was delivering once more.,No-Attraction Violation,0,1,A genetic mutation was,delivering,0.4768979,SE,Qwen/Qwen3-Embedding-8B
52,14,Frank's loan application had been approving by the bank.,Attraction Violation,1,1,Frank's loan application had been,approving,0.56298107,SE,Qwen/Qwen3-Embedding-8B
53,14,Frank's loan application had been approved anyways.,Passive Control,1,1,Frank's loan application had been,approved,0.55674523,SE,Qwen/Qwen3-Embedding-8B
54,14,The board of directors had been approving too many expensive projects.,Active Control,1,0,The board of directors had been,approving,0.49701366,SE,Qwen/Qwen3-Embedding-8B
55,14,Wendy's muddy car was approving the boy's request.,No-Attraction Violation,0,1,Wendy's muddy car was,approving,0.45912772,SE,Qwen/Qwen3-Embedding-8B
56,15,The cheap products had been manufacturing a Belgian firm.,Attraction Violation,1,1,The cheap products had been,manufacturing,0.5198332,SE,Qwen/Qwen3-Embedding-8B
57,15,The cheap products had been manufactured by a Belgian firm.,Passive Control,1,1,The cheap products had been,manufactured,0.59955174,SE,Qwen/Qwen3-Embedding-8B
58,15,The auto company had been manufacturing parts in China.,Active Control,1,0,The auto company had been,manufacturing,0.5441815,SE,Qwen/Qwen3-Embedding-8B
59,15,A drawing of the house had been manufacturing at a factory.,No-Attraction Violation,0,1,A drawing of the house had been,manufacturing,0.36408985,SE,Qwen/Qwen3-Embedding-8B
60,16,Their secret conversation had been overhearing by a surprised neighbor.,Attraction Violation,1,1,Their secret conversation had been,overhearing,0.6205026,SE,Qwen/Qwen3-Embedding-8B
61,16,Their secret conversation had been overheard by a surprised neighbor.,Passive Control,1,1,Their secret conversation had been,overheard,0.62627923,SE,Qwen/Qwen3-Embedding-8B
62,16,The annoyed resident had been overhearing his neighbor's phone conversations through the wall.,Active Control,1,0,The annoyed resident had been,overhearing,0.47005308,SE,Qwen/Qwen3-Embedding-8B
63,16,A wet snowball had been overhearing despite the precautions.,No-Attraction Violation,0,1,A wet snowball had been,overhearing,0.48426393,SE,Qwen/Qwen3-Embedding-8B
64,17,The rough part of the wood was sanding to perfection.,Attraction Violation,1,1,The rough part of the wood was,sanding,0.64680773,SE,Qwen/Qwen3-Embedding-8B
65,17,The rough part of the wood was sanded by the carpenter.,Passive Control,1,1,The rough part of the wood was,sanded,0.65692556,SE,Qwen/Qwen3-Embedding-8B
66,17,The skillful carpenter was sanding the rough edge of the wood.,Active Control,1,0,The skillful carpenter was,sanding,0.5758309,SE,Qwen/Qwen3-Embedding-8B
67,17,Three more martinis were sanding the chair.,No-Attraction Violation,0,1,Three more martinis were,sanding,0.4201233,SE,Qwen/Qwen3-Embedding-8B
68,18,A package had been receiving by the secretary in the office.,Attraction Violation,1,1,A package had been,receiving,0.59922904,SE,Qwen/Qwen3-Embedding-8B
69,18,A package had been received by the secretary in the office.,Passive Control,1,1,A package had been,received,0.63248074,SE,Qwen/Qwen3-Embedding-8B
70,18,The secretary had been receiving flowers all day.,Active Control,1,0,The secretary had been,receiving,0.5524433,SE,Qwen/Qwen3-Embedding-8B
71,18,The noises in the attic had been receiving assistance from the government.,No-Attraction Violation,0,1,The noises in the attic had been,receiving,0.46752742,SE,Qwen/Qwen3-Embedding-8B
72,19,The club's rules had been violating Richard.,Attraction Violation,1,1,The club's rules had been,violating,0.5047642,SE,Qwen/Qwen3-Embedding-8B
73,19,The club's rules had been violated only twice.,Passive Control,1,1,The club's rules had been,violated,0.5289431,SE,Qwen/Qwen3-Embedding-8B
74,19,The rebel had been violating the rules.,Active Control,1,0,The rebel had been,violating,0.5713496,SE,Qwen/Qwen3-Embedding-8B
75,19,Thirty pounds of potatoes had been violating only twice.,No-Attraction Violation,0,1,Thirty pounds of potatoes had been,violating,0.3778242,SE,Qwen/Qwen3-Embedding-8B
76,20,A new medication had been prescribing the physician.,Attraction Violation,1,1,A new medication had been,prescribing,0.6366976,SE,Qwen/Qwen3-Embedding-8B
77,20,A new medication had been prescribed by the physician.,Passive Control,1,1,A new medication had been,prescribed,0.6223512,SE,Qwen/Qwen3-Embedding-8B
78,20,The new doctor had been prescribing powerful painkillers for Jelena's sore knee.,Active Control,1,0,The new doctor had been,prescribing,0.54211324,SE,Qwen/Qwen3-Embedding-8B
79,20,The portrait of Napoleon had been prescribing with caution.,No-Attraction Violation,0,1,The portrait of Napoleon had been,prescribing,0.34376386,SE,Qwen/Qwen3-Embedding-8B
80,21,The wheat crops had been harvesting by the local farmers.,Attraction Violation,1,1,The wheat crops had been,harvesting,0.66204405,SE,Qwen/Qwen3-Embedding-8B
81,21,The wheat crops had been harvested after the rain.,Passive Control,1,1,The wheat crops had been,harvested,0.6805202,SE,Qwen/Qwen3-Embedding-8B
82,21,The local farmers had been harvesting the corn all week.,Active Control,1,0,The local farmers had been,harvesting,0.61804867,SE,Qwen/Qwen3-Embedding-8B
83,21,The elevator button had been harvesting after the rain.,No-Attraction Violation,0,1,The elevator button had been,harvesting,0.4282815,SE,Qwen/Qwen3-Embedding-8B
84,22,The musical piece was composing by Beethoven in 1799.,Attraction Violation,1,1,The musical piece was,composing,0.67798305,SE,Qwen/Qwen3-Embedding-8B
85,22,The musical piece was composed in a dream.,Passive Control,1,1,The musical piece was,composed,0.6890897,SE,Qwen/Qwen3-Embedding-8B
86,22,Ludwig von Beethoven was composing symphonies as a teenager.,Active Control,1,0,Ludwig von Beethoven was,composing,0.5562375,SE,Qwen/Qwen3-Embedding-8B
87,22,The bank had been composing in a dream.,No-Attraction Violation,0,1,The bank had been,composing,0.45156887,SE,Qwen/Qwen3-Embedding-8B
88,23,The old lady's purse had been snatching a kid.,Attraction Violation,1,1,The old lady's purse had been,snatching,0.61181366,SE,Qwen/Qwen3-Embedding-8B
89,23,The old lady's purse had been snatched with speed.,Passive Control,1,1,The old lady's purse had been,snatched,0.62187415,SE,Qwen/Qwen3-Embedding-8B
90,23,The clever dog had been snatching cookies from the table.,Active Control,1,0,The clever dog had been,snatching,0.515979,SE,Qwen/Qwen3-Embedding-8B
91,23,The quality of Karla's work was snatching victory from the jaws of defeat.,No-Attraction Violation,0,1,The quality of Karla's work was,snatching,0.41163862,SE,Qwen/Qwen3-Embedding-8B
92,24,Olson's bulging suitcase had been packing his assistant.,Attraction Violation,1,1,Olson's bulging suitcase had been,packing,0.5523022,SE,Qwen/Qwen3-Embedding-8B
93,24,Olson's bulging suitcase had been packed for the trip.,Passive Control,1,1,Olson's bulging suitcase had been,packed,0.5429855,SE,Qwen/Qwen3-Embedding-8B
94,24,The excited vacationers had been packing their suitcases when the hurricane hit.,Active Control,1,0,The excited vacationers had been,packing,0.47460857,SE,Qwen/Qwen3-Embedding-8B
95,24,Stormy weather had been packing for the trip.,No-Attraction Violation,0,1,Stormy weather had been,packing,0.47630998,SE,Qwen/Qwen3-Embedding-8B
96,25,Several spelling errors were noticing the careful editor.,Attraction Violation,1,1,Several spelling errors were,noticing,0.5060975,SE,Qwen/Qwen3-Embedding-8B
97,25,Several spelling errors were noticed by the careful editor.,Passive Control,1,1,Several spelling errors were,noticed,0.5355148,SE,Qwen/Qwen3-Embedding-8B
98,25,Brittany's close friends were noticing changes in her personality.,Active Control,1,0,Brittany's close friends were,noticing,0.46109983,SE,Qwen/Qwen3-Embedding-8B
99,25,The final destination had been noticing too late.,No-Attraction Violation,0,1,The final destination had been,noticing,0.52584845,SE,Qwen/Qwen3-Embedding-8B
100,26,An illegal weapon had been smuggling only once.,Attraction Violation,1,1,An illegal weapon had been,smuggling,0.55111134,SE,Qwen/Qwen3-Embedding-8B
101,26,An illegal weapon had been smuggled only once.,Passive Control,1,1,An illegal weapon had been,smuggled,0.5753507,SE,Qwen/Qwen3-Embedding-8B
102,26,The drug dealer had been smuggling heroin into Canada.,Active Control,1,0,The drug dealer had been,smuggling,0.55606586,SE,Qwen/Qwen3-Embedding-8B
103,26,Cleopatra's beauty was smuggling only once.,No-Attraction Violation,0,1,Cleopatra's beauty was,smuggling,0.4146717,SE,Qwen/Qwen3-Embedding-8B
104,27,The leftover food was discarding wastefully.,Attraction Violation,1,1,The leftover food was,discarding,0.61570936,SE,Qwen/Qwen3-Embedding-8B
105,27,The leftover food was discarded wastefully.,Passive Control,1,1,The leftover food was,discarded,0.65632236,SE,Qwen/Qwen3-Embedding-8B
106,27,The campers were discarding the leftover food.,Active Control,1,0,The campers were,discarding,0.49414217,SE,Qwen/Qwen3-Embedding-8B
107,27,The sleek new building was discarding wastefully.,No-Attraction Violation,0,1,The sleek new building was,discarding,0.48182586,SE,Qwen/Qwen3-Embedding-8B
108,28,Thirty pounds of potatoes had been peeling by the cooks.,Attraction Violation,1,1,Thirty pounds of potatoes had been,peeling,0.43180293,SE,Qwen/Qwen3-Embedding-8B
109,28,Thirty pounds of potatoes had been peeled carefully.,Passive Control,1,1,Thirty pounds of potatoes had been,peeled,0.5105351,SE,Qwen/Qwen3-Embedding-8B
110,28,The bored looking cooks had been peeling potatoes for hours.,Active Control,1,0,The bored looking cooks had been,peeling,0.42256868,SE,Qwen/Qwen3-Embedding-8B
111,28,The club's rules had been peeling the sticker off the box.,No-Attraction Violation,0,1,The club's rules had been,peeling,0.3864968,SE,Qwen/Qwen3-Embedding-8B
112,29,The grimy pots and pans had been scrubbing the dishwashers.,Attraction Violation,1,1,The grimy pots and pans had been,scrubbing,0.543221,SE,Qwen/Qwen3-Embedding-8B
113,29,The grimy pots and pans had been scrubbed by the dishwashers.,Passive Control,1,1,The grimy pots and pans had been,scrubbed,0.5674593,SE,Qwen/Qwen3-Embedding-8B
114,29,The guys in the kitchen had been scrubbing the pots and pans.,Active Control,1,0,The guys in the kitchen had been,scrubbing,0.46173733,SE,Qwen/Qwen3-Embedding-8B
115,29,The stolen artwork had been scrubbing with vigor.,No-Attraction Violation,0,1,The stolen artwork had been,scrubbing,0.4222214,SE,Qwen/Qwen3-Embedding-8B
116,30,The roast lamb had been carving by a servant.,Attraction Violation,1,1,The roast lamb had been,carving,0.47080377,SE,Qwen/Qwen3-Embedding-8B
117,30,The roast lamb had been carved by a servant.,Passive Control,1,1,The roast lamb had been,carved,0.49569833,SE,Qwen/Qwen3-Embedding-8B
118,30,The butcher had been carving the meat.,Active Control,1,0,The butcher had been,carving,0.5462728,SE,Qwen/Qwen3-Embedding-8B
119,30,Janet's houseplants were carving before dinner.,No-Attraction Violation,0,1,Janet's houseplants were,carving,0.42879137,SE,Qwen/Qwen3-Embedding-8B
120,31,Cleopatra's beauty was admiring many people.,Attraction Violation,1,1,Cleopatra's beauty was,admiring,0.5500199,SE,Qwen/Qwen3-Embedding-8B
121,31,Cleopatra's beauty was admired always.,Passive Control,1,1,Cleopatra's beauty was,admired,0.5838751,SE,Qwen/Qwen3-Embedding-8B
122,31,The men were admiring the beautiful woman from a distance.,Active Control,1,0,The men were,admiring,0.503424,SE,Qwen/Qwen3-Embedding-8B
123,31,An illegal weapon had been admiring always.,No-Attraction Violation,0,1,An illegal weapon had been,admiring,0.3383715,SE,Qwen/Qwen3-Embedding-8B
124,32,A wet snowball had been tossing by the girls through the window.,Attraction Violation,1,1,A wet snowball had been,tossing,0.5678238,SE,Qwen/Qwen3-Embedding-8B
125,32,A wet snowball had been tossed in anger.,Passive Control,1,1,A wet snowball had been,tossed,0.5850091,SE,Qwen/Qwen3-Embedding-8B
126,32,The baseball players had been tossing the ball around the infield.,Active Control,1,0,The baseball players had been,tossing,0.54136455,SE,Qwen/Qwen3-Embedding-8B
127,32,Their secret conversation had been tossing a steak on the grill.,No-Attraction Violation,0,1,Their secret conversation had been,tossing,0.44051546,SE,Qwen/Qwen3-Embedding-8B
128,33,The sealed envelope was opening the judge.,Attraction Violation,1,1,The sealed envelope was,opening,0.6133065,SE,Qwen/Qwen3-Embedding-8B
129,33,The sealed envelope was opened without permission.,Passive Control,1,1,The sealed envelope was,opened,0.6088202,SE,Qwen/Qwen3-Embedding-8B
130,33,Tuxedoed waiters were opening bottles of champagne for the toast.,Active Control,1,0,Tuxedoed waiters were,opening,0.49234164,SE,Qwen/Qwen3-Embedding-8B
131,33,The men's faces had been opening without permission.,No-Attraction Violation,0,1,The men's faces had been,opening,0.45809913,SE,Qwen/Qwen3-Embedding-8B
132,34,The man's beard had been shaving twice a day.,Attraction Violation,1,1,The man's beard had been,shaving,0.71737593,SE,Qwen/Qwen3-Embedding-8B
133,34,The man's beard had been shaved twice a day.,Passive Control,1,1,The man's beard had been,shaved,0.73464006,SE,Qwen/Qwen3-Embedding-8B
134,34,His uncle Ralph had been shaving his beard off.,Active Control,1,0,His uncle Ralph had been,shaving,0.35969022,SE,Qwen/Qwen3-Embedding-8B
135,34,The popular amusement park is shaving twice a day.,No-Attraction Violation,0,1,The popular amusement park is,shaving,0.46231008,SE,Qwen/Qwen3-Embedding-8B
136,35,The elevator button had been pressing slowly.,Attraction Violation,1,1,The elevator button had been,pressing,0.5689937,SE,Qwen/Qwen3-Embedding-8B
137,35,The elevator button had been pressed by the attendant.,Passive Control,1,1,The elevator button had been,pressed,0.5664855,SE,Qwen/Qwen3-Embedding-8B
138,35,The attendant had been pressing the buttons.,Active Control,1,0,The attendant had been,pressing,0.52028954,SE,Qwen/Qwen3-Embedding-8B
139,35,The wheat crops had been pressing slowly.,No-Attraction Violation,0,1,The wheat crops had been,pressing,0.45992547,SE,Qwen/Qwen3-Embedding-8B
140,36,The winning lottery numbers had been announcing the TV news.,Attraction Violation,1,1,The winning lottery numbers had been,announcing,0.47587985,SE,Qwen/Qwen3-Embedding-8B
141,36,The winning lottery numbers had been announced by the TV news.,Passive Control,1,1,The winning lottery numbers had been,announced,0.5099649,SE,Qwen/Qwen3-Embedding-8B
142,36,The flight attendant had been announcing the reason for the delay.,Active Control,1,0,The flight attendant had been,announcing,0.4817731,SE,Qwen/Qwen3-Embedding-8B
143,36,The tarnished silverware was announcing on the television.,No-Attraction Violation,0,1,The tarnished silverware was,announcing,0.50597966,SE,Qwen/Qwen3-Embedding-8B
144,37,The victim's body had been identifying at the morgue.,Attraction Violation,1,1,The victim's body had been,identifying,0.42651528,SE,Qwen/Qwen3-Embedding-8B
145,37,The victim's body had been identified by the family members.,Passive Control,1,1,The victim's body had been,identified,0.46530426,SE,Qwen/Qwen3-Embedding-8B
146,37,The laboratory technicians had been identifying the chemical.,Active Control,1,0,The laboratory technicians had been,identifying,0.48693466,SE,Qwen/Qwen3-Embedding-8B
147,37,The movie was identifying rare fish for the divers.,No-Attraction Violation,0,1,The movie was,identifying,0.51845115,SE,Qwen/Qwen3-Embedding-8B
148,38,The hearty meal was devouring by the kids.,Attraction Violation,1,1,The hearty meal was,devouring,0.67601424,SE,Qwen/Qwen3-Embedding-8B
149,38,The hearty meal was devoured with gusto.,Passive Control,1,1,The hearty meal was,devoured,0.69501805,SE,Qwen/Qwen3-Embedding-8B
150,38,The hungry boys were devouring the plate of cookies when Jack arrived.,Active Control,1,0,The hungry boys were,devouring,0.6372691,SE,Qwen/Qwen3-Embedding-8B
151,38,The dusty tabletops were devouring with gusto.,No-Attraction Violation,0,1,The dusty tabletops were,devouring,0.47925454,SE,Qwen/Qwen3-Embedding-8B
152,39,The overgrown shrubs were trimming regularly.,Attraction Violation,1,1,The overgrown shrubs were,trimming,0.5013756,SE,Qwen/Qwen3-Embedding-8B
153,39,The overgrown shrubs were trimmed by a gardener.,Passive Control,1,1,The overgrown shrubs were,trimmed,0.4873277,SE,Qwen/Qwen3-Embedding-8B
154,39,A gardener was trimming the overgrown shrubbery.,Active Control,1,0,A gardener was,trimming,0.5479315,SE,Qwen/Qwen3-Embedding-8B
155,39,The alarm clock had been trimming regularly.,No-Attraction Violation,0,1,The alarm clock had been,trimming,0.47214395,SE,Qwen/Qwen3-Embedding-8B
156,40,Wilson's unreasonable proposal was rejecting by the boss.,Attraction Violation,1,1,Wilson's unreasonable proposal was,rejecting,0.5868228,SE,Qwen/Qwen3-Embedding-8B
157,40,Wilson's unreasonable proposal was rejected at the hospital.,Passive Control,1,1,Wilson's unreasonable proposal was,rejected,0.5804625,SE,Qwen/Qwen3-Embedding-8B
158,40,The admissions committee was rejecting nearly every application.,Active Control,1,0,The admissions committee was,rejecting,0.5471919,SE,Qwen/Qwen3-Embedding-8B
159,40,The rare bird's behavior was rejecting all offers.,No-Attraction Violation,0,1,The rare bird's behavior was,rejecting,0.4897984,SE,Qwen/Qwen3-Embedding-8B
160,41,Hathaway's gigantic fortune had been inheriting by his daughters.,Attraction Violation,1,1,Hathaway's gigantic fortune had been,inheriting,0.3776393,SE,Qwen/Qwen3-Embedding-8B
161,41,Hathaway's gigantic fortune had been inherited by his daughters.,Passive Control,1,1,Hathaway's gigantic fortune had been,inherited,0.35685185,SE,Qwen/Qwen3-Embedding-8B
162,41,Generations of aristocratic Englishmen have been inheriting their fortunes.,Active Control,1,0,Generations of aristocratic Englishmen have been,inheriting,0.3724379,SE,Qwen/Qwen3-Embedding-8B
163,41,The strange mystery had been inheriting the estate from her grandmother.,No-Attraction Violation,0,1,The strange mystery had been,inheriting,0.43873724,SE,Qwen/Qwen3-Embedding-8B
164,42,All of her money had been spending before the wedding.,Attraction Violation,1,1,All of her money had been,spending,0.5346258,SE,Qwen/Qwen3-Embedding-8B
165,42,All of her money had been spent before the wedding.,Passive Control,1,1,All of her money had been,spent,0.6251506,SE,Qwen/Qwen3-Embedding-8B
166,42,The shopping fanatic had been spending all her money in Bloomingdales.,Active Control,1,0,The shopping fanatic had been,spending,0.51313066,SE,Qwen/Qwen3-Embedding-8B
167,42,Patty's overgrown lawn was spending its time on the beach.,No-Attraction Violation,0,1,Patty's overgrown lawn was,spending,0.4336337,SE,Qwen/Qwen3-Embedding-8B
168,43,An appointment was scheduling by the secretary.,Attraction Violation,1,1,An appointment was,scheduling,0.71319586,SE,Qwen/Qwen3-Embedding-8B
169,43,An appointment was scheduled by the secretary.,Passive Control,1,1,An appointment was,scheduled,0.7622585,SE,Qwen/Qwen3-Embedding-8B
170,43,The secretary was scheduling new appointments for the afternoon.,Active Control,1,0,The secretary was,scheduling,0.52460843,SE,Qwen/Qwen3-Embedding-8B
171,43,The legal contract had been scheduling for next week.,No-Attraction Violation,0,1,The legal contract had been,scheduling,0.41504857,SE,Qwen/Qwen3-Embedding-8B
172,44,The men's faces had been photographing by a security camera.,Attraction Violation,1,1,The men's faces had been,photographing,0.4428358,SE,Qwen/Qwen3-Embedding-8B
173,44,The men's faces had been photographed by a security camera.,Passive Control,1,1,The men's faces had been,photographed,0.5125292,SE,Qwen/Qwen3-Embedding-8B
174,44,The intrusive reporter had been photographing the celebrities at the party.,Active Control,1,0,The intrusive reporter had been,photographing,0.42008898,SE,Qwen/Qwen3-Embedding-8B
175,44,The sealed envelope was photographing at the party.,No-Attraction Violation,0,1,The sealed envelope was,photographing,0.48285067,SE,Qwen/Qwen3-Embedding-8B
176,45,The broken television had been repairing the technician.,Attraction Violation,1,1,The broken television had been,repairing,0.60987604,SE,Qwen/Qwen3-Embedding-8B
177,45,The broken television had been repaired by the technician.,Passive Control,1,1,The broken television had been,repaired,0.6067815,SE,Qwen/Qwen3-Embedding-8B
178,45,The competent technician had been repairing the television.,Active Control,1,0,The competent technician had been,repairing,0.5218746,SE,Qwen/Qwen3-Embedding-8B
179,45,Larry's note had been repairing the computer's hard drive.,No-Attraction Violation,0,1,Larry's note had been,repairing,0.47262192,SE,Qwen/Qwen3-Embedding-8B
180,46,The alarm clock had been unplugging accidentally.,Attraction Violation,1,1,The alarm clock had been,unplugging,0.549221,SE,Qwen/Qwen3-Embedding-8B
181,46,The alarm clock had been unplugged late.,Passive Control,1,1,The alarm clock had been,unplugged,0.53275883,SE,Qwen/Qwen3-Embedding-8B
182,46,The frantic woman had been unplugging every electrical device in the house.,Active Control,1,0,The frantic woman had been,unplugging,0.45402092,SE,Qwen/Qwen3-Embedding-8B
183,46,The overgrown shrubs were unplugging accidentally.,No-Attraction Violation,0,1,The overgrown shrubs were,unplugging,0.47487402,SE,Qwen/Qwen3-Embedding-8B
184,47,The car door had been unlocking late at night.,Attraction Violation,1,1,The car door had been,unlocking,0.5539488,SE,Qwen/Qwen3-Embedding-8B
185,47,The car door had been unlocked by the child.,Passive Control,1,1,The car door had been,unlocked,0.56898475,SE,Qwen/Qwen3-Embedding-8B
186,47,The babysitter had been unlocking the back door.,Active Control,1,0,The babysitter had been,unlocking,0.50464636,SE,Qwen/Qwen3-Embedding-8B
187,47,The Queen's 80th birthday was unlocking late at night.,No-Attraction Violation,0,1,The Queen's 80th birthday was,unlocking,0.35196987,SE,Qwen/Qwen3-Embedding-8B
188,48,The portrait of Napoleon had been painting by a Dutch artist.,Attraction Violation,1,1,The portrait of Napoleon had been,painting,0.56608534,SE,Qwen/Qwen3-Embedding-8B
189,48,The portrait of Napoleon had been painted by a Dutch artist.,Passive Control,1,1,The portrait of Napoleon had been,painted,0.58260906,SE,Qwen/Qwen3-Embedding-8B
190,48,The French Impressionist artists had been painting with a focus on light and color.,Active Control,1,0,The French Impressionist artists had been,painting,0.47517794,SE,Qwen/Qwen3-Embedding-8B
191,48,A new medication had been painting on Tuesday.,No-Attraction Violation,0,1,A new medication had been,painting,0.4323696,SE,Qwen/Qwen3-Embedding-8B
192,49,The embarrassing allegations had been denying by the mayor.,Attraction Violation,1,1,The embarrassing allegations had been,denying,0.490773,SE,Qwen/Qwen3-Embedding-8B
193,49,The embarrassing allegations had been denied by the mayor.,Passive Control,1,1,The embarrassing allegations had been,denied,0.4830035,SE,Qwen/Qwen3-Embedding-8B
194,49,The embarassed mayor had been denying allegations of corruption.,Active Control,1,0,The embarassed mayor had been,denying,0.4786174,SE,Qwen/Qwen3-Embedding-8B
195,49,Tamara's birthday gift had been denying the rumor.,No-Attraction Violation,0,1,Tamara's birthday gift had been,denying,0.44930577,SE,Qwen/Qwen3-Embedding-8B
196,50,The noises in the attic had been hearing nightly.,Attraction Violation,1,1,The noises in the attic had been,hearing,0.5635118,SE,Qwen/Qwen3-Embedding-8B
197,50,The noises in the attic had been heard by the boys.,Passive Control,1,1,The noises in the attic had been,heard,0.60033846,SE,Qwen/Qwen3-Embedding-8B
198,50,The frightened campers had been hearing noises in the woods.,Active Control,1,0,The frightened campers had been,hearing,0.43915975,SE,Qwen/Qwen3-Embedding-8B
199,50,A package had been hearing nightly.,No-Attraction Violation,0,1,A package had been,hearing,0.53042626,SE,Qwen/Qwen3-Embedding-8B
200,51,The appetizers had been serving before the meal.,Attraction Violation,1,1,The appetizers had been,serving,0.6140113,SE,Qwen/Qwen3-Embedding-8B
201,51,The appetizers had been served before the meal.,Passive Control,1,1,The appetizers had been,served,0.6135804,SE,Qwen/Qwen3-Embedding-8B
202,51,The waiters had been serving the meal.,Active Control,1,0,The waiters had been,serving,0.6287612,SE,Qwen/Qwen3-Embedding-8B
203,51,The final exams had been serving before the meal.,No-Attraction Violation,0,1,The final exams had been,serving,0.4862125,SE,Qwen/Qwen3-Embedding-8B
204,52,Billy's unruly hair was combing his mother to one side.,Attraction Violation,1,1,Billy's unruly hair was,combing,0.6286801,SE,Qwen/Qwen3-Embedding-8B
205,52,Billy's unruly hair was combed by his mother to one side.,Passive Control,1,1,Billy's unruly hair was,combed,0.64210224,SE,Qwen/Qwen3-Embedding-8B
206,52,The patient barber was combing the boy's hair to one side.,Active Control,1,0,The patient barber was,combing,0.5501324,SE,Qwen/Qwen3-Embedding-8B
207,52,The girl's disease was combing the area for escaped prisoners.,No-Attraction Violation,0,1,The girl's disease was,combing,0.4135871,SE,Qwen/Qwen3-Embedding-8B
208,53,A drawing of the house had been sketching again.,Attraction Violation,1,1,A drawing of the house had been,sketching,0.61208224,SE,Qwen/Qwen3-Embedding-8B
209,53,A drawing of the house had been sketched again.,Passive Control,1,1,A drawing of the house had been,sketched,0.63806736,SE,Qwen/Qwen3-Embedding-8B
210,53,An artist in the studio had been sketching the house.,Active Control,1,0,An artist in the studio had been,sketching,0.52489275,SE,Qwen/Qwen3-Embedding-8B
211,53,The cheap products had been sketching again.,No-Attraction Violation,0,1,The cheap products had been,sketching,0.47240752,SE,Qwen/Qwen3-Embedding-8B
212,54,The simple coffin was burying the villagers.,Attraction Violation,1,1,The simple coffin was,burying,0.64978105,SE,Qwen/Qwen3-Embedding-8B
213,54,The simple coffin was buried at the church.,Passive Control,1,1,The simple coffin was,buried,0.64331716,SE,Qwen/Qwen3-Embedding-8B
214,54,The tribal people were burying their dead.,Active Control,1,0,The tribal people were,burying,0.47981995,SE,Qwen/Qwen3-Embedding-8B
215,54,The vocabulary list was burying at the church.,No-Attraction Violation,0,1,The vocabulary list was,burying,0.46899834,SE,Qwen/Qwen3-Embedding-8B
216,55,The homicide case had been investigating diligently.,Attraction Violation,1,1,The homicide case had been,investigating,0.5252286,SE,Qwen/Qwen3-Embedding-8B
217,55,The homicide case had been investigated by the FBI.,Passive Control,1,1,The homicide case had been,investigated,0.5514201,SE,Qwen/Qwen3-Embedding-8B
218,55,The FBI agents had been investigating the homicide case for weeks.,Active Control,1,0,The FBI agents had been,investigating,0.4954499,SE,Qwen/Qwen3-Embedding-8B
219,55,Martin's tonsils had been investigating the problem.,No-Attraction Violation,0,1,Martin's tonsils had been,investigating,0.43749762,SE,Qwen/Qwen3-Embedding-8B
220,56,Mark's wrinkly shirts were ironing by his mother.,Attraction Violation,1,1,Mark's wrinkly shirts were,ironing,0.5856691,SE,Qwen/Qwen3-Embedding-8B
221,56,Mark's wrinkly shirts were ironed by his mother.,Passive Control,1,1,Mark's wrinkly shirts were,ironed,0.59594244,SE,Qwen/Qwen3-Embedding-8B
222,56,Mark's doting mother was ironing his shirts while he slept.,Active Control,1,0,Mark's doting mother was,ironing,0.4536431,SE,Qwen/Qwen3-Embedding-8B
223,56,The firewood had been ironing her dress.,No-Attraction Violation,0,1,The firewood had been,ironing,0.4876166,SE,Qwen/Qwen3-Embedding-8B
224,57,An important lesson had been learning in space.,Attraction Violation,1,1,An important lesson had been,learning,0.5813119,SE,Qwen/Qwen3-Embedding-8B
225,57,An important lesson had been learned in space.,Passive Control,1,1,An important lesson had been,learned,0.6607623,SE,Qwen/Qwen3-Embedding-8B
226,57,The children had been learning Spanish.,Active Control,1,0,The children had been,learning,0.47741553,SE,Qwen/Qwen3-Embedding-8B
227,57,The bathroom floor had been learning in space.,No-Attraction Violation,0,1,The bathroom floor had been,learning,0.3965675,SE,Qwen/Qwen3-Embedding-8B
228,58,The height of the bookcase was measuring by a carpenter.,Attraction Violation,1,1,The height of the bookcase was,measuring,0.6045805,SE,Qwen/Qwen3-Embedding-8B
229,58,The height of the bookcase was measured incorrectly.,Passive Control,1,1,The height of the bookcase was,measured,0.6088035,SE,Qwen/Qwen3-Embedding-8B
230,58,The carpenter was measuring the height of the bookcase.,Active Control,1,0,The carpenter was,measuring,0.5396902,SE,Qwen/Qwen3-Embedding-8B
231,58,An urgent message had been measuring her heart rate.,No-Attraction Violation,0,1,An urgent message had been,measuring,0.4707034,SE,Qwen/Qwen3-Embedding-8B
232,59,Several important topics were discussing despite the weather.,Attraction Violation,1,1,Several important topics were,discussing,0.5886018,SE,Qwen/Qwen3-Embedding-8B
233,59,Several important topics were discussed by the board of trustees.,Passive Control,1,1,Several important topics were,discussed,0.63492614,SE,Qwen/Qwen3-Embedding-8B
234,59,The board members were discussing several important topics.,Active Control,1,0,The board members were,discussing,0.55509585,SE,Qwen/Qwen3-Embedding-8B
235,59,"The fresh, warm bread was discussing despite the weather.",No-Attraction Violation,0,1,"The fresh, warm bread was",discussing,0.47889677,SE,Qwen/Qwen3-Embedding-8B
236,60,The dusty tabletops were wiping thoroughly.,Attraction Violation,1,1,The dusty tabletops were,wiping,0.5401828,SE,Qwen/Qwen3-Embedding-8B
237,60,The dusty tabletops were wiped thoroughly.,Passive Control,1,1,The dusty tabletops were,wiped,0.5217335,SE,Qwen/Qwen3-Embedding-8B
238,60,The tired busboy was wiping for hours.,Active Control,1,0,The tired busboy was,wiping,0.5177929,SE,Qwen/Qwen3-Embedding-8B
239,60,The hearty meal was wiping thoroughly.,No-Attraction Violation,0,1,The hearty meal was,wiping,0.49002838,SE,Qwen/Qwen3-Embedding-8B
240,61,A tiny spy camera was concealing by the agent inside a flowerpot.,Attraction Violation,1,1,A tiny spy camera was,concealing,0.5804007,SE,Qwen/Qwen3-Embedding-8B
241,61,A tiny spy camera was concealed by the agent inside a flowerpot.,Passive Control,1,1,A tiny spy camera was,concealed,0.58315545,SE,Qwen/Qwen3-Embedding-8B
242,61,The sneaky lawyer was concealing the truth.,Active Control,1,0,The sneaky lawyer was,concealing,0.6460681,SE,Qwen/Qwen3-Embedding-8B
243,61,A faint light was concealing their identity.,No-Attraction Violation,0,1,A faint light was,concealing,0.53689253,SE,Qwen/Qwen3-Embedding-8B
244,62,"The fresh, warm bread was slicing by the baker into halves.",Attraction Violation,1,1,"The fresh, warm bread was",slicing,0.44681066,SE,Qwen/Qwen3-Embedding-8B
245,62,"The fresh, warm bread was sliced with love.",Passive Control,1,1,"The fresh, warm bread was",sliced,0.5691493,SE,Qwen/Qwen3-Embedding-8B
246,62,The chef's assistants were slicing the mushrooms for a pie.,Active Control,1,0,The chef's assistants were,slicing,0.46117827,SE,Qwen/Qwen3-Embedding-8B
247,62,Several important topics were slicing with love.,No-Attraction Violation,0,1,Several important topics were,slicing,0.37905216,SE,Qwen/Qwen3-Embedding-8B
248,63,The tarnished silverware was polishing by the butler.,Attraction Violation,1,1,The tarnished silverware was,polishing,0.6067676,SE,Qwen/Qwen3-Embedding-8B
249,63,The tarnished silverware was polished by the butler.,Passive Control,1,1,The tarnished silverware was,polished,0.6085468,SE,Qwen/Qwen3-Embedding-8B
250,63,The thorough butler was polishing the doorknobs.,Active Control,1,0,The thorough butler was,polishing,0.5868465,SE,Qwen/Qwen3-Embedding-8B
251,63,The winning lottery numbers had been polishing his shoes.,No-Attraction Violation,0,1,The winning lottery numbers had been,polishing,0.43123516,SE,Qwen/Qwen3-Embedding-8B
252,64,Poisonous fumes had been inhaling the firefighters.,Attraction Violation,1,1,Poisonous fumes had been,inhaling,0.55872303,SE,Qwen/Qwen3-Embedding-8B
253,64,Poisonous fumes had been inhaled by the firefighters.,Passive Control,1,1,Poisonous fumes had been,inhaled,0.58979297,SE,Qwen/Qwen3-Embedding-8B
254,64,The firefighters had been inhaling the smoke.,Active Control,1,0,The firefighters had been,inhaling,0.43659884,SE,Qwen/Qwen3-Embedding-8B
255,64,The man's signature was inhaling during the fire.,No-Attraction Violation,0,1,The man's signature was,inhaling,0.4501494,SE,Qwen/Qwen3-Embedding-8B
256,65,A genetic mutation was discovering the scientists.,Attraction Violation,1,1,A genetic mutation was,discovering,0.53922355,SE,Qwen/Qwen3-Embedding-8B
257,65,A genetic mutation was discovered suddenly.,Passive Control,1,1,A genetic mutation was,discovered,0.59056306,SE,Qwen/Qwen3-Embedding-8B
258,65,The excited explorers were discovering ancient artifacts everywhere they looked.,Active Control,1,0,The excited explorers were,discovering,0.5935118,SE,Qwen/Qwen3-Embedding-8B
259,65,The pizza had been discovering new methods for making dough.,No-Attraction Violation,0,1,The pizza had been,discovering,0.48295906,SE,Qwen/Qwen3-Embedding-8B
260,66,The Queen's 80th birthday was celebrating expensively.,Attraction Violation,1,1,The Queen's 80th birthday was,celebrating,0.49103802,SE,Qwen/Qwen3-Embedding-8B
261,66,The Queen's 80th birthday was celebrated by thousands of people in the streets.,Passive Control,1,1,The Queen's 80th birthday was,celebrated,0.49443766,SE,Qwen/Qwen3-Embedding-8B
262,66,Thousands of excited fans were celebrating the Superbowl victory in the streets.,Active Control,1,0,Thousands of excited fans were,celebrating,0.49783617,SE,Qwen/Qwen3-Embedding-8B
263,66,The car door had been celebrating her promotion.,No-Attraction Violation,0,1,The car door had been,celebrating,0.47177705,SE,Qwen/Qwen3-Embedding-8B
264,67,The diagram on the chalkboard had been erasing Mrs. Larson.,Attraction Violation,1,1,The diagram on the chalkboard had been,erasing,0.54114777,SE,Qwen/Qwen3-Embedding-8B
265,67,The diagram on the chalkboard had been erased by Mrs. Larson.,Passive Control,1,1,The diagram on the chalkboard had been,erased,0.5482253,SE,Qwen/Qwen3-Embedding-8B
266,67,Mrs. Larson had been erasing the chalkboard.,Active Control,1,0,Mrs. Larson had been,erasing,0.3842738,SE,Qwen/Qwen3-Embedding-8B
267,67,Food for the homeless had been erasing over and over.,No-Attraction Violation,0,1,Food for the homeless had been,erasing,0.3641476,SE,Qwen/Qwen3-Embedding-8B
268,68,The movie was directing Steven Spielberg.,Attraction Violation,1,1,The movie was,directing,0.6046959,SE,Qwen/Qwen3-Embedding-8B
269,68,The movie was directed professionally.,Passive Control,1,1,The movie was,directed,0.6035265,SE,Qwen/Qwen3-Embedding-8B
270,68,Steven Spielberg was directing another blockbuster.,Active Control,1,0,Steven Spielberg was,directing,0.5505562,SE,Qwen/Qwen3-Embedding-8B
271,68,The victim's body had been directing the police.,No-Attraction Violation,0,1,The victim's body had been,directing,0.32426387,SE,Qwen/Qwen3-Embedding-8B
272,69,Theresa's birthday gift had been wrapping yesterday.,Attraction Violation,1,1,Theresa's birthday gift had been,wrapping,0.5062461,SE,Qwen/Qwen3-Embedding-8B
273,69,Theresa's birthday gift had been wrapped yesterday.,Passive Control,1,1,Theresa's birthday gift had been,wrapped,0.5158925,SE,Qwen/Qwen3-Embedding-8B
274,69,Theresa's loving grandmother had been wrapping the presents.,Active Control,1,0,Theresa's loving grandmother had been,wrapping,0.43832958,SE,Qwen/Qwen3-Embedding-8B
275,69,The embarrassing allegations had been wrapping yesterday.,No-Attraction Violation,0,1,The embarrassing allegations had been,wrapping,0.3866623,SE,Qwen/Qwen3-Embedding-8B
276,70,The popular amusement park is visiting by millions of tourists eh year.,Attraction Violation,1,1,The popular amusement park is,visiting,0.59133863,SE,Qwen/Qwen3-Embedding-8B
277,70,The popular amusement park is visited daily.,Passive Control,1,1,The popular amusement park is,visited,0.5918708,SE,Qwen/Qwen3-Embedding-8B
278,70,The tourists had been visiting the amusement park in the morning.,Active Control,1,0,The tourists had been,visiting,0.655503,SE,Qwen/Qwen3-Embedding-8B
279,70,The man's beard had been visiting a friend in the hospital.,No-Attraction Violation,0,1,The man's beard had been,visiting,0.47505745,SE,Qwen/Qwen3-Embedding-8B
280,71,Ten new trees had been planting on dry land.,Attraction Violation,1,1,Ten new trees had been,planting,0.55921155,SE,Qwen/Qwen3-Embedding-8B
281,71,Ten new trees had been planted by the Forestry Service.,Passive Control,1,1,Ten new trees had been,planted,0.57143205,SE,Qwen/Qwen3-Embedding-8B
282,71,The forestry workers had been planting cedar saplings on the hillside.,Active Control,1,0,The forestry workers had been,planting,0.501279,SE,Qwen/Qwen3-Embedding-8B
283,71,The sin had been planting doubt in her mind.,No-Attraction Violation,0,1,The sin had been,planting,0.39865917,SE,Qwen/Qwen3-Embedding-8B
284,72,Food for the homeless had been donating neighborhood residents.,Attraction Violation,1,1,Food for the homeless had been,donating,0.5191848,SE,Qwen/Qwen3-Embedding-8B
285,72,Food for the homeless had been donated many times.,Passive Control,1,1,Food for the homeless had been,donated,0.5369004,SE,Qwen/Qwen3-Embedding-8B
286,72,The wealthy American philanthropist had been donating money to Romanian orphanages.,Active Control,1,0,The wealthy American philanthropist had been,donating,0.6175873,SE,Qwen/Qwen3-Embedding-8B
287,72,The diagram on the chalkboard had been donating blood.,No-Attraction Violation,0,1,The diagram on the chalkboard had been,donating,0.435487,SE,Qwen/Qwen3-Embedding-8B
288,73,The rare bird's behavior was observing by the biologists.,Attraction Violation,1,1,The rare bird's behavior was,observing,0.58130527,SE,Qwen/Qwen3-Embedding-8B
289,73,The rare bird's behavior was observed by the biologists.,Passive Control,1,1,The rare bird's behavior was,observed,0.6166113,SE,Qwen/Qwen3-Embedding-8B
290,73,The excited bird watchers were observing the rare eagle.,Active Control,1,0,The excited bird watchers were,observing,0.58874893,SE,Qwen/Qwen3-Embedding-8B
291,73,Wilson's unreasonable proposal was observing the stars.,No-Attraction Violation,0,1,Wilson's unreasonable proposal was,observing,0.4227985,SE,Qwen/Qwen3-Embedding-8B
292,74,Stormy weather had been forecasting by the weatherman.,Attraction Violation,1,1,Stormy weather had been,forecasting,0.48544633,SE,Qwen/Qwen3-Embedding-8B
293,74,Stormy weather had been forecasted by the weatherman.,Passive Control,1,1,Stormy weather had been,forecasted,0.5567527,SE,Qwen/Qwen3-Embedding-8B
294,74,The weather service had been forecasting snow for the mountain areas.,Active Control,1,0,The weather service had been,forecasting,0.53264153,SE,Qwen/Qwen3-Embedding-8B
295,74,Olson's bulging suitcase had been forecasting correctly.,No-Attraction Violation,0,1,Olson's bulging suitcase had been,forecasting,0.33511356,SE,Qwen/Qwen3-Embedding-8B
296,75,The tragic mistake was regretting by Erika for many years.,Attraction Violation,1,1,The tragic mistake was,regretting,0.610411,SE,Qwen/Qwen3-Embedding-8B
297,75,The tragic mistake was regretted years later.,Passive Control,1,1,The tragic mistake was,regretted,0.6371851,SE,Qwen/Qwen3-Embedding-8B
298,75,Erika was regretting the mistake.,Active Control,1,0,Erika was,regretting,0.49085727,SE,Qwen/Qwen3-Embedding-8B
299,75,The library books had been regretting their behavior.,No-Attraction Violation,0,1,The library books had been,regretting,0.47721335,SE,Qwen/Qwen3-Embedding-8B
300,76,The stolen artwork had been seizing without warning.,Attraction Violation,1,1,The stolen artwork had been,seizing,0.5257268,SE,Qwen/Qwen3-Embedding-8B
301,76,The stolen artwork had been seized by the border police.,Passive Control,1,1,The stolen artwork had been,seized,0.5353014,SE,Qwen/Qwen3-Embedding-8B
302,76,The police had been seizing shipments of drugs at the border.,Active Control,1,0,The police had been,seizing,0.57401854,SE,Qwen/Qwen3-Embedding-8B
303,76,The grimy pots and pans had been seizing without warning.,No-Attraction Violation,0,1,The grimy pots and pans had been,seizing,0.4463543,SE,Qwen/Qwen3-Embedding-8B
304,77,The value of the jewels was estimating the dealer.,Attraction Violation,1,1,The value of the jewels was,estimating,0.54191834,SE,Qwen/Qwen3-Embedding-8B
305,77,The value of the jewels was estimated by the dealer.,Passive Control,1,1,The value of the jewels was,estimated,0.5395108,SE,Qwen/Qwen3-Embedding-8B
306,77,The jewel expert was estimating the value of the diamond.,Active Control,1,0,The jewel expert was,estimating,0.526977,SE,Qwen/Qwen3-Embedding-8B
307,77,The useful new gadget had been estimating professionally.,No-Attraction Violation,0,1,The useful new gadget had been,estimating,0.4577931,SE,Qwen/Qwen3-Embedding-8B
308,78,Larry's note had been scribbling his wife.,Attraction Violation,1,1,Larry's note had been,scribbling,0.5631779,SE,Qwen/Qwen3-Embedding-8B
309,78,Larry's note had been scribbled with haste.,Passive Control,1,1,Larry's note had been,scribbled,0.6142151,SE,Qwen/Qwen3-Embedding-8B
310,78,Larry's wife had been scribbling a note to him about dinner plans.,Active Control,1,0,Larry's wife had been,scribbling,0.43610942,SE,Qwen/Qwen3-Embedding-8B
311,78,The broken television had been scribbling his thoughts on a napkin.,No-Attraction Violation,0,1,The broken television had been,scribbling,0.48318487,SE,Qwen/Qwen3-Embedding-8B
312,79,Carrie's morning meeting was canceling as expected.,Attraction Violation,1,1,Carrie's morning meeting was,canceling,0.4742104,SE,Qwen/Qwen3-Embedding-8B
313,79,Carrie's morning meeting was canceled by the boss.,Passive Control,1,1,Carrie's morning meeting was,canceled,0.48016325,SE,Qwen/Qwen3-Embedding-8B
314,79,Carrie had been canceling all of her meetings.,Active Control,1,0,Carrie had been,canceling,0.51376563,SE,Qwen/Qwen3-Embedding-8B
315,79,The bubblegum had been canceling as expected.,No-Attraction Violation,0,1,The bubblegum had been,canceling,0.4665877,SE,Qwen/Qwen3-Embedding-8B
316,80,The girl's disease was curing a simple treatment.,Attraction Violation,1,1,The girl's disease was,curing,0.5230522,SE,Qwen/Qwen3-Embedding-8B
317,80,The girl's disease was cured by a simple treatment.,Passive Control,1,1,The girl's disease was,cured,0.5430833,SE,Qwen/Qwen3-Embedding-8B
318,80,The foreign doctors were curing hundreds of villagers of malaria.,Active Control,1,0,The foreign doctors were,curing,0.47277552,SE,Qwen/Qwen3-Embedding-8B
319,80,Billy's unruly hair was curing his cold.,No-Attraction Violation,0,1,Billy's unruly hair was,curing,0.46800688,SE,Qwen/Qwen3-Embedding-8B
320,81,Janet's houseplants were watering too much.,Attraction Violation,1,1,Janet's houseplants were,watering,0.57191926,SE,Qwen/Qwen3-Embedding-8B
321,81,Janet's houseplants were watered by her neighbor.,Passive Control,1,1,Janet's houseplants were,watered,0.55579805,SE,Qwen/Qwen3-Embedding-8B
322,81,The gardener was watering the plants.,Active Control,1,0,The gardener was,watering,0.5984129,SE,Qwen/Qwen3-Embedding-8B
323,81,The roast lamb had been watering too much.,No-Attraction Violation,0,1,The roast lamb had been,watering,0.40169054,SE,Qwen/Qwen3-Embedding-8B
324,82,The useful new gadget had been inventing by a bored waiter.,Attraction Violation,1,1,The useful new gadget had been,inventing,0.59906346,SE,Qwen/Qwen3-Embedding-8B
325,82,The useful new gadget had been invented by a bored waiter.,Passive Control,1,1,The useful new gadget had been,invented,0.63514584,SE,Qwen/Qwen3-Embedding-8B
326,82,The resourceful engineers had been inventing tiny new devices.,Active Control,1,0,The resourceful engineers had been,inventing,0.5710259,SE,Qwen/Qwen3-Embedding-8B
327,82,The value of the jewels was inventing the digital computer.,No-Attraction Violation,0,1,The value of the jewels was,inventing,0.45733526,SE,Qwen/Qwen3-Embedding-8B
328,83,The phone bill had been paying his roommate.,Attraction Violation,1,1,The phone bill had been,paying,0.666921,SE,Qwen/Qwen3-Embedding-8B
329,83,The phone bill had been paid quickly.,Passive Control,1,1,The phone bill had been,paid,0.6638506,SE,Qwen/Qwen3-Embedding-8B
330,83,Juan and Perry had been paying too much for their apartment.,Active Control,1,0,Juan and Perry had been,paying,0.46513784,SE,Qwen/Qwen3-Embedding-8B
331,83,"The dark, underwater cave was paying attention to the divers.",No-Attraction Violation,0,1,"The dark, underwater cave was",paying,0.44386092,SE,Qwen/Qwen3-Embedding-8B
332,84,The man's signature was forging the lawyers.,Attraction Violation,1,1,The man's signature was,forging,0.5484931,SE,Qwen/Qwen3-Embedding-8B
333,84,The man's signature was forged by the lawyers.,Passive Control,1,1,The man's signature was,forged,0.5437351,SE,Qwen/Qwen3-Embedding-8B
334,84,The con artists were forging the signatures on checks.,Active Control,1,0,The con artists were,forging,0.53593904,SE,Qwen/Qwen3-Embedding-8B
335,84,Poisonous fumes had been forging very well.,No-Attraction Violation,0,1,Poisonous fumes had been,forging,0.4545707,SE,Qwen/Qwen3-Embedding-8B
336,85,The bank had been robbing two masked men.,Attraction Violation,1,1,The bank had been,robbing,0.570287,SE,Qwen/Qwen3-Embedding-8B
337,85,The bank had been robbed repeatedly.,Passive Control,1,1,The bank had been,robbed,0.6077294,SE,Qwen/Qwen3-Embedding-8B
338,85,The clever burglars had been robbing houses in broad daylight.,Active Control,1,0,The clever burglars had been,robbing,0.6896582,SE,Qwen/Qwen3-Embedding-8B
339,85,The musical piece was robbing repeatedly.,No-Attraction Violation,0,1,The musical piece was,robbing,0.48369327,SE,Qwen/Qwen3-Embedding-8B
340,86,An urgent message had been sending by the ambassador to the President.,Attraction Violation,1,1,An urgent message had been,sending,0.65685254,SE,Qwen/Qwen3-Embedding-8B
341,86,An urgent message had been sent again.,Passive Control,1,1,An urgent message had been,sent,0.6785299,SE,Qwen/Qwen3-Embedding-8B
342,86,The Prime Minister had been sending urgent messages to her Ambassador.,Active Control,1,0,The Prime Minister had been,sending,0.4850871,SE,Qwen/Qwen3-Embedding-8B
343,86,The height of the bookcase was sending mixed signals to the carpenter.,No-Attraction Violation,0,1,The height of the bookcase was,sending,0.48014078,SE,Qwen/Qwen3-Embedding-8B
344,87,The sleek new building was designing a team of German architects.,Attraction Violation,1,1,The sleek new building was,designing,0.565192,SE,Qwen/Qwen3-Embedding-8B
345,87,The sleek new building was designed by a team of German architects.,Passive Control,1,1,The sleek new building was,designed,0.60692096,SE,Qwen/Qwen3-Embedding-8B
346,87,A team of architects had been designing the new building.,Active Control,1,0,A team of architects had been,designing,0.4926152,SE,Qwen/Qwen3-Embedding-8B
347,87,The leftover food was designing with flair.,No-Attraction Violation,0,1,The leftover food was,designing,0.49864256,SE,Qwen/Qwen3-Embedding-8B
348,88,The final exams had been grading in school.,Attraction Violation,1,1,The final exams had been,grading,0.60463065,SE,Qwen/Qwen3-Embedding-8B
349,88,The final exams had been graded in school.,Passive Control,1,1,The final exams had been,graded,0.6097299,SE,Qwen/Qwen3-Embedding-8B
350,88,The professor had been grading the final exams until 4 AM.,Active Control,1,0,The professor had been,grading,0.51100034,SE,Qwen/Qwen3-Embedding-8B
351,88,The appetizers had been grading Iverson's students.,No-Attraction Violation,0,1,The appetizers had been,grading,0.43583587,SE,Qwen/Qwen3-Embedding-8B
352,89,The final destination had been reaching too late.,Attraction Violation,1,1,The final destination had been,reaching,0.6843381,SE,Qwen/Qwen3-Embedding-8B
353,89,The final destination had been reached too late.,Passive Control,1,1,The final destination had been,reached,0.7550303,SE,Qwen/Qwen3-Embedding-8B
354,89,The curious child had been reaching for the cup on the table.,Active Control,1,0,The curious child had been,reaching,0.57968396,SE,Qwen/Qwen3-Embedding-8B
355,89,Several spelling errors were reaching too late.,No-Attraction Violation,0,1,Several spelling errors were,reaching,0.49040142,SE,Qwen/Qwen3-Embedding-8B
356,90,A faint light was perceiving by the rescue workers.,Attraction Violation,1,1,A faint light was,perceiving,0.5299451,SE,Qwen/Qwen3-Embedding-8B
357,90,A faint light was perceived underwater.,Passive Control,1,1,A faint light was,perceived,0.5313643,SE,Qwen/Qwen3-Embedding-8B
358,90,The worried pilot was perceiving a rattling sound in the jet's engine.,Active Control,1,0,The worried pilot was,perceiving,0.49367362,SE,Qwen/Qwen3-Embedding-8B
359,90,A tiny spy camera was perceiving underwater.,No-Attraction Violation,0,1,A tiny spy camera was,perceiving,0.49743745,SE,Qwen/Qwen3-Embedding-8B
360,91,The bubblegum had been chewing by the boy.,Attraction Violation,1,1,The bubblegum had been,chewing,0.6097138,SE,Qwen/Qwen3-Embedding-8B
361,91,The bubblegum had been chewed by the boy.,Passive Control,1,1,The bubblegum had been,chewed,0.65903825,SE,Qwen/Qwen3-Embedding-8B
362,91,The hungry dog had been chewing a bone.,Active Control,1,0,The hungry dog had been,chewing,0.5638967,SE,Qwen/Qwen3-Embedding-8B
363,91,Carrie's morning meeting was chewing for a long time.,No-Attraction Violation,0,1,Carrie's morning meeting was,chewing,0.40489528,SE,Qwen/Qwen3-Embedding-8B
364,92,Martin's tonsils had been removing at the hospital.,Attraction Violation,1,1,Martin's tonsils had been,removing,0.52770525,SE,Qwen/Qwen3-Embedding-8B
365,92,Martin's tonsils had been removed at the hospital.,Passive Control,1,1,Martin's tonsils had been,removed,0.5547755,SE,Qwen/Qwen3-Embedding-8B
366,92,The surgeon had been removing the cancerous growth.,Active Control,1,0,The surgeon had been,removing,0.50243497,SE,Qwen/Qwen3-Embedding-8B
367,92,The homicide case had been removing at the hospital.,No-Attraction Violation,0,1,The homicide case had been,removing,0.42342615,SE,Qwen/Qwen3-Embedding-8B
368,93,Mother Theresa's death was mourning millions of people.,Attraction Violation,1,1,Mother Theresa's death was,mourning,0.50580066,SE,Qwen/Qwen3-Embedding-8B
369,93,Mother Theresa's death was mourned by millions of people.,Passive Control,1,1,Mother Theresa's death was,mourned,0.52227575,SE,Qwen/Qwen3-Embedding-8B
370,93,The black-clad women were mourning the death of their brother.,Active Control,1,0,The black-clad women were,mourning,0.46359354,SE,Qwen/Qwen3-Embedding-8B
371,93,Lisa's phone had been mourning the loss of a loved one.,No-Attraction Violation,0,1,Lisa's phone had been,mourning,0.46889922,SE,Qwen/Qwen3-Embedding-8B
372,94,The bathroom floor had been mopping by a janitor.,Attraction Violation,1,1,The bathroom floor had been,mopping,0.61726105,SE,Qwen/Qwen3-Embedding-8B
373,94,The bathroom floor had been mopped in the past.,Passive Control,1,1,The bathroom floor had been,mopped,0.65996134,SE,Qwen/Qwen3-Embedding-8B
374,94,The school janitor had been mopping the bathroom.,Active Control,1,0,The school janitor had been,mopping,0.5879586,SE,Qwen/Qwen3-Embedding-8B
375,94,An important lesson had been mopping in the past.,No-Attraction Violation,0,1,An important lesson had been,mopping,0.4041578,SE,Qwen/Qwen3-Embedding-8B
376,95,The sin had been confessing by the repentant Catholic.,Attraction Violation,1,1,The sin had been,confessing,0.5984546,SE,Qwen/Qwen3-Embedding-8B
377,95,The sin had been confessed on Sunday.,Passive Control,1,1,The sin had been,confessed,0.61789256,SE,Qwen/Qwen3-Embedding-8B
378,95,The repentant Catholic had been confessing his sins.,Active Control,1,0,The repentant Catholic had been,confessing,0.5293874,SE,Qwen/Qwen3-Embedding-8B
379,95,Ten new trees had been confessing on Sunday.,No-Attraction Violation,0,1,Ten new trees had been,confessing,0.33382258,SE,Qwen/Qwen3-Embedding-8B
380,96,The strange mystery had been solving the detectives.,Attraction Violation,1,1,The strange mystery had been,solving,0.49750265,SE,Qwen/Qwen3-Embedding-8B
381,96,The strange mystery had been solved at the station.,Passive Control,1,1,The strange mystery had been,solved,0.532749,SE,Qwen/Qwen3-Embedding-8B
382,96,The brilliant detective had been solving mysterious crimes for two decades.,Active Control,1,0,The brilliant detective had been,solving,0.5275163,SE,Qwen/Qwen3-Embedding-8B
383,96,Hathaway's gigantic fortune had been solving at the station.,No-Attraction Violation,0,1,Hathaway's gigantic fortune had been,solving,0.28216636,SE,Qwen/Qwen3-Embedding-8B
0,1,The murder had been witnessing by the three bystanders,Attraction Violation,1,1,The murder had been,witnessing,0.59066147,WE,enwiki_20180420_100d
1,1,The murder had been witnessed in the dark.,Passive Control,1,1,The murder had been,witnessed,0.62429607,WE,enwiki_20180420_100d
2,1,The bystanders had been witnessing the crime.,Active Control,1,0,The bystanders had been,witnessing,0.5994863,WE,enwiki_20180420_100d
3,1,The unpleasant cough syrup was witnessing in the dark.,No-Attraction Violation,0,1,The unpleasant cough syrup was,witnessing,0.51436603,WE,enwiki_20180420_100d
4,2,Patty's overgrown lawn was mowing the boy next door.,Attraction Violation,1,1,Patty's overgrown lawn was,mowing,0.65482193,WE,enwiki_20180420_100d
5,2,Patty's overgrown lawn was mowed only last week.,Passive Control,1,1,Patty's overgrown lawn was,mowed,0.6802775,WE,enwiki_20180420_100d
6,2,Patty's teenage son was mowing the lawn.,Active Control,1,0,Patty's teenage son was,mowing,0.24026507,WE,enwiki_20180420_100d
7,2,All of her money had been mowing the grass.,No-Attraction Violation,0,1,All of her money had been,mowing,0.3922197,WE,enwiki_20180420_100d
8,3,Three more martinis were ordering by Laurie's sister.,Attraction Violation,1,1,Three more martinis were,ordering,0.5268072,WE,enwiki_20180420_100d
9,3,Three more martinis were ordered repeatedly.,Passive Control,1,1,Three more martinis were,ordered,0.41490543,WE,enwiki_20180420_100d
10,3,"The regular customers were ordering quiche, as usual.",Active Control,1,0,The regular customers were,ordering,0.57165086,WE,enwiki_20180420_100d
11,3,The rough part of the wood was ordering late.,No-Attraction Violation,0,1,The rough part of the wood was,ordering,0.46828145,WE,enwiki_20180420_100d
12,4,The quality of Karla's work was evaluating frequently.,Attraction Violation,1,1,The quality of Karla's work was,evaluating,0.5928956,WE,enwiki_20180420_100d
13,4,The quality of Karla's work was evaluated frequently.,Passive Control,1,1,The quality of Karla's work was,evaluated,0.50278574,WE,enwiki_20180420_100d
14,4,The engineers were evaluating the success of the new device.,Active Control,1,0,The engineers were,evaluating,0.49197158,WE,enwiki_20180420_100d
15,4,The old lady's purse had been evaluating Nelson's idea.,No-Attraction Violation,0,1,The old lady's purse had been,evaluating,0.3909937,WE,enwiki_20180420_100d
16,5,The legal contract had been signing falsely.,Attraction Violation,1,1,The legal contract had been,signing,0.6076914,WE,enwiki_20180420_100d
17,5,The legal contract had been signed by the family.,Passive Control,1,1,The legal contract had been,signed,0.5757311,WE,enwiki_20180420_100d
18,5,The state's governor had been signing new legislation.,Active Control,1,0,The state's governor had been,signing,0.40737393,WE,enwiki_20180420_100d
19,5,An appointment was signing falsely.,No-Attraction Violation,0,1,An appointment was,signing,0.48504376,WE,enwiki_20180420_100d
20,6,The vocabulary list was memorizing well.,Attraction Violation,1,1,The vocabulary list was,memorizing,0.547794,WE,enwiki_20180420_100d
21,6,The vocabulary list was memorized well.,Passive Control,1,1,The vocabulary list was,memorized,0.5453677,WE,enwiki_20180420_100d
22,6,The medical students were memorizing sample exam questions all night.,Active Control,1,0,The medical students were,memorizing,0.46458885,WE,enwiki_20180420_100d
23,6,The simple coffin was memorizing the lines of the poem.,No-Attraction Violation,0,1,The simple coffin was,memorizing,0.4622414,WE,enwiki_20180420_100d
24,7,The firewood had been chopping poorly.,Attraction Violation,1,1,The firewood had been,chopping,0.54413193,WE,enwiki_20180420_100d
25,7,The firewood had been chopped by Jen's grandfather.,Passive Control,1,1,The firewood had been,chopped,0.49488184,WE,enwiki_20180420_100d
26,7,Jen's grandfather had been chopping the firewood.,Active Control,1,0,Jen's grandfather had been,chopping,0.33201697,WE,enwiki_20180420_100d
27,7,Mark's wrinkly shirts were chopping vegetables.,No-Attraction Violation,0,1,Mark's wrinkly shirts were,chopping,0.5236204,WE,enwiki_20180420_100d
28,8,Lisa's phone had been disconnecting last month.,Attraction Violation,1,1,Lisa's phone had been,disconnecting,0.5338661,WE,enwiki_20180420_100d
29,8,Lisa's phone had been disconnected last month.,Passive Control,1,1,Lisa's phone had been,disconnected,0.5031544,WE,enwiki_20180420_100d
30,8,The electrician had been disconnecting the machine's power source.,Active Control,1,0,The electrician had been,disconnecting,0.4228364,WE,enwiki_20180420_100d
31,8,Mother Theresa's death was disconnecting the two cables.,No-Attraction Violation,0,1,Mother Theresa's death was,disconnecting,0.40466943,WE,enwiki_20180420_100d
32,9,Wendy's muddy car was washing the boys.,Attraction Violation,1,1,Wendy's muddy car was,washing,0.49949405,WE,enwiki_20180420_100d
33,9,Wendy's muddy car was washed wearily.,Passive Control,1,1,Wendy's muddy car was,washed,0.5448666,WE,enwiki_20180420_100d
34,9,Wendy and Harriet were washing the muddy car.,Active Control,1,0,Wendy and Harriet were,washing,0.37209064,WE,enwiki_20180420_100d
35,9,Frank's loan application had been washing the used pencil.,No-Attraction Violation,0,1,Frank's loan application had been,washing,0.3560278,WE,enwiki_20180420_100d
36,10,The library books had been borrowing the graduate student.,Attraction Violation,1,1,The library books had been,borrowing,0.47144333,WE,enwiki_20180420_100d
37,10,The library books had been borrowed by the graduate student.,Passive Control,1,1,The library books had been,borrowed,0.48720548,WE,enwiki_20180420_100d
38,10,Katie and Lara had been borrowing dozens of books about botany from the library.,Active Control,1,0,Katie and Lara had been,borrowing,0.33890873,WE,enwiki_20180420_100d
39,10,The tragic mistake was borrowing in a hurry.,No-Attraction Violation,0,1,The tragic mistake was,borrowing,0.4434419,WE,enwiki_20180420_100d
40,11,"The dark, underwater cave was exploring by the divers.",Attraction Violation,1,1,"The dark, underwater cave was",exploring,0.5963585,WE,enwiki_20180420_100d
41,11,"The dark, underwater cave was explored by the divers.",Passive Control,1,1,"The dark, underwater cave was",explored,0.5613792,WE,enwiki_20180420_100d
42,11,The cautious scuba divers were exploring the underwater cave.,Active Control,1,0,The cautious scuba divers were,exploring,0.55651236,WE,enwiki_20180420_100d
43,11,The phone bill had been exploring at the zoo.,No-Attraction Violation,0,1,The phone bill had been,exploring,0.3759994,WE,enwiki_20180420_100d
44,12,The unpleasant cough syrup was swallowing the boy.,Attraction Violation,1,1,The unpleasant cough syrup was,swallowing,0.6535986,WE,enwiki_20180420_100d
45,12,The unpleasant cough syrup was swallowed by the boy.,Passive Control,1,1,The unpleasant cough syrup was,swallowed,0.5794937,WE,enwiki_20180420_100d
46,12,The huge adult alligator had been swallowing fish by the bucket.,Active Control,1,0,The huge adult alligator had been,swallowing,0.49162468,WE,enwiki_20180420_100d
47,12,The murder had been swallowing with disgust.,No-Attraction Violation,0,1,The murder had been,swallowing,0.3764822,WE,enwiki_20180420_100d
48,13,The pizza had been delivering once more.,Attraction Violation,1,1,The pizza had been,delivering,0.47439116,WE,enwiki_20180420_100d
49,13,The pizza had been delivered by Antonio himself.,Passive Control,1,1,The pizza had been,delivered,0.46103847,WE,enwiki_20180420_100d
50,13,The exhausted messenger had been delivering packages all over town.,Active Control,1,0,The exhausted messenger had been,delivering,0.54620135,WE,enwiki_20180420_100d
51,13,A genetic mutation was delivering once more.,No-Attraction Violation,0,1,A genetic mutation was,delivering,0.34146166,WE,enwiki_20180420_100d
52,14,Frank's loan application had been approving by the bank.,Attraction Violation,1,1,Frank's loan application had been,approving,0.54772687,WE,enwiki_20180420_100d
53,14,Frank's loan application had been approved anyways.,Passive Control,1,1,Frank's loan application had been,approved,0.51959026,WE,enwiki_20180420_100d
54,14,The board of directors had been approving too many expensive projects.,Active Control,1,0,The board of directors had been,approving,0.61696625,WE,enwiki_20180420_100d
55,14,Wendy's muddy car was approving the boy's request.,No-Attraction Violation,0,1,Wendy's muddy car was,approving,0.29417986,WE,enwiki_20180420_100d
56,15,The cheap products had been manufacturing a Belgian firm.,Attraction Violation,1,1,The cheap products had been,manufacturing,0.5983819,WE,enwiki_20180420_100d
57,15,The cheap products had been manufactured by a Belgian firm.,Passive Control,1,1,The cheap products had been,manufactured,0.6146661,WE,enwiki_20180420_100d
58,15,The auto company had been manufacturing parts in China.,Active Control,1,0,The auto company had been,manufacturing,0.6024667,WE,enwiki_20180420_100d
59,15,A drawing of the house had been manufacturing at a factory.,No-Attraction Violation,0,1,A drawing of the house had been,manufacturing,0.44868812,WE,enwiki_20180420_100d
60,16,Their secret conversation had been overhearing by a surprised neighbor.,Attraction Violation,1,1,Their secret conversation had been,overhearing,0.6221506,WE,enwiki_20180420_100d
61,16,Their secret conversation had been overheard by a surprised neighbor.,Passive Control,1,1,Their secret conversation had been,overheard,0.6755377,WE,enwiki_20180420_100d
62,16,The annoyed resident had been overhearing his neighbor's phone conversations through the wall.,Active Control,1,0,The annoyed resident had been,overhearing,0.532561,WE,enwiki_20180420_100d
63,16,A wet snowball had been overhearing despite the precautions.,No-Attraction Violation,0,1,A wet snowball had been,overhearing,0.36998773,WE,enwiki_20180420_100d
64,17,The rough part of the wood was sanding to perfection.,Attraction Violation,1,1,The rough part of the wood was,sanding,0.4525055,WE,enwiki_20180420_100d
65,17,The rough part of the wood was sanded by the carpenter.,Passive Control,1,1,The rough part of the wood was,sanded,0.49811673,WE,enwiki_20180420_100d
66,17,The skillful carpenter was sanding the rough edge of the wood.,Active Control,1,0,The skillful carpenter was,sanding,0.44930387,WE,enwiki_20180420_100d
67,17,Three more martinis were sanding the chair.,No-Attraction Violation,0,1,Three more martinis were,sanding,0.40042913,WE,enwiki_20180420_100d
68,18,A package had been receiving by the secretary in the office.,Attraction Violation,1,1,A package had been,receiving,0.52435136,WE,enwiki_20180420_100d
69,18,A package had been received by the secretary in the office.,Passive Control,1,1,A package had been,received,0.4930668,WE,enwiki_20180420_100d
70,18,The secretary had been receiving flowers all day.,Active Control,1,0,The secretary had been,receiving,0.46241307,WE,enwiki_20180420_100d
71,18,The noises in the attic had been receiving assistance from the government.,No-Attraction Violation,0,1,The noises in the attic had been,receiving,0.48005822,WE,enwiki_20180420_100d
72,19,The club's rules had been violating Richard.,Attraction Violation,1,1,The club's rules had been,violating,0.53413695,WE,enwiki_20180420_100d
73,19,The club's rules had been violated only twice.,Passive Control,1,1,The club's rules had been,violated,0.58050305,WE,enwiki_20180420_100d
74,19,The rebel had been violating the rules.,Active Control,1,0,The rebel had been,violating,0.42262486,WE,enwiki_20180420_100d
75,19,Thirty pounds of potatoes had been violating only twice.,No-Attraction Violation,0,1,Thirty pounds of potatoes had been,violating,0.3963627,WE,enwiki_20180420_100d
76,20,A new medication had been prescribing the physician.,Attraction Violation,1,1,A new medication had been,prescribing,0.5943847,WE,enwiki_20180420_100d
77,20,A new medication had been prescribed by the physician.,Passive Control,1,1,A new medication had been,prescribed,0.57235444,WE,enwiki_20180420_100d
78,20,The new doctor had been prescribing powerful painkillers for Jelena's sore knee.,Active Control,1,0,The new doctor had been,prescribing,0.41416284,WE,enwiki_20180420_100d
79,20,The portrait of Napoleon had been prescribing with caution.,No-Attraction Violation,0,1,The portrait of Napoleon had been,prescribing,0.36282724,WE,enwiki_20180420_100d
80,21,The wheat crops had been harvesting by the local farmers.,Attraction Violation,1,1,The wheat crops had been,harvesting,0.63225603,WE,enwiki_20180420_100d
81,21,The wheat crops had been harvested after the rain.,Passive Control,1,1,The wheat crops had been,harvested,0.69752324,WE,enwiki_20180420_100d
82,21,The local farmers had been harvesting the corn all week.,Active Control,1,0,The local farmers had been,harvesting,0.4684089,WE,enwiki_20180420_100d
83,21,The elevator button had been harvesting after the rain.,No-Attraction Violation,0,1,The elevator button had been,harvesting,0.41844314,WE,enwiki_20180420_100d
84,22,The musical piece was composing by Beethoven in 1799.,Attraction Violation,1,1,The musical piece was,composing,0.6842195,WE,enwiki_20180420_100d
85,22,The musical piece was composed in a dream.,Passive Control,1,1,The musical piece was,composed,0.57703954,WE,enwiki_20180420_100d
86,22,Ludwig von Beethoven was composing symphonies as a teenager.,Active Control,1,0,Ludwig von Beethoven was,composing,0.4253902,WE,enwiki_20180420_100d
87,22,The bank had been composing in a dream.,No-Attraction Violation,0,1,The bank had been,composing,0.38078386,WE,enwiki_20180420_100d
88,23,The old lady's purse had been snatching a kid.,Attraction Violation,1,1,The old lady's purse had been,snatching,0.5435324,WE,enwiki_20180420_100d
89,23,The old lady's purse had been snatched with speed.,Passive Control,1,1,The old lady's purse had been,snatched,0.5583609,WE,enwiki_20180420_100d
90,23,The clever dog had been snatching cookies from the table.,Active Control,1,0,The clever dog had been,snatching,0.52262545,WE,enwiki_20180420_100d
91,23,The quality of Karla's work was snatching victory from the jaws of defeat.,No-Attraction Violation,0,1,The quality of Karla's work was,snatching,0.4259639,WE,enwiki_20180420_100d
92,24,Olson's bulging suitcase had been packing his assistant.,Attraction Violation,1,1,Olson's bulging suitcase had been,packing,0.54286873,WE,enwiki_20180420_100d
93,24,Olson's bulging suitcase had been packed for the trip.,Passive Control,1,1,Olson's bulging suitcase had been,packed,0.6024966,WE,enwiki_20180420_100d
94,24,The excited vacationers had been packing their suitcases when the hurricane hit.,Active Control,1,0,The excited vacationers had been,packing,0.44718376,WE,enwiki_20180420_100d
95,24,Stormy weather had been packing for the trip.,No-Attraction Violation,0,1,Stormy weather had been,packing,0.3530497,WE,enwiki_20180420_100d
96,25,Several spelling errors were noticing the careful editor.,Attraction Violation,1,1,Several spelling errors were,noticing,0.5014711,WE,enwiki_20180420_100d
97,25,Several spelling errors were noticed by the careful editor.,Passive Control,1,1,Several spelling errors were,noticed,0.5201205,WE,enwiki_20180420_100d
98,25,Brittany's close friends were noticing changes in her personality.,Active Control,1,0,Brittany's close friends were,noticing,0.51518565,WE,enwiki_20180420_100d
99,25,The final destination had been noticing too late.,No-Attraction Violation,0,1,The final destination had been,noticing,0.48848912,WE,enwiki_20180420_100d
100,26,An illegal weapon had been smuggling only once.,Attraction Violation,1,1,An illegal weapon had been,smuggling,0.62017715,WE,enwiki_20180420_100d
101,26,An illegal weapon had been smuggled only once.,Passive Control,1,1,An illegal weapon had been,smuggled,0.52174056,WE,enwiki_20180420_100d
102,26,The drug dealer had been smuggling heroin into Canada.,Active Control,1,0,The drug dealer had been,smuggling,0.65045106,WE,enwiki_20180420_100d
103,26,Cleopatra's beauty was smuggling only once.,No-Attraction Violation,0,1,Cleopatra's beauty was,smuggling,0.33504623,WE,enwiki_20180420_100d
104,27,The leftover food was discarding wastefully.,Attraction Violation,1,1,The leftover food was,discarding,0.49902275,WE,enwiki_20180420_100d
105,27,The leftover food was discarded wastefully.,Passive Control,1,1,The leftover food was,discarded,0.6538775,WE,enwiki_20180420_100d
106,27,The campers were discarding the leftover food.,Active Control,1,0,The campers were,discarding,0.414083,WE,enwiki_20180420_100d
107,27,The sleek new building was discarding wastefully.,No-Attraction Violation,0,1,The sleek new building was,discarding,0.46700147,WE,enwiki_20180420_100d
108,28,Thirty pounds of potatoes had been peeling by the cooks.,Attraction Violation,1,1,Thirty pounds of potatoes had been,peeling,0.46550122,WE,enwiki_20180420_100d
109,28,Thirty pounds of potatoes had been peeled carefully.,Passive Control,1,1,Thirty pounds of potatoes had been,peeled,0.5330687,WE,enwiki_20180420_100d
110,28,The bored looking cooks had been peeling potatoes for hours.,Active Control,1,0,The bored looking cooks had been,peeling,0.5065983,WE,enwiki_20180420_100d
111,28,The club's rules had been peeling the sticker off the box.,No-Attraction Violation,0,1,The club's rules had been,peeling,0.23774388,WE,enwiki_20180420_100d
112,29,The grimy pots and pans had been scrubbing the dishwashers.,Attraction Violation,1,1,The grimy pots and pans had been,scrubbing,0.61225915,WE,enwiki_20180420_100d
113,29,The grimy pots and pans had been scrubbed by the dishwashers.,Passive Control,1,1,The grimy pots and pans had been,scrubbed,0.5419126,WE,enwiki_20180420_100d
114,29,The guys in the kitchen had been scrubbing the pots and pans.,Active Control,1,0,The guys in the kitchen had been,scrubbing,0.47494417,WE,enwiki_20180420_100d
115,29,The stolen artwork had been scrubbing with vigor.,No-Attraction Violation,0,1,The stolen artwork had been,scrubbing,0.38903886,WE,enwiki_20180420_100d
116,30,The roast lamb had been carving by a servant.,Attraction Violation,1,1,The roast lamb had been,carving,0.50118524,WE,enwiki_20180420_100d
117,30,The roast lamb had been carved by a servant.,Passive Control,1,1,The roast lamb had been,carved,0.46566525,WE,enwiki_20180420_100d
118,30,The butcher had been carving the meat.,Active Control,1,0,The butcher had been,carving,0.41367722,WE,enwiki_20180420_100d
119,30,Janet's houseplants were carving before dinner.,No-Attraction Violation,0,1,Janet's houseplants were,carving,0.39571768,WE,enwiki_20180420_100d
120,31,Cleopatra's beauty was admiring many people.,Attraction Violation,1,1,Cleopatra's beauty was,admiring,0.5772797,WE,enwiki_20180420_100d
121,31,Cleopatra's beauty was admired always.,Passive Control,1,1,Cleopatra's beauty was,admired,0.47199777,WE,enwiki_20180420_100d
122,31,The men were admiring the beautiful woman from a distance.,Active Control,1,0,The men were,admiring,0.45632356,WE,enwiki_20180420_100d
123,31,An illegal weapon had been admiring always.,No-Attraction Violation,0,1,An illegal weapon had been,admiring,0.4482263,WE,enwiki_20180420_100d
124,32,A wet snowball had been tossing by the girls through the window.,Attraction Violation,1,1,A wet snowball had been,tossing,0.5117962,WE,enwiki_20180420_100d
125,32,A wet snowball had been tossed in anger.,Passive Control,1,1,A wet snowball had been,tossed,0.51846427,WE,enwiki_20180420_100d
126,32,The baseball players had been tossing the ball around the infield.,Active Control,1,0,The baseball players had been,tossing,0.4390068,WE,enwiki_20180420_100d
127,32,Their secret conversation had been tossing a steak on the grill.,No-Attraction Violation,0,1,Their secret conversation had been,tossing,0.44592997,WE,enwiki_20180420_100d
128,33,The sealed envelope was opening the judge.,Attraction Violation,1,1,The sealed envelope was,opening,0.5697451,WE,enwiki_20180420_100d
129,33,The sealed envelope was opened without permission.,Passive Control,1,1,The sealed envelope was,opened,0.43804365,WE,enwiki_20180420_100d
130,33,Tuxedoed waiters were opening bottles of champagne for the toast.,Active Control,1,0,Tuxedoed waiters were,opening,0.40666902,WE,enwiki_20180420_100d
131,33,The men's faces had been opening without permission.,No-Attraction Violation,0,1,The men's faces had been,opening,0.4488705,WE,enwiki_20180420_100d
132,34,The man's beard had been shaving twice a day.,Attraction Violation,1,1,The man's beard had been,shaving,0.4294651,WE,enwiki_20180420_100d
133,34,The man's beard had been shaved twice a day.,Passive Control,1,1,The man's beard had been,shaved,0.48023468,WE,enwiki_20180420_100d
134,34,His uncle Ralph had been shaving his beard off.,Active Control,1,0,His uncle Ralph had been,shaving,0.38900307,WE,enwiki_20180420_100d
135,34,The popular amusement park is shaving twice a day.,No-Attraction Violation,0,1,The popular amusement park is,shaving,0.35979486,WE,enwiki_20180420_100d
136,35,The elevator button had been pressing slowly.,Attraction Violation,1,1,The elevator button had been,pressing,0.6036705,WE,enwiki_20180420_100d
137,35,The elevator button had been pressed by the attendant.,Passive Control,1,1,The elevator button had been,pressed,0.63765866,WE,enwiki_20180420_100d
138,35,The attendant had been pressing the buttons.,Active Control,1,0,The attendant had been,pressing,0.39034703,WE,enwiki_20180420_100d
139,35,The wheat crops had been pressing slowly.,No-Attraction Violation,0,1,The wheat crops had been,pressing,0.4535997,WE,enwiki_20180420_100d
140,36,The winning lottery numbers had been announcing the TV news.,Attraction Violation,1,1,The winning lottery numbers had been,announcing,0.5190159,WE,enwiki_20180420_100d
141,36,The winning lottery numbers had been announced by the TV news.,Passive Control,1,1,The winning lottery numbers had been,announced,0.447625,WE,enwiki_20180420_100d
142,36,The flight attendant had been announcing the reason for the delay.,Active Control,1,0,The flight attendant had been,announcing,0.4977164,WE,enwiki_20180420_100d
143,36,The tarnished silverware was announcing on the television.,No-Attraction Violation,0,1,The tarnished silverware was,announcing,0.5369873,WE,enwiki_20180420_100d
144,37,The victim's body had been identifying at the morgue.,Attraction Violation,1,1,The victim's body had been,identifying,0.58507407,WE,enwiki_20180420_100d
145,37,The victim's body had been identified by the family members.,Passive Control,1,1,The victim's body had been,identified,0.59502375,WE,enwiki_20180420_100d
146,37,The laboratory technicians had been identifying the chemical.,Active Control,1,0,The laboratory technicians had been,identifying,0.5557331,WE,enwiki_20180420_100d
147,37,The movie was identifying rare fish for the divers.,No-Attraction Violation,0,1,The movie was,identifying,0.3953997,WE,enwiki_20180420_100d
148,38,The hearty meal was devouring by the kids.,Attraction Violation,1,1,The hearty meal was,devouring,0.46850586,WE,enwiki_20180420_100d
149,38,The hearty meal was devoured with gusto.,Passive Control,1,1,The hearty meal was,devoured,0.45144752,WE,enwiki_20180420_100d
150,38,The hungry boys were devouring the plate of cookies when Jack arrived.,Active Control,1,0,The hungry boys were,devouring,0.48679438,WE,enwiki_20180420_100d
151,38,The dusty tabletops were devouring with gusto.,No-Attraction Violation,0,1,The dusty tabletops were,devouring,0.47451088,WE,enwiki_20180420_100d
152,39,The overgrown shrubs were trimming regularly.,Attraction Violation,1,1,The overgrown shrubs were,trimming,0.5396324,WE,enwiki_20180420_100d
153,39,The overgrown shrubs were trimmed by a gardener.,Passive Control,1,1,The overgrown shrubs were,trimmed,0.5518767,WE,enwiki_20180420_100d
154,39,A gardener was trimming the overgrown shrubbery.,Active Control,1,0,A gardener was,trimming,0.41547412,WE,enwiki_20180420_100d
155,39,The alarm clock had been trimming regularly.,No-Attraction Violation,0,1,The alarm clock had been,trimming,0.4858764,WE,enwiki_20180420_100d
156,40,Wilson's unreasonable proposal was rejecting by the boss.,Attraction Violation,1,1,Wilson's unreasonable proposal was,rejecting,0.6526615,WE,enwiki_20180420_100d
157,40,Wilson's unreasonable proposal was rejected at the hospital.,Passive Control,1,1,Wilson's unreasonable proposal was,rejected,0.6574444,WE,enwiki_20180420_100d
158,40,The admissions committee was rejecting nearly every application.,Active Control,1,0,The admissions committee was,rejecting,0.51432884,WE,enwiki_20180420_100d
159,40,The rare bird's behavior was rejecting all offers.,No-Attraction Violation,0,1,The rare bird's behavior was,rejecting,0.49243742,WE,enwiki_20180420_100d
160,41,Hathaway's gigantic fortune had been inheriting by his daughters.,Attraction Violation,1,1,Hathaway's gigantic fortune had been,inheriting,0.44228587,WE,enwiki_20180420_100d
161,41,Hathaway's gigantic fortune had been inherited by his daughters.,Passive Control,1,1,Hathaway's gigantic fortune had been,inherited,0.4376577,WE,enwiki_20180420_100d
162,41,Generations of aristocratic Englishmen have been inheriting their fortunes.,Active Control,1,0,Generations of aristocratic Englishmen have been,inheriting,0.55709434,WE,enwiki_20180420_100d
163,41,The strange mystery had been inheriting the estate from her grandmother.,No-Attraction Violation,0,1,The strange mystery had been,inheriting,0.41743347,WE,enwiki_20180420_100d
164,42,All of her money had been spending before the wedding.,Attraction Violation,1,1,All of her money had been,spending,0.5783938,WE,enwiki_20180420_100d
165,42,All of her money had been spent before the wedding.,Passive Control,1,1,All of her money had been,spent,0.53897387,WE,enwiki_20180420_100d
166,42,The shopping fanatic had been spending all her money in Bloomingdales.,Active Control,1,0,The shopping fanatic had been,spending,0.4659013,WE,enwiki_20180420_100d
167,42,Patty's overgrown lawn was spending its time on the beach.,No-Attraction Violation,0,1,Patty's overgrown lawn was,spending,0.3296175,WE,enwiki_20180420_100d
168,43,An appointment was scheduling by the secretary.,Attraction Violation,1,1,An appointment was,scheduling,0.41353843,WE,enwiki_20180420_100d
169,43,An appointment was scheduled by the secretary.,Passive Control,1,1,An appointment was,scheduled,0.47070432,WE,enwiki_20180420_100d
170,43,The secretary was scheduling new appointments for the afternoon.,Active Control,1,0,The secretary was,scheduling,0.32358894,WE,enwiki_20180420_100d
171,43,The legal contract had been scheduling for next week.,No-Attraction Violation,0,1,The legal contract had been,scheduling,0.45330343,WE,enwiki_20180420_100d
172,44,The men's faces had been photographing by a security camera.,Attraction Violation,1,1,The men's faces had been,photographing,0.39110762,WE,enwiki_20180420_100d
173,44,The men's faces had been photographed by a security camera.,Passive Control,1,1,The men's faces had been,photographed,0.41351545,WE,enwiki_20180420_100d
174,44,The intrusive reporter had been photographing the celebrities at the party.,Active Control,1,0,The intrusive reporter had been,photographing,0.5379435,WE,enwiki_20180420_100d
175,44,The sealed envelope was photographing at the party.,No-Attraction Violation,0,1,The sealed envelope was,photographing,0.39131147,WE,enwiki_20180420_100d
176,45,The broken television had been repairing the technician.,Attraction Violation,1,1,The broken television had been,repairing,0.470386,WE,enwiki_20180420_100d
177,45,The broken television had been repaired by the technician.,Passive Control,1,1,The broken television had been,repaired,0.5665484,WE,enwiki_20180420_100d
178,45,The competent technician had been repairing the television.,Active Control,1,0,The competent technician had been,repairing,0.4700887,WE,enwiki_20180420_100d
179,45,Larry's note had been repairing the computer's hard drive.,No-Attraction Violation,0,1,Larry's note had been,repairing,0.33903998,WE,enwiki_20180420_100d
180,46,The alarm clock had been unplugging accidentally.,Attraction Violation,1,1,The alarm clock had been,unplugging,0.54119056,WE,enwiki_20180420_100d
181,46,The alarm clock had been unplugged late.,Passive Control,1,1,The alarm clock had been,unplugged,0.36769044,WE,enwiki_20180420_100d
182,46,The frantic woman had been unplugging every electrical device in the house.,Active Control,1,0,The frantic woman had been,unplugging,0.44043744,WE,enwiki_20180420_100d
183,46,The overgrown shrubs were unplugging accidentally.,No-Attraction Violation,0,1,The overgrown shrubs were,unplugging,0.3716537,WE,enwiki_20180420_100d
184,47,The car door had been unlocking late at night.,Attraction Violation,1,1,The car door had been,unlocking,0.43083227,WE,enwiki_20180420_100d
185,47,The car door had been unlocked by the child.,Passive Control,1,1,The car door had been,unlocked,0.50171185,WE,enwiki_20180420_100d
186,47,The babysitter had been unlocking the back door.,Active Control,1,0,The babysitter had been,unlocking,0.3421003,WE,enwiki_20180420_100d
187,47,The Queen's 80th birthday was unlocking late at night.,No-Attraction Violation,0,1,The Queen's 80th birthday was,unlocking,0.22614174,WE,enwiki_20180420_100d
188,48,The portrait of Napoleon had been painting by a Dutch artist.,Attraction Violation,1,1,The portrait of Napoleon had been,painting,0.58882636,WE,enwiki_20180420_100d
189,48,The portrait of Napoleon had been painted by a Dutch artist.,Passive Control,1,1,The portrait of Napoleon had been,painted,0.56199104,WE,enwiki_20180420_100d
190,48,The French Impressionist artists had been painting with a focus on light and color.,Active Control,1,0,The French Impressionist artists had been,painting,0.6206468,WE,enwiki_20180420_100d
191,48,A new medication had been painting on Tuesday.,No-Attraction Violation,0,1,A new medication had been,painting,0.3516539,WE,enwiki_20180420_100d
192,49,The embarrassing allegations had been denying by the mayor.,Attraction Violation,1,1,The embarrassing allegations had been,denying,0.68224186,WE,enwiki_20180420_100d
193,49,The embarrassing allegations had been denied by the mayor.,Passive Control,1,1,The embarrassing allegations had been,denied,0.70430267,WE,enwiki_20180420_100d
194,49,The embarassed mayor had been denying allegations of corruption.,Active Control,1,0,The embarassed mayor had been,denying,0.5447524,WE,enwiki_20180420_100d
195,49,Tamara's birthday gift had been denying the rumor.,No-Attraction Violation,0,1,Tamara's birthday gift had been,denying,0.5148201,WE,enwiki_20180420_100d
196,50,The noises in the attic had been hearing nightly.,Attraction Violation,1,1,The noises in the attic had been,hearing,0.52090174,WE,enwiki_20180420_100d
197,50,The noises in the attic had been heard by the boys.,Passive Control,1,1,The noises in the attic had been,heard,0.5836082,WE,enwiki_20180420_100d
198,50,The frightened campers had been hearing noises in the woods.,Active Control,1,0,The frightened campers had been,hearing,0.51456314,WE,enwiki_20180420_100d
199,50,A package had been hearing nightly.,No-Attraction Violation,0,1,A package had been,hearing,0.40080196,WE,enwiki_20180420_100d
200,51,The appetizers had been serving before the meal.,Attraction Violation,1,1,The appetizers had been,serving,0.51565695,WE,enwiki_20180420_100d
201,51,The appetizers had been served before the meal.,Passive Control,1,1,The appetizers had been,served,0.48567143,WE,enwiki_20180420_100d
202,51,The waiters had been serving the meal.,Active Control,1,0,The waiters had been,serving,0.48709244,WE,enwiki_20180420_100d
203,51,The final exams had been serving before the meal.,No-Attraction Violation,0,1,The final exams had been,serving,0.40789276,WE,enwiki_20180420_100d
204,52,Billy's unruly hair was combing his mother to one side.,Attraction Violation,1,1,Billy's unruly hair was,combing,0.6273575,WE,enwiki_20180420_100d
205,52,Billy's unruly hair was combed by his mother to one side.,Passive Control,1,1,Billy's unruly hair was,combed,0.64105237,WE,enwiki_20180420_100d
206,52,The patient barber was combing the boy's hair to one side.,Active Control,1,0,The patient barber was,combing,0.422705,WE,enwiki_20180420_100d
207,52,The girl's disease was combing the area for escaped prisoners.,No-Attraction Violation,0,1,The girl's disease was,combing,0.42563102,WE,enwiki_20180420_100d
208,53,A drawing of the house had been sketching again.,Attraction Violation,1,1,A drawing of the house had been,sketching,0.5244189,WE,enwiki_20180420_100d
209,53,A drawing of the house had been sketched again.,Passive Control,1,1,A drawing of the house had been,sketched,0.5890374,WE,enwiki_20180420_100d
210,53,An artist in the studio had been sketching the house.,Active Control,1,0,An artist in the studio had been,sketching,0.4827201,WE,enwiki_20180420_100d
211,53,The cheap products had been sketching again.,No-Attraction Violation,0,1,The cheap products had been,sketching,0.4010126,WE,enwiki_20180420_100d
212,54,The simple coffin was burying the villagers.,Attraction Violation,1,1,The simple coffin was,burying,0.57429457,WE,enwiki_20180420_100d
213,54,The simple coffin was buried at the church.,Passive Control,1,1,The simple coffin was,buried,0.45985204,WE,enwiki_20180420_100d
214,54,The tribal people were burying their dead.,Active Control,1,0,The tribal people were,burying,0.42158368,WE,enwiki_20180420_100d
215,54,The vocabulary list was burying at the church.,No-Attraction Violation,0,1,The vocabulary list was,burying,0.40692058,WE,enwiki_20180420_100d
216,55,The homicide case had been investigating diligently.,Attraction Violation,1,1,The homicide case had been,investigating,0.67350143,WE,enwiki_20180420_100d
217,55,The homicide case had been investigated by the FBI.,Passive Control,1,1,The homicide case had been,investigated,0.6686047,WE,enwiki_20180420_100d
218,55,The FBI agents had been investigating the homicide case for weeks.,Active Control,1,0,The FBI agents had been,investigating,0.701872,WE,enwiki_20180420_100d
219,55,Martin's tonsils had been investigating the problem.,No-Attraction Violation,0,1,Martin's tonsils had been,investigating,0.43138242,WE,enwiki_20180420_100d
220,56,Mark's wrinkly shirts were ironing by his mother.,Attraction Violation,1,1,Mark's wrinkly shirts were,ironing,0.54586077,WE,enwiki_20180420_100d
221,56,Mark's wrinkly shirts were ironed by his mother.,Passive Control,1,1,Mark's wrinkly shirts were,ironed,0.63435704,WE,enwiki_20180420_100d
222,56,Mark's doting mother was ironing his shirts while he slept.,Active Control,1,0,Mark's doting mother was,ironing,0.44892624,WE,enwiki_20180420_100d
223,56,The firewood had been ironing her dress.,No-Attraction Violation,0,1,The firewood had been,ironing,0.46996054,WE,enwiki_20180420_100d
224,57,An important lesson had been learning in space.,Attraction Violation,1,1,An important lesson had been,learning,0.49912316,WE,enwiki_20180420_100d
225,57,An important lesson had been learned in space.,Passive Control,1,1,An important lesson had been,learned,0.62594426,WE,enwiki_20180420_100d
226,57,The children had been learning Spanish.,Active Control,1,0,The children had been,learning,0.46755862,WE,enwiki_20180420_100d
227,57,The bathroom floor had been learning in space.,No-Attraction Violation,0,1,The bathroom floor had been,learning,0.3536687,WE,enwiki_20180420_100d
228,58,The height of the bookcase was measuring by a carpenter.,Attraction Violation,1,1,The height of the bookcase was,measuring,0.52899814,WE,enwiki_20180420_100d
229,58,The height of the bookcase was measured incorrectly.,Passive Control,1,1,The height of the bookcase was,measured,0.4841336,WE,enwiki_20180420_100d
230,58,The carpenter was measuring the height of the bookcase.,Active Control,1,0,The carpenter was,measuring,0.34919623,WE,enwiki_20180420_100d
231,58,An urgent message had been measuring her heart rate.,No-Attraction Violation,0,1,An urgent message had been,measuring,0.38601252,WE,enwiki_20180420_100d
232,59,Several important topics were discussing despite the weather.,Attraction Violation,1,1,Several important topics were,discussing,0.66939443,WE,enwiki_20180420_100d
233,59,Several important topics were discussed by the board of trustees.,Passive Control,1,1,Several important topics were,discussed,0.66073817,WE,enwiki_20180420_100d
234,59,The board members were discussing several important topics.,Active Control,1,0,The board members were,discussing,0.47580057,WE,enwiki_20180420_100d
235,59,"The fresh, warm bread was discussing despite the weather.",No-Attraction Violation,0,1,"The fresh, warm bread was",discussing,0.4532863,WE,enwiki_20180420_100d
236,60,The dusty tabletops were wiping thoroughly.,Attraction Violation,1,1,The dusty tabletops were,wiping,0.5662252,WE,enwiki_20180420_100d
237,60,The dusty tabletops were wiped thoroughly.,Passive Control,1,1,The dusty tabletops were,wiped,0.45237455,WE,enwiki_20180420_100d
238,60,The tired busboy was wiping for hours.,Active Control,1,0,The tired busboy was,wiping,0.4729209,WE,enwiki_20180420_100d
239,60,The hearty meal was wiping thoroughly.,No-Attraction Violation,0,1,The hearty meal was,wiping,0.39300868,WE,enwiki_20180420_100d
240,61,A tiny spy camera was concealing by the agent inside a flowerpot.,Attraction Violation,1,1,A tiny spy camera was,concealing,0.54326177,WE,enwiki_20180420_100d
241,61,A tiny spy camera was concealed by the agent inside a flowerpot.,Passive Control,1,1,A tiny spy camera was,concealed,0.5679223,WE,enwiki_20180420_100d
242,61,The sneaky lawyer was concealing the truth.,Active Control,1,0,The sneaky lawyer was,concealing,0.48464218,WE,enwiki_20180420_100d
243,61,A faint light was concealing their identity.,No-Attraction Violation,0,1,A faint light was,concealing,0.50409794,WE,enwiki_20180420_100d
244,62,"The fresh, warm bread was slicing by the baker into halves.",Attraction Violation,1,1,"The fresh, warm bread was",slicing,0.50973743,WE,enwiki_20180420_100d
245,62,"The fresh, warm bread was sliced with love.",Passive Control,1,1,"The fresh, warm bread was",sliced,0.6584976,WE,enwiki_20180420_100d
246,62,The chef's assistants were slicing the mushrooms for a pie.,Active Control,1,0,The chef's assistants were,slicing,0.41519064,WE,enwiki_20180420_100d
247,62,Several important topics were slicing with love.,No-Attraction Violation,0,1,Several important topics were,slicing,0.39451084,WE,enwiki_20180420_100d
248,63,The tarnished silverware was polishing by the butler.,Attraction Violation,1,1,The tarnished silverware was,polishing,0.5326955,WE,enwiki_20180420_100d
249,63,The tarnished silverware was polished by the butler.,Passive Control,1,1,The tarnished silverware was,polished,0.6135434,WE,enwiki_20180420_100d
250,63,The thorough butler was polishing the doorknobs.,Active Control,1,0,The thorough butler was,polishing,0.412721,WE,enwiki_20180420_100d
251,63,The winning lottery numbers had been polishing his shoes.,No-Attraction Violation,0,1,The winning lottery numbers had been,polishing,0.34135976,WE,enwiki_20180420_100d
252,64,Poisonous fumes had been inhaling the firefighters.,Attraction Violation,1,1,Poisonous fumes had been,inhaling,0.7723857,WE,enwiki_20180420_100d
253,64,Poisonous fumes had been inhaled by the firefighters.,Passive Control,1,1,Poisonous fumes had been,inhaled,0.7257503,WE,enwiki_20180420_100d
254,64,The firefighters had been inhaling the smoke.,Active Control,1,0,The firefighters had been,inhaling,0.4196188,WE,enwiki_20180420_100d
255,64,The man's signature was inhaling during the fire.,No-Attraction Violation,0,1,The man's signature was,inhaling,0.3238345,WE,enwiki_20180420_100d
256,65,A genetic mutation was discovering the scientists.,Attraction Violation,1,1,A genetic mutation was,discovering,0.5257131,WE,enwiki_20180420_100d
257,65,A genetic mutation was discovered suddenly.,Passive Control,1,1,A genetic mutation was,discovered,0.47252986,WE,enwiki_20180420_100d
258,65,The excited explorers were discovering ancient artifacts everywhere they looked.,Active Control,1,0,The excited explorers were,discovering,0.60695773,WE,enwiki_20180420_100d
259,65,The pizza had been discovering new methods for making dough.,No-Attraction Violation,0,1,The pizza had been,discovering,0.4812645,WE,enwiki_20180420_100d
260,66,The Queen's 80th birthday was celebrating expensively.,Attraction Violation,1,1,The Queen's 80th birthday was,celebrating,0.6839075,WE,enwiki_20180420_100d
261,66,The Queen's 80th birthday was celebrated by thousands of people in the streets.,Passive Control,1,1,The Queen's 80th birthday was,celebrated,0.6317927,WE,enwiki_20180420_100d
262,66,Thousands of excited fans were celebrating the Superbowl victory in the streets.,Active Control,1,0,Thousands of excited fans were,celebrating,0.5625111,WE,enwiki_20180420_100d
263,66,The car door had been celebrating her promotion.,No-Attraction Violation,0,1,The car door had been,celebrating,0.34977126,WE,enwiki_20180420_100d
264,67,The diagram on the chalkboard had been erasing Mrs. Larson.,Attraction Violation,1,1,The diagram on the chalkboard had been,erasing,0.53269726,WE,enwiki_20180420_100d
265,67,The diagram on the chalkboard had been erased by Mrs. Larson.,Passive Control,1,1,The diagram on the chalkboard had been,erased,0.542098,WE,enwiki_20180420_100d
266,67,Mrs. Larson had been erasing the chalkboard.,Active Control,1,0,Mrs. Larson had been,erasing,0.35427114,WE,enwiki_20180420_100d
267,67,Food for the homeless had been erasing over and over.,No-Attraction Violation,0,1,Food for the homeless had been,erasing,0.42788115,WE,enwiki_20180420_100d
268,68,The movie was directing Steven Spielberg.,Attraction Violation,1,1,The movie was,directing,0.63845277,WE,enwiki_20180420_100d
269,68,The movie was directed professionally.,Passive Control,1,1,The movie was,directed,0.5534122,WE,enwiki_20180420_100d
270,68,Steven Spielberg was directing another blockbuster.,Active Control,1,0,Steven Spielberg was,directing,0.5778235,WE,enwiki_20180420_100d
271,68,The victim's body had been directing the police.,No-Attraction Violation,0,1,The victim's body had been,directing,0.43722168,WE,enwiki_20180420_100d
272,69,Theresa's birthday gift had been wrapping yesterday.,Attraction Violation,1,1,Theresa's birthday gift had been,wrapping,0.48392972,WE,enwiki_20180420_100d
273,69,Theresa's birthday gift had been wrapped yesterday.,Passive Control,1,1,Theresa's birthday gift had been,wrapped,0.47010535,WE,enwiki_20180420_100d
274,69,Theresa's loving grandmother had been wrapping the presents.,Active Control,1,0,Theresa's loving grandmother had been,wrapping,0.40874538,WE,enwiki_20180420_100d
275,69,The embarrassing allegations had been wrapping yesterday.,No-Attraction Violation,0,1,The embarrassing allegations had been,wrapping,0.39834458,WE,enwiki_20180420_100d
276,70,The popular amusement park is visiting by millions of tourists eh year.,Attraction Violation,1,1,The popular amusement park is,visiting,0.4574903,WE,enwiki_20180420_100d
277,70,The popular amusement park is visited daily.,Passive Control,1,1,The popular amusement park is,visited,0.47372812,WE,enwiki_20180420_100d
278,70,The tourists had been visiting the amusement park in the morning.,Active Control,1,0,The tourists had been,visiting,0.6223324,WE,enwiki_20180420_100d
279,70,The man's beard had been visiting a friend in the hospital.,No-Attraction Violation,0,1,The man's beard had been,visiting,0.47689128,WE,enwiki_20180420_100d
280,71,Ten new trees had been planting on dry land.,Attraction Violation,1,1,Ten new trees had been,planting,0.58853495,WE,enwiki_20180420_100d
281,71,Ten new trees had been planted by the Forestry Service.,Passive Control,1,1,Ten new trees had been,planted,0.6142186,WE,enwiki_20180420_100d
282,71,The forestry workers had been planting cedar saplings on the hillside.,Active Control,1,0,The forestry workers had been,planting,0.56168085,WE,enwiki_20180420_100d
283,71,The sin had been planting doubt in her mind.,No-Attraction Violation,0,1,The sin had been,planting,0.4117365,WE,enwiki_20180420_100d
284,72,Food for the homeless had been donating neighborhood residents.,Attraction Violation,1,1,Food for the homeless had been,donating,0.54132575,WE,enwiki_20180420_100d
285,72,Food for the homeless had been donated many times.,Passive Control,1,1,Food for the homeless had been,donated,0.48620662,WE,enwiki_20180420_100d
286,72,The wealthy American philanthropist had been donating money to Romanian orphanages.,Active Control,1,0,The wealthy American philanthropist had been,donating,0.52070475,WE,enwiki_20180420_100d
287,72,The diagram on the chalkboard had been donating blood.,No-Attraction Violation,0,1,The diagram on the chalkboard had been,donating,0.4250188,WE,enwiki_20180420_100d
288,73,The rare bird's behavior was observing by the biologists.,Attraction Violation,1,1,The rare bird's behavior was,observing,0.6234766,WE,enwiki_20180420_100d
289,73,The rare bird's behavior was observed by the biologists.,Passive Control,1,1,The rare bird's behavior was,observed,0.65998316,WE,enwiki_20180420_100d
290,73,The excited bird watchers were observing the rare eagle.,Active Control,1,0,The excited bird watchers were,observing,0.6787383,WE,enwiki_20180420_100d
291,73,Wilson's unreasonable proposal was observing the stars.,No-Attraction Violation,0,1,Wilson's unreasonable proposal was,observing,0.49757802,WE,enwiki_20180420_100d
292,74,Stormy weather had been forecasting by the weatherman.,Attraction Violation,1,1,Stormy weather had been,forecasting,0.5281728,WE,enwiki_20180420_100d
293,74,Stormy weather had been forecasted by the weatherman.,Passive Control,1,1,Stormy weather had been,forecasted,0.48735827,WE,enwiki_20180420_100d
294,74,The weather service had been forecasting snow for the mountain areas.,Active Control,1,0,The weather service had been,forecasting,0.5102488,WE,enwiki_20180420_100d
295,74,Olson's bulging suitcase had been forecasting correctly.,No-Attraction Violation,0,1,Olson's bulging suitcase had been,forecasting,0.26669076,WE,enwiki_20180420_100d
296,75,The tragic mistake was regretting by Erika for many years.,Attraction Violation,1,1,The tragic mistake was,regretting,0.71771395,WE,enwiki_20180420_100d
297,75,The tragic mistake was regretted years later.,Passive Control,1,1,The tragic mistake was,regretted,0.65416557,WE,enwiki_20180420_100d
298,75,Erika was regretting the mistake.,Active Control,1,0,Erika was,regretting,0.43723467,WE,enwiki_20180420_100d
299,75,The library books had been regretting their behavior.,No-Attraction Violation,0,1,The library books had been,regretting,0.4748519,WE,enwiki_20180420_100d
300,76,The stolen artwork had been seizing without warning.,Attraction Violation,1,1,The stolen artwork had been,seizing,0.45295376,WE,enwiki_20180420_100d
301,76,The stolen artwork had been seized by the border police.,Passive Control,1,1,The stolen artwork had been,seized,0.52150375,WE,enwiki_20180420_100d
302,76,The police had been seizing shipments of drugs at the border.,Active Control,1,0,The police had been,seizing,0.4697562,WE,enwiki_20180420_100d
303,76,The grimy pots and pans had been seizing without warning.,No-Attraction Violation,0,1,The grimy pots and pans had been,seizing,0.4879885,WE,enwiki_20180420_100d
304,77,The value of the jewels was estimating the dealer.,Attraction Violation,1,1,The value of the jewels was,estimating,0.5268721,WE,enwiki_20180420_100d
305,77,The value of the jewels was estimated by the dealer.,Passive Control,1,1,The value of the jewels was,estimated,0.4921558,WE,enwiki_20180420_100d
306,77,The jewel expert was estimating the value of the diamond.,Active Control,1,0,The jewel expert was,estimating,0.42689997,WE,enwiki_20180420_100d
307,77,The useful new gadget had been estimating professionally.,No-Attraction Violation,0,1,The useful new gadget had been,estimating,0.5203374,WE,enwiki_20180420_100d
308,78,Larry's note had been scribbling his wife.,Attraction Violation,1,1,Larry's note had been,scribbling,0.40644184,WE,enwiki_20180420_100d
309,78,Larry's note had been scribbled with haste.,Passive Control,1,1,Larry's note had been,scribbled,0.4603304,WE,enwiki_20180420_100d
310,78,Larry's wife had been scribbling a note to him about dinner plans.,Active Control,1,0,Larry's wife had been,scribbling,0.3844822,WE,enwiki_20180420_100d
311,78,The broken television had been scribbling his thoughts on a napkin.,No-Attraction Violation,0,1,The broken television had been,scribbling,0.3692348,WE,enwiki_20180420_100d
312,79,Carrie's morning meeting was canceling as expected.,Attraction Violation,1,1,Carrie's morning meeting was,canceling,0.55091715,WE,enwiki_20180420_100d
313,79,Carrie's morning meeting was canceled by the boss.,Passive Control,1,1,Carrie's morning meeting was,canceled,0.5495309,WE,enwiki_20180420_100d
314,79,Carrie had been canceling all of her meetings.,Active Control,1,0,Carrie had been,canceling,0.43519765,WE,enwiki_20180420_100d
315,79,The bubblegum had been canceling as expected.,No-Attraction Violation,0,1,The bubblegum had been,canceling,0.5391622,WE,enwiki_20180420_100d
316,80,The girl's disease was curing a simple treatment.,Attraction Violation,1,1,The girl's disease was,curing,0.5124088,WE,enwiki_20180420_100d
317,80,The girl's disease was cured by a simple treatment.,Passive Control,1,1,The girl's disease was,cured,0.4851807,WE,enwiki_20180420_100d
318,80,The foreign doctors were curing hundreds of villagers of malaria.,Active Control,1,0,The foreign doctors were,curing,0.36718482,WE,enwiki_20180420_100d
319,80,Billy's unruly hair was curing his cold.,No-Attraction Violation,0,1,Billy's unruly hair was,curing,0.4683904,WE,enwiki_20180420_100d
320,81,Janet's houseplants were watering too much.,Attraction Violation,1,1,Janet's houseplants were,watering,0.56980395,WE,enwiki_20180420_100d
321,81,Janet's houseplants were watered by her neighbor.,Passive Control,1,1,Janet's houseplants were,watered,0.4778158,WE,enwiki_20180420_100d
322,81,The gardener was watering the plants.,Active Control,1,0,The gardener was,watering,0.45651266,WE,enwiki_20180420_100d
323,81,The roast lamb had been watering too much.,No-Attraction Violation,0,1,The roast lamb had been,watering,0.4507176,WE,enwiki_20180420_100d
324,82,The useful new gadget had been inventing by a bored waiter.,Attraction Violation,1,1,The useful new gadget had been,inventing,0.57775134,WE,enwiki_20180420_100d
325,82,The useful new gadget had been invented by a bored waiter.,Passive Control,1,1,The useful new gadget had been,invented,0.5299312,WE,enwiki_20180420_100d
326,82,The resourceful engineers had been inventing tiny new devices.,Active Control,1,0,The resourceful engineers had been,inventing,0.5478369,WE,enwiki_20180420_100d
327,82,The value of the jewels was inventing the digital computer.,No-Attraction Violation,0,1,The value of the jewels was,inventing,0.4496202,WE,enwiki_20180420_100d
328,83,The phone bill had been paying his roommate.,Attraction Violation,1,1,The phone bill had been,paying,0.53536266,WE,enwiki_20180420_100d
329,83,The phone bill had been paid quickly.,Passive Control,1,1,The phone bill had been,paid,0.5399232,WE,enwiki_20180420_100d
330,83,Juan and Perry had been paying too much for their apartment.,Active Control,1,0,Juan and Perry had been,paying,0.42606086,WE,enwiki_20180420_100d
331,83,"The dark, underwater cave was paying attention to the divers.",No-Attraction Violation,0,1,"The dark, underwater cave was",paying,0.32418585,WE,enwiki_20180420_100d
332,84,The man's signature was forging the lawyers.,Attraction Violation,1,1,The man's signature was,forging,0.4047682,WE,enwiki_20180420_100d
333,84,The man's signature was forged by the lawyers.,Passive Control,1,1,The man's signature was,forged,0.44302592,WE,enwiki_20180420_100d
334,84,The con artists were forging the signatures on checks.,Active Control,1,0,The con artists were,forging,0.45458597,WE,enwiki_20180420_100d
335,84,Poisonous fumes had been forging very well.,No-Attraction Violation,0,1,Poisonous fumes had been,forging,0.42502546,WE,enwiki_20180420_100d
336,85,The bank had been robbing two masked men.,Attraction Violation,1,1,The bank had been,robbing,0.48388478,WE,enwiki_20180420_100d
337,85,The bank had been robbed repeatedly.,Passive Control,1,1,The bank had been,robbed,0.5648031,WE,enwiki_20180420_100d
338,85,The clever burglars had been robbing houses in broad daylight.,Active Control,1,0,The clever burglars had been,robbing,0.6151144,WE,enwiki_20180420_100d
339,85,The musical piece was robbing repeatedly.,No-Attraction Violation,0,1,The musical piece was,robbing,0.3601151,WE,enwiki_20180420_100d
340,86,An urgent message had been sending by the ambassador to the President.,Attraction Violation,1,1,An urgent message had been,sending,0.5969901,WE,enwiki_20180420_100d
341,86,An urgent message had been sent again.,Passive Control,1,1,An urgent message had been,sent,0.5258045,WE,enwiki_20180420_100d
342,86,The Prime Minister had been sending urgent messages to her Ambassador.,Active Control,1,0,The Prime Minister had been,sending,0.39956152,WE,enwiki_20180420_100d
343,86,The height of the bookcase was sending mixed signals to the carpenter.,No-Attraction Violation,0,1,The height of the bookcase was,sending,0.47089598,WE,enwiki_20180420_100d
344,87,The sleek new building was designing a team of German architects.,Attraction Violation,1,1,The sleek new building was,designing,0.63928956,WE,enwiki_20180420_100d
345,87,The sleek new building was designed by a team of German architects.,Passive Control,1,1,The sleek new building was,designed,0.6104278,WE,enwiki_20180420_100d
346,87,A team of architects had been designing the new building.,Active Control,1,0,A team of architects had been,designing,0.57100534,WE,enwiki_20180420_100d
347,87,The leftover food was designing with flair.,No-Attraction Violation,0,1,The leftover food was,designing,0.47898346,WE,enwiki_20180420_100d
348,88,The final exams had been grading in school.,Attraction Violation,1,1,The final exams had been,grading,0.5017278,WE,enwiki_20180420_100d
349,88,The final exams had been graded in school.,Passive Control,1,1,The final exams had been,graded,0.5531525,WE,enwiki_20180420_100d
350,88,The professor had been grading the final exams until 4 AM.,Active Control,1,0,The professor had been,grading,0.3432184,WE,enwiki_20180420_100d
351,88,The appetizers had been grading Iverson's students.,No-Attraction Violation,0,1,The appetizers had been,grading,0.37527838,WE,enwiki_20180420_100d
352,89,The final destination had been reaching too late.,Attraction Violation,1,1,The final destination had been,reaching,0.60043603,WE,enwiki_20180420_100d
353,89,The final destination had been reached too late.,Passive Control,1,1,The final destination had been,reached,0.60462034,WE,enwiki_20180420_100d
354,89,The curious child had been reaching for the cup on the table.,Active Control,1,0,The curious child had been,reaching,0.40130225,WE,enwiki_20180420_100d
355,89,Several spelling errors were reaching too late.,No-Attraction Violation,0,1,Several spelling errors were,reaching,0.3503788,WE,enwiki_20180420_100d
356,90,A faint light was perceiving by the rescue workers.,Attraction Violation,1,1,A faint light was,perceiving,0.4999526,WE,enwiki_20180420_100d
357,90,A faint light was perceived underwater.,Passive Control,1,1,A faint light was,perceived,0.47400168,WE,enwiki_20180420_100d
358,90,The worried pilot was perceiving a rattling sound in the jet's engine.,Active Control,1,0,The worried pilot was,perceiving,0.48042968,WE,enwiki_20180420_100d
359,90,A tiny spy camera was perceiving underwater.,No-Attraction Violation,0,1,A tiny spy camera was,perceiving,0.44859898,WE,enwiki_20180420_100d
360,91,The bubblegum had been chewing by the boy.,Attraction Violation,1,1,The bubblegum had been,chewing,0.45712438,WE,enwiki_20180420_100d
361,91,The bubblegum had been chewed by the boy.,Passive Control,1,1,The bubblegum had been,chewed,0.49322483,WE,enwiki_20180420_100d
362,91,The hungry dog had been chewing a bone.,Active Control,1,0,The hungry dog had been,chewing,0.4944983,WE,enwiki_20180420_100d
363,91,Carrie's morning meeting was chewing for a long time.,No-Attraction Violation,0,1,Carrie's morning meeting was,chewing,0.31459767,WE,enwiki_20180420_100d
364,92,Martin's tonsils had been removing at the hospital.,Attraction Violation,1,1,Martin's tonsils had been,removing,0.4810054,WE,enwiki_20180420_100d
365,92,Martin's tonsils had been removed at the hospital.,Passive Control,1,1,Martin's tonsils had been,removed,0.5797474,WE,enwiki_20180420_100d
366,92,The surgeon had been removing the cancerous growth.,Active Control,1,0,The surgeon had been,removing,0.5116645,WE,enwiki_20180420_100d
367,92,The homicide case had been removing at the hospital.,No-Attraction Violation,0,1,The homicide case had been,removing,0.5259283,WE,enwiki_20180420_100d
368,93,Mother Theresa's death was mourning millions of people.,Attraction Violation,1,1,Mother Theresa's death was,mourning,0.5294307,WE,enwiki_20180420_100d
369,93,Mother Theresa's death was mourned by millions of people.,Passive Control,1,1,Mother Theresa's death was,mourned,0.6435276,WE,enwiki_20180420_100d
370,93,The black-clad women were mourning the death of their brother.,Active Control,1,0,The black-clad women were,mourning,0.42051798,WE,enwiki_20180420_100d
371,93,Lisa's phone had been mourning the loss of a loved one.,No-Attraction Violation,0,1,Lisa's phone had been,mourning,0.28007784,WE,enwiki_20180420_100d
372,94,The bathroom floor had been mopping by a janitor.,Attraction Violation,1,1,The bathroom floor had been,mopping,0.47657368,WE,enwiki_20180420_100d
373,94,The bathroom floor had been mopped in the past.,Passive Control,1,1,The bathroom floor had been,mopped,0.4820421,WE,enwiki_20180420_100d
374,94,The school janitor had been mopping the bathroom.,Active Control,1,0,The school janitor had been,mopping,0.37322274,WE,enwiki_20180420_100d
375,94,An important lesson had been mopping in the past.,No-Attraction Violation,0,1,An important lesson had been,mopping,0.35233268,WE,enwiki_20180420_100d
376,95,The sin had been confessing by the repentant Catholic.,Attraction Violation,1,1,The sin had been,confessing,0.48838982,WE,enwiki_20180420_100d
377,95,The sin had been confessed on Sunday.,Passive Control,1,1,The sin had been,confessed,0.546202,WE,enwiki_20180420_100d
378,95,The repentant Catholic had been confessing his sins.,Active Control,1,0,The repentant Catholic had been,confessing,0.64014775,WE,enwiki_20180420_100d
379,95,Ten new trees had been confessing on Sunday.,No-Attraction Violation,0,1,Ten new trees had been,confessing,0.3816686,WE,enwiki_20180420_100d
380,96,The strange mystery had been solving the detectives.,Attraction Violation,1,1,The strange mystery had been,solving,0.47718477,WE,enwiki_20180420_100d
381,96,The strange mystery had been solved at the station.,Passive Control,1,1,The strange mystery had been,solved,0.53203166,WE,enwiki_20180420_100d
382,96,The brilliant detective had been solving mysterious crimes for two decades.,Active Control,1,0,The brilliant detective had been,solving,0.45378447,WE,enwiki_20180420_100d
383,96,Hathaway's gigantic fortune had been solving at the station.,No-Attraction Violation,0,1,Hathaway's gigantic fortune had been,solving,0.33985388,WE,enwiki_20180420_100d
0,1,The murder had been witnessing by the three bystanders,Attraction Violation,1,1,The murder had been,witnessing,0.43728194,WE,enwiki_20180420_300d
1,1,The murder had been witnessed in the dark.,Passive Control,1,1,The murder had been,witnessed,0.50376815,WE,enwiki_20180420_300d
2,1,The bystanders had been witnessing the crime.,Active Control,1,0,The bystanders had been,witnessing,0.45708537,WE,enwiki_20180420_300d
3,1,The unpleasant cough syrup was witnessing in the dark.,No-Attraction Violation,0,1,The unpleasant cough syrup was,witnessing,0.38734004,WE,enwiki_20180420_300d
4,2,Patty's overgrown lawn was mowing the boy next door.,Attraction Violation,1,1,Patty's overgrown lawn was,mowing,0.52767473,WE,enwiki_20180420_300d
5,2,Patty's overgrown lawn was mowed only last week.,Passive Control,1,1,Patty's overgrown lawn was,mowed,0.50931317,WE,enwiki_20180420_300d
6,2,Patty's teenage son was mowing the lawn.,Active Control,1,0,Patty's teenage son was,mowing,0.18148673,WE,enwiki_20180420_300d
7,2,All of her money had been mowing the grass.,No-Attraction Violation,0,1,All of her money had been,mowing,0.30321655,WE,enwiki_20180420_300d
8,3,Three more martinis were ordering by Laurie's sister.,Attraction Violation,1,1,Three more martinis were,ordering,0.3453706,WE,enwiki_20180420_300d
9,3,Three more martinis were ordered repeatedly.,Passive Control,1,1,Three more martinis were,ordered,0.27004734,WE,enwiki_20180420_300d
10,3,"The regular customers were ordering quiche, as usual.",Active Control,1,0,The regular customers were,ordering,0.42593622,WE,enwiki_20180420_300d
11,3,The rough part of the wood was ordering late.,No-Attraction Violation,0,1,The rough part of the wood was,ordering,0.31030673,WE,enwiki_20180420_300d
12,4,The quality of Karla's work was evaluating frequently.,Attraction Violation,1,1,The quality of Karla's work was,evaluating,0.43886012,WE,enwiki_20180420_300d
13,4,The quality of Karla's work was evaluated frequently.,Passive Control,1,1,The quality of Karla's work was,evaluated,0.39439148,WE,enwiki_20180420_300d
14,4,The engineers were evaluating the success of the new device.,Active Control,1,0,The engineers were,evaluating,0.36420667,WE,enwiki_20180420_300d
15,4,The old lady's purse had been evaluating Nelson's idea.,No-Attraction Violation,0,1,The old lady's purse had been,evaluating,0.26685393,WE,enwiki_20180420_300d
16,5,The legal contract had been signing falsely.,Attraction Violation,1,1,The legal contract had been,signing,0.46670762,WE,enwiki_20180420_300d
17,5,The legal contract had been signed by the family.,Passive Control,1,1,The legal contract had been,signed,0.46204934,WE,enwiki_20180420_300d
18,5,The state's governor had been signing new legislation.,Active Control,1,0,The state's governor had been,signing,0.2913957,WE,enwiki_20180420_300d
19,5,An appointment was signing falsely.,No-Attraction Violation,0,1,An appointment was,signing,0.38154098,WE,enwiki_20180420_300d
20,6,The vocabulary list was memorizing well.,Attraction Violation,1,1,The vocabulary list was,memorizing,0.39668292,WE,enwiki_20180420_300d
21,6,The vocabulary list was memorized well.,Passive Control,1,1,The vocabulary list was,memorized,0.40177402,WE,enwiki_20180420_300d
22,6,The medical students were memorizing sample exam questions all night.,Active Control,1,0,The medical students were,memorizing,0.33839867,WE,enwiki_20180420_300d
23,6,The simple coffin was memorizing the lines of the poem.,No-Attraction Violation,0,1,The simple coffin was,memorizing,0.32188392,WE,enwiki_20180420_300d
24,7,The firewood had been chopping poorly.,Attraction Violation,1,1,The firewood had been,chopping,0.4510986,WE,enwiki_20180420_300d
25,7,The firewood had been chopped by Jen's grandfather.,Passive Control,1,1,The firewood had been,chopped,0.42065844,WE,enwiki_20180420_300d
26,7,Jen's grandfather had been chopping the firewood.,Active Control,1,0,Jen's grandfather had been,chopping,0.27077958,WE,enwiki_20180420_300d
27,7,Mark's wrinkly shirts were chopping vegetables.,No-Attraction Violation,0,1,Mark's wrinkly shirts were,chopping,0.35018507,WE,enwiki_20180420_300d
28,8,Lisa's phone had been disconnecting last month.,Attraction Violation,1,1,Lisa's phone had been,disconnecting,0.3285775,WE,enwiki_20180420_300d
29,8,Lisa's phone had been disconnected last month.,Passive Control,1,1,Lisa's phone had been,disconnected,0.3944749,WE,enwiki_20180420_300d
30,8,The electrician had been disconnecting the machine's power source.,Active Control,1,0,The electrician had been,disconnecting,0.3271377,WE,enwiki_20180420_300d
31,8,Mother Theresa's death was disconnecting the two cables.,No-Attraction Violation,0,1,Mother Theresa's death was,disconnecting,0.28600177,WE,enwiki_20180420_300d
32,9,Wendy's muddy car was washing the boys.,Attraction Violation,1,1,Wendy's muddy car was,washing,0.37428415,WE,enwiki_20180420_300d
33,9,Wendy's muddy car was washed wearily.,Passive Control,1,1,Wendy's muddy car was,washed,0.37965026,WE,enwiki_20180420_300d
34,9,Wendy and Harriet were washing the muddy car.,Active Control,1,0,Wendy and Harriet were,washing,0.29505652,WE,enwiki_20180420_300d
35,9,Frank's loan application had been washing the used pencil.,No-Attraction Violation,0,1,Frank's loan application had been,washing,0.27161652,WE,enwiki_20180420_300d
36,10,The library books had been borrowing the graduate student.,Attraction Violation,1,1,The library books had been,borrowing,0.38617057,WE,enwiki_20180420_300d
37,10,The library books had been borrowed by the graduate student.,Passive Control,1,1,The library books had been,borrowed,0.4252062,WE,enwiki_20180420_300d
38,10,Katie and Lara had been borrowing dozens of books about botany from the library.,Active Control,1,0,Katie and Lara had been,borrowing,0.28424147,WE,enwiki_20180420_300d
39,10,The tragic mistake was borrowing in a hurry.,No-Attraction Violation,0,1,The tragic mistake was,borrowing,0.3124716,WE,enwiki_20180420_300d
40,11,"The dark, underwater cave was exploring by the divers.",Attraction Violation,1,1,"The dark, underwater cave was",exploring,0.4546076,WE,enwiki_20180420_300d
41,11,"The dark, underwater cave was explored by the divers.",Passive Control,1,1,"The dark, underwater cave was",explored,0.42295334,WE,enwiki_20180420_300d
42,11,The cautious scuba divers were exploring the underwater cave.,Active Control,1,0,The cautious scuba divers were,exploring,0.40834603,WE,enwiki_20180420_300d
43,11,The phone bill had been exploring at the zoo.,No-Attraction Violation,0,1,The phone bill had been,exploring,0.3121416,WE,enwiki_20180420_300d
44,12,The unpleasant cough syrup was swallowing the boy.,Attraction Violation,1,1,The unpleasant cough syrup was,swallowing,0.50657743,WE,enwiki_20180420_300d
45,12,The unpleasant cough syrup was swallowed by the boy.,Passive Control,1,1,The unpleasant cough syrup was,swallowed,0.44528887,WE,enwiki_20180420_300d
46,12,The huge adult alligator had been swallowing fish by the bucket.,Active Control,1,0,The huge adult alligator had been,swallowing,0.4062395,WE,enwiki_20180420_300d
47,12,The murder had been swallowing with disgust.,No-Attraction Violation,0,1,The murder had been,swallowing,0.2995707,WE,enwiki_20180420_300d
48,13,The pizza had been delivering once more.,Attraction Violation,1,1,The pizza had been,delivering,0.3291288,WE,enwiki_20180420_300d
49,13,The pizza had been delivered by Antonio himself.,Passive Control,1,1,The pizza had been,delivered,0.34551626,WE,enwiki_20180420_300d
50,13,The exhausted messenger had been delivering packages all over town.,Active Control,1,0,The exhausted messenger had been,delivering,0.40161613,WE,enwiki_20180420_300d
51,13,A genetic mutation was delivering once more.,No-Attraction Violation,0,1,A genetic mutation was,delivering,0.2402672,WE,enwiki_20180420_300d
52,14,Frank's loan application had been approving by the bank.,Attraction Violation,1,1,Frank's loan application had been,approving,0.38042554,WE,enwiki_20180420_300d
53,14,Frank's loan application had been approved anyways.,Passive Control,1,1,Frank's loan application had been,approved,0.38617155,WE,enwiki_20180420_300d
54,14,The board of directors had been approving too many expensive projects.,Active Control,1,0,The board of directors had been,approving,0.43004492,WE,enwiki_20180420_300d
55,14,Wendy's muddy car was approving the boy's request.,No-Attraction Violation,0,1,Wendy's muddy car was,approving,0.26400545,WE,enwiki_20180420_300d
56,15,The cheap products had been manufacturing a Belgian firm.,Attraction Violation,1,1,The cheap products had been,manufacturing,0.49380952,WE,enwiki_20180420_300d
57,15,The cheap products had been manufactured by a Belgian firm.,Passive Control,1,1,The cheap products had been,manufactured,0.5402319,WE,enwiki_20180420_300d
58,15,The auto company had been manufacturing parts in China.,Active Control,1,0,The auto company had been,manufacturing,0.49586713,WE,enwiki_20180420_300d
59,15,A drawing of the house had been manufacturing at a factory.,No-Attraction Violation,0,1,A drawing of the house had been,manufacturing,0.3365298,WE,enwiki_20180420_300d
60,16,Their secret conversation had been overhearing by a surprised neighbor.,Attraction Violation,1,1,Their secret conversation had been,overhearing,0.5079619,WE,enwiki_20180420_300d
61,16,Their secret conversation had been overheard by a surprised neighbor.,Passive Control,1,1,Their secret conversation had been,overheard,0.55889356,WE,enwiki_20180420_300d
62,16,The annoyed resident had been overhearing his neighbor's phone conversations through the wall.,Active Control,1,0,The annoyed resident had been,overhearing,0.44200918,WE,enwiki_20180420_300d
63,16,A wet snowball had been overhearing despite the precautions.,No-Attraction Violation,0,1,A wet snowball had been,overhearing,0.29577228,WE,enwiki_20180420_300d
64,17,The rough part of the wood was sanding to perfection.,Attraction Violation,1,1,The rough part of the wood was,sanding,0.37421829,WE,enwiki_20180420_300d
65,17,The rough part of the wood was sanded by the carpenter.,Passive Control,1,1,The rough part of the wood was,sanded,0.36026573,WE,enwiki_20180420_300d
66,17,The skillful carpenter was sanding the rough edge of the wood.,Active Control,1,0,The skillful carpenter was,sanding,0.3079012,WE,enwiki_20180420_300d
67,17,Three more martinis were sanding the chair.,No-Attraction Violation,0,1,Three more martinis were,sanding,0.29741907,WE,enwiki_20180420_300d
68,18,A package had been receiving by the secretary in the office.,Attraction Violation,1,1,A package had been,receiving,0.3502103,WE,enwiki_20180420_300d
69,18,A package had been received by the secretary in the office.,Passive Control,1,1,A package had been,received,0.37281412,WE,enwiki_20180420_300d
70,18,The secretary had been receiving flowers all day.,Active Control,1,0,The secretary had been,receiving,0.3157992,WE,enwiki_20180420_300d
71,18,The noises in the attic had been receiving assistance from the government.,No-Attraction Violation,0,1,The noises in the attic had been,receiving,0.3219819,WE,enwiki_20180420_300d
72,19,The club's rules had been violating Richard.,Attraction Violation,1,1,The club's rules had been,violating,0.38796964,WE,enwiki_20180420_300d
73,19,The club's rules had been violated only twice.,Passive Control,1,1,The club's rules had been,violated,0.42797828,WE,enwiki_20180420_300d
74,19,The rebel had been violating the rules.,Active Control,1,0,The rebel had been,violating,0.30476382,WE,enwiki_20180420_300d
75,19,Thirty pounds of potatoes had been violating only twice.,No-Attraction Violation,0,1,Thirty pounds of potatoes had been,violating,0.3124757,WE,enwiki_20180420_300d
76,20,A new medication had been prescribing the physician.,Attraction Violation,1,1,A new medication had been,prescribing,0.48957175,WE,enwiki_20180420_300d
77,20,A new medication had been prescribed by the physician.,Passive Control,1,1,A new medication had been,prescribed,0.46525675,WE,enwiki_20180420_300d
78,20,The new doctor had been prescribing powerful painkillers for Jelena's sore knee.,Active Control,1,0,The new doctor had been,prescribing,0.3523599,WE,enwiki_20180420_300d
79,20,The portrait of Napoleon had been prescribing with caution.,No-Attraction Violation,0,1,The portrait of Napoleon had been,prescribing,0.28407156,WE,enwiki_20180420_300d
80,21,The wheat crops had been harvesting by the local farmers.,Attraction Violation,1,1,The wheat crops had been,harvesting,0.5051869,WE,enwiki_20180420_300d
81,21,The wheat crops had been harvested after the rain.,Passive Control,1,1,The wheat crops had been,harvested,0.5542072,WE,enwiki_20180420_300d
82,21,The local farmers had been harvesting the corn all week.,Active Control,1,0,The local farmers had been,harvesting,0.40809095,WE,enwiki_20180420_300d
83,21,The elevator button had been harvesting after the rain.,No-Attraction Violation,0,1,The elevator button had been,harvesting,0.34867665,WE,enwiki_20180420_300d
84,22,The musical piece was composing by Beethoven in 1799.,Attraction Violation,1,1,The musical piece was,composing,0.49033198,WE,enwiki_20180420_300d
85,22,The musical piece was composed in a dream.,Passive Control,1,1,The musical piece was,composed,0.4055607,WE,enwiki_20180420_300d
86,22,Ludwig von Beethoven was composing symphonies as a teenager.,Active Control,1,0,Ludwig von Beethoven was,composing,0.3419191,WE,enwiki_20180420_300d
87,22,The bank had been composing in a dream.,No-Attraction Violation,0,1,The bank had been,composing,0.27260062,WE,enwiki_20180420_300d
88,23,The old lady's purse had been snatching a kid.,Attraction Violation,1,1,The old lady's purse had been,snatching,0.39481008,WE,enwiki_20180420_300d
89,23,The old lady's purse had been snatched with speed.,Passive Control,1,1,The old lady's purse had been,snatched,0.3921186,WE,enwiki_20180420_300d
90,23,The clever dog had been snatching cookies from the table.,Active Control,1,0,The clever dog had been,snatching,0.34576088,WE,enwiki_20180420_300d
91,23,The quality of Karla's work was snatching victory from the jaws of defeat.,No-Attraction Violation,0,1,The quality of Karla's work was,snatching,0.26050022,WE,enwiki_20180420_300d
92,24,Olson's bulging suitcase had been packing his assistant.,Attraction Violation,1,1,Olson's bulging suitcase had been,packing,0.40761778,WE,enwiki_20180420_300d
93,24,Olson's bulging suitcase had been packed for the trip.,Passive Control,1,1,Olson's bulging suitcase had been,packed,0.47360712,WE,enwiki_20180420_300d
94,24,The excited vacationers had been packing their suitcases when the hurricane hit.,Active Control,1,0,The excited vacationers had been,packing,0.33462313,WE,enwiki_20180420_300d
95,24,Stormy weather had been packing for the trip.,No-Attraction Violation,0,1,Stormy weather had been,packing,0.27170363,WE,enwiki_20180420_300d
96,25,Several spelling errors were noticing the careful editor.,Attraction Violation,1,1,Several spelling errors were,noticing,0.3418752,WE,enwiki_20180420_300d
97,25,Several spelling errors were noticed by the careful editor.,Passive Control,1,1,Several spelling errors were,noticed,0.3863438,WE,enwiki_20180420_300d
98,25,Brittany's close friends were noticing changes in her personality.,Active Control,1,0,Brittany's close friends were,noticing,0.3430751,WE,enwiki_20180420_300d
99,25,The final destination had been noticing too late.,No-Attraction Violation,0,1,The final destination had been,noticing,0.33187318,WE,enwiki_20180420_300d
100,26,An illegal weapon had been smuggling only once.,Attraction Violation,1,1,An illegal weapon had been,smuggling,0.53142875,WE,enwiki_20180420_300d
101,26,An illegal weapon had been smuggled only once.,Passive Control,1,1,An illegal weapon had been,smuggled,0.4671934,WE,enwiki_20180420_300d
102,26,The drug dealer had been smuggling heroin into Canada.,Active Control,1,0,The drug dealer had been,smuggling,0.53509873,WE,enwiki_20180420_300d
103,26,Cleopatra's beauty was smuggling only once.,No-Attraction Violation,0,1,Cleopatra's beauty was,smuggling,0.2278527,WE,enwiki_20180420_300d
104,27,The leftover food was discarding wastefully.,Attraction Violation,1,1,The leftover food was,discarding,0.40464127,WE,enwiki_20180420_300d
105,27,The leftover food was discarded wastefully.,Passive Control,1,1,The leftover food was,discarded,0.544194,WE,enwiki_20180420_300d
106,27,The campers were discarding the leftover food.,Active Control,1,0,The campers were,discarding,0.2738812,WE,enwiki_20180420_300d
107,27,The sleek new building was discarding wastefully.,No-Attraction Violation,0,1,The sleek new building was,discarding,0.34173533,WE,enwiki_20180420_300d
108,28,Thirty pounds of potatoes had been peeling by the cooks.,Attraction Violation,1,1,Thirty pounds of potatoes had been,peeling,0.3399561,WE,enwiki_20180420_300d
109,28,Thirty pounds of potatoes had been peeled carefully.,Passive Control,1,1,Thirty pounds of potatoes had been,peeled,0.3923641,WE,enwiki_20180420_300d
110,28,The bored looking cooks had been peeling potatoes for hours.,Active Control,1,0,The bored looking cooks had been,peeling,0.36092466,WE,enwiki_20180420_300d
111,28,The club's rules had been peeling the sticker off the box.,No-Attraction Violation,0,1,The club's rules had been,peeling,0.19048192,WE,enwiki_20180420_300d
112,29,The grimy pots and pans had been scrubbing the dishwashers.,Attraction Violation,1,1,The grimy pots and pans had been,scrubbing,0.47495964,WE,enwiki_20180420_300d
113,29,The grimy pots and pans had been scrubbed by the dishwashers.,Passive Control,1,1,The grimy pots and pans had been,scrubbed,0.4076697,WE,enwiki_20180420_300d
114,29,The guys in the kitchen had been scrubbing the pots and pans.,Active Control,1,0,The guys in the kitchen had been,scrubbing,0.3648155,WE,enwiki_20180420_300d
115,29,The stolen artwork had been scrubbing with vigor.,No-Attraction Violation,0,1,The stolen artwork had been,scrubbing,0.28831443,WE,enwiki_20180420_300d
116,30,The roast lamb had been carving by a servant.,Attraction Violation,1,1,The roast lamb had been,carving,0.37249294,WE,enwiki_20180420_300d
117,30,The roast lamb had been carved by a servant.,Passive Control,1,1,The roast lamb had been,carved,0.35575363,WE,enwiki_20180420_300d
118,30,The butcher had been carving the meat.,Active Control,1,0,The butcher had been,carving,0.3291347,WE,enwiki_20180420_300d
119,30,Janet's houseplants were carving before dinner.,No-Attraction Violation,0,1,Janet's houseplants were,carving,0.2791978,WE,enwiki_20180420_300d
120,31,Cleopatra's beauty was admiring many people.,Attraction Violation,1,1,Cleopatra's beauty was,admiring,0.42747596,WE,enwiki_20180420_300d
121,31,Cleopatra's beauty was admired always.,Passive Control,1,1,Cleopatra's beauty was,admired,0.4257265,WE,enwiki_20180420_300d
122,31,The men were admiring the beautiful woman from a distance.,Active Control,1,0,The men were,admiring,0.33150348,WE,enwiki_20180420_300d
123,31,An illegal weapon had been admiring always.,No-Attraction Violation,0,1,An illegal weapon had been,admiring,0.30289596,WE,enwiki_20180420_300d
124,32,A wet snowball had been tossing by the girls through the window.,Attraction Violation,1,1,A wet snowball had been,tossing,0.36018178,WE,enwiki_20180420_300d
125,32,A wet snowball had been tossed in anger.,Passive Control,1,1,A wet snowball had been,tossed,0.36950272,WE,enwiki_20180420_300d
126,32,The baseball players had been tossing the ball around the infield.,Active Control,1,0,The baseball players had been,tossing,0.33191344,WE,enwiki_20180420_300d
127,32,Their secret conversation had been tossing a steak on the grill.,No-Attraction Violation,0,1,Their secret conversation had been,tossing,0.3177906,WE,enwiki_20180420_300d
128,33,The sealed envelope was opening the judge.,Attraction Violation,1,1,The sealed envelope was,opening,0.3923018,WE,enwiki_20180420_300d
129,33,The sealed envelope was opened without permission.,Passive Control,1,1,The sealed envelope was,opened,0.3106462,WE,enwiki_20180420_300d
130,33,Tuxedoed waiters were opening bottles of champagne for the toast.,Active Control,1,0,Tuxedoed waiters were,opening,0.29966623,WE,enwiki_20180420_300d
131,33,The men's faces had been opening without permission.,No-Attraction Violation,0,1,The men's faces had been,opening,0.32595578,WE,enwiki_20180420_300d
132,34,The man's beard had been shaving twice a day.,Attraction Violation,1,1,The man's beard had been,shaving,0.3374303,WE,enwiki_20180420_300d
133,34,The man's beard had been shaved twice a day.,Passive Control,1,1,The man's beard had been,shaved,0.37843052,WE,enwiki_20180420_300d
134,34,His uncle Ralph had been shaving his beard off.,Active Control,1,0,His uncle Ralph had been,shaving,0.25656652,WE,enwiki_20180420_300d
135,34,The popular amusement park is shaving twice a day.,No-Attraction Violation,0,1,The popular amusement park is,shaving,0.24630973,WE,enwiki_20180420_300d
136,35,The elevator button had been pressing slowly.,Attraction Violation,1,1,The elevator button had been,pressing,0.4673477,WE,enwiki_20180420_300d
137,35,The elevator button had been pressed by the attendant.,Passive Control,1,1,The elevator button had been,pressed,0.49471688,WE,enwiki_20180420_300d
138,35,The attendant had been pressing the buttons.,Active Control,1,0,The attendant had been,pressing,0.26788312,WE,enwiki_20180420_300d
139,35,The wheat crops had been pressing slowly.,No-Attraction Violation,0,1,The wheat crops had been,pressing,0.31082737,WE,enwiki_20180420_300d
140,36,The winning lottery numbers had been announcing the TV news.,Attraction Violation,1,1,The winning lottery numbers had been,announcing,0.40008435,WE,enwiki_20180420_300d
141,36,The winning lottery numbers had been announced by the TV news.,Passive Control,1,1,The winning lottery numbers had been,announced,0.3177305,WE,enwiki_20180420_300d
142,36,The flight attendant had been announcing the reason for the delay.,Active Control,1,0,The flight attendant had been,announcing,0.36171362,WE,enwiki_20180420_300d
143,36,The tarnished silverware was announcing on the television.,No-Attraction Violation,0,1,The tarnished silverware was,announcing,0.33868566,WE,enwiki_20180420_300d
144,37,The victim's body had been identifying at the morgue.,Attraction Violation,1,1,The victim's body had been,identifying,0.40695864,WE,enwiki_20180420_300d
145,37,The victim's body had been identified by the family members.,Passive Control,1,1,The victim's body had been,identified,0.4442791,WE,enwiki_20180420_300d
146,37,The laboratory technicians had been identifying the chemical.,Active Control,1,0,The laboratory technicians had been,identifying,0.381979,WE,enwiki_20180420_300d
147,37,The movie was identifying rare fish for the divers.,No-Attraction Violation,0,1,The movie was,identifying,0.27186516,WE,enwiki_20180420_300d
148,38,The hearty meal was devouring by the kids.,Attraction Violation,1,1,The hearty meal was,devouring,0.37253338,WE,enwiki_20180420_300d
149,38,The hearty meal was devoured with gusto.,Passive Control,1,1,The hearty meal was,devoured,0.3900866,WE,enwiki_20180420_300d
150,38,The hungry boys were devouring the plate of cookies when Jack arrived.,Active Control,1,0,The hungry boys were,devouring,0.35422695,WE,enwiki_20180420_300d
151,38,The dusty tabletops were devouring with gusto.,No-Attraction Violation,0,1,The dusty tabletops were,devouring,0.2967471,WE,enwiki_20180420_300d
152,39,The overgrown shrubs were trimming regularly.,Attraction Violation,1,1,The overgrown shrubs were,trimming,0.43018165,WE,enwiki_20180420_300d
153,39,The overgrown shrubs were trimmed by a gardener.,Passive Control,1,1,The overgrown shrubs were,trimmed,0.42744693,WE,enwiki_20180420_300d
154,39,A gardener was trimming the overgrown shrubbery.,Active Control,1,0,A gardener was,trimming,0.32388064,WE,enwiki_20180420_300d
155,39,The alarm clock had been trimming regularly.,No-Attraction Violation,0,1,The alarm clock had been,trimming,0.3212452,WE,enwiki_20180420_300d
156,40,Wilson's unreasonable proposal was rejecting by the boss.,Attraction Violation,1,1,Wilson's unreasonable proposal was,rejecting,0.4983279,WE,enwiki_20180420_300d
157,40,Wilson's unreasonable proposal was rejected at the hospital.,Passive Control,1,1,Wilson's unreasonable proposal was,rejected,0.54558295,WE,enwiki_20180420_300d
158,40,The admissions committee was rejecting nearly every application.,Active Control,1,0,The admissions committee was,rejecting,0.36142525,WE,enwiki_20180420_300d
159,40,The rare bird's behavior was rejecting all offers.,No-Attraction Violation,0,1,The rare bird's behavior was,rejecting,0.34953994,WE,enwiki_20180420_300d
160,41,Hathaway's gigantic fortune had been inheriting by his daughters.,Attraction Violation,1,1,Hathaway's gigantic fortune had been,inheriting,0.3672115,WE,enwiki_20180420_300d
161,41,Hathaway's gigantic fortune had been inherited by his daughters.,Passive Control,1,1,Hathaway's gigantic fortune had been,inherited,0.3604806,WE,enwiki_20180420_300d
162,41,Generations of aristocratic Englishmen have been inheriting their fortunes.,Active Control,1,0,Generations of aristocratic Englishmen have been,inheriting,0.42122006,WE,enwiki_20180420_300d
163,41,The strange mystery had been inheriting the estate from her grandmother.,No-Attraction Violation,0,1,The strange mystery had been,inheriting,0.31533277,WE,enwiki_20180420_300d
164,42,All of her money had been spending before the wedding.,Attraction Violation,1,1,All of her money had been,spending,0.43345708,WE,enwiki_20180420_300d
165,42,All of her money had been spent before the wedding.,Passive Control,1,1,All of her money had been,spent,0.442082,WE,enwiki_20180420_300d
166,42,The shopping fanatic had been spending all her money in Bloomingdales.,Active Control,1,0,The shopping fanatic had been,spending,0.37589747,WE,enwiki_20180420_300d
167,42,Patty's overgrown lawn was spending its time on the beach.,No-Attraction Violation,0,1,Patty's overgrown lawn was,spending,0.21965213,WE,enwiki_20180420_300d
168,43,An appointment was scheduling by the secretary.,Attraction Violation,1,1,An appointment was,scheduling,0.28873816,WE,enwiki_20180420_300d
169,43,An appointment was scheduled by the secretary.,Passive Control,1,1,An appointment was,scheduled,0.27004355,WE,enwiki_20180420_300d
170,43,The secretary was scheduling new appointments for the afternoon.,Active Control,1,0,The secretary was,scheduling,0.20860763,WE,enwiki_20180420_300d
171,43,The legal contract had been scheduling for next week.,No-Attraction Violation,0,1,The legal contract had been,scheduling,0.32996088,WE,enwiki_20180420_300d
172,44,The men's faces had been photographing by a security camera.,Attraction Violation,1,1,The men's faces had been,photographing,0.3103805,WE,enwiki_20180420_300d
173,44,The men's faces had been photographed by a security camera.,Passive Control,1,1,The men's faces had been,photographed,0.34880212,WE,enwiki_20180420_300d
174,44,The intrusive reporter had been photographing the celebrities at the party.,Active Control,1,0,The intrusive reporter had been,photographing,0.41289255,WE,enwiki_20180420_300d
175,44,The sealed envelope was photographing at the party.,No-Attraction Violation,0,1,The sealed envelope was,photographing,0.25133193,WE,enwiki_20180420_300d
176,45,The broken television had been repairing the technician.,Attraction Violation,1,1,The broken television had been,repairing,0.33419114,WE,enwiki_20180420_300d
177,45,The broken television had been repaired by the technician.,Passive Control,1,1,The broken television had been,repaired,0.42657995,WE,enwiki_20180420_300d
178,45,The competent technician had been repairing the television.,Active Control,1,0,The competent technician had been,repairing,0.34850684,WE,enwiki_20180420_300d
179,45,Larry's note had been repairing the computer's hard drive.,No-Attraction Violation,0,1,Larry's note had been,repairing,0.26300424,WE,enwiki_20180420_300d
180,46,The alarm clock had been unplugging accidentally.,Attraction Violation,1,1,The alarm clock had been,unplugging,0.4029357,WE,enwiki_20180420_300d
181,46,The alarm clock had been unplugged late.,Passive Control,1,1,The alarm clock had been,unplugged,0.24832638,WE,enwiki_20180420_300d
182,46,The frantic woman had been unplugging every electrical device in the house.,Active Control,1,0,The frantic woman had been,unplugging,0.34543353,WE,enwiki_20180420_300d
183,46,The overgrown shrubs were unplugging accidentally.,No-Attraction Violation,0,1,The overgrown shrubs were,unplugging,0.29597867,WE,enwiki_20180420_300d
184,47,The car door had been unlocking late at night.,Attraction Violation,1,1,The car door had been,unlocking,0.3775112,WE,enwiki_20180420_300d
185,47,The car door had been unlocked by the child.,Passive Control,1,1,The car door had been,unlocked,0.3874156,WE,enwiki_20180420_300d
186,47,The babysitter had been unlocking the back door.,Active Control,1,0,The babysitter had been,unlocking,0.28581348,WE,enwiki_20180420_300d
187,47,The Queen's 80th birthday was unlocking late at night.,No-Attraction Violation,0,1,The Queen's 80th birthday was,unlocking,0.20070669,WE,enwiki_20180420_300d
188,48,The portrait of Napoleon had been painting by a Dutch artist.,Attraction Violation,1,1,The portrait of Napoleon had been,painting,0.4976604,WE,enwiki_20180420_300d
189,48,The portrait of Napoleon had been painted by a Dutch artist.,Passive Control,1,1,The portrait of Napoleon had been,painted,0.47999737,WE,enwiki_20180420_300d
190,48,The French Impressionist artists had been painting with a focus on light and color.,Active Control,1,0,The French Impressionist artists had been,painting,0.522739,WE,enwiki_20180420_300d
191,48,A new medication had been painting on Tuesday.,No-Attraction Violation,0,1,A new medication had been,painting,0.28152138,WE,enwiki_20180420_300d
192,49,The embarrassing allegations had been denying by the mayor.,Attraction Violation,1,1,The embarrassing allegations had been,denying,0.51082474,WE,enwiki_20180420_300d
193,49,The embarrassing allegations had been denied by the mayor.,Passive Control,1,1,The embarrassing allegations had been,denied,0.5439671,WE,enwiki_20180420_300d
194,49,The embarassed mayor had been denying allegations of corruption.,Active Control,1,0,The embarassed mayor had been,denying,0.38111964,WE,enwiki_20180420_300d
195,49,Tamara's birthday gift had been denying the rumor.,No-Attraction Violation,0,1,Tamara's birthday gift had been,denying,0.35199934,WE,enwiki_20180420_300d
196,50,The noises in the attic had been hearing nightly.,Attraction Violation,1,1,The noises in the attic had been,hearing,0.4124123,WE,enwiki_20180420_300d
197,50,The noises in the attic had been heard by the boys.,Passive Control,1,1,The noises in the attic had been,heard,0.4828718,WE,enwiki_20180420_300d
198,50,The frightened campers had been hearing noises in the woods.,Active Control,1,0,The frightened campers had been,hearing,0.4094164,WE,enwiki_20180420_300d
199,50,A package had been hearing nightly.,No-Attraction Violation,0,1,A package had been,hearing,0.30115288,WE,enwiki_20180420_300d
200,51,The appetizers had been serving before the meal.,Attraction Violation,1,1,The appetizers had been,serving,0.36898255,WE,enwiki_20180420_300d
201,51,The appetizers had been served before the meal.,Passive Control,1,1,The appetizers had been,served,0.41464692,WE,enwiki_20180420_300d
202,51,The waiters had been serving the meal.,Active Control,1,0,The waiters had been,serving,0.33477616,WE,enwiki_20180420_300d
203,51,The final exams had been serving before the meal.,No-Attraction Violation,0,1,The final exams had been,serving,0.2990482,WE,enwiki_20180420_300d
204,52,Billy's unruly hair was combing his mother to one side.,Attraction Violation,1,1,Billy's unruly hair was,combing,0.43932566,WE,enwiki_20180420_300d
205,52,Billy's unruly hair was combed by his mother to one side.,Passive Control,1,1,Billy's unruly hair was,combed,0.49537483,WE,enwiki_20180420_300d
206,52,The patient barber was combing the boy's hair to one side.,Active Control,1,0,The patient barber was,combing,0.2759445,WE,enwiki_20180420_300d
207,52,The girl's disease was combing the area for escaped prisoners.,No-Attraction Violation,0,1,The girl's disease was,combing,0.2919597,WE,enwiki_20180420_300d
208,53,A drawing of the house had been sketching again.,Attraction Violation,1,1,A drawing of the house had been,sketching,0.4517078,WE,enwiki_20180420_300d
209,53,A drawing of the house had been sketched again.,Passive Control,1,1,A drawing of the house had been,sketched,0.4685501,WE,enwiki_20180420_300d
210,53,An artist in the studio had been sketching the house.,Active Control,1,0,An artist in the studio had been,sketching,0.396494,WE,enwiki_20180420_300d
211,53,The cheap products had been sketching again.,No-Attraction Violation,0,1,The cheap products had been,sketching,0.34406954,WE,enwiki_20180420_300d
212,54,The simple coffin was burying the villagers.,Attraction Violation,1,1,The simple coffin was,burying,0.42937675,WE,enwiki_20180420_300d
213,54,The simple coffin was buried at the church.,Passive Control,1,1,The simple coffin was,buried,0.37921023,WE,enwiki_20180420_300d
214,54,The tribal people were burying their dead.,Active Control,1,0,The tribal people were,burying,0.30377278,WE,enwiki_20180420_300d
215,54,The vocabulary list was burying at the church.,No-Attraction Violation,0,1,The vocabulary list was,burying,0.27042022,WE,enwiki_20180420_300d
216,55,The homicide case had been investigating diligently.,Attraction Violation,1,1,The homicide case had been,investigating,0.48896593,WE,enwiki_20180420_300d
217,55,The homicide case had been investigated by the FBI.,Passive Control,1,1,The homicide case had been,investigated,0.49476314,WE,enwiki_20180420_300d
218,55,The FBI agents had been investigating the homicide case for weeks.,Active Control,1,0,The FBI agents had been,investigating,0.5113979,WE,enwiki_20180420_300d
219,55,Martin's tonsils had been investigating the problem.,No-Attraction Violation,0,1,Martin's tonsils had been,investigating,0.26593685,WE,enwiki_20180420_300d
220,56,Mark's wrinkly shirts were ironing by his mother.,Attraction Violation,1,1,Mark's wrinkly shirts were,ironing,0.34860677,WE,enwiki_20180420_300d
221,56,Mark's wrinkly shirts were ironed by his mother.,Passive Control,1,1,Mark's wrinkly shirts were,ironed,0.44102862,WE,enwiki_20180420_300d
222,56,Mark's doting mother was ironing his shirts while he slept.,Active Control,1,0,Mark's doting mother was,ironing,0.307672,WE,enwiki_20180420_300d
223,56,The firewood had been ironing her dress.,No-Attraction Violation,0,1,The firewood had been,ironing,0.33223367,WE,enwiki_20180420_300d
224,57,An important lesson had been learning in space.,Attraction Violation,1,1,An important lesson had been,learning,0.41490552,WE,enwiki_20180420_300d
225,57,An important lesson had been learned in space.,Passive Control,1,1,An important lesson had been,learned,0.5114711,WE,enwiki_20180420_300d
226,57,The children had been learning Spanish.,Active Control,1,0,The children had been,learning,0.34642795,WE,enwiki_20180420_300d
227,57,The bathroom floor had been learning in space.,No-Attraction Violation,0,1,The bathroom floor had been,learning,0.30350867,WE,enwiki_20180420_300d
228,58,The height of the bookcase was measuring by a carpenter.,Attraction Violation,1,1,The height of the bookcase was,measuring,0.4343473,WE,enwiki_20180420_300d
229,58,The height of the bookcase was measured incorrectly.,Passive Control,1,1,The height of the bookcase was,measured,0.41345066,WE,enwiki_20180420_300d
230,58,The carpenter was measuring the height of the bookcase.,Active Control,1,0,The carpenter was,measuring,0.2646229,WE,enwiki_20180420_300d
231,58,An urgent message had been measuring her heart rate.,No-Attraction Violation,0,1,An urgent message had been,measuring,0.26758894,WE,enwiki_20180420_300d
232,59,Several important topics were discussing despite the weather.,Attraction Violation,1,1,Several important topics were,discussing,0.50869834,WE,enwiki_20180420_300d
233,59,Several important topics were discussed by the board of trustees.,Passive Control,1,1,Several important topics were,discussed,0.5332945,WE,enwiki_20180420_300d
234,59,The board members were discussing several important topics.,Active Control,1,0,The board members were,discussing,0.36619753,WE,enwiki_20180420_300d
235,59,"The fresh, warm bread was discussing despite the weather.",No-Attraction Violation,0,1,"The fresh, warm bread was",discussing,0.31241366,WE,enwiki_20180420_300d
236,60,The dusty tabletops were wiping thoroughly.,Attraction Violation,1,1,The dusty tabletops were,wiping,0.3666228,WE,enwiki_20180420_300d
237,60,The dusty tabletops were wiped thoroughly.,Passive Control,1,1,The dusty tabletops were,wiped,0.3005865,WE,enwiki_20180420_300d
238,60,The tired busboy was wiping for hours.,Active Control,1,0,The tired busboy was,wiping,0.30599788,WE,enwiki_20180420_300d
239,60,The hearty meal was wiping thoroughly.,No-Attraction Violation,0,1,The hearty meal was,wiping,0.2507784,WE,enwiki_20180420_300d
240,61,A tiny spy camera was concealing by the agent inside a flowerpot.,Attraction Violation,1,1,A tiny spy camera was,concealing,0.38296512,WE,enwiki_20180420_300d
241,61,A tiny spy camera was concealed by the agent inside a flowerpot.,Passive Control,1,1,A tiny spy camera was,concealed,0.38688585,WE,enwiki_20180420_300d
242,61,The sneaky lawyer was concealing the truth.,Active Control,1,0,The sneaky lawyer was,concealing,0.36294246,WE,enwiki_20180420_300d
243,61,A faint light was concealing their identity.,No-Attraction Violation,0,1,A faint light was,concealing,0.36606407,WE,enwiki_20180420_300d
244,62,"The fresh, warm bread was slicing by the baker into halves.",Attraction Violation,1,1,"The fresh, warm bread was",slicing,0.37622264,WE,enwiki_20180420_300d
245,62,"The fresh, warm bread was sliced with love.",Passive Control,1,1,"The fresh, warm bread was",sliced,0.5025974,WE,enwiki_20180420_300d
246,62,The chef's assistants were slicing the mushrooms for a pie.,Active Control,1,0,The chef's assistants were,slicing,0.26985276,WE,enwiki_20180420_300d
247,62,Several important topics were slicing with love.,No-Attraction Violation,0,1,Several important topics were,slicing,0.22565797,WE,enwiki_20180420_300d
248,63,The tarnished silverware was polishing by the butler.,Attraction Violation,1,1,The tarnished silverware was,polishing,0.39178744,WE,enwiki_20180420_300d
249,63,The tarnished silverware was polished by the butler.,Passive Control,1,1,The tarnished silverware was,polished,0.44535327,WE,enwiki_20180420_300d
250,63,The thorough butler was polishing the doorknobs.,Active Control,1,0,The thorough butler was,polishing,0.3511708,WE,enwiki_20180420_300d
251,63,The winning lottery numbers had been polishing his shoes.,No-Attraction Violation,0,1,The winning lottery numbers had been,polishing,0.28996116,WE,enwiki_20180420_300d
252,64,Poisonous fumes had been inhaling the firefighters.,Attraction Violation,1,1,Poisonous fumes had been,inhaling,0.62030935,WE,enwiki_20180420_300d
253,64,Poisonous fumes had been inhaled by the firefighters.,Passive Control,1,1,Poisonous fumes had been,inhaled,0.5901281,WE,enwiki_20180420_300d
254,64,The firefighters had been inhaling the smoke.,Active Control,1,0,The firefighters had been,inhaling,0.30566987,WE,enwiki_20180420_300d
255,64,The man's signature was inhaling during the fire.,No-Attraction Violation,0,1,The man's signature was,inhaling,0.22315723,WE,enwiki_20180420_300d
256,65,A genetic mutation was discovering the scientists.,Attraction Violation,1,1,A genetic mutation was,discovering,0.3822487,WE,enwiki_20180420_300d
257,65,A genetic mutation was discovered suddenly.,Passive Control,1,1,A genetic mutation was,discovered,0.38289288,WE,enwiki_20180420_300d
258,65,The excited explorers were discovering ancient artifacts everywhere they looked.,Active Control,1,0,The excited explorers were,discovering,0.44705305,WE,enwiki_20180420_300d
259,65,The pizza had been discovering new methods for making dough.,No-Attraction Violation,0,1,The pizza had been,discovering,0.3534959,WE,enwiki_20180420_300d
260,66,The Queen's 80th birthday was celebrating expensively.,Attraction Violation,1,1,The Queen's 80th birthday was,celebrating,0.5290982,WE,enwiki_20180420_300d
261,66,The Queen's 80th birthday was celebrated by thousands of people in the streets.,Passive Control,1,1,The Queen's 80th birthday was,celebrated,0.48776135,WE,enwiki_20180420_300d
262,66,Thousands of excited fans were celebrating the Superbowl victory in the streets.,Active Control,1,0,Thousands of excited fans were,celebrating,0.43425712,WE,enwiki_20180420_300d
263,66,The car door had been celebrating her promotion.,No-Attraction Violation,0,1,The car door had been,celebrating,0.29443273,WE,enwiki_20180420_300d
264,67,The diagram on the chalkboard had been erasing Mrs. Larson.,Attraction Violation,1,1,The diagram on the chalkboard had been,erasing,0.38237602,WE,enwiki_20180420_300d
265,67,The diagram on the chalkboard had been erased by Mrs. Larson.,Passive Control,1,1,The diagram on the chalkboard had been,erased,0.3667868,WE,enwiki_20180420_300d
266,67,Mrs. Larson had been erasing the chalkboard.,Active Control,1,0,Mrs. Larson had been,erasing,0.26385832,WE,enwiki_20180420_300d
267,67,Food for the homeless had been erasing over and over.,No-Attraction Violation,0,1,Food for the homeless had been,erasing,0.28245586,WE,enwiki_20180420_300d
268,68,The movie was directing Steven Spielberg.,Attraction Violation,1,1,The movie was,directing,0.45188853,WE,enwiki_20180420_300d
269,68,The movie was directed professionally.,Passive Control,1,1,The movie was,directed,0.42929545,WE,enwiki_20180420_300d
270,68,Steven Spielberg was directing another blockbuster.,Active Control,1,0,Steven Spielberg was,directing,0.3863189,WE,enwiki_20180420_300d
271,68,The victim's body had been directing the police.,No-Attraction Violation,0,1,The victim's body had been,directing,0.30792034,WE,enwiki_20180420_300d
272,69,Theresa's birthday gift had been wrapping yesterday.,Attraction Violation,1,1,Theresa's birthday gift had been,wrapping,0.31723893,WE,enwiki_20180420_300d
273,69,Theresa's birthday gift had been wrapped yesterday.,Passive Control,1,1,Theresa's birthday gift had been,wrapped,0.3109044,WE,enwiki_20180420_300d
274,69,Theresa's loving grandmother had been wrapping the presents.,Active Control,1,0,Theresa's loving grandmother had been,wrapping,0.26276144,WE,enwiki_20180420_300d
275,69,The embarrassing allegations had been wrapping yesterday.,No-Attraction Violation,0,1,The embarrassing allegations had been,wrapping,0.2813957,WE,enwiki_20180420_300d
276,70,The popular amusement park is visiting by millions of tourists eh year.,Attraction Violation,1,1,The popular amusement park is,visiting,0.36681065,WE,enwiki_20180420_300d
277,70,The popular amusement park is visited daily.,Passive Control,1,1,The popular amusement park is,visited,0.39321288,WE,enwiki_20180420_300d
278,70,The tourists had been visiting the amusement park in the morning.,Active Control,1,0,The tourists had been,visiting,0.49749076,WE,enwiki_20180420_300d
279,70,The man's beard had been visiting a friend in the hospital.,No-Attraction Violation,0,1,The man's beard had been,visiting,0.32567027,WE,enwiki_20180420_300d
280,71,Ten new trees had been planting on dry land.,Attraction Violation,1,1,Ten new trees had been,planting,0.49336585,WE,enwiki_20180420_300d
281,71,Ten new trees had been planted by the Forestry Service.,Passive Control,1,1,Ten new trees had been,planted,0.49941242,WE,enwiki_20180420_300d
282,71,The forestry workers had been planting cedar saplings on the hillside.,Active Control,1,0,The forestry workers had been,planting,0.4413512,WE,enwiki_20180420_300d
283,71,The sin had been planting doubt in her mind.,No-Attraction Violation,0,1,The sin had been,planting,0.32211164,WE,enwiki_20180420_300d
284,72,Food for the homeless had been donating neighborhood residents.,Attraction Violation,1,1,Food for the homeless had been,donating,0.433194,WE,enwiki_20180420_300d
285,72,Food for the homeless had been donated many times.,Passive Control,1,1,Food for the homeless had been,donated,0.38131672,WE,enwiki_20180420_300d
286,72,The wealthy American philanthropist had been donating money to Romanian orphanages.,Active Control,1,0,The wealthy American philanthropist had been,donating,0.4260098,WE,enwiki_20180420_300d
287,72,The diagram on the chalkboard had been donating blood.,No-Attraction Violation,0,1,The diagram on the chalkboard had been,donating,0.32708845,WE,enwiki_20180420_300d
288,73,The rare bird's behavior was observing by the biologists.,Attraction Violation,1,1,The rare bird's behavior was,observing,0.50889695,WE,enwiki_20180420_300d
289,73,The rare bird's behavior was observed by the biologists.,Passive Control,1,1,The rare bird's behavior was,observed,0.5194411,WE,enwiki_20180420_300d
290,73,The excited bird watchers were observing the rare eagle.,Active Control,1,0,The excited bird watchers were,observing,0.49913865,WE,enwiki_20180420_300d
291,73,Wilson's unreasonable proposal was observing the stars.,No-Attraction Violation,0,1,Wilson's unreasonable proposal was,observing,0.33319232,WE,enwiki_20180420_300d
292,74,Stormy weather had been forecasting by the weatherman.,Attraction Violation,1,1,Stormy weather had been,forecasting,0.43800202,WE,enwiki_20180420_300d
293,74,Stormy weather had been forecasted by the weatherman.,Passive Control,1,1,Stormy weather had been,forecasted,0.37728858,WE,enwiki_20180420_300d
294,74,The weather service had been forecasting snow for the mountain areas.,Active Control,1,0,The weather service had been,forecasting,0.45796698,WE,enwiki_20180420_300d
295,74,Olson's bulging suitcase had been forecasting correctly.,No-Attraction Violation,0,1,Olson's bulging suitcase had been,forecasting,0.20284179,WE,enwiki_20180420_300d
296,75,The tragic mistake was regretting by Erika for many years.,Attraction Violation,1,1,The tragic mistake was,regretting,0.5347525,WE,enwiki_20180420_300d
297,75,The tragic mistake was regretted years later.,Passive Control,1,1,The tragic mistake was,regretted,0.56412876,WE,enwiki_20180420_300d
298,75,Erika was regretting the mistake.,Active Control,1,0,Erika was,regretting,0.28980383,WE,enwiki_20180420_300d
299,75,The library books had been regretting their behavior.,No-Attraction Violation,0,1,The library books had been,regretting,0.34197462,WE,enwiki_20180420_300d
300,76,The stolen artwork had been seizing without warning.,Attraction Violation,1,1,The stolen artwork had been,seizing,0.4230427,WE,enwiki_20180420_300d
301,76,The stolen artwork had been seized by the border police.,Passive Control,1,1,The stolen artwork had been,seized,0.48179734,WE,enwiki_20180420_300d
302,76,The police had been seizing shipments of drugs at the border.,Active Control,1,0,The police had been,seizing,0.38798344,WE,enwiki_20180420_300d
303,76,The grimy pots and pans had been seizing without warning.,No-Attraction Violation,0,1,The grimy pots and pans had been,seizing,0.34137997,WE,enwiki_20180420_300d
304,77,The value of the jewels was estimating the dealer.,Attraction Violation,1,1,The value of the jewels was,estimating,0.40751377,WE,enwiki_20180420_300d
305,77,The value of the jewels was estimated by the dealer.,Passive Control,1,1,The value of the jewels was,estimated,0.36740798,WE,enwiki_20180420_300d
306,77,The jewel expert was estimating the value of the diamond.,Active Control,1,0,The jewel expert was,estimating,0.3147443,WE,enwiki_20180420_300d
307,77,The useful new gadget had been estimating professionally.,No-Attraction Violation,0,1,The useful new gadget had been,estimating,0.37478882,WE,enwiki_20180420_300d
308,78,Larry's note had been scribbling his wife.,Attraction Violation,1,1,Larry's note had been,scribbling,0.28688353,WE,enwiki_20180420_300d
309,78,Larry's note had been scribbled with haste.,Passive Control,1,1,Larry's note had been,scribbled,0.32824436,WE,enwiki_20180420_300d
310,78,Larry's wife had been scribbling a note to him about dinner plans.,Active Control,1,0,Larry's wife had been,scribbling,0.25916454,WE,enwiki_20180420_300d
311,78,The broken television had been scribbling his thoughts on a napkin.,No-Attraction Violation,0,1,The broken television had been,scribbling,0.26225746,WE,enwiki_20180420_300d
312,79,Carrie's morning meeting was canceling as expected.,Attraction Violation,1,1,Carrie's morning meeting was,canceling,0.40310243,WE,enwiki_20180420_300d
313,79,Carrie's morning meeting was canceled by the boss.,Passive Control,1,1,Carrie's morning meeting was,canceled,0.38997233,WE,enwiki_20180420_300d
314,79,Carrie had been canceling all of her meetings.,Active Control,1,0,Carrie had been,canceling,0.27454227,WE,enwiki_20180420_300d
315,79,The bubblegum had been canceling as expected.,No-Attraction Violation,0,1,The bubblegum had been,canceling,0.30008817,WE,enwiki_20180420_300d
316,80,The girl's disease was curing a simple treatment.,Attraction Violation,1,1,The girl's disease was,curing,0.36570823,WE,enwiki_20180420_300d
317,80,The girl's disease was cured by a simple treatment.,Passive Control,1,1,The girl's disease was,cured,0.33678856,WE,enwiki_20180420_300d
318,80,The foreign doctors were curing hundreds of villagers of malaria.,Active Control,1,0,The foreign doctors were,curing,0.24861275,WE,enwiki_20180420_300d
319,80,Billy's unruly hair was curing his cold.,No-Attraction Violation,0,1,Billy's unruly hair was,curing,0.27473515,WE,enwiki_20180420_300d
320,81,Janet's houseplants were watering too much.,Attraction Violation,1,1,Janet's houseplants were,watering,0.41729626,WE,enwiki_20180420_300d
321,81,Janet's houseplants were watered by her neighbor.,Passive Control,1,1,Janet's houseplants were,watered,0.3409689,WE,enwiki_20180420_300d
322,81,The gardener was watering the plants.,Active Control,1,0,The gardener was,watering,0.38252264,WE,enwiki_20180420_300d
323,81,The roast lamb had been watering too much.,No-Attraction Violation,0,1,The roast lamb had been,watering,0.3527673,WE,enwiki_20180420_300d
324,82,The useful new gadget had been inventing by a bored waiter.,Attraction Violation,1,1,The useful new gadget had been,inventing,0.42837003,WE,enwiki_20180420_300d
325,82,The useful new gadget had been invented by a bored waiter.,Passive Control,1,1,The useful new gadget had been,invented,0.4298399,WE,enwiki_20180420_300d
326,82,The resourceful engineers had been inventing tiny new devices.,Active Control,1,0,The resourceful engineers had been,inventing,0.35492,WE,enwiki_20180420_300d
327,82,The value of the jewels was inventing the digital computer.,No-Attraction Violation,0,1,The value of the jewels was,inventing,0.29806986,WE,enwiki_20180420_300d
328,83,The phone bill had been paying his roommate.,Attraction Violation,1,1,The phone bill had been,paying,0.39638904,WE,enwiki_20180420_300d
329,83,The phone bill had been paid quickly.,Passive Control,1,1,The phone bill had been,paid,0.43059137,WE,enwiki_20180420_300d
330,83,Juan and Perry had been paying too much for their apartment.,Active Control,1,0,Juan and Perry had been,paying,0.3136882,WE,enwiki_20180420_300d
331,83,"The dark, underwater cave was paying attention to the divers.",No-Attraction Violation,0,1,"The dark, underwater cave was",paying,0.25060114,WE,enwiki_20180420_300d
332,84,The man's signature was forging the lawyers.,Attraction Violation,1,1,The man's signature was,forging,0.28622818,WE,enwiki_20180420_300d
333,84,The man's signature was forged by the lawyers.,Passive Control,1,1,The man's signature was,forged,0.3461869,WE,enwiki_20180420_300d
334,84,The con artists were forging the signatures on checks.,Active Control,1,0,The con artists were,forging,0.29900083,WE,enwiki_20180420_300d
335,84,Poisonous fumes had been forging very well.,No-Attraction Violation,0,1,Poisonous fumes had been,forging,0.2547391,WE,enwiki_20180420_300d
336,85,The bank had been robbing two masked men.,Attraction Violation,1,1,The bank had been,robbing,0.3839497,WE,enwiki_20180420_300d
337,85,The bank had been robbed repeatedly.,Passive Control,1,1,The bank had been,robbed,0.4554333,WE,enwiki_20180420_300d
338,85,The clever burglars had been robbing houses in broad daylight.,Active Control,1,0,The clever burglars had been,robbing,0.47597963,WE,enwiki_20180420_300d
339,85,The musical piece was robbing repeatedly.,No-Attraction Violation,0,1,The musical piece was,robbing,0.25279507,WE,enwiki_20180420_300d
340,86,An urgent message had been sending by the ambassador to the President.,Attraction Violation,1,1,An urgent message had been,sending,0.4662881,WE,enwiki_20180420_300d
341,86,An urgent message had been sent again.,Passive Control,1,1,An urgent message had been,sent,0.46299684,WE,enwiki_20180420_300d
342,86,The Prime Minister had been sending urgent messages to her Ambassador.,Active Control,1,0,The Prime Minister had been,sending,0.32365566,WE,enwiki_20180420_300d
343,86,The height of the bookcase was sending mixed signals to the carpenter.,No-Attraction Violation,0,1,The height of the bookcase was,sending,0.30991355,WE,enwiki_20180420_300d
344,87,The sleek new building was designing a team of German architects.,Attraction Violation,1,1,The sleek new building was,designing,0.51268876,WE,enwiki_20180420_300d
345,87,The sleek new building was designed by a team of German architects.,Passive Control,1,1,The sleek new building was,designed,0.48371038,WE,enwiki_20180420_300d
346,87,A team of architects had been designing the new building.,Active Control,1,0,A team of architects had been,designing,0.43758696,WE,enwiki_20180420_300d
347,87,The leftover food was designing with flair.,No-Attraction Violation,0,1,The leftover food was,designing,0.32160708,WE,enwiki_20180420_300d
348,88,The final exams had been grading in school.,Attraction Violation,1,1,The final exams had been,grading,0.39432645,WE,enwiki_20180420_300d
349,88,The final exams had been graded in school.,Passive Control,1,1,The final exams had been,graded,0.3735358,WE,enwiki_20180420_300d
350,88,The professor had been grading the final exams until 4 AM.,Active Control,1,0,The professor had been,grading,0.21967694,WE,enwiki_20180420_300d
351,88,The appetizers had been grading Iverson's students.,No-Attraction Violation,0,1,The appetizers had been,grading,0.27814737,WE,enwiki_20180420_300d
352,89,The final destination had been reaching too late.,Attraction Violation,1,1,The final destination had been,reaching,0.46465433,WE,enwiki_20180420_300d
353,89,The final destination had been reached too late.,Passive Control,1,1,The final destination had been,reached,0.5048601,WE,enwiki_20180420_300d
354,89,The curious child had been reaching for the cup on the table.,Active Control,1,0,The curious child had been,reaching,0.2768492,WE,enwiki_20180420_300d
355,89,Several spelling errors were reaching too late.,No-Attraction Violation,0,1,Several spelling errors were,reaching,0.22171788,WE,enwiki_20180420_300d
356,90,A faint light was perceiving by the rescue workers.,Attraction Violation,1,1,A faint light was,perceiving,0.37243456,WE,enwiki_20180420_300d
357,90,A faint light was perceived underwater.,Passive Control,1,1,A faint light was,perceived,0.3854492,WE,enwiki_20180420_300d
358,90,The worried pilot was perceiving a rattling sound in the jet's engine.,Active Control,1,0,The worried pilot was,perceiving,0.36505193,WE,enwiki_20180420_300d
359,90,A tiny spy camera was perceiving underwater.,No-Attraction Violation,0,1,A tiny spy camera was,perceiving,0.34588113,WE,enwiki_20180420_300d
360,91,The bubblegum had been chewing by the boy.,Attraction Violation,1,1,The bubblegum had been,chewing,0.38824978,WE,enwiki_20180420_300d
361,91,The bubblegum had been chewed by the boy.,Passive Control,1,1,The bubblegum had been,chewed,0.4027644,WE,enwiki_20180420_300d
362,91,The hungry dog had been chewing a bone.,Active Control,1,0,The hungry dog had been,chewing,0.38205948,WE,enwiki_20180420_300d
363,91,Carrie's morning meeting was chewing for a long time.,No-Attraction Violation,0,1,Carrie's morning meeting was,chewing,0.24650228,WE,enwiki_20180420_300d
364,92,Martin's tonsils had been removing at the hospital.,Attraction Violation,1,1,Martin's tonsils had been,removing,0.36276355,WE,enwiki_20180420_300d
365,92,Martin's tonsils had been removed at the hospital.,Passive Control,1,1,Martin's tonsils had been,removed,0.38319802,WE,enwiki_20180420_300d
366,92,The surgeon had been removing the cancerous growth.,Active Control,1,0,The surgeon had been,removing,0.38220313,WE,enwiki_20180420_300d
367,92,The homicide case had been removing at the hospital.,No-Attraction Violation,0,1,The homicide case had been,removing,0.3651029,WE,enwiki_20180420_300d
368,93,Mother Theresa's death was mourning millions of people.,Attraction Violation,1,1,Mother Theresa's death was,mourning,0.42734954,WE,enwiki_20180420_300d
369,93,Mother Theresa's death was mourned by millions of people.,Passive Control,1,1,Mother Theresa's death was,mourned,0.49882704,WE,enwiki_20180420_300d
370,93,The black-clad women were mourning the death of their brother.,Active Control,1,0,The black-clad women were,mourning,0.29389176,WE,enwiki_20180420_300d
371,93,Lisa's phone had been mourning the loss of a loved one.,No-Attraction Violation,0,1,Lisa's phone had been,mourning,0.20907803,WE,enwiki_20180420_300d
372,94,The bathroom floor had been mopping by a janitor.,Attraction Violation,1,1,The bathroom floor had been,mopping,0.35845697,WE,enwiki_20180420_300d
373,94,The bathroom floor had been mopped in the past.,Passive Control,1,1,The bathroom floor had been,mopped,0.37198174,WE,enwiki_20180420_300d
374,94,The school janitor had been mopping the bathroom.,Active Control,1,0,The school janitor had been,mopping,0.3040588,WE,enwiki_20180420_300d
375,94,An important lesson had been mopping in the past.,No-Attraction Violation,0,1,An important lesson had been,mopping,0.2415758,WE,enwiki_20180420_300d
376,95,The sin had been confessing by the repentant Catholic.,Attraction Violation,1,1,The sin had been,confessing,0.37339625,WE,enwiki_20180420_300d
377,95,The sin had been confessed on Sunday.,Passive Control,1,1,The sin had been,confessed,0.43877205,WE,enwiki_20180420_300d
378,95,The repentant Catholic had been confessing his sins.,Active Control,1,0,The repentant Catholic had been,confessing,0.48749617,WE,enwiki_20180420_300d
379,95,Ten new trees had been confessing on Sunday.,No-Attraction Violation,0,1,Ten new trees had been,confessing,0.29116157,WE,enwiki_20180420_300d
380,96,The strange mystery had been solving the detectives.,Attraction Violation,1,1,The strange mystery had been,solving,0.3879092,WE,enwiki_20180420_300d
381,96,The strange mystery had been solved at the station.,Passive Control,1,1,The strange mystery had been,solved,0.41152763,WE,enwiki_20180420_300d
382,96,The brilliant detective had been solving mysterious crimes for two decades.,Active Control,1,0,The brilliant detective had been,solving,0.37498543,WE,enwiki_20180420_300d
383,96,Hathaway's gigantic fortune had been solving at the station.,No-Attraction Violation,0,1,Hathaway's gigantic fortune had been,solving,0.2635745,WE,enwiki_20180420_300d
0,1,The murder had been witnessing by the three bystanders,Attraction Violation,1,1,The murder had been,witnessing,0.1916008,WE,word2vec-google-news-300
1,1,The murder had been witnessed in the dark.,Passive Control,1,1,The murder had been,witnessed,0.31422606,WE,word2vec-google-news-300
2,1,The bystanders had been witnessing the crime.,Active Control,1,0,The bystanders had been,witnessing,0.20721819,WE,word2vec-google-news-300
3,1,The unpleasant cough syrup was witnessing in the dark.,No-Attraction Violation,0,1,The unpleasant cough syrup was,witnessing,0.12406546,WE,word2vec-google-news-300
4,2,Patty's overgrown lawn was mowing the boy next door.,Attraction Violation,1,1,Patty's overgrown lawn was,mowing,0.495166,WE,word2vec-google-news-300
5,2,Patty's overgrown lawn was mowed only last week.,Passive Control,1,1,Patty's overgrown lawn was,mowed,0.46952528,WE,word2vec-google-news-300
6,2,Patty's teenage son was mowing the lawn.,Active Control,1,0,Patty's teenage son was,mowing,0.15237702,WE,word2vec-google-news-300
7,2,All of her money had been mowing the grass.,No-Attraction Violation,0,1,All of her money had been,mowing,0.11377584,WE,word2vec-google-news-300
8,3,Three more martinis were ordering by Laurie's sister.,Attraction Violation,1,1,Three more martinis were,ordering,0.1966431,WE,word2vec-google-news-300
9,3,Three more martinis were ordered repeatedly.,Passive Control,1,1,Three more martinis were,ordered,0.15234774,WE,word2vec-google-news-300
10,3,"The regular customers were ordering quiche, as usual.",Active Control,1,0,The regular customers were,ordering,0.23119824,WE,word2vec-google-news-300
11,3,The rough part of the wood was ordering late.,No-Attraction Violation,0,1,The rough part of the wood was,ordering,0.09007036,WE,word2vec-google-news-300
12,4,The quality of Karla's work was evaluating frequently.,Attraction Violation,1,1,The quality of Karla's work was,evaluating,0.18411317,WE,word2vec-google-news-300
13,4,The quality of Karla's work was evaluated frequently.,Passive Control,1,1,The quality of Karla's work was,evaluated,0.1699648,WE,word2vec-google-news-300
14,4,The engineers were evaluating the success of the new device.,Active Control,1,0,The engineers were,evaluating,0.18577662,WE,word2vec-google-news-300
15,4,The old lady's purse had been evaluating Nelson's idea.,No-Attraction Violation,0,1,The old lady's purse had been,evaluating,-0.004016561,WE,word2vec-google-news-300
16,5,The legal contract had been signing falsely.,Attraction Violation,1,1,The legal contract had been,signing,0.26594487,WE,word2vec-google-news-300
17,5,The legal contract had been signed by the family.,Passive Control,1,1,The legal contract had been,signed,0.31753218,WE,word2vec-google-news-300
18,5,The state's governor had been signing new legislation.,Active Control,1,0,The state's governor had been,signing,0.08590277,WE,word2vec-google-news-300
19,5,An appointment was signing falsely.,No-Attraction Violation,0,1,An appointment was,signing,0.21027856,WE,word2vec-google-news-300
20,6,The vocabulary list was memorizing well.,Attraction Violation,1,1,The vocabulary list was,memorizing,0.29630128,WE,word2vec-google-news-300
21,6,The vocabulary list was memorized well.,Passive Control,1,1,The vocabulary list was,memorized,0.32991537,WE,word2vec-google-news-300
22,6,The medical students were memorizing sample exam questions all night.,Active Control,1,0,The medical students were,memorizing,0.17571855,WE,word2vec-google-news-300
23,6,The simple coffin was memorizing the lines of the poem.,No-Attraction Violation,0,1,The simple coffin was,memorizing,0.12146177,WE,word2vec-google-news-300
24,7,The firewood had been chopping poorly.,Attraction Violation,1,1,The firewood had been,chopping,0.25224757,WE,word2vec-google-news-300
25,7,The firewood had been chopped by Jen's grandfather.,Passive Control,1,1,The firewood had been,chopped,0.26167282,WE,word2vec-google-news-300
26,7,Jen's grandfather had been chopping the firewood.,Active Control,1,0,Jen's grandfather had been,chopping,0.12926696,WE,word2vec-google-news-300
27,7,Mark's wrinkly shirts were chopping vegetables.,No-Attraction Violation,0,1,Mark's wrinkly shirts were,chopping,0.11400923,WE,word2vec-google-news-300
28,8,Lisa's phone had been disconnecting last month.,Attraction Violation,1,1,Lisa's phone had been,disconnecting,0.18457888,WE,word2vec-google-news-300
29,8,Lisa's phone had been disconnected last month.,Passive Control,1,1,Lisa's phone had been,disconnected,0.32366586,WE,word2vec-google-news-300
30,8,The electrician had been disconnecting the machine's power source.,Active Control,1,0,The electrician had been,disconnecting,0.14226149,WE,word2vec-google-news-300
31,8,Mother Theresa's death was disconnecting the two cables.,No-Attraction Violation,0,1,Mother Theresa's death was,disconnecting,0.081644855,WE,word2vec-google-news-300
32,9,Wendy's muddy car was washing the boys.,Attraction Violation,1,1,Wendy's muddy car was,washing,0.22061533,WE,word2vec-google-news-300
33,9,Wendy's muddy car was washed wearily.,Passive Control,1,1,Wendy's muddy car was,washed,0.29633978,WE,word2vec-google-news-300
34,9,Wendy and Harriet were washing the muddy car.,Active Control,1,0,Wendy and Harriet were,washing,0.08405206,WE,word2vec-google-news-300
35,9,Frank's loan application had been washing the used pencil.,No-Attraction Violation,0,1,Frank's loan application had been,washing,0.14178717,WE,word2vec-google-news-300
36,10,The library books had been borrowing the graduate student.,Attraction Violation,1,1,The library books had been,borrowing,0.23906435,WE,word2vec-google-news-300
37,10,The library books had been borrowed by the graduate student.,Passive Control,1,1,The library books had been,borrowed,0.2922688,WE,word2vec-google-news-300
38,10,Katie and Lara had been borrowing dozens of books about botany from the library.,Active Control,1,0,Katie and Lara had been,borrowing,0.04890615,WE,word2vec-google-news-300
39,10,The tragic mistake was borrowing in a hurry.,No-Attraction Violation,0,1,The tragic mistake was,borrowing,0.058152232,WE,word2vec-google-news-300
40,11,"The dark, underwater cave was exploring by the divers.",Attraction Violation,1,1,"The dark, underwater cave was",exploring,0.2653897,WE,word2vec-google-news-300
41,11,"The dark, underwater cave was explored by the divers.",Passive Control,1,1,"The dark, underwater cave was",explored,0.28166813,WE,word2vec-google-news-300
42,11,The cautious scuba divers were exploring the underwater cave.,Active Control,1,0,The cautious scuba divers were,exploring,0.20458856,WE,word2vec-google-news-300
43,11,The phone bill had been exploring at the zoo.,No-Attraction Violation,0,1,The phone bill had been,exploring,0.032754797,WE,word2vec-google-news-300
44,12,The unpleasant cough syrup was swallowing the boy.,Attraction Violation,1,1,The unpleasant cough syrup was,swallowing,0.2903967,WE,word2vec-google-news-300
45,12,The unpleasant cough syrup was swallowed by the boy.,Passive Control,1,1,The unpleasant cough syrup was,swallowed,0.27077416,WE,word2vec-google-news-300
46,12,The huge adult alligator had been swallowing fish by the bucket.,Active Control,1,0,The huge adult alligator had been,swallowing,0.21843448,WE,word2vec-google-news-300
47,12,The murder had been swallowing with disgust.,No-Attraction Violation,0,1,The murder had been,swallowing,0.06494213,WE,word2vec-google-news-300
48,13,The pizza had been delivering once more.,Attraction Violation,1,1,The pizza had been,delivering,0.14918114,WE,word2vec-google-news-300
49,13,The pizza had been delivered by Antonio himself.,Passive Control,1,1,The pizza had been,delivered,0.22197218,WE,word2vec-google-news-300
50,13,The exhausted messenger had been delivering packages all over town.,Active Control,1,0,The exhausted messenger had been,delivering,0.13087341,WE,word2vec-google-news-300
51,13,A genetic mutation was delivering once more.,No-Attraction Violation,0,1,A genetic mutation was,delivering,0.009715886,WE,word2vec-google-news-300
52,14,Frank's loan application had been approving by the bank.,Attraction Violation,1,1,Frank's loan application had been,approving,0.16670907,WE,word2vec-google-news-300
53,14,Frank's loan application had been approved anyways.,Passive Control,1,1,Frank's loan application had been,approved,0.15340118,WE,word2vec-google-news-300
54,14,The board of directors had been approving too many expensive projects.,Active Control,1,0,The board of directors had been,approving,0.22673339,WE,word2vec-google-news-300
55,14,Wendy's muddy car was approving the boy's request.,No-Attraction Violation,0,1,Wendy's muddy car was,approving,0.08803752,WE,word2vec-google-news-300
56,15,The cheap products had been manufacturing a Belgian firm.,Attraction Violation,1,1,The cheap products had been,manufacturing,0.2715213,WE,word2vec-google-news-300
57,15,The cheap products had been manufactured by a Belgian firm.,Passive Control,1,1,The cheap products had been,manufactured,0.36844856,WE,word2vec-google-news-300
58,15,The auto company had been manufacturing parts in China.,Active Control,1,0,The auto company had been,manufacturing,0.38201812,WE,word2vec-google-news-300
59,15,A drawing of the house had been manufacturing at a factory.,No-Attraction Violation,0,1,A drawing of the house had been,manufacturing,0.11741728,WE,word2vec-google-news-300
60,16,Their secret conversation had been overhearing by a surprised neighbor.,Attraction Violation,1,1,Their secret conversation had been,overhearing,0.24578439,WE,word2vec-google-news-300
61,16,Their secret conversation had been overheard by a surprised neighbor.,Passive Control,1,1,Their secret conversation had been,overheard,0.33383688,WE,word2vec-google-news-300
62,16,The annoyed resident had been overhearing his neighbor's phone conversations through the wall.,Active Control,1,0,The annoyed resident had been,overhearing,0.19122589,WE,word2vec-google-news-300
63,16,A wet snowball had been overhearing despite the precautions.,No-Attraction Violation,0,1,A wet snowball had been,overhearing,0.12523444,WE,word2vec-google-news-300
64,17,The rough part of the wood was sanding to perfection.,Attraction Violation,1,1,The rough part of the wood was,sanding,0.3358486,WE,word2vec-google-news-300
65,17,The rough part of the wood was sanded by the carpenter.,Passive Control,1,1,The rough part of the wood was,sanded,0.34777543,WE,word2vec-google-news-300
66,17,The skillful carpenter was sanding the rough edge of the wood.,Active Control,1,0,The skillful carpenter was,sanding,0.2708672,WE,word2vec-google-news-300
67,17,Three more martinis were sanding the chair.,No-Attraction Violation,0,1,Three more martinis were,sanding,0.13215937,WE,word2vec-google-news-300
68,18,A package had been receiving by the secretary in the office.,Attraction Violation,1,1,A package had been,receiving,0.22060192,WE,word2vec-google-news-300
69,18,A package had been received by the secretary in the office.,Passive Control,1,1,A package had been,received,0.36010888,WE,word2vec-google-news-300
70,18,The secretary had been receiving flowers all day.,Active Control,1,0,The secretary had been,receiving,0.16282482,WE,word2vec-google-news-300
71,18,The noises in the attic had been receiving assistance from the government.,No-Attraction Violation,0,1,The noises in the attic had been,receiving,0.16092484,WE,word2vec-google-news-300
72,19,The club's rules had been violating Richard.,Attraction Violation,1,1,The club's rules had been,violating,0.15269306,WE,word2vec-google-news-300
73,19,The club's rules had been violated only twice.,Passive Control,1,1,The club's rules had been,violated,0.21006879,WE,word2vec-google-news-300
74,19,The rebel had been violating the rules.,Active Control,1,0,The rebel had been,violating,0.08753115,WE,word2vec-google-news-300
75,19,Thirty pounds of potatoes had been violating only twice.,No-Attraction Violation,0,1,Thirty pounds of potatoes had been,violating,0.0550571,WE,word2vec-google-news-300
76,20,A new medication had been prescribing the physician.,Attraction Violation,1,1,A new medication had been,prescribing,0.33184034,WE,word2vec-google-news-300
77,20,A new medication had been prescribed by the physician.,Passive Control,1,1,A new medication had been,prescribed,0.37132892,WE,word2vec-google-news-300
78,20,The new doctor had been prescribing powerful painkillers for Jelena's sore knee.,Active Control,1,0,The new doctor had been,prescribing,0.22270009,WE,word2vec-google-news-300
79,20,The portrait of Napoleon had been prescribing with caution.,No-Attraction Violation,0,1,The portrait of Napoleon had been,prescribing,0.025259957,WE,word2vec-google-news-300
80,21,The wheat crops had been harvesting by the local farmers.,Attraction Violation,1,1,The wheat crops had been,harvesting,0.4085692,WE,word2vec-google-news-300
81,21,The wheat crops had been harvested after the rain.,Passive Control,1,1,The wheat crops had been,harvested,0.40886962,WE,word2vec-google-news-300
82,21,The local farmers had been harvesting the corn all week.,Active Control,1,0,The local farmers had been,harvesting,0.28257367,WE,word2vec-google-news-300
83,21,The elevator button had been harvesting after the rain.,No-Attraction Violation,0,1,The elevator button had been,harvesting,0.10491576,WE,word2vec-google-news-300
84,22,The musical piece was composing by Beethoven in 1799.,Attraction Violation,1,1,The musical piece was,composing,0.3906262,WE,word2vec-google-news-300
85,22,The musical piece was composed in a dream.,Passive Control,1,1,The musical piece was,composed,0.21860214,WE,word2vec-google-news-300
86,22,Ludwig von Beethoven was composing symphonies as a teenager.,Active Control,1,0,Ludwig von Beethoven was,composing,0.09523027,WE,word2vec-google-news-300
87,22,The bank had been composing in a dream.,No-Attraction Violation,0,1,The bank had been,composing,0.054223277,WE,word2vec-google-news-300
88,23,The old lady's purse had been snatching a kid.,Attraction Violation,1,1,The old lady's purse had been,snatching,0.22242883,WE,word2vec-google-news-300
89,23,The old lady's purse had been snatched with speed.,Passive Control,1,1,The old lady's purse had been,snatched,0.312782,WE,word2vec-google-news-300
90,23,The clever dog had been snatching cookies from the table.,Active Control,1,0,The clever dog had been,snatching,0.16446452,WE,word2vec-google-news-300
91,23,The quality of Karla's work was snatching victory from the jaws of defeat.,No-Attraction Violation,0,1,The quality of Karla's work was,snatching,0.022269003,WE,word2vec-google-news-300
92,24,Olson's bulging suitcase had been packing his assistant.,Attraction Violation,1,1,Olson's bulging suitcase had been,packing,0.3116454,WE,word2vec-google-news-300
93,24,Olson's bulging suitcase had been packed for the trip.,Passive Control,1,1,Olson's bulging suitcase had been,packed,0.3659532,WE,word2vec-google-news-300
94,24,The excited vacationers had been packing their suitcases when the hurricane hit.,Active Control,1,0,The excited vacationers had been,packing,0.15518722,WE,word2vec-google-news-300
95,24,Stormy weather had been packing for the trip.,No-Attraction Violation,0,1,Stormy weather had been,packing,0.0911098,WE,word2vec-google-news-300
96,25,Several spelling errors were noticing the careful editor.,Attraction Violation,1,1,Several spelling errors were,noticing,0.21899524,WE,word2vec-google-news-300
97,25,Several spelling errors were noticed by the careful editor.,Passive Control,1,1,Several spelling errors were,noticed,0.19930975,WE,word2vec-google-news-300
98,25,Brittany's close friends were noticing changes in her personality.,Active Control,1,0,Brittany's close friends were,noticing,0.1749936,WE,word2vec-google-news-300
99,25,The final destination had been noticing too late.,No-Attraction Violation,0,1,The final destination had been,noticing,0.123699114,WE,word2vec-google-news-300
100,26,An illegal weapon had been smuggling only once.,Attraction Violation,1,1,An illegal weapon had been,smuggling,0.27457076,WE,word2vec-google-news-300
101,26,An illegal weapon had been smuggled only once.,Passive Control,1,1,An illegal weapon had been,smuggled,0.26810938,WE,word2vec-google-news-300
102,26,The drug dealer had been smuggling heroin into Canada.,Active Control,1,0,The drug dealer had been,smuggling,0.31389776,WE,word2vec-google-news-300
103,26,Cleopatra's beauty was smuggling only once.,No-Attraction Violation,0,1,Cleopatra's beauty was,smuggling,0.107851654,WE,word2vec-google-news-300
104,27,The leftover food was discarding wastefully.,Attraction Violation,1,1,The leftover food was,discarding,0.3123628,WE,word2vec-google-news-300
105,27,The leftover food was discarded wastefully.,Passive Control,1,1,The leftover food was,discarded,0.34413385,WE,word2vec-google-news-300
106,27,The campers were discarding the leftover food.,Active Control,1,0,The campers were,discarding,0.1418097,WE,word2vec-google-news-300
107,27,The sleek new building was discarding wastefully.,No-Attraction Violation,0,1,The sleek new building was,discarding,0.14340672,WE,word2vec-google-news-300
108,28,Thirty pounds of potatoes had been peeling by the cooks.,Attraction Violation,1,1,Thirty pounds of potatoes had been,peeling,0.18781282,WE,word2vec-google-news-300
109,28,Thirty pounds of potatoes had been peeled carefully.,Passive Control,1,1,Thirty pounds of potatoes had been,peeled,0.25508553,WE,word2vec-google-news-300
110,28,The bored looking cooks had been peeling potatoes for hours.,Active Control,1,0,The bored looking cooks had been,peeling,0.23806405,WE,word2vec-google-news-300
111,28,The club's rules had been peeling the sticker off the box.,No-Attraction Violation,0,1,The club's rules had been,peeling,0.016338274,WE,word2vec-google-news-300
112,29,The grimy pots and pans had been scrubbing the dishwashers.,Attraction Violation,1,1,The grimy pots and pans had been,scrubbing,0.2892568,WE,word2vec-google-news-300
113,29,The grimy pots and pans had been scrubbed by the dishwashers.,Passive Control,1,1,The grimy pots and pans had been,scrubbed,0.3124219,WE,word2vec-google-news-300
114,29,The guys in the kitchen had been scrubbing the pots and pans.,Active Control,1,0,The guys in the kitchen had been,scrubbing,0.1488355,WE,word2vec-google-news-300
115,29,The stolen artwork had been scrubbing with vigor.,No-Attraction Violation,0,1,The stolen artwork had been,scrubbing,0.06800194,WE,word2vec-google-news-300
116,30,The roast lamb had been carving by a servant.,Attraction Violation,1,1,The roast lamb had been,carving,0.26178938,WE,word2vec-google-news-300
117,30,The roast lamb had been carved by a servant.,Passive Control,1,1,The roast lamb had been,carved,0.2147965,WE,word2vec-google-news-300
118,30,The butcher had been carving the meat.,Active Control,1,0,The butcher had been,carving,0.26312387,WE,word2vec-google-news-300
119,30,Janet's houseplants were carving before dinner.,No-Attraction Violation,0,1,Janet's houseplants were,carving,-0.009903188,WE,word2vec-google-news-300
120,31,Cleopatra's beauty was admiring many people.,Attraction Violation,1,1,Cleopatra's beauty was,admiring,0.26637673,WE,word2vec-google-news-300
121,31,Cleopatra's beauty was admired always.,Passive Control,1,1,Cleopatra's beauty was,admired,0.27582544,WE,word2vec-google-news-300
122,31,The men were admiring the beautiful woman from a distance.,Active Control,1,0,The men were,admiring,0.11494966,WE,word2vec-google-news-300
123,31,An illegal weapon had been admiring always.,No-Attraction Violation,0,1,An illegal weapon had been,admiring,0.0048560654,WE,word2vec-google-news-300
124,32,A wet snowball had been tossing by the girls through the window.,Attraction Violation,1,1,A wet snowball had been,tossing,0.22608228,WE,word2vec-google-news-300
125,32,A wet snowball had been tossed in anger.,Passive Control,1,1,A wet snowball had been,tossed,0.24116264,WE,word2vec-google-news-300
126,32,The baseball players had been tossing the ball around the infield.,Active Control,1,0,The baseball players had been,tossing,0.17013115,WE,word2vec-google-news-300
127,32,Their secret conversation had been tossing a steak on the grill.,No-Attraction Violation,0,1,Their secret conversation had been,tossing,0.113212,WE,word2vec-google-news-300
128,33,The sealed envelope was opening the judge.,Attraction Violation,1,1,The sealed envelope was,opening,0.26189438,WE,word2vec-google-news-300
129,33,The sealed envelope was opened without permission.,Passive Control,1,1,The sealed envelope was,opened,0.34389317,WE,word2vec-google-news-300
130,33,Tuxedoed waiters were opening bottles of champagne for the toast.,Active Control,1,0,Tuxedoed waiters were,opening,0.1343898,WE,word2vec-google-news-300
131,33,The men's faces had been opening without permission.,No-Attraction Violation,0,1,The men's faces had been,opening,0.21414675,WE,word2vec-google-news-300
132,34,The man's beard had been shaving twice a day.,Attraction Violation,1,1,The man's beard had been,shaving,0.2367489,WE,word2vec-google-news-300
133,34,The man's beard had been shaved twice a day.,Passive Control,1,1,The man's beard had been,shaved,0.39366034,WE,word2vec-google-news-300
134,34,His uncle Ralph had been shaving his beard off.,Active Control,1,0,His uncle Ralph had been,shaving,0.09911757,WE,word2vec-google-news-300
135,34,The popular amusement park is shaving twice a day.,No-Attraction Violation,0,1,The popular amusement park is,shaving,0.06783364,WE,word2vec-google-news-300
136,35,The elevator button had been pressing slowly.,Attraction Violation,1,1,The elevator button had been,pressing,0.26549792,WE,word2vec-google-news-300
137,35,The elevator button had been pressed by the attendant.,Passive Control,1,1,The elevator button had been,pressed,0.2623667,WE,word2vec-google-news-300
138,35,The attendant had been pressing the buttons.,Active Control,1,0,The attendant had been,pressing,0.1272553,WE,word2vec-google-news-300
139,35,The wheat crops had been pressing slowly.,No-Attraction Violation,0,1,The wheat crops had been,pressing,0.12416797,WE,word2vec-google-news-300
140,36,The winning lottery numbers had been announcing the TV news.,Attraction Violation,1,1,The winning lottery numbers had been,announcing,0.1616591,WE,word2vec-google-news-300
141,36,The winning lottery numbers had been announced by the TV news.,Passive Control,1,1,The winning lottery numbers had been,announced,0.13436683,WE,word2vec-google-news-300
142,36,The flight attendant had been announcing the reason for the delay.,Active Control,1,0,The flight attendant had been,announcing,0.073335245,WE,word2vec-google-news-300
143,36,The tarnished silverware was announcing on the television.,No-Attraction Violation,0,1,The tarnished silverware was,announcing,0.0694183,WE,word2vec-google-news-300
144,37,The victim's body had been identifying at the morgue.,Attraction Violation,1,1,The victim's body had been,identifying,0.1783191,WE,word2vec-google-news-300
145,37,The victim's body had been identified by the family members.,Passive Control,1,1,The victim's body had been,identified,0.27301747,WE,word2vec-google-news-300
146,37,The laboratory technicians had been identifying the chemical.,Active Control,1,0,The laboratory technicians had been,identifying,0.17911889,WE,word2vec-google-news-300
147,37,The movie was identifying rare fish for the divers.,No-Attraction Violation,0,1,The movie was,identifying,0.05526016,WE,word2vec-google-news-300
148,38,The hearty meal was devouring by the kids.,Attraction Violation,1,1,The hearty meal was,devouring,0.2475958,WE,word2vec-google-news-300
149,38,The hearty meal was devoured with gusto.,Passive Control,1,1,The hearty meal was,devoured,0.30740538,WE,word2vec-google-news-300
150,38,The hungry boys were devouring the plate of cookies when Jack arrived.,Active Control,1,0,The hungry boys were,devouring,0.2568304,WE,word2vec-google-news-300
151,38,The dusty tabletops were devouring with gusto.,No-Attraction Violation,0,1,The dusty tabletops were,devouring,0.16667031,WE,word2vec-google-news-300
152,39,The overgrown shrubs were trimming regularly.,Attraction Violation,1,1,The overgrown shrubs were,trimming,0.33417165,WE,word2vec-google-news-300
153,39,The overgrown shrubs were trimmed by a gardener.,Passive Control,1,1,The overgrown shrubs were,trimmed,0.31950086,WE,word2vec-google-news-300
154,39,A gardener was trimming the overgrown shrubbery.,Active Control,1,0,A gardener was,trimming,0.1587115,WE,word2vec-google-news-300
155,39,The alarm clock had been trimming regularly.,No-Attraction Violation,0,1,The alarm clock had been,trimming,0.1263385,WE,word2vec-google-news-300
156,40,Wilson's unreasonable proposal was rejecting by the boss.,Attraction Violation,1,1,Wilson's unreasonable proposal was,rejecting,0.3609314,WE,word2vec-google-news-300
157,40,Wilson's unreasonable proposal was rejected at the hospital.,Passive Control,1,1,Wilson's unreasonable proposal was,rejected,0.44765222,WE,word2vec-google-news-300
158,40,The admissions committee was rejecting nearly every application.,Active Control,1,0,The admissions committee was,rejecting,0.21998222,WE,word2vec-google-news-300
159,40,The rare bird's behavior was rejecting all offers.,No-Attraction Violation,0,1,The rare bird's behavior was,rejecting,0.1100478,WE,word2vec-google-news-300
160,41,Hathaway's gigantic fortune had been inheriting by his daughters.,Attraction Violation,1,1,Hathaway's gigantic fortune had been,inheriting,0.25706992,WE,word2vec-google-news-300
161,41,Hathaway's gigantic fortune had been inherited by his daughters.,Passive Control,1,1,Hathaway's gigantic fortune had been,inherited,0.3118636,WE,word2vec-google-news-300
162,41,Generations of aristocratic Englishmen have been inheriting their fortunes.,Active Control,1,0,Generations of aristocratic Englishmen have been,inheriting,0.28079188,WE,word2vec-google-news-300
163,41,The strange mystery had been inheriting the estate from her grandmother.,No-Attraction Violation,0,1,The strange mystery had been,inheriting,0.13085364,WE,word2vec-google-news-300
164,42,All of her money had been spending before the wedding.,Attraction Violation,1,1,All of her money had been,spending,0.20635158,WE,word2vec-google-news-300
165,42,All of her money had been spent before the wedding.,Passive Control,1,1,All of her money had been,spent,0.31326067,WE,word2vec-google-news-300
166,42,The shopping fanatic had been spending all her money in Bloomingdales.,Active Control,1,0,The shopping fanatic had been,spending,0.21696259,WE,word2vec-google-news-300
167,42,Patty's overgrown lawn was spending its time on the beach.,No-Attraction Violation,0,1,Patty's overgrown lawn was,spending,0.12499008,WE,word2vec-google-news-300
168,43,An appointment was scheduling by the secretary.,Attraction Violation,1,1,An appointment was,scheduling,0.2073297,WE,word2vec-google-news-300
169,43,An appointment was scheduled by the secretary.,Passive Control,1,1,An appointment was,scheduled,0.13666631,WE,word2vec-google-news-300
170,43,The secretary was scheduling new appointments for the afternoon.,Active Control,1,0,The secretary was,scheduling,0.07280917,WE,word2vec-google-news-300
171,43,The legal contract had been scheduling for next week.,No-Attraction Violation,0,1,The legal contract had been,scheduling,0.18923919,WE,word2vec-google-news-300
172,44,The men's faces had been photographing by a security camera.,Attraction Violation,1,1,The men's faces had been,photographing,0.0960302,WE,word2vec-google-news-300
173,44,The men's faces had been photographed by a security camera.,Passive Control,1,1,The men's faces had been,photographed,0.1508189,WE,word2vec-google-news-300
174,44,The intrusive reporter had been photographing the celebrities at the party.,Active Control,1,0,The intrusive reporter had been,photographing,0.31843767,WE,word2vec-google-news-300
175,44,The sealed envelope was photographing at the party.,No-Attraction Violation,0,1,The sealed envelope was,photographing,0.03279169,WE,word2vec-google-news-300
176,45,The broken television had been repairing the technician.,Attraction Violation,1,1,The broken television had been,repairing,0.2449148,WE,word2vec-google-news-300
177,45,The broken television had been repaired by the technician.,Passive Control,1,1,The broken television had been,repaired,0.33855522,WE,word2vec-google-news-300
178,45,The competent technician had been repairing the television.,Active Control,1,0,The competent technician had been,repairing,0.22567455,WE,word2vec-google-news-300
179,45,Larry's note had been repairing the computer's hard drive.,No-Attraction Violation,0,1,Larry's note had been,repairing,0.07375345,WE,word2vec-google-news-300
180,46,The alarm clock had been unplugging accidentally.,Attraction Violation,1,1,The alarm clock had been,unplugging,0.17016855,WE,word2vec-google-news-300
181,46,The alarm clock had been unplugged late.,Passive Control,1,1,The alarm clock had been,unplugged,0.25708723,WE,word2vec-google-news-300
182,46,The frantic woman had been unplugging every electrical device in the house.,Active Control,1,0,The frantic woman had been,unplugging,0.089226685,WE,word2vec-google-news-300
183,46,The overgrown shrubs were unplugging accidentally.,No-Attraction Violation,0,1,The overgrown shrubs were,unplugging,0.11162829,WE,word2vec-google-news-300
184,47,The car door had been unlocking late at night.,Attraction Violation,1,1,The car door had been,unlocking,0.1933838,WE,word2vec-google-news-300
185,47,The car door had been unlocked by the child.,Passive Control,1,1,The car door had been,unlocked,0.3328917,WE,word2vec-google-news-300
186,47,The babysitter had been unlocking the back door.,Active Control,1,0,The babysitter had been,unlocking,0.08417902,WE,word2vec-google-news-300
187,47,The Queen's 80th birthday was unlocking late at night.,No-Attraction Violation,0,1,The Queen's 80th birthday was,unlocking,0.010313679,WE,word2vec-google-news-300
188,48,The portrait of Napoleon had been painting by a Dutch artist.,Attraction Violation,1,1,The portrait of Napoleon had been,painting,0.41968173,WE,word2vec-google-news-300
189,48,The portrait of Napoleon had been painted by a Dutch artist.,Passive Control,1,1,The portrait of Napoleon had been,painted,0.3944066,WE,word2vec-google-news-300
190,48,The French Impressionist artists had been painting with a focus on light and color.,Active Control,1,0,The French Impressionist artists had been,painting,0.45862094,WE,word2vec-google-news-300
191,48,A new medication had been painting on Tuesday.,No-Attraction Violation,0,1,A new medication had been,painting,0.09144497,WE,word2vec-google-news-300
192,49,The embarrassing allegations had been denying by the mayor.,Attraction Violation,1,1,The embarrassing allegations had been,denying,0.32627344,WE,word2vec-google-news-300
193,49,The embarrassing allegations had been denied by the mayor.,Passive Control,1,1,The embarrassing allegations had been,denied,0.40490395,WE,word2vec-google-news-300
194,49,The embarassed mayor had been denying allegations of corruption.,Active Control,1,0,The embarassed mayor had been,denying,0.23418927,WE,word2vec-google-news-300
195,49,Tamara's birthday gift had been denying the rumor.,No-Attraction Violation,0,1,Tamara's birthday gift had been,denying,0.16767135,WE,word2vec-google-news-300
196,50,The noises in the attic had been hearing nightly.,Attraction Violation,1,1,The noises in the attic had been,hearing,0.194308,WE,word2vec-google-news-300
197,50,The noises in the attic had been heard by the boys.,Passive Control,1,1,The noises in the attic had been,heard,0.4303736,WE,word2vec-google-news-300
198,50,The frightened campers had been hearing noises in the woods.,Active Control,1,0,The frightened campers had been,hearing,0.19864738,WE,word2vec-google-news-300
199,50,A package had been hearing nightly.,No-Attraction Violation,0,1,A package had been,hearing,0.0789784,WE,word2vec-google-news-300
200,51,The appetizers had been serving before the meal.,Attraction Violation,1,1,The appetizers had been,serving,0.1686245,WE,word2vec-google-news-300
201,51,The appetizers had been served before the meal.,Passive Control,1,1,The appetizers had been,served,0.30096367,WE,word2vec-google-news-300
202,51,The waiters had been serving the meal.,Active Control,1,0,The waiters had been,serving,0.14545698,WE,word2vec-google-news-300
203,51,The final exams had been serving before the meal.,No-Attraction Violation,0,1,The final exams had been,serving,0.04172072,WE,word2vec-google-news-300
204,52,Billy's unruly hair was combing his mother to one side.,Attraction Violation,1,1,Billy's unruly hair was,combing,0.13556516,WE,word2vec-google-news-300
205,52,Billy's unruly hair was combed by his mother to one side.,Passive Control,1,1,Billy's unruly hair was,combed,0.20868246,WE,word2vec-google-news-300
206,52,The patient barber was combing the boy's hair to one side.,Active Control,1,0,The patient barber was,combing,0.053350296,WE,word2vec-google-news-300
207,52,The girl's disease was combing the area for escaped prisoners.,No-Attraction Violation,0,1,The girl's disease was,combing,0.06221054,WE,word2vec-google-news-300
208,53,A drawing of the house had been sketching again.,Attraction Violation,1,1,A drawing of the house had been,sketching,0.25838926,WE,word2vec-google-news-300
209,53,A drawing of the house had been sketched again.,Passive Control,1,1,A drawing of the house had been,sketched,0.26216325,WE,word2vec-google-news-300
210,53,An artist in the studio had been sketching the house.,Active Control,1,0,An artist in the studio had been,sketching,0.27193534,WE,word2vec-google-news-300
211,53,The cheap products had been sketching again.,No-Attraction Violation,0,1,The cheap products had been,sketching,0.03692734,WE,word2vec-google-news-300
212,54,The simple coffin was burying the villagers.,Attraction Violation,1,1,The simple coffin was,burying,0.26186147,WE,word2vec-google-news-300
213,54,The simple coffin was buried at the church.,Passive Control,1,1,The simple coffin was,buried,0.31494382,WE,word2vec-google-news-300
214,54,The tribal people were burying their dead.,Active Control,1,0,The tribal people were,burying,0.13134404,WE,word2vec-google-news-300
215,54,The vocabulary list was burying at the church.,No-Attraction Violation,0,1,The vocabulary list was,burying,0.070931904,WE,word2vec-google-news-300
216,55,The homicide case had been investigating diligently.,Attraction Violation,1,1,The homicide case had been,investigating,0.27837342,WE,word2vec-google-news-300
217,55,The homicide case had been investigated by the FBI.,Passive Control,1,1,The homicide case had been,investigated,0.33065194,WE,word2vec-google-news-300
218,55,The FBI agents had been investigating the homicide case for weeks.,Active Control,1,0,The FBI agents had been,investigating,0.22316939,WE,word2vec-google-news-300
219,55,Martin's tonsils had been investigating the problem.,No-Attraction Violation,0,1,Martin's tonsils had been,investigating,0.058235757,WE,word2vec-google-news-300
220,56,Mark's wrinkly shirts were ironing by his mother.,Attraction Violation,1,1,Mark's wrinkly shirts were,ironing,0.24656184,WE,word2vec-google-news-300
221,56,Mark's wrinkly shirts were ironed by his mother.,Passive Control,1,1,Mark's wrinkly shirts were,ironed,0.25402296,WE,word2vec-google-news-300
222,56,Mark's doting mother was ironing his shirts while he slept.,Active Control,1,0,Mark's doting mother was,ironing,0.14305727,WE,word2vec-google-news-300
223,56,The firewood had been ironing her dress.,No-Attraction Violation,0,1,The firewood had been,ironing,0.111241855,WE,word2vec-google-news-300
224,57,An important lesson had been learning in space.,Attraction Violation,1,1,An important lesson had been,learning,0.34690207,WE,word2vec-google-news-300
225,57,An important lesson had been learned in space.,Passive Control,1,1,An important lesson had been,learned,0.47942466,WE,word2vec-google-news-300
226,57,The children had been learning Spanish.,Active Control,1,0,The children had been,learning,0.23438501,WE,word2vec-google-news-300
227,57,The bathroom floor had been learning in space.,No-Attraction Violation,0,1,The bathroom floor had been,learning,0.14741544,WE,word2vec-google-news-300
228,58,The height of the bookcase was measuring by a carpenter.,Attraction Violation,1,1,The height of the bookcase was,measuring,0.23016314,WE,word2vec-google-news-300
229,58,The height of the bookcase was measured incorrectly.,Passive Control,1,1,The height of the bookcase was,measured,0.15982097,WE,word2vec-google-news-300
230,58,The carpenter was measuring the height of the bookcase.,Active Control,1,0,The carpenter was,measuring,0.116278745,WE,word2vec-google-news-300
231,58,An urgent message had been measuring her heart rate.,No-Attraction Violation,0,1,An urgent message had been,measuring,0.02584651,WE,word2vec-google-news-300
232,59,Several important topics were discussing despite the weather.,Attraction Violation,1,1,Several important topics were,discussing,0.32554567,WE,word2vec-google-news-300
233,59,Several important topics were discussed by the board of trustees.,Passive Control,1,1,Several important topics were,discussed,0.41703308,WE,word2vec-google-news-300
234,59,The board members were discussing several important topics.,Active Control,1,0,The board members were,discussing,0.19941913,WE,word2vec-google-news-300
235,59,"The fresh, warm bread was discussing despite the weather.",No-Attraction Violation,0,1,"The fresh, warm bread was",discussing,0.072642766,WE,word2vec-google-news-300
236,60,The dusty tabletops were wiping thoroughly.,Attraction Violation,1,1,The dusty tabletops were,wiping,0.19104493,WE,word2vec-google-news-300
237,60,The dusty tabletops were wiped thoroughly.,Passive Control,1,1,The dusty tabletops were,wiped,0.16630925,WE,word2vec-google-news-300
238,60,The tired busboy was wiping for hours.,Active Control,1,0,The tired busboy was,wiping,0.11120653,WE,word2vec-google-news-300
239,60,The hearty meal was wiping thoroughly.,No-Attraction Violation,0,1,The hearty meal was,wiping,0.09781275,WE,word2vec-google-news-300
240,61,A tiny spy camera was concealing by the agent inside a flowerpot.,Attraction Violation,1,1,A tiny spy camera was,concealing,0.23043472,WE,word2vec-google-news-300
241,61,A tiny spy camera was concealed by the agent inside a flowerpot.,Passive Control,1,1,A tiny spy camera was,concealed,0.3000487,WE,word2vec-google-news-300
242,61,The sneaky lawyer was concealing the truth.,Active Control,1,0,The sneaky lawyer was,concealing,0.23891856,WE,word2vec-google-news-300
243,61,A faint light was concealing their identity.,No-Attraction Violation,0,1,A faint light was,concealing,0.1456015,WE,word2vec-google-news-300
244,62,"The fresh, warm bread was slicing by the baker into halves.",Attraction Violation,1,1,"The fresh, warm bread was",slicing,0.24119543,WE,word2vec-google-news-300
245,62,"The fresh, warm bread was sliced with love.",Passive Control,1,1,"The fresh, warm bread was",sliced,0.26381016,WE,word2vec-google-news-300
246,62,The chef's assistants were slicing the mushrooms for a pie.,Active Control,1,0,The chef's assistants were,slicing,0.1391222,WE,word2vec-google-news-300
247,62,Several important topics were slicing with love.,No-Attraction Violation,0,1,Several important topics were,slicing,0.06679635,WE,word2vec-google-news-300
248,63,The tarnished silverware was polishing by the butler.,Attraction Violation,1,1,The tarnished silverware was,polishing,0.34733814,WE,word2vec-google-news-300
249,63,The tarnished silverware was polished by the butler.,Passive Control,1,1,The tarnished silverware was,polished,0.28520563,WE,word2vec-google-news-300
250,63,The thorough butler was polishing the doorknobs.,Active Control,1,0,The thorough butler was,polishing,0.18523112,WE,word2vec-google-news-300
251,63,The winning lottery numbers had been polishing his shoes.,No-Attraction Violation,0,1,The winning lottery numbers had been,polishing,0.06519257,WE,word2vec-google-news-300
252,64,Poisonous fumes had been inhaling the firefighters.,Attraction Violation,1,1,Poisonous fumes had been,inhaling,0.45936173,WE,word2vec-google-news-300
253,64,Poisonous fumes had been inhaled by the firefighters.,Passive Control,1,1,Poisonous fumes had been,inhaled,0.47087875,WE,word2vec-google-news-300
254,64,The firefighters had been inhaling the smoke.,Active Control,1,0,The firefighters had been,inhaling,0.08989907,WE,word2vec-google-news-300
255,64,The man's signature was inhaling during the fire.,No-Attraction Violation,0,1,The man's signature was,inhaling,0.050733943,WE,word2vec-google-news-300
256,65,A genetic mutation was discovering the scientists.,Attraction Violation,1,1,A genetic mutation was,discovering,0.14186993,WE,word2vec-google-news-300
257,65,A genetic mutation was discovered suddenly.,Passive Control,1,1,A genetic mutation was,discovered,0.25178984,WE,word2vec-google-news-300
258,65,The excited explorers were discovering ancient artifacts everywhere they looked.,Active Control,1,0,The excited explorers were,discovering,0.33124536,WE,word2vec-google-news-300
259,65,The pizza had been discovering new methods for making dough.,No-Attraction Violation,0,1,The pizza had been,discovering,0.17711872,WE,word2vec-google-news-300
260,66,The Queen's 80th birthday was celebrating expensively.,Attraction Violation,1,1,The Queen's 80th birthday was,celebrating,0.30460662,WE,word2vec-google-news-300
261,66,The Queen's 80th birthday was celebrated by thousands of people in the streets.,Passive Control,1,1,The Queen's 80th birthday was,celebrated,0.33063796,WE,word2vec-google-news-300
262,66,Thousands of excited fans were celebrating the Superbowl victory in the streets.,Active Control,1,0,Thousands of excited fans were,celebrating,0.29701418,WE,word2vec-google-news-300
263,66,The car door had been celebrating her promotion.,No-Attraction Violation,0,1,The car door had been,celebrating,0.028399749,WE,word2vec-google-news-300
264,67,The diagram on the chalkboard had been erasing Mrs. Larson.,Attraction Violation,1,1,The diagram on the chalkboard had been,erasing,0.1888619,WE,word2vec-google-news-300
265,67,The diagram on the chalkboard had been erased by Mrs. Larson.,Passive Control,1,1,The diagram on the chalkboard had been,erased,0.21897647,WE,word2vec-google-news-300
266,67,Mrs. Larson had been erasing the chalkboard.,Active Control,1,0,Mrs. Larson had been,erasing,0.03834082,WE,word2vec-google-news-300
267,67,Food for the homeless had been erasing over and over.,No-Attraction Violation,0,1,Food for the homeless had been,erasing,0.109744385,WE,word2vec-google-news-300
268,68,The movie was directing Steven Spielberg.,Attraction Violation,1,1,The movie was,directing,0.28005925,WE,word2vec-google-news-300
269,68,The movie was directed professionally.,Passive Control,1,1,The movie was,directed,0.22336753,WE,word2vec-google-news-300
270,68,Steven Spielberg was directing another blockbuster.,Active Control,1,0,Steven Spielberg was,directing,0.010550783,WE,word2vec-google-news-300
271,68,The victim's body had been directing the police.,No-Attraction Violation,0,1,The victim's body had been,directing,0.09999105,WE,word2vec-google-news-300
272,69,Theresa's birthday gift had been wrapping yesterday.,Attraction Violation,1,1,Theresa's birthday gift had been,wrapping,0.16826883,WE,word2vec-google-news-300
273,69,Theresa's birthday gift had been wrapped yesterday.,Passive Control,1,1,Theresa's birthday gift had been,wrapped,0.21869619,WE,word2vec-google-news-300
274,69,Theresa's loving grandmother had been wrapping the presents.,Active Control,1,0,Theresa's loving grandmother had been,wrapping,0.12733607,WE,word2vec-google-news-300
275,69,The embarrassing allegations had been wrapping yesterday.,No-Attraction Violation,0,1,The embarrassing allegations had been,wrapping,0.08965958,WE,word2vec-google-news-300
276,70,The popular amusement park is visiting by millions of tourists eh year.,Attraction Violation,1,1,The popular amusement park is,visiting,0.21241641,WE,word2vec-google-news-300
277,70,The popular amusement park is visited daily.,Passive Control,1,1,The popular amusement park is,visited,0.1869144,WE,word2vec-google-news-300
278,70,The tourists had been visiting the amusement park in the morning.,Active Control,1,0,The tourists had been,visiting,0.28239113,WE,word2vec-google-news-300
279,70,The man's beard had been visiting a friend in the hospital.,No-Attraction Violation,0,1,The man's beard had been,visiting,0.10542942,WE,word2vec-google-news-300
280,71,Ten new trees had been planting on dry land.,Attraction Violation,1,1,Ten new trees had been,planting,0.32395914,WE,word2vec-google-news-300
281,71,Ten new trees had been planted by the Forestry Service.,Passive Control,1,1,Ten new trees had been,planted,0.3258281,WE,word2vec-google-news-300
282,71,The forestry workers had been planting cedar saplings on the hillside.,Active Control,1,0,The forestry workers had been,planting,0.23002502,WE,word2vec-google-news-300
283,71,The sin had been planting doubt in her mind.,No-Attraction Violation,0,1,The sin had been,planting,0.11895859,WE,word2vec-google-news-300
284,72,Food for the homeless had been donating neighborhood residents.,Attraction Violation,1,1,Food for the homeless had been,donating,0.21502948,WE,word2vec-google-news-300
285,72,Food for the homeless had been donated many times.,Passive Control,1,1,Food for the homeless had been,donated,0.24888737,WE,word2vec-google-news-300
286,72,The wealthy American philanthropist had been donating money to Romanian orphanages.,Active Control,1,0,The wealthy American philanthropist had been,donating,0.23852852,WE,word2vec-google-news-300
287,72,The diagram on the chalkboard had been donating blood.,No-Attraction Violation,0,1,The diagram on the chalkboard had been,donating,-0.016132075,WE,word2vec-google-news-300
288,73,The rare bird's behavior was observing by the biologists.,Attraction Violation,1,1,The rare bird's behavior was,observing,0.2709438,WE,word2vec-google-news-300
289,73,The rare bird's behavior was observed by the biologists.,Passive Control,1,1,The rare bird's behavior was,observed,0.26533523,WE,word2vec-google-news-300
290,73,The excited bird watchers were observing the rare eagle.,Active Control,1,0,The excited bird watchers were,observing,0.29923782,WE,word2vec-google-news-300
291,73,Wilson's unreasonable proposal was observing the stars.,No-Attraction Violation,0,1,Wilson's unreasonable proposal was,observing,0.057875603,WE,word2vec-google-news-300
292,74,Stormy weather had been forecasting by the weatherman.,Attraction Violation,1,1,Stormy weather had been,forecasting,0.25051036,WE,word2vec-google-news-300
293,74,Stormy weather had been forecasted by the weatherman.,Passive Control,1,1,Stormy weather had been,forecasted,0.25055504,WE,word2vec-google-news-300
294,74,The weather service had been forecasting snow for the mountain areas.,Active Control,1,0,The weather service had been,forecasting,0.2213603,WE,word2vec-google-news-300
295,74,Olson's bulging suitcase had been forecasting correctly.,No-Attraction Violation,0,1,Olson's bulging suitcase had been,forecasting,-0.011667847,WE,word2vec-google-news-300
296,75,The tragic mistake was regretting by Erika for many years.,Attraction Violation,1,1,The tragic mistake was,regretting,0.341126,WE,word2vec-google-news-300
297,75,The tragic mistake was regretted years later.,Passive Control,1,1,The tragic mistake was,regretted,0.4706669,WE,word2vec-google-news-300
298,75,Erika was regretting the mistake.,Active Control,1,0,Erika was,regretting,0.110847846,WE,word2vec-google-news-300
299,75,The library books had been regretting their behavior.,No-Attraction Violation,0,1,The library books had been,regretting,0.12896417,WE,word2vec-google-news-300
300,76,The stolen artwork had been seizing without warning.,Attraction Violation,1,1,The stolen artwork had been,seizing,0.25814164,WE,word2vec-google-news-300
301,76,The stolen artwork had been seized by the border police.,Passive Control,1,1,The stolen artwork had been,seized,0.42571345,WE,word2vec-google-news-300
302,76,The police had been seizing shipments of drugs at the border.,Active Control,1,0,The police had been,seizing,0.18014406,WE,word2vec-google-news-300
303,76,The grimy pots and pans had been seizing without warning.,No-Attraction Violation,0,1,The grimy pots and pans had been,seizing,0.101814136,WE,word2vec-google-news-300
304,77,The value of the jewels was estimating the dealer.,Attraction Violation,1,1,The value of the jewels was,estimating,0.14585246,WE,word2vec-google-news-300
305,77,The value of the jewels was estimated by the dealer.,Passive Control,1,1,The value of the jewels was,estimated,0.22853686,WE,word2vec-google-news-300
306,77,The jewel expert was estimating the value of the diamond.,Active Control,1,0,The jewel expert was,estimating,0.14602463,WE,word2vec-google-news-300
307,77,The useful new gadget had been estimating professionally.,No-Attraction Violation,0,1,The useful new gadget had been,estimating,0.13458373,WE,word2vec-google-news-300
308,78,Larry's note had been scribbling his wife.,Attraction Violation,1,1,Larry's note had been,scribbling,0.14307727,WE,word2vec-google-news-300
309,78,Larry's note had been scribbled with haste.,Passive Control,1,1,Larry's note had been,scribbled,0.19525751,WE,word2vec-google-news-300
310,78,Larry's wife had been scribbling a note to him about dinner plans.,Active Control,1,0,Larry's wife had been,scribbling,0.06570414,WE,word2vec-google-news-300
311,78,The broken television had been scribbling his thoughts on a napkin.,No-Attraction Violation,0,1,The broken television had been,scribbling,0.11270556,WE,word2vec-google-news-300
312,79,Carrie's morning meeting was canceling as expected.,Attraction Violation,1,1,Carrie's morning meeting was,canceling,0.14186218,WE,word2vec-google-news-300
313,79,Carrie's morning meeting was canceled by the boss.,Passive Control,1,1,Carrie's morning meeting was,canceled,0.21655117,WE,word2vec-google-news-300
314,79,Carrie had been canceling all of her meetings.,Active Control,1,0,Carrie had been,canceling,0.10566157,WE,word2vec-google-news-300
315,79,The bubblegum had been canceling as expected.,No-Attraction Violation,0,1,The bubblegum had been,canceling,0.08804534,WE,word2vec-google-news-300
316,80,The girl's disease was curing a simple treatment.,Attraction Violation,1,1,The girl's disease was,curing,0.22076426,WE,word2vec-google-news-300
317,80,The girl's disease was cured by a simple treatment.,Passive Control,1,1,The girl's disease was,cured,0.22892274,WE,word2vec-google-news-300
318,80,The foreign doctors were curing hundreds of villagers of malaria.,Active Control,1,0,The foreign doctors were,curing,0.06510301,WE,word2vec-google-news-300
319,80,Billy's unruly hair was curing his cold.,No-Attraction Violation,0,1,Billy's unruly hair was,curing,0.11978961,WE,word2vec-google-news-300
320,81,Janet's houseplants were watering too much.,Attraction Violation,1,1,Janet's houseplants were,watering,0.41297984,WE,word2vec-google-news-300
321,81,Janet's houseplants were watered by her neighbor.,Passive Control,1,1,Janet's houseplants were,watered,0.2483606,WE,word2vec-google-news-300
322,81,The gardener was watering the plants.,Active Control,1,0,The gardener was,watering,0.34367213,WE,word2vec-google-news-300
323,81,The roast lamb had been watering too much.,No-Attraction Violation,0,1,The roast lamb had been,watering,0.1881115,WE,word2vec-google-news-300
324,82,The useful new gadget had been inventing by a bored waiter.,Attraction Violation,1,1,The useful new gadget had been,inventing,0.2469836,WE,word2vec-google-news-300
325,82,The useful new gadget had been invented by a bored waiter.,Passive Control,1,1,The useful new gadget had been,invented,0.29350266,WE,word2vec-google-news-300
326,82,The resourceful engineers had been inventing tiny new devices.,Active Control,1,0,The resourceful engineers had been,inventing,0.2236486,WE,word2vec-google-news-300
327,82,The value of the jewels was inventing the digital computer.,No-Attraction Violation,0,1,The value of the jewels was,inventing,0.105496995,WE,word2vec-google-news-300
328,83,The phone bill had been paying his roommate.,Attraction Violation,1,1,The phone bill had been,paying,0.24983071,WE,word2vec-google-news-300
329,83,The phone bill had been paid quickly.,Passive Control,1,1,The phone bill had been,paid,0.27974457,WE,word2vec-google-news-300
330,83,Juan and Perry had been paying too much for their apartment.,Active Control,1,0,Juan and Perry had been,paying,0.039684746,WE,word2vec-google-news-300
331,83,"The dark, underwater cave was paying attention to the divers.",No-Attraction Violation,0,1,"The dark, underwater cave was",paying,0.14824936,WE,word2vec-google-news-300
332,84,The man's signature was forging the lawyers.,Attraction Violation,1,1,The man's signature was,forging,0.15256844,WE,word2vec-google-news-300
333,84,The man's signature was forged by the lawyers.,Passive Control,1,1,The man's signature was,forged,0.23878786,WE,word2vec-google-news-300
334,84,The con artists were forging the signatures on checks.,Active Control,1,0,The con artists were,forging,0.21276745,WE,word2vec-google-news-300
335,84,Poisonous fumes had been forging very well.,No-Attraction Violation,0,1,Poisonous fumes had been,forging,0.072438546,WE,word2vec-google-news-300
336,85,The bank had been robbing two masked men.,Attraction Violation,1,1,The bank had been,robbing,0.17637827,WE,word2vec-google-news-300
337,85,The bank had been robbed repeatedly.,Passive Control,1,1,The bank had been,robbed,0.23307519,WE,word2vec-google-news-300
338,85,The clever burglars had been robbing houses in broad daylight.,Active Control,1,0,The clever burglars had been,robbing,0.2623926,WE,word2vec-google-news-300
339,85,The musical piece was robbing repeatedly.,No-Attraction Violation,0,1,The musical piece was,robbing,0.03601748,WE,word2vec-google-news-300
340,86,An urgent message had been sending by the ambassador to the President.,Attraction Violation,1,1,An urgent message had been,sending,0.23517908,WE,word2vec-google-news-300
341,86,An urgent message had been sent again.,Passive Control,1,1,An urgent message had been,sent,0.31750673,WE,word2vec-google-news-300
342,86,The Prime Minister had been sending urgent messages to her Ambassador.,Active Control,1,0,The Prime Minister had been,sending,0.08317163,WE,word2vec-google-news-300
343,86,The height of the bookcase was sending mixed signals to the carpenter.,No-Attraction Violation,0,1,The height of the bookcase was,sending,0.0594254,WE,word2vec-google-news-300
344,87,The sleek new building was designing a team of German architects.,Attraction Violation,1,1,The sleek new building was,designing,0.33387977,WE,word2vec-google-news-300
345,87,The sleek new building was designed by a team of German architects.,Passive Control,1,1,The sleek new building was,designed,0.3061875,WE,word2vec-google-news-300
346,87,A team of architects had been designing the new building.,Active Control,1,0,A team of architects had been,designing,0.23079586,WE,word2vec-google-news-300
347,87,The leftover food was designing with flair.,No-Attraction Violation,0,1,The leftover food was,designing,0.08045145,WE,word2vec-google-news-300
348,88,The final exams had been grading in school.,Attraction Violation,1,1,The final exams had been,grading,0.21672592,WE,word2vec-google-news-300
349,88,The final exams had been graded in school.,Passive Control,1,1,The final exams had been,graded,0.2264181,WE,word2vec-google-news-300
350,88,The professor had been grading the final exams until 4 AM.,Active Control,1,0,The professor had been,grading,0.03545868,WE,word2vec-google-news-300
351,88,The appetizers had been grading Iverson's students.,No-Attraction Violation,0,1,The appetizers had been,grading,0.056104004,WE,word2vec-google-news-300
352,89,The final destination had been reaching too late.,Attraction Violation,1,1,The final destination had been,reaching,0.28679705,WE,word2vec-google-news-300
353,89,The final destination had been reached too late.,Passive Control,1,1,The final destination had been,reached,0.28822958,WE,word2vec-google-news-300
354,89,The curious child had been reaching for the cup on the table.,Active Control,1,0,The curious child had been,reaching,0.15825222,WE,word2vec-google-news-300
355,89,Several spelling errors were reaching too late.,No-Attraction Violation,0,1,Several spelling errors were,reaching,0.107865326,WE,word2vec-google-news-300
356,90,A faint light was perceiving by the rescue workers.,Attraction Violation,1,1,A faint light was,perceiving,0.19662185,WE,word2vec-google-news-300
357,90,A faint light was perceived underwater.,Passive Control,1,1,A faint light was,perceived,0.14799994,WE,word2vec-google-news-300
358,90,The worried pilot was perceiving a rattling sound in the jet's engine.,Active Control,1,0,The worried pilot was,perceiving,0.14917187,WE,word2vec-google-news-300
359,90,A tiny spy camera was perceiving underwater.,No-Attraction Violation,0,1,A tiny spy camera was,perceiving,0.13352169,WE,word2vec-google-news-300
360,91,The bubblegum had been chewing by the boy.,Attraction Violation,1,1,The bubblegum had been,chewing,0.19103791,WE,word2vec-google-news-300
361,91,The bubblegum had been chewed by the boy.,Passive Control,1,1,The bubblegum had been,chewed,0.27306184,WE,word2vec-google-news-300
362,91,The hungry dog had been chewing a bone.,Active Control,1,0,The hungry dog had been,chewing,0.24424839,WE,word2vec-google-news-300
363,91,Carrie's morning meeting was chewing for a long time.,No-Attraction Violation,0,1,Carrie's morning meeting was,chewing,0.08047963,WE,word2vec-google-news-300
364,92,Martin's tonsils had been removing at the hospital.,Attraction Violation,1,1,Martin's tonsils had been,removing,0.12339585,WE,word2vec-google-news-300
365,92,Martin's tonsils had been removed at the hospital.,Passive Control,1,1,Martin's tonsils had been,removed,0.2175905,WE,word2vec-google-news-300
366,92,The surgeon had been removing the cancerous growth.,Active Control,1,0,The surgeon had been,removing,0.16414765,WE,word2vec-google-news-300
367,92,The homicide case had been removing at the hospital.,No-Attraction Violation,0,1,The homicide case had been,removing,0.1245975,WE,word2vec-google-news-300
368,93,Mother Theresa's death was mourning millions of people.,Attraction Violation,1,1,Mother Theresa's death was,mourning,0.29779088,WE,word2vec-google-news-300
369,93,Mother Theresa's death was mourned by millions of people.,Passive Control,1,1,Mother Theresa's death was,mourned,0.31176284,WE,word2vec-google-news-300
370,93,The black-clad women were mourning the death of their brother.,Active Control,1,0,The black-clad women were,mourning,0.069903076,WE,word2vec-google-news-300
371,93,Lisa's phone had been mourning the loss of a loved one.,No-Attraction Violation,0,1,Lisa's phone had been,mourning,0.03762049,WE,word2vec-google-news-300
372,94,The bathroom floor had been mopping by a janitor.,Attraction Violation,1,1,The bathroom floor had been,mopping,0.21910037,WE,word2vec-google-news-300
373,94,The bathroom floor had been mopped in the past.,Passive Control,1,1,The bathroom floor had been,mopped,0.27482107,WE,word2vec-google-news-300
374,94,The school janitor had been mopping the bathroom.,Active Control,1,0,The school janitor had been,mopping,0.15493557,WE,word2vec-google-news-300
375,94,An important lesson had been mopping in the past.,No-Attraction Violation,0,1,An important lesson had been,mopping,0.07385154,WE,word2vec-google-news-300
376,95,The sin had been confessing by the repentant Catholic.,Attraction Violation,1,1,The sin had been,confessing,0.27041602,WE,word2vec-google-news-300
377,95,The sin had been confessed on Sunday.,Passive Control,1,1,The sin had been,confessed,0.28313613,WE,word2vec-google-news-300
378,95,The repentant Catholic had been confessing his sins.,Active Control,1,0,The repentant Catholic had been,confessing,0.31508574,WE,word2vec-google-news-300
379,95,Ten new trees had been confessing on Sunday.,No-Attraction Violation,0,1,Ten new trees had been,confessing,0.1233538,WE,word2vec-google-news-300
380,96,The strange mystery had been solving the detectives.,Attraction Violation,1,1,The strange mystery had been,solving,0.21876046,WE,word2vec-google-news-300
381,96,The strange mystery had been solved at the station.,Passive Control,1,1,The strange mystery had been,solved,0.2897578,WE,word2vec-google-news-300
382,96,The brilliant detective had been solving mysterious crimes for two decades.,Active Control,1,0,The brilliant detective had been,solving,0.23704739,WE,word2vec-google-news-300
383,96,Hathaway's gigantic fortune had been solving at the station.,No-Attraction Violation,0,1,Hathaway's gigantic fortune had been,solving,0.10955951,WE,word2vec-google-news-300
0,1,The murder had been witnessing by the three bystanders,Attraction Violation,1,1,The murder had been,witnessing,0.5609211325645447,CWE,enwiki_20180420_100d
1,1,The murder had been witnessed in the dark.,Passive Control,1,1,The murder had been,witnessed,0.44386276602745056,CWE,enwiki_20180420_100d
2,1,The bystanders had been witnessing the crime.,Active Control,1,0,The bystanders had been,witnessing,0.6197053790092468,CWE,enwiki_20180420_100d
3,1,The unpleasant cough syrup was witnessing in the dark.,No-Attraction Violation,0,1,The unpleasant cough syrup was,witnessing,0.4380547106266022,CWE,enwiki_20180420_100d
4,2,Patty's overgrown lawn was mowing the boy next door.,Attraction Violation,1,1,Patty's overgrown lawn was,mowing,0.678106963634491,CWE,enwiki_20180420_100d
5,2,Patty's overgrown lawn was mowed only last week.,Passive Control,1,1,Patty's overgrown lawn was,mowed,0.6998176574707031,CWE,enwiki_20180420_100d
6,2,Patty's teenage son was mowing the lawn.,Active Control,1,0,Patty's teenage son was,mowing,0.20566780865192413,CWE,enwiki_20180420_100d
7,2,All of her money had been mowing the grass.,No-Attraction Violation,0,1,All of her money had been,mowing,0.3332929313182831,CWE,enwiki_20180420_100d
8,3,Three more martinis were ordering by Laurie's sister.,Attraction Violation,1,1,Three more martinis were,ordering,0.45387002825737,CWE,enwiki_20180420_100d
9,3,Three more martinis were ordered repeatedly.,Passive Control,1,1,Three more martinis were,ordered,0.28493067622184753,CWE,enwiki_20180420_100d
10,3,"The regular customers were ordering quiche, as usual.",Active Control,1,0,The regular customers were,ordering,0.492889940738678,CWE,enwiki_20180420_100d
11,3,The rough part of the wood was ordering late.,No-Attraction Violation,0,1,The rough part of the wood was,ordering,0.3224911689758301,CWE,enwiki_20180420_100d
12,4,The quality of Karla's work was evaluating frequently.,Attraction Violation,1,1,The quality of Karla's work was,evaluating,0.6916135549545288,CWE,enwiki_20180420_100d
13,4,The quality of Karla's work was evaluated frequently.,Passive Control,1,1,The quality of Karla's work was,evaluated,0.565738320350647,CWE,enwiki_20180420_100d
14,4,The engineers were evaluating the success of the new device.,Active Control,1,0,The engineers were,evaluating,0.3930211663246155,CWE,enwiki_20180420_100d
15,4,The old lady's purse had been evaluating Nelson's idea.,No-Attraction Violation,0,1,The old lady's purse had been,evaluating,0.25307977199554443,CWE,enwiki_20180420_100d
16,5,The legal contract had been signing falsely.,Attraction Violation,1,1,The legal contract had been,signing,0.7163673639297485,CWE,enwiki_20180420_100d
17,5,The legal contract had been signed by the family.,Passive Control,1,1,The legal contract had been,signed,0.6803175806999207,CWE,enwiki_20180420_100d
18,5,The state's governor had been signing new legislation.,Active Control,1,0,The state's governor had been,signing,0.32410234212875366,CWE,enwiki_20180420_100d
19,5,An appointment was signing falsely.,No-Attraction Violation,0,1,An appointment was,signing,0.5243812203407288,CWE,enwiki_20180420_100d
20,6,The vocabulary list was memorizing well.,Attraction Violation,1,1,The vocabulary list was,memorizing,0.5881592631340027,CWE,enwiki_20180420_100d
21,6,The vocabulary list was memorized well.,Passive Control,1,1,The vocabulary list was,memorized,0.524380087852478,CWE,enwiki_20180420_100d
22,6,The medical students were memorizing sample exam questions all night.,Active Control,1,0,The medical students were,memorizing,0.4243049621582031,CWE,enwiki_20180420_100d
23,6,The simple coffin was memorizing the lines of the poem.,No-Attraction Violation,0,1,The simple coffin was,memorizing,0.4920886158943176,CWE,enwiki_20180420_100d
24,7,The firewood had been chopping poorly.,Attraction Violation,1,1,The firewood had been,chopping,0.6330831050872803,CWE,enwiki_20180420_100d
25,7,The firewood had been chopped by Jen's grandfather.,Passive Control,1,1,The firewood had been,chopped,0.4942396283149719,CWE,enwiki_20180420_100d
26,7,Jen's grandfather had been chopping the firewood.,Active Control,1,0,Jen's grandfather had been,chopping,0.2254403829574585,CWE,enwiki_20180420_100d
27,7,Mark's wrinkly shirts were chopping vegetables.,No-Attraction Violation,0,1,Mark's wrinkly shirts were,chopping,0.4909520447254181,CWE,enwiki_20180420_100d
28,8,Lisa's phone had been disconnecting last month.,Attraction Violation,1,1,Lisa's phone had been,disconnecting,0.5677841305732727,CWE,enwiki_20180420_100d
29,8,Lisa's phone had been disconnected last month.,Passive Control,1,1,Lisa's phone had been,disconnected,0.44099190831184387,CWE,enwiki_20180420_100d
30,8,The electrician had been disconnecting the machine's power source.,Active Control,1,0,The electrician had been,disconnecting,0.36191195249557495,CWE,enwiki_20180420_100d
31,8,Mother Theresa's death was disconnecting the two cables.,No-Attraction Violation,0,1,Mother Theresa's death was,disconnecting,0.37714189291000366,CWE,enwiki_20180420_100d
32,9,Wendy's muddy car was washing the boys.,Attraction Violation,1,1,Wendy's muddy car was,washing,0.4846104085445404,CWE,enwiki_20180420_100d
33,9,Wendy's muddy car was washed wearily.,Passive Control,1,1,Wendy's muddy car was,washed,0.5375027060508728,CWE,enwiki_20180420_100d
34,9,Wendy and Harriet were washing the muddy car.,Active Control,1,0,Wendy and Harriet were,washing,,CWE,enwiki_20180420_100d
35,9,Frank's loan application had been washing the used pencil.,No-Attraction Violation,0,1,Frank's loan application had been,washing,0.3321017026901245,CWE,enwiki_20180420_100d
36,10,The library books had been borrowing the graduate student.,Attraction Violation,1,1,The library books had been,borrowing,0.39950627088546753,CWE,enwiki_20180420_100d
37,10,The library books had been borrowed by the graduate student.,Passive Control,1,1,The library books had been,borrowed,0.3715577721595764,CWE,enwiki_20180420_100d
38,10,Katie and Lara had been borrowing dozens of books about botany from the library.,Active Control,1,0,Katie and Lara had been,borrowing,,CWE,enwiki_20180420_100d
39,10,The tragic mistake was borrowing in a hurry.,No-Attraction Violation,0,1,The tragic mistake was,borrowing,0.4039273262023926,CWE,enwiki_20180420_100d
40,11,"The dark, underwater cave was exploring by the divers.",Attraction Violation,1,1,"The dark, underwater cave was",exploring,0.598332405090332,CWE,enwiki_20180420_100d
41,11,"The dark, underwater cave was explored by the divers.",Passive Control,1,1,"The dark, underwater cave was",explored,0.5384856462478638,CWE,enwiki_20180420_100d
42,11,The cautious scuba divers were exploring the underwater cave.,Active Control,1,0,The cautious scuba divers were,exploring,0.5219390392303467,CWE,enwiki_20180420_100d
43,11,The phone bill had been exploring at the zoo.,No-Attraction Violation,0,1,The phone bill had been,exploring,0.277698278427124,CWE,enwiki_20180420_100d
44,12,The unpleasant cough syrup was swallowing the boy.,Attraction Violation,1,1,The unpleasant cough syrup was,swallowing,0.664911687374115,CWE,enwiki_20180420_100d
45,12,The unpleasant cough syrup was swallowed by the boy.,Passive Control,1,1,The unpleasant cough syrup was,swallowed,0.5456491708755493,CWE,enwiki_20180420_100d
46,12,The huge adult alligator had been swallowing fish by the bucket.,Active Control,1,0,The huge adult alligator had been,swallowing,0.5276157259941101,CWE,enwiki_20180420_100d
47,12,The murder had been swallowing with disgust.,No-Attraction Violation,0,1,The murder had been,swallowing,0.30779123306274414,CWE,enwiki_20180420_100d
48,13,The pizza had been delivering once more.,Attraction Violation,1,1,The pizza had been,delivering,0.3537731468677521,CWE,enwiki_20180420_100d
49,13,The pizza had been delivered by Antonio himself.,Passive Control,1,1,The pizza had been,delivered,0.2553452253341675,CWE,enwiki_20180420_100d
50,13,The exhausted messenger had been delivering packages all over town.,Active Control,1,0,The exhausted messenger had been,delivering,0.5728378295898438,CWE,enwiki_20180420_100d
51,13,A genetic mutation was delivering once more.,No-Attraction Violation,0,1,A genetic mutation was,delivering,0.20217567682266235,CWE,enwiki_20180420_100d
52,14,Frank's loan application had been approving by the bank.,Attraction Violation,1,1,Frank's loan application had been,approving,0.5557607412338257,CWE,enwiki_20180420_100d
53,14,Frank's loan application had been approved anyways.,Passive Control,1,1,Frank's loan application had been,approved,0.5062130689620972,CWE,enwiki_20180420_100d
54,14,The board of directors had been approving too many expensive projects.,Active Control,1,0,The board of directors had been,approving,0.5536282658576965,CWE,enwiki_20180420_100d
55,14,Wendy's muddy car was approving the boy's request.,No-Attraction Violation,0,1,Wendy's muddy car was,approving,0.20653021335601807,CWE,enwiki_20180420_100d
56,15,The cheap products had been manufacturing a Belgian firm.,Attraction Violation,1,1,The cheap products had been,manufacturing,0.6711618900299072,CWE,enwiki_20180420_100d
57,15,The cheap products had been manufactured by a Belgian firm.,Passive Control,1,1,The cheap products had been,manufactured,0.6656715273857117,CWE,enwiki_20180420_100d
58,15,The auto company had been manufacturing parts in China.,Active Control,1,0,The auto company had been,manufacturing,0.6836214661598206,CWE,enwiki_20180420_100d
59,15,A drawing of the house had been manufacturing at a factory.,No-Attraction Violation,0,1,A drawing of the house had been,manufacturing,0.4090684950351715,CWE,enwiki_20180420_100d
60,16,Their secret conversation had been overhearing by a surprised neighbor.,Attraction Violation,1,1,Their secret conversation had been,overhearing,0.7669236660003662,CWE,enwiki_20180420_100d
61,16,Their secret conversation had been overheard by a surprised neighbor.,Passive Control,1,1,Their secret conversation had been,overheard,0.7340837121009827,CWE,enwiki_20180420_100d
62,16,The annoyed resident had been overhearing his neighbor's phone conversations through the wall.,Active Control,1,0,The annoyed resident had been,overhearing,0.6609289646148682,CWE,enwiki_20180420_100d
63,16,A wet snowball had been overhearing despite the precautions.,No-Attraction Violation,0,1,A wet snowball had been,overhearing,0.32807657122612,CWE,enwiki_20180420_100d
64,17,The rough part of the wood was sanding to perfection.,Attraction Violation,1,1,The rough part of the wood was,sanding,0.5508491396903992,CWE,enwiki_20180420_100d
65,17,The rough part of the wood was sanded by the carpenter.,Passive Control,1,1,The rough part of the wood was,sanded,0.6074966192245483,CWE,enwiki_20180420_100d
66,17,The skillful carpenter was sanding the rough edge of the wood.,Active Control,1,0,The skillful carpenter was,sanding,0.4951414167881012,CWE,enwiki_20180420_100d
67,17,Three more martinis were sanding the chair.,No-Attraction Violation,0,1,Three more martinis were,sanding,0.35240986943244934,CWE,enwiki_20180420_100d
68,18,A package had been receiving by the secretary in the office.,Attraction Violation,1,1,A package had been,receiving,0.4169660806655884,CWE,enwiki_20180420_100d
69,18,A package had been received by the secretary in the office.,Passive Control,1,1,A package had been,received,0.36345553398132324,CWE,enwiki_20180420_100d
70,18,The secretary had been receiving flowers all day.,Active Control,1,0,The secretary had been,receiving,0.2272454798221588,CWE,enwiki_20180420_100d
71,18,The noises in the attic had been receiving assistance from the government.,No-Attraction Violation,0,1,The noises in the attic had been,receiving,0.25836169719696045,CWE,enwiki_20180420_100d
72,19,The club's rules had been violating Richard.,Attraction Violation,1,1,The club's rules had been,violating,0.4970538914203644,CWE,enwiki_20180420_100d
73,19,The club's rules had been violated only twice.,Passive Control,1,1,The club's rules had been,violated,0.48667171597480774,CWE,enwiki_20180420_100d
74,19,The rebel had been violating the rules.,Active Control,1,0,The rebel had been,violating,0.2623674273490906,CWE,enwiki_20180420_100d
75,19,Thirty pounds of potatoes had been violating only twice.,No-Attraction Violation,0,1,Thirty pounds of potatoes had been,violating,0.25569820404052734,CWE,enwiki_20180420_100d
76,20,A new medication had been prescribing the physician.,Attraction Violation,1,1,A new medication had been,prescribing,0.7261329889297485,CWE,enwiki_20180420_100d
77,20,A new medication had been prescribed by the physician.,Passive Control,1,1,A new medication had been,prescribed,0.6365482211112976,CWE,enwiki_20180420_100d
78,20,The new doctor had been prescribing powerful painkillers for Jelena's sore knee.,Active Control,1,0,The new doctor had been,prescribing,0.4098251461982727,CWE,enwiki_20180420_100d
79,20,The portrait of Napoleon had been prescribing with caution.,No-Attraction Violation,0,1,The portrait of Napoleon had been,prescribing,0.16512976586818695,CWE,enwiki_20180420_100d
80,21,The wheat crops had been harvesting by the local farmers.,Attraction Violation,1,1,The wheat crops had been,harvesting,0.6875811219215393,CWE,enwiki_20180420_100d
81,21,The wheat crops had been harvested after the rain.,Passive Control,1,1,The wheat crops had been,harvested,0.7357901334762573,CWE,enwiki_20180420_100d
82,21,The local farmers had been harvesting the corn all week.,Active Control,1,0,The local farmers had been,harvesting,0.5336730480194092,CWE,enwiki_20180420_100d
83,21,The elevator button had been harvesting after the rain.,No-Attraction Violation,0,1,The elevator button had been,harvesting,0.39369386434555054,CWE,enwiki_20180420_100d
84,22,The musical piece was composing by Beethoven in 1799.,Attraction Violation,1,1,The musical piece was,composing,0.73190838098526,CWE,enwiki_20180420_100d
85,22,The musical piece was composed in a dream.,Passive Control,1,1,The musical piece was,composed,0.5766068696975708,CWE,enwiki_20180420_100d
86,22,Ludwig von Beethoven was composing symphonies as a teenager.,Active Control,1,0,Ludwig von Beethoven was,composing,,CWE,enwiki_20180420_100d
87,22,The bank had been composing in a dream.,No-Attraction Violation,0,1,The bank had been,composing,0.1389365792274475,CWE,enwiki_20180420_100d
88,23,The old lady's purse had been snatching a kid.,Attraction Violation,1,1,The old lady's purse had been,snatching,0.5639330744743347,CWE,enwiki_20180420_100d
89,23,The old lady's purse had been snatched with speed.,Passive Control,1,1,The old lady's purse had been,snatched,0.5923672318458557,CWE,enwiki_20180420_100d
90,23,The clever dog had been snatching cookies from the table.,Active Control,1,0,The clever dog had been,snatching,0.5440759658813477,CWE,enwiki_20180420_100d
91,23,The quality of Karla's work was snatching victory from the jaws of defeat.,No-Attraction Violation,0,1,The quality of Karla's work was,snatching,0.2956816852092743,CWE,enwiki_20180420_100d
92,24,Olson's bulging suitcase had been packing his assistant.,Attraction Violation,1,1,Olson's bulging suitcase had been,packing,0.533946692943573,CWE,enwiki_20180420_100d
93,24,Olson's bulging suitcase had been packed for the trip.,Passive Control,1,1,Olson's bulging suitcase had been,packed,0.6121717691421509,CWE,enwiki_20180420_100d
94,24,The excited vacationers had been packing their suitcases when the hurricane hit.,Active Control,1,0,The excited vacationers had been,packing,0.4033796787261963,CWE,enwiki_20180420_100d
95,24,Stormy weather had been packing for the trip.,No-Attraction Violation,0,1,Stormy weather had been,packing,0.30455482006073,CWE,enwiki_20180420_100d
96,25,Several spelling errors were noticing the careful editor.,Attraction Violation,1,1,Several spelling errors were,noticing,0.4958617091178894,CWE,enwiki_20180420_100d
97,25,Several spelling errors were noticed by the careful editor.,Passive Control,1,1,Several spelling errors were,noticed,0.48395952582359314,CWE,enwiki_20180420_100d
98,25,Brittany's close friends were noticing changes in her personality.,Active Control,1,0,Brittany's close friends were,noticing,0.5206621885299683,CWE,enwiki_20180420_100d
99,25,The final destination had been noticing too late.,No-Attraction Violation,0,1,The final destination had been,noticing,0.3838610351085663,CWE,enwiki_20180420_100d
100,26,An illegal weapon had been smuggling only once.,Attraction Violation,1,1,An illegal weapon had been,smuggling,0.7183063626289368,CWE,enwiki_20180420_100d
101,26,An illegal weapon had been smuggled only once.,Passive Control,1,1,An illegal weapon had been,smuggled,0.5802295804023743,CWE,enwiki_20180420_100d
102,26,The drug dealer had been smuggling heroin into Canada.,Active Control,1,0,The drug dealer had been,smuggling,0.6852757334709167,CWE,enwiki_20180420_100d
103,26,Cleopatra's beauty was smuggling only once.,No-Attraction Violation,0,1,Cleopatra's beauty was,smuggling,0.2319047898054123,CWE,enwiki_20180420_100d
104,27,The leftover food was discarding wastefully.,Attraction Violation,1,1,The leftover food was,discarding,0.46618324518203735,CWE,enwiki_20180420_100d
105,27,The leftover food was discarded wastefully.,Passive Control,1,1,The leftover food was,discarded,0.6203457713127136,CWE,enwiki_20180420_100d
106,27,The campers were discarding the leftover food.,Active Control,1,0,The campers were,discarding,0.23823828995227814,CWE,enwiki_20180420_100d
107,27,The sleek new building was discarding wastefully.,No-Attraction Violation,0,1,The sleek new building was,discarding,0.45803990960121155,CWE,enwiki_20180420_100d
108,28,Thirty pounds of potatoes had been peeling by the cooks.,Attraction Violation,1,1,Thirty pounds of potatoes had been,peeling,0.5204179883003235,CWE,enwiki_20180420_100d
109,28,Thirty pounds of potatoes had been peeled carefully.,Passive Control,1,1,Thirty pounds of potatoes had been,peeled,0.5935570001602173,CWE,enwiki_20180420_100d
110,28,The bored looking cooks had been peeling potatoes for hours.,Active Control,1,0,The bored looking cooks had been,peeling,0.5779399871826172,CWE,enwiki_20180420_100d
111,28,The club's rules had been peeling the sticker off the box.,No-Attraction Violation,0,1,The club's rules had been,peeling,0.1863066554069519,CWE,enwiki_20180420_100d
112,29,The grimy pots and pans had been scrubbing the dishwashers.,Attraction Violation,1,1,The grimy pots and pans had been,scrubbing,0.6563539505004883,CWE,enwiki_20180420_100d
113,29,The grimy pots and pans had been scrubbed by the dishwashers.,Passive Control,1,1,The grimy pots and pans had been,scrubbed,0.50809645652771,CWE,enwiki_20180420_100d
114,29,The guys in the kitchen had been scrubbing the pots and pans.,Active Control,1,0,The guys in the kitchen had been,scrubbing,0.5332692861557007,CWE,enwiki_20180420_100d
115,29,The stolen artwork had been scrubbing with vigor.,No-Attraction Violation,0,1,The stolen artwork had been,scrubbing,0.36522915959358215,CWE,enwiki_20180420_100d
116,30,The roast lamb had been carving by a servant.,Attraction Violation,1,1,The roast lamb had been,carving,0.44892117381095886,CWE,enwiki_20180420_100d
117,30,The roast lamb had been carved by a servant.,Passive Control,1,1,The roast lamb had been,carved,0.3371146023273468,CWE,enwiki_20180420_100d
118,30,The butcher had been carving the meat.,Active Control,1,0,The butcher had been,carving,0.3772587478160858,CWE,enwiki_20180420_100d
119,30,Janet's houseplants were carving before dinner.,No-Attraction Violation,0,1,Janet's houseplants were,carving,0.29478636384010315,CWE,enwiki_20180420_100d
120,31,Cleopatra's beauty was admiring many people.,Attraction Violation,1,1,Cleopatra's beauty was,admiring,0.5631262063980103,CWE,enwiki_20180420_100d
121,31,Cleopatra's beauty was admired always.,Passive Control,1,1,Cleopatra's beauty was,admired,0.42619508504867554,CWE,enwiki_20180420_100d
122,31,The men were admiring the beautiful woman from a distance.,Active Control,1,0,The men were,admiring,0.3964840769767761,CWE,enwiki_20180420_100d
123,31,An illegal weapon had been admiring always.,No-Attraction Violation,0,1,An illegal weapon had been,admiring,0.3483008146286011,CWE,enwiki_20180420_100d
124,32,A wet snowball had been tossing by the girls through the window.,Attraction Violation,1,1,A wet snowball had been,tossing,0.5412194728851318,CWE,enwiki_20180420_100d
125,32,A wet snowball had been tossed in anger.,Passive Control,1,1,A wet snowball had been,tossed,0.45742562413215637,CWE,enwiki_20180420_100d
126,32,The baseball players had been tossing the ball around the infield.,Active Control,1,0,The baseball players had been,tossing,0.3982860743999481,CWE,enwiki_20180420_100d
127,32,Their secret conversation had been tossing a steak on the grill.,No-Attraction Violation,0,1,Their secret conversation had been,tossing,0.4358428418636322,CWE,enwiki_20180420_100d
128,33,The sealed envelope was opening the judge.,Attraction Violation,1,1,The sealed envelope was,opening,0.4594759941101074,CWE,enwiki_20180420_100d
129,33,The sealed envelope was opened without permission.,Passive Control,1,1,The sealed envelope was,opened,0.3324047327041626,CWE,enwiki_20180420_100d
130,33,Tuxedoed waiters were opening bottles of champagne for the toast.,Active Control,1,0,Tuxedoed waiters were,opening,0.3083498179912567,CWE,enwiki_20180420_100d
131,33,The men's faces had been opening without permission.,No-Attraction Violation,0,1,The men's faces had been,opening,0.3084506094455719,CWE,enwiki_20180420_100d
132,34,The man's beard had been shaving twice a day.,Attraction Violation,1,1,The man's beard had been,shaving,0.4978567063808441,CWE,enwiki_20180420_100d
133,34,The man's beard had been shaved twice a day.,Passive Control,1,1,The man's beard had been,shaved,0.5729212164878845,CWE,enwiki_20180420_100d
134,34,His uncle Ralph had been shaving his beard off.,Active Control,1,0,His uncle Ralph had been,shaving,0.25983095169067383,CWE,enwiki_20180420_100d
135,34,The popular amusement park is shaving twice a day.,No-Attraction Violation,0,1,The popular amusement park is,shaving,0.30650487542152405,CWE,enwiki_20180420_100d
136,35,The elevator button had been pressing slowly.,Attraction Violation,1,1,The elevator button had been,pressing,0.6303699016571045,CWE,enwiki_20180420_100d
137,35,The elevator button had been pressed by the attendant.,Passive Control,1,1,The elevator button had been,pressed,0.5631163716316223,CWE,enwiki_20180420_100d
138,35,The attendant had been pressing the buttons.,Active Control,1,0,The attendant had been,pressing,0.25731703639030457,CWE,enwiki_20180420_100d
139,35,The wheat crops had been pressing slowly.,No-Attraction Violation,0,1,The wheat crops had been,pressing,0.3832923173904419,CWE,enwiki_20180420_100d
140,36,The winning lottery numbers had been announcing the TV news.,Attraction Violation,1,1,The winning lottery numbers had been,announcing,0.4432995021343231,CWE,enwiki_20180420_100d
141,36,The winning lottery numbers had been announced by the TV news.,Passive Control,1,1,The winning lottery numbers had been,announced,0.36725956201553345,CWE,enwiki_20180420_100d
142,36,The flight attendant had been announcing the reason for the delay.,Active Control,1,0,The flight attendant had been,announcing,0.3497314751148224,CWE,enwiki_20180420_100d
143,36,The tarnished silverware was announcing on the television.,No-Attraction Violation,0,1,The tarnished silverware was,announcing,0.432606965303421,CWE,enwiki_20180420_100d
144,37,The victim's body had been identifying at the morgue.,Attraction Violation,1,1,The victim's body had been,identifying,0.5425522327423096,CWE,enwiki_20180420_100d
145,37,The victim's body had been identified by the family members.,Passive Control,1,1,The victim's body had been,identified,0.4680075943470001,CWE,enwiki_20180420_100d
146,37,The laboratory technicians had been identifying the chemical.,Active Control,1,0,The laboratory technicians had been,identifying,0.4527670443058014,CWE,enwiki_20180420_100d
147,37,The movie was identifying rare fish for the divers.,No-Attraction Violation,0,1,The movie was,identifying,0.20272906124591827,CWE,enwiki_20180420_100d
148,38,The hearty meal was devouring by the kids.,Attraction Violation,1,1,The hearty meal was,devouring,0.4339469075202942,CWE,enwiki_20180420_100d
149,38,The hearty meal was devoured with gusto.,Passive Control,1,1,The hearty meal was,devoured,0.41769376397132874,CWE,enwiki_20180420_100d
150,38,The hungry boys were devouring the plate of cookies when Jack arrived.,Active Control,1,0,The hungry boys were,devouring,0.4606471359729767,CWE,enwiki_20180420_100d
151,38,The dusty tabletops were devouring with gusto.,No-Attraction Violation,0,1,The dusty tabletops were,devouring,0.43660980463027954,CWE,enwiki_20180420_100d
152,39,The overgrown shrubs were trimming regularly.,Attraction Violation,1,1,The overgrown shrubs were,trimming,0.49406251311302185,CWE,enwiki_20180420_100d
153,39,The overgrown shrubs were trimmed by a gardener.,Passive Control,1,1,The overgrown shrubs were,trimmed,0.47830653190612793,CWE,enwiki_20180420_100d
154,39,A gardener was trimming the overgrown shrubbery.,Active Control,1,0,A gardener was,trimming,0.33183398842811584,CWE,enwiki_20180420_100d
155,39,The alarm clock had been trimming regularly.,No-Attraction Violation,0,1,The alarm clock had been,trimming,0.4790835678577423,CWE,enwiki_20180420_100d
156,40,Wilson's unreasonable proposal was rejecting by the boss.,Attraction Violation,1,1,Wilson's unreasonable proposal was,rejecting,0.7183034420013428,CWE,enwiki_20180420_100d
157,40,Wilson's unreasonable proposal was rejected at the hospital.,Passive Control,1,1,Wilson's unreasonable proposal was,rejected,0.7307215332984924,CWE,enwiki_20180420_100d
158,40,The admissions committee was rejecting nearly every application.,Active Control,1,0,The admissions committee was,rejecting,0.45063844323158264,CWE,enwiki_20180420_100d
159,40,The rare bird's behavior was rejecting all offers.,No-Attraction Violation,0,1,The rare bird's behavior was,rejecting,0.4168887734413147,CWE,enwiki_20180420_100d
160,41,Hathaway's gigantic fortune had been inheriting by his daughters.,Attraction Violation,1,1,Hathaway's gigantic fortune had been,inheriting,0.40839657187461853,CWE,enwiki_20180420_100d
161,41,Hathaway's gigantic fortune had been inherited by his daughters.,Passive Control,1,1,Hathaway's gigantic fortune had been,inherited,0.36385923624038696,CWE,enwiki_20180420_100d
162,41,Generations of aristocratic Englishmen have been inheriting their fortunes.,Active Control,1,0,Generations of aristocratic Englishmen have been,inheriting,0.5883946418762207,CWE,enwiki_20180420_100d
163,41,The strange mystery had been inheriting the estate from her grandmother.,No-Attraction Violation,0,1,The strange mystery had been,inheriting,0.27236098051071167,CWE,enwiki_20180420_100d
164,42,All of her money had been spending before the wedding.,Attraction Violation,1,1,All of her money had been,spending,0.5337511301040649,CWE,enwiki_20180420_100d
165,42,All of her money had been spent before the wedding.,Passive Control,1,1,All of her money had been,spent,0.39022794365882874,CWE,enwiki_20180420_100d
166,42,The shopping fanatic had been spending all her money in Bloomingdales.,Active Control,1,0,The shopping fanatic had been,spending,0.32573288679122925,CWE,enwiki_20180420_100d
167,42,Patty's overgrown lawn was spending its time on the beach.,No-Attraction Violation,0,1,Patty's overgrown lawn was,spending,0.2686172127723694,CWE,enwiki_20180420_100d
168,43,An appointment was scheduling by the secretary.,Attraction Violation,1,1,An appointment was,scheduling,0.36138612031936646,CWE,enwiki_20180420_100d
169,43,An appointment was scheduled by the secretary.,Passive Control,1,1,An appointment was,scheduled,0.37006840109825134,CWE,enwiki_20180420_100d
170,43,The secretary was scheduling new appointments for the afternoon.,Active Control,1,0,The secretary was,scheduling,0.15927843749523163,CWE,enwiki_20180420_100d
171,43,The legal contract had been scheduling for next week.,No-Attraction Violation,0,1,The legal contract had been,scheduling,0.46802473068237305,CWE,enwiki_20180420_100d
172,44,The men's faces had been photographing by a security camera.,Attraction Violation,1,1,The men's faces had been,photographing,0.5039487481117249,CWE,enwiki_20180420_100d
173,44,The men's faces had been photographed by a security camera.,Passive Control,1,1,The men's faces had been,photographed,0.4774375557899475,CWE,enwiki_20180420_100d
174,44,The intrusive reporter had been photographing the celebrities at the party.,Active Control,1,0,The intrusive reporter had been,photographing,0.5225688219070435,CWE,enwiki_20180420_100d
175,44,The sealed envelope was photographing at the party.,No-Attraction Violation,0,1,The sealed envelope was,photographing,0.34844255447387695,CWE,enwiki_20180420_100d
176,45,The broken television had been repairing the technician.,Attraction Violation,1,1,The broken television had been,repairing,0.44335106015205383,CWE,enwiki_20180420_100d
177,45,The broken television had been repaired by the technician.,Passive Control,1,1,The broken television had been,repaired,0.4564017653465271,CWE,enwiki_20180420_100d
178,45,The competent technician had been repairing the television.,Active Control,1,0,The competent technician had been,repairing,0.41007640957832336,CWE,enwiki_20180420_100d
179,45,Larry's note had been repairing the computer's hard drive.,No-Attraction Violation,0,1,Larry's note had been,repairing,0.15312223136425018,CWE,enwiki_20180420_100d
180,46,The alarm clock had been unplugging accidentally.,Attraction Violation,1,1,The alarm clock had been,unplugging,0.5764897465705872,CWE,enwiki_20180420_100d
181,46,The alarm clock had been unplugged late.,Passive Control,1,1,The alarm clock had been,unplugged,0.3096688985824585,CWE,enwiki_20180420_100d
182,46,The frantic woman had been unplugging every electrical device in the house.,Active Control,1,0,The frantic woman had been,unplugging,0.4432195723056793,CWE,enwiki_20180420_100d
183,46,The overgrown shrubs were unplugging accidentally.,No-Attraction Violation,0,1,The overgrown shrubs were,unplugging,0.31189289689064026,CWE,enwiki_20180420_100d
184,47,The car door had been unlocking late at night.,Attraction Violation,1,1,The car door had been,unlocking,0.46254828572273254,CWE,enwiki_20180420_100d
185,47,The car door had been unlocked by the child.,Passive Control,1,1,The car door had been,unlocked,0.5224618315696716,CWE,enwiki_20180420_100d
186,47,The babysitter had been unlocking the back door.,Active Control,1,0,The babysitter had been,unlocking,0.33521610498428345,CWE,enwiki_20180420_100d
187,47,The Queen's 80th birthday was unlocking late at night.,No-Attraction Violation,0,1,The Queen's 80th birthday was,unlocking,0.1399013251066208,CWE,enwiki_20180420_100d
188,48,The portrait of Napoleon had been painting by a Dutch artist.,Attraction Violation,1,1,The portrait of Napoleon had been,painting,0.7719117999076843,CWE,enwiki_20180420_100d
189,48,The portrait of Napoleon had been painted by a Dutch artist.,Passive Control,1,1,The portrait of Napoleon had been,painted,0.7030766606330872,CWE,enwiki_20180420_100d
190,48,The French Impressionist artists had been painting with a focus on light and color.,Active Control,1,0,The French Impressionist artists had been,painting,0.5300690531730652,CWE,enwiki_20180420_100d
191,48,A new medication had been painting on Tuesday.,No-Attraction Violation,0,1,A new medication had been,painting,0.2919895648956299,CWE,enwiki_20180420_100d
192,49,The embarrassing allegations had been denying by the mayor.,Attraction Violation,1,1,The embarrassing allegations had been,denying,0.6539499759674072,CWE,enwiki_20180420_100d
193,49,The embarrassing allegations had been denied by the mayor.,Passive Control,1,1,The embarrassing allegations had been,denied,0.6593081951141357,CWE,enwiki_20180420_100d
194,49,The embarassed mayor had been denying allegations of corruption.,Active Control,1,0,The embarassed mayor had been,denying,0.40314745903015137,CWE,enwiki_20180420_100d
195,49,Tamara's birthday gift had been denying the rumor.,No-Attraction Violation,0,1,Tamara's birthday gift had been,denying,0.36073485016822815,CWE,enwiki_20180420_100d
196,50,The noises in the attic had been hearing nightly.,Attraction Violation,1,1,The noises in the attic had been,hearing,0.48588842153549194,CWE,enwiki_20180420_100d
197,50,The noises in the attic had been heard by the boys.,Passive Control,1,1,The noises in the attic had been,heard,0.545854389667511,CWE,enwiki_20180420_100d
198,50,The frightened campers had been hearing noises in the woods.,Active Control,1,0,The frightened campers had been,hearing,0.4750857949256897,CWE,enwiki_20180420_100d
199,50,A package had been hearing nightly.,No-Attraction Violation,0,1,A package had been,hearing,0.2631821930408478,CWE,enwiki_20180420_100d
200,51,The appetizers had been serving before the meal.,Attraction Violation,1,1,The appetizers had been,serving,0.3923916816711426,CWE,enwiki_20180420_100d
201,51,The appetizers had been served before the meal.,Passive Control,1,1,The appetizers had been,served,0.35426169633865356,CWE,enwiki_20180420_100d
202,51,The waiters had been serving the meal.,Active Control,1,0,The waiters had been,serving,0.3828272521495819,CWE,enwiki_20180420_100d
203,51,The final exams had been serving before the meal.,No-Attraction Violation,0,1,The final exams had been,serving,0.2805986702442169,CWE,enwiki_20180420_100d
204,52,Billy's unruly hair was combing his mother to one side.,Attraction Violation,1,1,Billy's unruly hair was,combing,0.651102602481842,CWE,enwiki_20180420_100d
205,52,Billy's unruly hair was combed by his mother to one side.,Passive Control,1,1,Billy's unruly hair was,combed,0.685295045375824,CWE,enwiki_20180420_100d
206,52,The patient barber was combing the boy's hair to one side.,Active Control,1,0,The patient barber was,combing,0.4004685580730438,CWE,enwiki_20180420_100d
207,52,The girl's disease was combing the area for escaped prisoners.,No-Attraction Violation,0,1,The girl's disease was,combing,0.4562922716140747,CWE,enwiki_20180420_100d
208,53,A drawing of the house had been sketching again.,Attraction Violation,1,1,A drawing of the house had been,sketching,0.6723407506942749,CWE,enwiki_20180420_100d
209,53,A drawing of the house had been sketched again.,Passive Control,1,1,A drawing of the house had been,sketched,0.662379801273346,CWE,enwiki_20180420_100d
210,53,An artist in the studio had been sketching the house.,Active Control,1,0,An artist in the studio had been,sketching,0.49535322189331055,CWE,enwiki_20180420_100d
211,53,The cheap products had been sketching again.,No-Attraction Violation,0,1,The cheap products had been,sketching,0.35435691475868225,CWE,enwiki_20180420_100d
212,54,The simple coffin was burying the villagers.,Attraction Violation,1,1,The simple coffin was,burying,0.560429036617279,CWE,enwiki_20180420_100d
213,54,The simple coffin was buried at the church.,Passive Control,1,1,The simple coffin was,buried,0.44095590710639954,CWE,enwiki_20180420_100d
214,54,The tribal people were burying their dead.,Active Control,1,0,The tribal people were,burying,0.32331714034080505,CWE,enwiki_20180420_100d
215,54,The vocabulary list was burying at the church.,No-Attraction Violation,0,1,The vocabulary list was,burying,0.3018151819705963,CWE,enwiki_20180420_100d
216,55,The homicide case had been investigating diligently.,Attraction Violation,1,1,The homicide case had been,investigating,0.6911175847053528,CWE,enwiki_20180420_100d
217,55,The homicide case had been investigated by the FBI.,Passive Control,1,1,The homicide case had been,investigated,0.5879160165786743,CWE,enwiki_20180420_100d
218,55,The FBI agents had been investigating the homicide case for weeks.,Active Control,1,0,The FBI agents had been,investigating,0.5883945822715759,CWE,enwiki_20180420_100d
219,55,Martin's tonsils had been investigating the problem.,No-Attraction Violation,0,1,Martin's tonsils had been,investigating,0.24750366806983948,CWE,enwiki_20180420_100d
220,56,Mark's wrinkly shirts were ironing by his mother.,Attraction Violation,1,1,Mark's wrinkly shirts were,ironing,0.5382111072540283,CWE,enwiki_20180420_100d
221,56,Mark's wrinkly shirts were ironed by his mother.,Passive Control,1,1,Mark's wrinkly shirts were,ironed,0.5928109288215637,CWE,enwiki_20180420_100d
222,56,Mark's doting mother was ironing his shirts while he slept.,Active Control,1,0,Mark's doting mother was,ironing,0.42921027541160583,CWE,enwiki_20180420_100d
223,56,The firewood had been ironing her dress.,No-Attraction Violation,0,1,The firewood had been,ironing,0.515259861946106,CWE,enwiki_20180420_100d
224,57,An important lesson had been learning in space.,Attraction Violation,1,1,An important lesson had been,learning,0.507519006729126,CWE,enwiki_20180420_100d
225,57,An important lesson had been learned in space.,Passive Control,1,1,An important lesson had been,learned,0.6175632476806641,CWE,enwiki_20180420_100d
226,57,The children had been learning Spanish.,Active Control,1,0,The children had been,learning,0.5214039087295532,CWE,enwiki_20180420_100d
227,57,The bathroom floor had been learning in space.,No-Attraction Violation,0,1,The bathroom floor had been,learning,0.2657691240310669,CWE,enwiki_20180420_100d
228,58,The height of the bookcase was measuring by a carpenter.,Attraction Violation,1,1,The height of the bookcase was,measuring,0.5170499086380005,CWE,enwiki_20180420_100d
229,58,The height of the bookcase was measured incorrectly.,Passive Control,1,1,The height of the bookcase was,measured,0.4114351272583008,CWE,enwiki_20180420_100d
230,58,The carpenter was measuring the height of the bookcase.,Active Control,1,0,The carpenter was,measuring,0.2433035522699356,CWE,enwiki_20180420_100d
231,58,An urgent message had been measuring her heart rate.,No-Attraction Violation,0,1,An urgent message had been,measuring,0.27365371584892273,CWE,enwiki_20180420_100d
232,59,Several important topics were discussing despite the weather.,Attraction Violation,1,1,Several important topics were,discussing,0.6862642168998718,CWE,enwiki_20180420_100d
233,59,Several important topics were discussed by the board of trustees.,Passive Control,1,1,Several important topics were,discussed,0.6633652448654175,CWE,enwiki_20180420_100d
234,59,The board members were discussing several important topics.,Active Control,1,0,The board members were,discussing,0.39371350407600403,CWE,enwiki_20180420_100d
235,59,"The fresh, warm bread was discussing despite the weather.",No-Attraction Violation,0,1,"The fresh, warm bread was",discussing,0.3867807984352112,CWE,enwiki_20180420_100d
236,60,The dusty tabletops were wiping thoroughly.,Attraction Violation,1,1,The dusty tabletops were,wiping,0.4884703457355499,CWE,enwiki_20180420_100d
237,60,The dusty tabletops were wiped thoroughly.,Passive Control,1,1,The dusty tabletops were,wiped,0.33837589621543884,CWE,enwiki_20180420_100d
238,60,The tired busboy was wiping for hours.,Active Control,1,0,The tired busboy was,wiping,0.3934866189956665,CWE,enwiki_20180420_100d
239,60,The hearty meal was wiping thoroughly.,No-Attraction Violation,0,1,The hearty meal was,wiping,0.29186731576919556,CWE,enwiki_20180420_100d
240,61,A tiny spy camera was concealing by the agent inside a flowerpot.,Attraction Violation,1,1,A tiny spy camera was,concealing,0.5112724900245667,CWE,enwiki_20180420_100d
241,61,A tiny spy camera was concealed by the agent inside a flowerpot.,Passive Control,1,1,A tiny spy camera was,concealed,0.5561926364898682,CWE,enwiki_20180420_100d
242,61,The sneaky lawyer was concealing the truth.,Active Control,1,0,The sneaky lawyer was,concealing,0.418556809425354,CWE,enwiki_20180420_100d
243,61,A faint light was concealing their identity.,No-Attraction Violation,0,1,A faint light was,concealing,0.4250609576702118,CWE,enwiki_20180420_100d
244,62,"The fresh, warm bread was slicing by the baker into halves.",Attraction Violation,1,1,"The fresh, warm bread was",slicing,0.4871429204940796,CWE,enwiki_20180420_100d
245,62,"The fresh, warm bread was sliced with love.",Passive Control,1,1,"The fresh, warm bread was",sliced,0.6729174256324768,CWE,enwiki_20180420_100d
246,62,The chef's assistants were slicing the mushrooms for a pie.,Active Control,1,0,The chef's assistants were,slicing,0.3647148013114929,CWE,enwiki_20180420_100d
247,62,Several important topics were slicing with love.,No-Attraction Violation,0,1,Several important topics were,slicing,0.38059598207473755,CWE,enwiki_20180420_100d
248,63,The tarnished silverware was polishing by the butler.,Attraction Violation,1,1,The tarnished silverware was,polishing,0.5488054156303406,CWE,enwiki_20180420_100d
249,63,The tarnished silverware was polished by the butler.,Passive Control,1,1,The tarnished silverware was,polished,0.6151003837585449,CWE,enwiki_20180420_100d
250,63,The thorough butler was polishing the doorknobs.,Active Control,1,0,The thorough butler was,polishing,0.40894511342048645,CWE,enwiki_20180420_100d
251,63,The winning lottery numbers had been polishing his shoes.,No-Attraction Violation,0,1,The winning lottery numbers had been,polishing,0.2822934687137604,CWE,enwiki_20180420_100d
252,64,Poisonous fumes had been inhaling the firefighters.,Attraction Violation,1,1,Poisonous fumes had been,inhaling,0.8583999872207642,CWE,enwiki_20180420_100d
253,64,Poisonous fumes had been inhaled by the firefighters.,Passive Control,1,1,Poisonous fumes had been,inhaled,0.7748700380325317,CWE,enwiki_20180420_100d
254,64,The firefighters had been inhaling the smoke.,Active Control,1,0,The firefighters had been,inhaling,0.40837839245796204,CWE,enwiki_20180420_100d
255,64,The man's signature was inhaling during the fire.,No-Attraction Violation,0,1,The man's signature was,inhaling,0.3542962372303009,CWE,enwiki_20180420_100d
256,65,A genetic mutation was discovering the scientists.,Attraction Violation,1,1,A genetic mutation was,discovering,0.45965951681137085,CWE,enwiki_20180420_100d
257,65,A genetic mutation was discovered suddenly.,Passive Control,1,1,A genetic mutation was,discovered,0.3927166163921356,CWE,enwiki_20180420_100d
258,65,The excited explorers were discovering ancient artifacts everywhere they looked.,Active Control,1,0,The excited explorers were,discovering,0.5875169634819031,CWE,enwiki_20180420_100d
259,65,The pizza had been discovering new methods for making dough.,No-Attraction Violation,0,1,The pizza had been,discovering,0.27658554911613464,CWE,enwiki_20180420_100d
260,66,The Queen's 80th birthday was celebrating expensively.,Attraction Violation,1,1,The Queen's 80th birthday was,celebrating,0.7095286846160889,CWE,enwiki_20180420_100d
261,66,The Queen's 80th birthday was celebrated by thousands of people in the streets.,Passive Control,1,1,The Queen's 80th birthday was,celebrated,0.6594386696815491,CWE,enwiki_20180420_100d
262,66,Thousands of excited fans were celebrating the Superbowl victory in the streets.,Active Control,1,0,Thousands of excited fans were,celebrating,0.5016984939575195,CWE,enwiki_20180420_100d
263,66,The car door had been celebrating her promotion.,No-Attraction Violation,0,1,The car door had been,celebrating,0.25368526577949524,CWE,enwiki_20180420_100d
264,67,The diagram on the chalkboard had been erasing Mrs. Larson.,Attraction Violation,1,1,The diagram on the chalkboard had been,erasing,0.47663310170173645,CWE,enwiki_20180420_100d
265,67,The diagram on the chalkboard had been erased by Mrs. Larson.,Passive Control,1,1,The diagram on the chalkboard had been,erased,0.4107587933540344,CWE,enwiki_20180420_100d
266,67,Mrs. Larson had been erasing the chalkboard.,Active Control,1,0,Mrs. Larson had been,erasing,,CWE,enwiki_20180420_100d
267,67,Food for the homeless had been erasing over and over.,No-Attraction Violation,0,1,Food for the homeless had been,erasing,0.29835739731788635,CWE,enwiki_20180420_100d
268,68,The movie was directing Steven Spielberg.,Attraction Violation,1,1,The movie was,directing,0.6477464437484741,CWE,enwiki_20180420_100d
269,68,The movie was directed professionally.,Passive Control,1,1,The movie was,directed,0.632563591003418,CWE,enwiki_20180420_100d
270,68,Steven Spielberg was directing another blockbuster.,Active Control,1,0,Steven Spielberg was,directing,,CWE,enwiki_20180420_100d
271,68,The victim's body had been directing the police.,No-Attraction Violation,0,1,The victim's body had been,directing,0.34837645292282104,CWE,enwiki_20180420_100d
272,69,Theresa's birthday gift had been wrapping yesterday.,Attraction Violation,1,1,Theresa's birthday gift had been,wrapping,0.4069998562335968,CWE,enwiki_20180420_100d
273,69,Theresa's birthday gift had been wrapped yesterday.,Passive Control,1,1,Theresa's birthday gift had been,wrapped,0.3753112256526947,CWE,enwiki_20180420_100d
274,69,Theresa's loving grandmother had been wrapping the presents.,Active Control,1,0,Theresa's loving grandmother had been,wrapping,0.303432434797287,CWE,enwiki_20180420_100d
275,69,The embarrassing allegations had been wrapping yesterday.,No-Attraction Violation,0,1,The embarrassing allegations had been,wrapping,0.3081499934196472,CWE,enwiki_20180420_100d
276,70,The popular amusement park is visiting by millions of tourists eh year.,Attraction Violation,1,1,The popular amusement park is,visiting,0.40957462787628174,CWE,enwiki_20180420_100d
277,70,The popular amusement park is visited daily.,Passive Control,1,1,The popular amusement park is,visited,0.45351317524909973,CWE,enwiki_20180420_100d
278,70,The tourists had been visiting the amusement park in the morning.,Active Control,1,0,The tourists had been,visiting,0.5807680487632751,CWE,enwiki_20180420_100d
279,70,The man's beard had been visiting a friend in the hospital.,No-Attraction Violation,0,1,The man's beard had been,visiting,0.3732307255268097,CWE,enwiki_20180420_100d
280,71,Ten new trees had been planting on dry land.,Attraction Violation,1,1,Ten new trees had been,planting,0.7000143527984619,CWE,enwiki_20180420_100d
281,71,Ten new trees had been planted by the Forestry Service.,Passive Control,1,1,Ten new trees had been,planted,0.6619173884391785,CWE,enwiki_20180420_100d
282,71,The forestry workers had been planting cedar saplings on the hillside.,Active Control,1,0,The forestry workers had been,planting,0.5654357671737671,CWE,enwiki_20180420_100d
283,71,The sin had been planting doubt in her mind.,No-Attraction Violation,0,1,The sin had been,planting,0.2718282639980316,CWE,enwiki_20180420_100d
284,72,Food for the homeless had been donating neighborhood residents.,Attraction Violation,1,1,Food for the homeless had been,donating,0.490211546421051,CWE,enwiki_20180420_100d
285,72,Food for the homeless had been donated many times.,Passive Control,1,1,Food for the homeless had been,donated,0.42459747195243835,CWE,enwiki_20180420_100d
286,72,The wealthy American philanthropist had been donating money to Romanian orphanages.,Active Control,1,0,The wealthy American philanthropist had been,donating,0.4726717472076416,CWE,enwiki_20180420_100d
287,72,The diagram on the chalkboard had been donating blood.,No-Attraction Violation,0,1,The diagram on the chalkboard had been,donating,0.2687799036502838,CWE,enwiki_20180420_100d
288,73,The rare bird's behavior was observing by the biologists.,Attraction Violation,1,1,The rare bird's behavior was,observing,0.6101564764976501,CWE,enwiki_20180420_100d
289,73,The rare bird's behavior was observed by the biologists.,Passive Control,1,1,The rare bird's behavior was,observed,0.6491478681564331,CWE,enwiki_20180420_100d
290,73,The excited bird watchers were observing the rare eagle.,Active Control,1,0,The excited bird watchers were,observing,0.6429266333580017,CWE,enwiki_20180420_100d
291,73,Wilson's unreasonable proposal was observing the stars.,No-Attraction Violation,0,1,Wilson's unreasonable proposal was,observing,0.49385571479797363,CWE,enwiki_20180420_100d
292,74,Stormy weather had been forecasting by the weatherman.,Attraction Violation,1,1,Stormy weather had been,forecasting,0.5851683616638184,CWE,enwiki_20180420_100d
293,74,Stormy weather had been forecasted by the weatherman.,Passive Control,1,1,Stormy weather had been,forecasted,0.4756791293621063,CWE,enwiki_20180420_100d
294,74,The weather service had been forecasting snow for the mountain areas.,Active Control,1,0,The weather service had been,forecasting,0.5974293351173401,CWE,enwiki_20180420_100d
295,74,Olson's bulging suitcase had been forecasting correctly.,No-Attraction Violation,0,1,Olson's bulging suitcase had been,forecasting,0.19303292036056519,CWE,enwiki_20180420_100d
296,75,The tragic mistake was regretting by Erika for many years.,Attraction Violation,1,1,The tragic mistake was,regretting,0.7315599322319031,CWE,enwiki_20180420_100d
297,75,The tragic mistake was regretted years later.,Passive Control,1,1,The tragic mistake was,regretted,0.6271591186523438,CWE,enwiki_20180420_100d
298,75,Erika was regretting the mistake.,Active Control,1,0,Erika was,regretting,,CWE,enwiki_20180420_100d
299,75,The library books had been regretting their behavior.,No-Attraction Violation,0,1,The library books had been,regretting,0.3005523085594177,CWE,enwiki_20180420_100d
300,76,The stolen artwork had been seizing without warning.,Attraction Violation,1,1,The stolen artwork had been,seizing,0.39065393805503845,CWE,enwiki_20180420_100d
301,76,The stolen artwork had been seized by the border police.,Passive Control,1,1,The stolen artwork had been,seized,0.4401489198207855,CWE,enwiki_20180420_100d
302,76,The police had been seizing shipments of drugs at the border.,Active Control,1,0,The police had been,seizing,0.41657865047454834,CWE,enwiki_20180420_100d
303,76,The grimy pots and pans had been seizing without warning.,No-Attraction Violation,0,1,The grimy pots and pans had been,seizing,0.3975367546081543,CWE,enwiki_20180420_100d
304,77,The value of the jewels was estimating the dealer.,Attraction Violation,1,1,The value of the jewels was,estimating,0.4714607894420624,CWE,enwiki_20180420_100d
305,77,The value of the jewels was estimated by the dealer.,Passive Control,1,1,The value of the jewels was,estimated,0.40399959683418274,CWE,enwiki_20180420_100d
306,77,The jewel expert was estimating the value of the diamond.,Active Control,1,0,The jewel expert was,estimating,0.35499170422554016,CWE,enwiki_20180420_100d
307,77,The useful new gadget had been estimating professionally.,No-Attraction Violation,0,1,The useful new gadget had been,estimating,0.5051907300949097,CWE,enwiki_20180420_100d
308,78,Larry's note had been scribbling his wife.,Attraction Violation,1,1,Larry's note had been,scribbling,0.37712186574935913,CWE,enwiki_20180420_100d
309,78,Larry's note had been scribbled with haste.,Passive Control,1,1,Larry's note had been,scribbled,0.445394903421402,CWE,enwiki_20180420_100d
310,78,Larry's wife had been scribbling a note to him about dinner plans.,Active Control,1,0,Larry's wife had been,scribbling,0.27650153636932373,CWE,enwiki_20180420_100d
311,78,The broken television had been scribbling his thoughts on a napkin.,No-Attraction Violation,0,1,The broken television had been,scribbling,0.3788240849971771,CWE,enwiki_20180420_100d
312,79,Carrie's morning meeting was canceling as expected.,Attraction Violation,1,1,Carrie's morning meeting was,canceling,0.46887287497520447,CWE,enwiki_20180420_100d
313,79,Carrie's morning meeting was canceled by the boss.,Passive Control,1,1,Carrie's morning meeting was,canceled,0.49681055545806885,CWE,enwiki_20180420_100d
314,79,Carrie had been canceling all of her meetings.,Active Control,1,0,Carrie had been,canceling,,CWE,enwiki_20180420_100d
315,79,The bubblegum had been canceling as expected.,No-Attraction Violation,0,1,The bubblegum had been,canceling,0.36905065178871155,CWE,enwiki_20180420_100d
316,80,The girl's disease was curing a simple treatment.,Attraction Violation,1,1,The girl's disease was,curing,0.5513848662376404,CWE,enwiki_20180420_100d
317,80,The girl's disease was cured by a simple treatment.,Passive Control,1,1,The girl's disease was,cured,0.5276803970336914,CWE,enwiki_20180420_100d
318,80,The foreign doctors were curing hundreds of villagers of malaria.,Active Control,1,0,The foreign doctors were,curing,0.31051990389823914,CWE,enwiki_20180420_100d
319,80,Billy's unruly hair was curing his cold.,No-Attraction Violation,0,1,Billy's unruly hair was,curing,0.495480477809906,CWE,enwiki_20180420_100d
320,81,Janet's houseplants were watering too much.,Attraction Violation,1,1,Janet's houseplants were,watering,0.5612426996231079,CWE,enwiki_20180420_100d
321,81,Janet's houseplants were watered by her neighbor.,Passive Control,1,1,Janet's houseplants were,watered,0.40540847182273865,CWE,enwiki_20180420_100d
322,81,The gardener was watering the plants.,Active Control,1,0,The gardener was,watering,0.4593200981616974,CWE,enwiki_20180420_100d
323,81,The roast lamb had been watering too much.,No-Attraction Violation,0,1,The roast lamb had been,watering,0.4145143926143646,CWE,enwiki_20180420_100d
324,82,The useful new gadget had been inventing by a bored waiter.,Attraction Violation,1,1,The useful new gadget had been,inventing,0.5718838572502136,CWE,enwiki_20180420_100d
325,82,The useful new gadget had been invented by a bored waiter.,Passive Control,1,1,The useful new gadget had been,invented,0.5075938701629639,CWE,enwiki_20180420_100d
326,82,The resourceful engineers had been inventing tiny new devices.,Active Control,1,0,The resourceful engineers had been,inventing,0.525593638420105,CWE,enwiki_20180420_100d
327,82,The value of the jewels was inventing the digital computer.,No-Attraction Violation,0,1,The value of the jewels was,inventing,0.36136484146118164,CWE,enwiki_20180420_100d
328,83,The phone bill had been paying his roommate.,Attraction Violation,1,1,The phone bill had been,paying,0.48660266399383545,CWE,enwiki_20180420_100d
329,83,The phone bill had been paid quickly.,Passive Control,1,1,The phone bill had been,paid,0.4566057324409485,CWE,enwiki_20180420_100d
330,83,Juan and Perry had been paying too much for their apartment.,Active Control,1,0,Juan and Perry had been,paying,,CWE,enwiki_20180420_100d
331,83,"The dark, underwater cave was paying attention to the divers.",No-Attraction Violation,0,1,"The dark, underwater cave was",paying,0.22789567708969116,CWE,enwiki_20180420_100d
332,84,The man's signature was forging the lawyers.,Attraction Violation,1,1,The man's signature was,forging,0.4901975691318512,CWE,enwiki_20180420_100d
333,84,The man's signature was forged by the lawyers.,Passive Control,1,1,The man's signature was,forged,0.5040417313575745,CWE,enwiki_20180420_100d
334,84,The con artists were forging the signatures on checks.,Active Control,1,0,The con artists were,forging,0.3614065647125244,CWE,enwiki_20180420_100d
335,84,Poisonous fumes had been forging very well.,No-Attraction Violation,0,1,Poisonous fumes had been,forging,0.3581334948539734,CWE,enwiki_20180420_100d
336,85,The bank had been robbing two masked men.,Attraction Violation,1,1,The bank had been,robbing,0.48446065187454224,CWE,enwiki_20180420_100d
337,85,The bank had been robbed repeatedly.,Passive Control,1,1,The bank had been,robbed,0.47752395272254944,CWE,enwiki_20180420_100d
338,85,The clever burglars had been robbing houses in broad daylight.,Active Control,1,0,The clever burglars had been,robbing,0.6893404126167297,CWE,enwiki_20180420_100d
339,85,The musical piece was robbing repeatedly.,No-Attraction Violation,0,1,The musical piece was,robbing,0.29742157459259033,CWE,enwiki_20180420_100d
340,86,An urgent message had been sending by the ambassador to the President.,Attraction Violation,1,1,An urgent message had been,sending,0.6205991506576538,CWE,enwiki_20180420_100d
341,86,An urgent message had been sent again.,Passive Control,1,1,An urgent message had been,sent,0.502949059009552,CWE,enwiki_20180420_100d
342,86,The Prime Minister had been sending urgent messages to her Ambassador.,Active Control,1,0,The Prime Minister had been,sending,,CWE,enwiki_20180420_100d
343,86,The height of the bookcase was sending mixed signals to the carpenter.,No-Attraction Violation,0,1,The height of the bookcase was,sending,0.3116486966609955,CWE,enwiki_20180420_100d
344,87,The sleek new building was designing a team of German architects.,Attraction Violation,1,1,The sleek new building was,designing,0.6686411499977112,CWE,enwiki_20180420_100d
345,87,The sleek new building was designed by a team of German architects.,Passive Control,1,1,The sleek new building was,designed,0.6267223358154297,CWE,enwiki_20180420_100d
346,87,A team of architects had been designing the new building.,Active Control,1,0,A team of architects had been,designing,0.5507880449295044,CWE,enwiki_20180420_100d
347,87,The leftover food was designing with flair.,No-Attraction Violation,0,1,The leftover food was,designing,0.40745478868484497,CWE,enwiki_20180420_100d
348,88,The final exams had been grading in school.,Attraction Violation,1,1,The final exams had been,grading,0.49154287576675415,CWE,enwiki_20180420_100d
349,88,The final exams had been graded in school.,Passive Control,1,1,The final exams had been,graded,0.5332643389701843,CWE,enwiki_20180420_100d
350,88,The professor had been grading the final exams until 4 AM.,Active Control,1,0,The professor had been,grading,0.17641091346740723,CWE,enwiki_20180420_100d
351,88,The appetizers had been grading Iverson's students.,No-Attraction Violation,0,1,The appetizers had been,grading,0.230098158121109,CWE,enwiki_20180420_100d
352,89,The final destination had been reaching too late.,Attraction Violation,1,1,The final destination had been,reaching,0.5869371891021729,CWE,enwiki_20180420_100d
353,89,The final destination had been reached too late.,Passive Control,1,1,The final destination had been,reached,0.5549213886260986,CWE,enwiki_20180420_100d
354,89,The curious child had been reaching for the cup on the table.,Active Control,1,0,The curious child had been,reaching,0.23585304617881775,CWE,enwiki_20180420_100d
355,89,Several spelling errors were reaching too late.,No-Attraction Violation,0,1,Several spelling errors were,reaching,0.3083269000053406,CWE,enwiki_20180420_100d
356,90,A faint light was perceiving by the rescue workers.,Attraction Violation,1,1,A faint light was,perceiving,0.48895469307899475,CWE,enwiki_20180420_100d
357,90,A faint light was perceived underwater.,Passive Control,1,1,A faint light was,perceived,0.3949003219604492,CWE,enwiki_20180420_100d
358,90,The worried pilot was perceiving a rattling sound in the jet's engine.,Active Control,1,0,The worried pilot was,perceiving,0.4770100712776184,CWE,enwiki_20180420_100d
359,90,A tiny spy camera was perceiving underwater.,No-Attraction Violation,0,1,A tiny spy camera was,perceiving,0.444602906703949,CWE,enwiki_20180420_100d
360,91,The bubblegum had been chewing by the boy.,Attraction Violation,1,1,The bubblegum had been,chewing,0.4490146040916443,CWE,enwiki_20180420_100d
361,91,The bubblegum had been chewed by the boy.,Passive Control,1,1,The bubblegum had been,chewed,0.4393530488014221,CWE,enwiki_20180420_100d
362,91,The hungry dog had been chewing a bone.,Active Control,1,0,The hungry dog had been,chewing,0.5389117002487183,CWE,enwiki_20180420_100d
363,91,Carrie's morning meeting was chewing for a long time.,No-Attraction Violation,0,1,Carrie's morning meeting was,chewing,0.26474428176879883,CWE,enwiki_20180420_100d
364,92,Martin's tonsils had been removing at the hospital.,Attraction Violation,1,1,Martin's tonsils had been,removing,0.4468066096305847,CWE,enwiki_20180420_100d
365,92,Martin's tonsils had been removed at the hospital.,Passive Control,1,1,Martin's tonsils had been,removed,0.4683547616004944,CWE,enwiki_20180420_100d
366,92,The surgeon had been removing the cancerous growth.,Active Control,1,0,The surgeon had been,removing,0.2916984558105469,CWE,enwiki_20180420_100d
367,92,The homicide case had been removing at the hospital.,No-Attraction Violation,0,1,The homicide case had been,removing,0.38749176263809204,CWE,enwiki_20180420_100d
368,93,Mother Theresa's death was mourning millions of people.,Attraction Violation,1,1,Mother Theresa's death was,mourning,0.5676400661468506,CWE,enwiki_20180420_100d
369,93,Mother Theresa's death was mourned by millions of people.,Passive Control,1,1,Mother Theresa's death was,mourned,0.646719217300415,CWE,enwiki_20180420_100d
370,93,The black-clad women were mourning the death of their brother.,Active Control,1,0,The black-clad women were,mourning,0.46981653571128845,CWE,enwiki_20180420_100d
371,93,Lisa's phone had been mourning the loss of a loved one.,No-Attraction Violation,0,1,Lisa's phone had been,mourning,0.26592209935188293,CWE,enwiki_20180420_100d
372,94,The bathroom floor had been mopping by a janitor.,Attraction Violation,1,1,The bathroom floor had been,mopping,0.43794703483581543,CWE,enwiki_20180420_100d
373,94,The bathroom floor had been mopped in the past.,Passive Control,1,1,The bathroom floor had been,mopped,0.4135738015174866,CWE,enwiki_20180420_100d
374,94,The school janitor had been mopping the bathroom.,Active Control,1,0,The school janitor had been,mopping,0.26352158188819885,CWE,enwiki_20180420_100d
375,94,An important lesson had been mopping in the past.,No-Attraction Violation,0,1,An important lesson had been,mopping,0.27480489015579224,CWE,enwiki_20180420_100d
376,95,The sin had been confessing by the repentant Catholic.,Attraction Violation,1,1,The sin had been,confessing,0.40389958024024963,CWE,enwiki_20180420_100d
377,95,The sin had been confessed on Sunday.,Passive Control,1,1,The sin had been,confessed,0.39696675539016724,CWE,enwiki_20180420_100d
378,95,The repentant Catholic had been confessing his sins.,Active Control,1,0,The repentant Catholic had been,confessing,0.6642796993255615,CWE,enwiki_20180420_100d
379,95,Ten new trees had been confessing on Sunday.,No-Attraction Violation,0,1,Ten new trees had been,confessing,0.24767838418483734,CWE,enwiki_20180420_100d
380,96,The strange mystery had been solving the detectives.,Attraction Violation,1,1,The strange mystery had been,solving,0.5035759806632996,CWE,enwiki_20180420_100d
381,96,The strange mystery had been solved at the station.,Passive Control,1,1,The strange mystery had been,solved,0.45339521765708923,CWE,enwiki_20180420_100d
382,96,The brilliant detective had been solving mysterious crimes for two decades.,Active Control,1,0,The brilliant detective had been,solving,0.48273393511772156,CWE,enwiki_20180420_100d
383,96,Hathaway's gigantic fortune had been solving at the station.,No-Attraction Violation,0,1,Hathaway's gigantic fortune had been,solving,0.3690078556537628,CWE,enwiki_20180420_100d
0,1,The murder had been witnessing by the three bystanders,Attraction Violation,1,1,The murder had been,witnessing,0.36257514357566833,CWE,enwiki_20180420_300d
1,1,The murder had been witnessed in the dark.,Passive Control,1,1,The murder had been,witnessed,0.29788464307785034,CWE,enwiki_20180420_300d
2,1,The bystanders had been witnessing the crime.,Active Control,1,0,The bystanders had been,witnessing,0.4151478707790375,CWE,enwiki_20180420_300d
3,1,The unpleasant cough syrup was witnessing in the dark.,No-Attraction Violation,0,1,The unpleasant cough syrup was,witnessing,0.32941609621047974,CWE,enwiki_20180420_300d
4,2,Patty's overgrown lawn was mowing the boy next door.,Attraction Violation,1,1,Patty's overgrown lawn was,mowing,0.5423541069030762,CWE,enwiki_20180420_300d
5,2,Patty's overgrown lawn was mowed only last week.,Passive Control,1,1,Patty's overgrown lawn was,mowed,0.5314343571662903,CWE,enwiki_20180420_300d
6,2,Patty's teenage son was mowing the lawn.,Active Control,1,0,Patty's teenage son was,mowing,0.15489715337753296,CWE,enwiki_20180420_300d
7,2,All of her money had been mowing the grass.,No-Attraction Violation,0,1,All of her money had been,mowing,0.21883225440979004,CWE,enwiki_20180420_300d
8,3,Three more martinis were ordering by Laurie's sister.,Attraction Violation,1,1,Three more martinis were,ordering,0.2793172001838684,CWE,enwiki_20180420_300d
9,3,Three more martinis were ordered repeatedly.,Passive Control,1,1,Three more martinis were,ordered,0.1470070630311966,CWE,enwiki_20180420_300d
10,3,"The regular customers were ordering quiche, as usual.",Active Control,1,0,The regular customers were,ordering,0.40014052391052246,CWE,enwiki_20180420_300d
11,3,The rough part of the wood was ordering late.,No-Attraction Violation,0,1,The rough part of the wood was,ordering,0.20148006081581116,CWE,enwiki_20180420_300d
12,4,The quality of Karla's work was evaluating frequently.,Attraction Violation,1,1,The quality of Karla's work was,evaluating,0.469916433095932,CWE,enwiki_20180420_300d
13,4,The quality of Karla's work was evaluated frequently.,Passive Control,1,1,The quality of Karla's work was,evaluated,0.38708001375198364,CWE,enwiki_20180420_300d
14,4,The engineers were evaluating the success of the new device.,Active Control,1,0,The engineers were,evaluating,0.2622850835323334,CWE,enwiki_20180420_300d
15,4,The old lady's purse had been evaluating Nelson's idea.,No-Attraction Violation,0,1,The old lady's purse had been,evaluating,0.15637344121932983,CWE,enwiki_20180420_300d
16,5,The legal contract had been signing falsely.,Attraction Violation,1,1,The legal contract had been,signing,0.5129230618476868,CWE,enwiki_20180420_300d
17,5,The legal contract had been signed by the family.,Passive Control,1,1,The legal contract had been,signed,0.5375978946685791,CWE,enwiki_20180420_300d
18,5,The state's governor had been signing new legislation.,Active Control,1,0,The state's governor had been,signing,0.20267443358898163,CWE,enwiki_20180420_300d
19,5,An appointment was signing falsely.,No-Attraction Violation,0,1,An appointment was,signing,0.40336257219314575,CWE,enwiki_20180420_300d
20,6,The vocabulary list was memorizing well.,Attraction Violation,1,1,The vocabulary list was,memorizing,0.3878134787082672,CWE,enwiki_20180420_300d
21,6,The vocabulary list was memorized well.,Passive Control,1,1,The vocabulary list was,memorized,0.37498170137405396,CWE,enwiki_20180420_300d
22,6,The medical students were memorizing sample exam questions all night.,Active Control,1,0,The medical students were,memorizing,0.29655081033706665,CWE,enwiki_20180420_300d
23,6,The simple coffin was memorizing the lines of the poem.,No-Attraction Violation,0,1,The simple coffin was,memorizing,0.30417582392692566,CWE,enwiki_20180420_300d
24,7,The firewood had been chopping poorly.,Attraction Violation,1,1,The firewood had been,chopping,0.5127978324890137,CWE,enwiki_20180420_300d
25,7,The firewood had been chopped by Jen's grandfather.,Passive Control,1,1,The firewood had been,chopped,0.41055870056152344,CWE,enwiki_20180420_300d
26,7,Jen's grandfather had been chopping the firewood.,Active Control,1,0,Jen's grandfather had been,chopping,0.15625278651714325,CWE,enwiki_20180420_300d
27,7,Mark's wrinkly shirts were chopping vegetables.,No-Attraction Violation,0,1,Mark's wrinkly shirts were,chopping,0.31894949078559875,CWE,enwiki_20180420_300d
28,8,Lisa's phone had been disconnecting last month.,Attraction Violation,1,1,Lisa's phone had been,disconnecting,0.38708657026290894,CWE,enwiki_20180420_300d
29,8,Lisa's phone had been disconnected last month.,Passive Control,1,1,Lisa's phone had been,disconnected,0.36581292748451233,CWE,enwiki_20180420_300d
30,8,The electrician had been disconnecting the machine's power source.,Active Control,1,0,The electrician had been,disconnecting,0.26895803213119507,CWE,enwiki_20180420_300d
31,8,Mother Theresa's death was disconnecting the two cables.,No-Attraction Violation,0,1,Mother Theresa's death was,disconnecting,0.1994175761938095,CWE,enwiki_20180420_300d
32,9,Wendy's muddy car was washing the boys.,Attraction Violation,1,1,Wendy's muddy car was,washing,0.3547825217247009,CWE,enwiki_20180420_300d
33,9,Wendy's muddy car was washed wearily.,Passive Control,1,1,Wendy's muddy car was,washed,0.36129289865493774,CWE,enwiki_20180420_300d
34,9,Wendy and Harriet were washing the muddy car.,Active Control,1,0,Wendy and Harriet were,washing,,CWE,enwiki_20180420_300d
35,9,Frank's loan application had been washing the used pencil.,No-Attraction Violation,0,1,Frank's loan application had been,washing,0.22231000661849976,CWE,enwiki_20180420_300d
36,10,The library books had been borrowing the graduate student.,Attraction Violation,1,1,The library books had been,borrowing,0.342183917760849,CWE,enwiki_20180420_300d
37,10,The library books had been borrowed by the graduate student.,Passive Control,1,1,The library books had been,borrowed,0.3314397633075714,CWE,enwiki_20180420_300d
38,10,Katie and Lara had been borrowing dozens of books about botany from the library.,Active Control,1,0,Katie and Lara had been,borrowing,,CWE,enwiki_20180420_300d
39,10,The tragic mistake was borrowing in a hurry.,No-Attraction Violation,0,1,The tragic mistake was,borrowing,0.2536230981349945,CWE,enwiki_20180420_300d
40,11,"The dark, underwater cave was exploring by the divers.",Attraction Violation,1,1,"The dark, underwater cave was",exploring,0.4393461346626282,CWE,enwiki_20180420_300d
41,11,"The dark, underwater cave was explored by the divers.",Passive Control,1,1,"The dark, underwater cave was",explored,0.3789893090724945,CWE,enwiki_20180420_300d
42,11,The cautious scuba divers were exploring the underwater cave.,Active Control,1,0,The cautious scuba divers were,exploring,0.37489697337150574,CWE,enwiki_20180420_300d
43,11,The phone bill had been exploring at the zoo.,No-Attraction Violation,0,1,The phone bill had been,exploring,0.20482678711414337,CWE,enwiki_20180420_300d
44,12,The unpleasant cough syrup was swallowing the boy.,Attraction Violation,1,1,The unpleasant cough syrup was,swallowing,0.5081858038902283,CWE,enwiki_20180420_300d
45,12,The unpleasant cough syrup was swallowed by the boy.,Passive Control,1,1,The unpleasant cough syrup was,swallowed,0.42538169026374817,CWE,enwiki_20180420_300d
46,12,The huge adult alligator had been swallowing fish by the bucket.,Active Control,1,0,The huge adult alligator had been,swallowing,0.4172420799732208,CWE,enwiki_20180420_300d
47,12,The murder had been swallowing with disgust.,No-Attraction Violation,0,1,The murder had been,swallowing,0.22070835530757904,CWE,enwiki_20180420_300d
48,13,The pizza had been delivering once more.,Attraction Violation,1,1,The pizza had been,delivering,0.23470459878444672,CWE,enwiki_20180420_300d
49,13,The pizza had been delivered by Antonio himself.,Passive Control,1,1,The pizza had been,delivered,0.21169935166835785,CWE,enwiki_20180420_300d
50,13,The exhausted messenger had been delivering packages all over town.,Active Control,1,0,The exhausted messenger had been,delivering,0.3890083432197571,CWE,enwiki_20180420_300d
51,13,A genetic mutation was delivering once more.,No-Attraction Violation,0,1,A genetic mutation was,delivering,0.14604341983795166,CWE,enwiki_20180420_300d
52,14,Frank's loan application had been approving by the bank.,Attraction Violation,1,1,Frank's loan application had been,approving,0.375754177570343,CWE,enwiki_20180420_300d
53,14,Frank's loan application had been approved anyways.,Passive Control,1,1,Frank's loan application had been,approved,0.39309534430503845,CWE,enwiki_20180420_300d
54,14,The board of directors had been approving too many expensive projects.,Active Control,1,0,The board of directors had been,approving,0.338798850774765,CWE,enwiki_20180420_300d
55,14,Wendy's muddy car was approving the boy's request.,No-Attraction Violation,0,1,Wendy's muddy car was,approving,0.19661228358745575,CWE,enwiki_20180420_300d
56,15,The cheap products had been manufacturing a Belgian firm.,Attraction Violation,1,1,The cheap products had been,manufacturing,0.5436853170394897,CWE,enwiki_20180420_300d
57,15,The cheap products had been manufactured by a Belgian firm.,Passive Control,1,1,The cheap products had been,manufactured,0.5952524542808533,CWE,enwiki_20180420_300d
58,15,The auto company had been manufacturing parts in China.,Active Control,1,0,The auto company had been,manufacturing,0.5400480628013611,CWE,enwiki_20180420_300d
59,15,A drawing of the house had been manufacturing at a factory.,No-Attraction Violation,0,1,A drawing of the house had been,manufacturing,0.27334773540496826,CWE,enwiki_20180420_300d
60,16,Their secret conversation had been overhearing by a surprised neighbor.,Attraction Violation,1,1,Their secret conversation had been,overhearing,0.5559113025665283,CWE,enwiki_20180420_300d
61,16,Their secret conversation had been overheard by a surprised neighbor.,Passive Control,1,1,Their secret conversation had been,overheard,0.5989857316017151,CWE,enwiki_20180420_300d
62,16,The annoyed resident had been overhearing his neighbor's phone conversations through the wall.,Active Control,1,0,The annoyed resident had been,overhearing,0.4884282052516937,CWE,enwiki_20180420_300d
63,16,A wet snowball had been overhearing despite the precautions.,No-Attraction Violation,0,1,A wet snowball had been,overhearing,0.2306259125471115,CWE,enwiki_20180420_300d
64,17,The rough part of the wood was sanding to perfection.,Attraction Violation,1,1,The rough part of the wood was,sanding,0.4433465600013733,CWE,enwiki_20180420_300d
65,17,The rough part of the wood was sanded by the carpenter.,Passive Control,1,1,The rough part of the wood was,sanded,0.4346564710140228,CWE,enwiki_20180420_300d
66,17,The skillful carpenter was sanding the rough edge of the wood.,Active Control,1,0,The skillful carpenter was,sanding,0.3035206198692322,CWE,enwiki_20180420_300d
67,17,Three more martinis were sanding the chair.,No-Attraction Violation,0,1,Three more martinis were,sanding,0.252064049243927,CWE,enwiki_20180420_300d
68,18,A package had been receiving by the secretary in the office.,Attraction Violation,1,1,A package had been,receiving,0.23232510685920715,CWE,enwiki_20180420_300d
69,18,A package had been received by the secretary in the office.,Passive Control,1,1,A package had been,received,0.19065330922603607,CWE,enwiki_20180420_300d
70,18,The secretary had been receiving flowers all day.,Active Control,1,0,The secretary had been,receiving,0.15587115287780762,CWE,enwiki_20180420_300d
71,18,The noises in the attic had been receiving assistance from the government.,No-Attraction Violation,0,1,The noises in the attic had been,receiving,0.1238337978720665,CWE,enwiki_20180420_300d
72,19,The club's rules had been violating Richard.,Attraction Violation,1,1,The club's rules had been,violating,0.3390246331691742,CWE,enwiki_20180420_300d
73,19,The club's rules had been violated only twice.,Passive Control,1,1,The club's rules had been,violated,0.32842499017715454,CWE,enwiki_20180420_300d
74,19,The rebel had been violating the rules.,Active Control,1,0,The rebel had been,violating,0.17001758515834808,CWE,enwiki_20180420_300d
75,19,Thirty pounds of potatoes had been violating only twice.,No-Attraction Violation,0,1,Thirty pounds of potatoes had been,violating,0.19331924617290497,CWE,enwiki_20180420_300d
76,20,A new medication had been prescribing the physician.,Attraction Violation,1,1,A new medication had been,prescribing,0.5801007151603699,CWE,enwiki_20180420_300d
77,20,A new medication had been prescribed by the physician.,Passive Control,1,1,A new medication had been,prescribed,0.5176401734352112,CWE,enwiki_20180420_300d
78,20,The new doctor had been prescribing powerful painkillers for Jelena's sore knee.,Active Control,1,0,The new doctor had been,prescribing,0.34254828095436096,CWE,enwiki_20180420_300d
79,20,The portrait of Napoleon had been prescribing with caution.,No-Attraction Violation,0,1,The portrait of Napoleon had been,prescribing,0.16119450330734253,CWE,enwiki_20180420_300d
80,21,The wheat crops had been harvesting by the local farmers.,Attraction Violation,1,1,The wheat crops had been,harvesting,0.5130167603492737,CWE,enwiki_20180420_300d
81,21,The wheat crops had been harvested after the rain.,Passive Control,1,1,The wheat crops had been,harvested,0.579086184501648,CWE,enwiki_20180420_300d
82,21,The local farmers had been harvesting the corn all week.,Active Control,1,0,The local farmers had been,harvesting,0.42261993885040283,CWE,enwiki_20180420_300d
83,21,The elevator button had been harvesting after the rain.,No-Attraction Violation,0,1,The elevator button had been,harvesting,0.29324379563331604,CWE,enwiki_20180420_300d
84,22,The musical piece was composing by Beethoven in 1799.,Attraction Violation,1,1,The musical piece was,composing,0.5091447234153748,CWE,enwiki_20180420_300d
85,22,The musical piece was composed in a dream.,Passive Control,1,1,The musical piece was,composed,0.3964046239852905,CWE,enwiki_20180420_300d
86,22,Ludwig von Beethoven was composing symphonies as a teenager.,Active Control,1,0,Ludwig von Beethoven was,composing,,CWE,enwiki_20180420_300d
87,22,The bank had been composing in a dream.,No-Attraction Violation,0,1,The bank had been,composing,0.11688877642154694,CWE,enwiki_20180420_300d
88,23,The old lady's purse had been snatching a kid.,Attraction Violation,1,1,The old lady's purse had been,snatching,0.4097263514995575,CWE,enwiki_20180420_300d
89,23,The old lady's purse had been snatched with speed.,Passive Control,1,1,The old lady's purse had been,snatched,0.3963260054588318,CWE,enwiki_20180420_300d
90,23,The clever dog had been snatching cookies from the table.,Active Control,1,0,The clever dog had been,snatching,0.3347117006778717,CWE,enwiki_20180420_300d
91,23,The quality of Karla's work was snatching victory from the jaws of defeat.,No-Attraction Violation,0,1,The quality of Karla's work was,snatching,0.17000700533390045,CWE,enwiki_20180420_300d
92,24,Olson's bulging suitcase had been packing his assistant.,Attraction Violation,1,1,Olson's bulging suitcase had been,packing,0.35656872391700745,CWE,enwiki_20180420_300d
93,24,Olson's bulging suitcase had been packed for the trip.,Passive Control,1,1,Olson's bulging suitcase had been,packed,0.473619669675827,CWE,enwiki_20180420_300d
94,24,The excited vacationers had been packing their suitcases when the hurricane hit.,Active Control,1,0,The excited vacationers had been,packing,0.28040969371795654,CWE,enwiki_20180420_300d
95,24,Stormy weather had been packing for the trip.,No-Attraction Violation,0,1,Stormy weather had been,packing,0.21781325340270996,CWE,enwiki_20180420_300d
96,25,Several spelling errors were noticing the careful editor.,Attraction Violation,1,1,Several spelling errors were,noticing,0.3301548361778259,CWE,enwiki_20180420_300d
97,25,Several spelling errors were noticed by the careful editor.,Passive Control,1,1,Several spelling errors were,noticed,0.35778969526290894,CWE,enwiki_20180420_300d
98,25,Brittany's close friends were noticing changes in her personality.,Active Control,1,0,Brittany's close friends were,noticing,0.3114490509033203,CWE,enwiki_20180420_300d
99,25,The final destination had been noticing too late.,No-Attraction Violation,0,1,The final destination had been,noticing,0.20301553606987,CWE,enwiki_20180420_300d
100,26,An illegal weapon had been smuggling only once.,Attraction Violation,1,1,An illegal weapon had been,smuggling,0.6132288575172424,CWE,enwiki_20180420_300d
101,26,An illegal weapon had been smuggled only once.,Passive Control,1,1,An illegal weapon had been,smuggled,0.4710036516189575,CWE,enwiki_20180420_300d
102,26,The drug dealer had been smuggling heroin into Canada.,Active Control,1,0,The drug dealer had been,smuggling,0.5654821991920471,CWE,enwiki_20180420_300d
103,26,Cleopatra's beauty was smuggling only once.,No-Attraction Violation,0,1,Cleopatra's beauty was,smuggling,0.14248646795749664,CWE,enwiki_20180420_300d
104,27,The leftover food was discarding wastefully.,Attraction Violation,1,1,The leftover food was,discarding,0.37910252809524536,CWE,enwiki_20180420_300d
105,27,The leftover food was discarded wastefully.,Passive Control,1,1,The leftover food was,discarded,0.5220156908035278,CWE,enwiki_20180420_300d
106,27,The campers were discarding the leftover food.,Active Control,1,0,The campers were,discarding,0.13705749809741974,CWE,enwiki_20180420_300d
107,27,The sleek new building was discarding wastefully.,No-Attraction Violation,0,1,The sleek new building was,discarding,0.3219081163406372,CWE,enwiki_20180420_300d
108,28,Thirty pounds of potatoes had been peeling by the cooks.,Attraction Violation,1,1,Thirty pounds of potatoes had been,peeling,0.34301087260246277,CWE,enwiki_20180420_300d
109,28,Thirty pounds of potatoes had been peeled carefully.,Passive Control,1,1,Thirty pounds of potatoes had been,peeled,0.4194025695323944,CWE,enwiki_20180420_300d
110,28,The bored looking cooks had been peeling potatoes for hours.,Active Control,1,0,The bored looking cooks had been,peeling,0.3644145429134369,CWE,enwiki_20180420_300d
111,28,The club's rules had been peeling the sticker off the box.,No-Attraction Violation,0,1,The club's rules had been,peeling,0.1253206580877304,CWE,enwiki_20180420_300d
112,29,The grimy pots and pans had been scrubbing the dishwashers.,Attraction Violation,1,1,The grimy pots and pans had been,scrubbing,0.5022847652435303,CWE,enwiki_20180420_300d
113,29,The grimy pots and pans had been scrubbed by the dishwashers.,Passive Control,1,1,The grimy pots and pans had been,scrubbed,0.37271639704704285,CWE,enwiki_20180420_300d
114,29,The guys in the kitchen had been scrubbing the pots and pans.,Active Control,1,0,The guys in the kitchen had been,scrubbing,0.40876564383506775,CWE,enwiki_20180420_300d
115,29,The stolen artwork had been scrubbing with vigor.,No-Attraction Violation,0,1,The stolen artwork had been,scrubbing,0.2696375250816345,CWE,enwiki_20180420_300d
116,30,The roast lamb had been carving by a servant.,Attraction Violation,1,1,The roast lamb had been,carving,0.28520336747169495,CWE,enwiki_20180420_300d
117,30,The roast lamb had been carved by a servant.,Passive Control,1,1,The roast lamb had been,carved,0.21590936183929443,CWE,enwiki_20180420_300d
118,30,The butcher had been carving the meat.,Active Control,1,0,The butcher had been,carving,0.27336758375167847,CWE,enwiki_20180420_300d
119,30,Janet's houseplants were carving before dinner.,No-Attraction Violation,0,1,Janet's houseplants were,carving,0.18036076426506042,CWE,enwiki_20180420_300d
120,31,Cleopatra's beauty was admiring many people.,Attraction Violation,1,1,Cleopatra's beauty was,admiring,0.41185295581817627,CWE,enwiki_20180420_300d
121,31,Cleopatra's beauty was admired always.,Passive Control,1,1,Cleopatra's beauty was,admired,0.3748268187046051,CWE,enwiki_20180420_300d
122,31,The men were admiring the beautiful woman from a distance.,Active Control,1,0,The men were,admiring,0.2998701333999634,CWE,enwiki_20180420_300d
123,31,An illegal weapon had been admiring always.,No-Attraction Violation,0,1,An illegal weapon had been,admiring,0.2441057711839676,CWE,enwiki_20180420_300d
124,32,A wet snowball had been tossing by the girls through the window.,Attraction Violation,1,1,A wet snowball had been,tossing,0.35845544934272766,CWE,enwiki_20180420_300d
125,32,A wet snowball had been tossed in anger.,Passive Control,1,1,A wet snowball had been,tossed,0.3089098632335663,CWE,enwiki_20180420_300d
126,32,The baseball players had been tossing the ball around the infield.,Active Control,1,0,The baseball players had been,tossing,0.3188723027706146,CWE,enwiki_20180420_300d
127,32,Their secret conversation had been tossing a steak on the grill.,No-Attraction Violation,0,1,Their secret conversation had been,tossing,0.29611173272132874,CWE,enwiki_20180420_300d
128,33,The sealed envelope was opening the judge.,Attraction Violation,1,1,The sealed envelope was,opening,0.297043114900589,CWE,enwiki_20180420_300d
129,33,The sealed envelope was opened without permission.,Passive Control,1,1,The sealed envelope was,opened,0.20231525599956512,CWE,enwiki_20180420_300d
130,33,Tuxedoed waiters were opening bottles of champagne for the toast.,Active Control,1,0,Tuxedoed waiters were,opening,0.19996260106563568,CWE,enwiki_20180420_300d
131,33,The men's faces had been opening without permission.,No-Attraction Violation,0,1,The men's faces had been,opening,0.2200731337070465,CWE,enwiki_20180420_300d
132,34,The man's beard had been shaving twice a day.,Attraction Violation,1,1,The man's beard had been,shaving,0.41556286811828613,CWE,enwiki_20180420_300d
133,34,The man's beard had been shaved twice a day.,Passive Control,1,1,The man's beard had been,shaved,0.47084006667137146,CWE,enwiki_20180420_300d
134,34,His uncle Ralph had been shaving his beard off.,Active Control,1,0,His uncle Ralph had been,shaving,0.1531418114900589,CWE,enwiki_20180420_300d
135,34,The popular amusement park is shaving twice a day.,No-Attraction Violation,0,1,The popular amusement park is,shaving,0.2066948264837265,CWE,enwiki_20180420_300d
136,35,The elevator button had been pressing slowly.,Attraction Violation,1,1,The elevator button had been,pressing,0.4805540442466736,CWE,enwiki_20180420_300d
137,35,The elevator button had been pressed by the attendant.,Passive Control,1,1,The elevator button had been,pressed,0.4355957806110382,CWE,enwiki_20180420_300d
138,35,The attendant had been pressing the buttons.,Active Control,1,0,The attendant had been,pressing,0.15960577130317688,CWE,enwiki_20180420_300d
139,35,The wheat crops had been pressing slowly.,No-Attraction Violation,0,1,The wheat crops had been,pressing,0.2475256770849228,CWE,enwiki_20180420_300d
140,36,The winning lottery numbers had been announcing the TV news.,Attraction Violation,1,1,The winning lottery numbers had been,announcing,0.3583928346633911,CWE,enwiki_20180420_300d
141,36,The winning lottery numbers had been announced by the TV news.,Passive Control,1,1,The winning lottery numbers had been,announced,0.2629515826702118,CWE,enwiki_20180420_300d
142,36,The flight attendant had been announcing the reason for the delay.,Active Control,1,0,The flight attendant had been,announcing,0.274442583322525,CWE,enwiki_20180420_300d
143,36,The tarnished silverware was announcing on the television.,No-Attraction Violation,0,1,The tarnished silverware was,announcing,0.25524359941482544,CWE,enwiki_20180420_300d
144,37,The victim's body had been identifying at the morgue.,Attraction Violation,1,1,The victim's body had been,identifying,0.3482303023338318,CWE,enwiki_20180420_300d
145,37,The victim's body had been identified by the family members.,Passive Control,1,1,The victim's body had been,identified,0.3186940550804138,CWE,enwiki_20180420_300d
146,37,The laboratory technicians had been identifying the chemical.,Active Control,1,0,The laboratory technicians had been,identifying,0.29061785340309143,CWE,enwiki_20180420_300d
147,37,The movie was identifying rare fish for the divers.,No-Attraction Violation,0,1,The movie was,identifying,0.12068194150924683,CWE,enwiki_20180420_300d
148,38,The hearty meal was devouring by the kids.,Attraction Violation,1,1,The hearty meal was,devouring,0.3601530194282532,CWE,enwiki_20180420_300d
149,38,The hearty meal was devoured with gusto.,Passive Control,1,1,The hearty meal was,devoured,0.3733958601951599,CWE,enwiki_20180420_300d
150,38,The hungry boys were devouring the plate of cookies when Jack arrived.,Active Control,1,0,The hungry boys were,devouring,0.34404727816581726,CWE,enwiki_20180420_300d
151,38,The dusty tabletops were devouring with gusto.,No-Attraction Violation,0,1,The dusty tabletops were,devouring,0.26581692695617676,CWE,enwiki_20180420_300d
152,39,The overgrown shrubs were trimming regularly.,Attraction Violation,1,1,The overgrown shrubs were,trimming,0.4040758013725281,CWE,enwiki_20180420_300d
153,39,The overgrown shrubs were trimmed by a gardener.,Passive Control,1,1,The overgrown shrubs were,trimmed,0.3821341395378113,CWE,enwiki_20180420_300d
154,39,A gardener was trimming the overgrown shrubbery.,Active Control,1,0,A gardener was,trimming,0.25382864475250244,CWE,enwiki_20180420_300d
155,39,The alarm clock had been trimming regularly.,No-Attraction Violation,0,1,The alarm clock had been,trimming,0.27818384766578674,CWE,enwiki_20180420_300d
156,40,Wilson's unreasonable proposal was rejecting by the boss.,Attraction Violation,1,1,Wilson's unreasonable proposal was,rejecting,0.5417819619178772,CWE,enwiki_20180420_300d
157,40,Wilson's unreasonable proposal was rejected at the hospital.,Passive Control,1,1,Wilson's unreasonable proposal was,rejected,0.5769910216331482,CWE,enwiki_20180420_300d
158,40,The admissions committee was rejecting nearly every application.,Active Control,1,0,The admissions committee was,rejecting,0.3018699586391449,CWE,enwiki_20180420_300d
159,40,The rare bird's behavior was rejecting all offers.,No-Attraction Violation,0,1,The rare bird's behavior was,rejecting,0.293142169713974,CWE,enwiki_20180420_300d
160,41,Hathaway's gigantic fortune had been inheriting by his daughters.,Attraction Violation,1,1,Hathaway's gigantic fortune had been,inheriting,0.3284299671649933,CWE,enwiki_20180420_300d
161,41,Hathaway's gigantic fortune had been inherited by his daughters.,Passive Control,1,1,Hathaway's gigantic fortune had been,inherited,0.2823696434497833,CWE,enwiki_20180420_300d
162,41,Generations of aristocratic Englishmen have been inheriting their fortunes.,Active Control,1,0,Generations of aristocratic Englishmen have been,inheriting,0.4226904511451721,CWE,enwiki_20180420_300d
163,41,The strange mystery had been inheriting the estate from her grandmother.,No-Attraction Violation,0,1,The strange mystery had been,inheriting,0.18740613758563995,CWE,enwiki_20180420_300d
164,42,All of her money had been spending before the wedding.,Attraction Violation,1,1,All of her money had been,spending,0.40199142694473267,CWE,enwiki_20180420_300d
165,42,All of her money had been spent before the wedding.,Passive Control,1,1,All of her money had been,spent,0.32469987869262695,CWE,enwiki_20180420_300d
166,42,The shopping fanatic had been spending all her money in Bloomingdales.,Active Control,1,0,The shopping fanatic had been,spending,0.30640557408332825,CWE,enwiki_20180420_300d
167,42,Patty's overgrown lawn was spending its time on the beach.,No-Attraction Violation,0,1,Patty's overgrown lawn was,spending,0.17073871195316315,CWE,enwiki_20180420_300d
168,43,An appointment was scheduling by the secretary.,Attraction Violation,1,1,An appointment was,scheduling,0.26111268997192383,CWE,enwiki_20180420_300d
169,43,An appointment was scheduled by the secretary.,Passive Control,1,1,An appointment was,scheduled,0.18628688156604767,CWE,enwiki_20180420_300d
170,43,The secretary was scheduling new appointments for the afternoon.,Active Control,1,0,The secretary was,scheduling,0.10595466196537018,CWE,enwiki_20180420_300d
171,43,The legal contract had been scheduling for next week.,No-Attraction Violation,0,1,The legal contract had been,scheduling,0.31886255741119385,CWE,enwiki_20180420_300d
172,44,The men's faces had been photographing by a security camera.,Attraction Violation,1,1,The men's faces had been,photographing,0.34184539318084717,CWE,enwiki_20180420_300d
173,44,The men's faces had been photographed by a security camera.,Passive Control,1,1,The men's faces had been,photographed,0.328812837600708,CWE,enwiki_20180420_300d
174,44,The intrusive reporter had been photographing the celebrities at the party.,Active Control,1,0,The intrusive reporter had been,photographing,0.3830762207508087,CWE,enwiki_20180420_300d
175,44,The sealed envelope was photographing at the party.,No-Attraction Violation,0,1,The sealed envelope was,photographing,0.1845022290945053,CWE,enwiki_20180420_300d
176,45,The broken television had been repairing the technician.,Attraction Violation,1,1,The broken television had been,repairing,0.2886541187763214,CWE,enwiki_20180420_300d
177,45,The broken television had been repaired by the technician.,Passive Control,1,1,The broken television had been,repaired,0.3442947268486023,CWE,enwiki_20180420_300d
178,45,The competent technician had been repairing the television.,Active Control,1,0,The competent technician had been,repairing,0.29643890261650085,CWE,enwiki_20180420_300d
179,45,Larry's note had been repairing the computer's hard drive.,No-Attraction Violation,0,1,Larry's note had been,repairing,0.06591908633708954,CWE,enwiki_20180420_300d
180,46,The alarm clock had been unplugging accidentally.,Attraction Violation,1,1,The alarm clock had been,unplugging,0.37965431809425354,CWE,enwiki_20180420_300d
181,46,The alarm clock had been unplugged late.,Passive Control,1,1,The alarm clock had been,unplugged,0.19000059366226196,CWE,enwiki_20180420_300d
182,46,The frantic woman had been unplugging every electrical device in the house.,Active Control,1,0,The frantic woman had been,unplugging,0.30927741527557373,CWE,enwiki_20180420_300d
183,46,The overgrown shrubs were unplugging accidentally.,No-Attraction Violation,0,1,The overgrown shrubs were,unplugging,0.2457190304994583,CWE,enwiki_20180420_300d
184,47,The car door had been unlocking late at night.,Attraction Violation,1,1,The car door had been,unlocking,0.3749105930328369,CWE,enwiki_20180420_300d
185,47,The car door had been unlocked by the child.,Passive Control,1,1,The car door had been,unlocked,0.38640090823173523,CWE,enwiki_20180420_300d
186,47,The babysitter had been unlocking the back door.,Active Control,1,0,The babysitter had been,unlocking,0.22506296634674072,CWE,enwiki_20180420_300d
187,47,The Queen's 80th birthday was unlocking late at night.,No-Attraction Violation,0,1,The Queen's 80th birthday was,unlocking,0.13922441005706787,CWE,enwiki_20180420_300d
188,48,The portrait of Napoleon had been painting by a Dutch artist.,Attraction Violation,1,1,The portrait of Napoleon had been,painting,0.6364856362342834,CWE,enwiki_20180420_300d
189,48,The portrait of Napoleon had been painted by a Dutch artist.,Passive Control,1,1,The portrait of Napoleon had been,painted,0.562414824962616,CWE,enwiki_20180420_300d
190,48,The French Impressionist artists had been painting with a focus on light and color.,Active Control,1,0,The French Impressionist artists had been,painting,0.4202532172203064,CWE,enwiki_20180420_300d
191,48,A new medication had been painting on Tuesday.,No-Attraction Violation,0,1,A new medication had been,painting,0.20198789238929749,CWE,enwiki_20180420_300d
192,49,The embarrassing allegations had been denying by the mayor.,Attraction Violation,1,1,The embarrassing allegations had been,denying,0.49694788455963135,CWE,enwiki_20180420_300d
193,49,The embarrassing allegations had been denied by the mayor.,Passive Control,1,1,The embarrassing allegations had been,denied,0.515646755695343,CWE,enwiki_20180420_300d
194,49,The embarassed mayor had been denying allegations of corruption.,Active Control,1,0,The embarassed mayor had been,denying,0.2874937653541565,CWE,enwiki_20180420_300d
195,49,Tamara's birthday gift had been denying the rumor.,No-Attraction Violation,0,1,Tamara's birthday gift had been,denying,0.2372901439666748,CWE,enwiki_20180420_300d
196,50,The noises in the attic had been hearing nightly.,Attraction Violation,1,1,The noises in the attic had been,hearing,0.3424776792526245,CWE,enwiki_20180420_300d
197,50,The noises in the attic had been heard by the boys.,Passive Control,1,1,The noises in the attic had been,heard,0.4312489330768585,CWE,enwiki_20180420_300d
198,50,The frightened campers had been hearing noises in the woods.,Active Control,1,0,The frightened campers had been,hearing,0.35951703786849976,CWE,enwiki_20180420_300d
199,50,A package had been hearing nightly.,No-Attraction Violation,0,1,A package had been,hearing,0.1587456613779068,CWE,enwiki_20180420_300d
200,51,The appetizers had been serving before the meal.,Attraction Violation,1,1,The appetizers had been,serving,0.2651405930519104,CWE,enwiki_20180420_300d
201,51,The appetizers had been served before the meal.,Passive Control,1,1,The appetizers had been,served,0.2619222104549408,CWE,enwiki_20180420_300d
202,51,The waiters had been serving the meal.,Active Control,1,0,The waiters had been,serving,0.2119303047657013,CWE,enwiki_20180420_300d
203,51,The final exams had been serving before the meal.,No-Attraction Violation,0,1,The final exams had been,serving,0.18585488200187683,CWE,enwiki_20180420_300d
204,52,Billy's unruly hair was combing his mother to one side.,Attraction Violation,1,1,Billy's unruly hair was,combing,0.4692293107509613,CWE,enwiki_20180420_300d
205,52,Billy's unruly hair was combed by his mother to one side.,Passive Control,1,1,Billy's unruly hair was,combed,0.5197747945785522,CWE,enwiki_20180420_300d
206,52,The patient barber was combing the boy's hair to one side.,Active Control,1,0,The patient barber was,combing,0.2558973729610443,CWE,enwiki_20180420_300d
207,52,The girl's disease was combing the area for escaped prisoners.,No-Attraction Violation,0,1,The girl's disease was,combing,0.28449520468711853,CWE,enwiki_20180420_300d
208,53,A drawing of the house had been sketching again.,Attraction Violation,1,1,A drawing of the house had been,sketching,0.5328940153121948,CWE,enwiki_20180420_300d
209,53,A drawing of the house had been sketched again.,Passive Control,1,1,A drawing of the house had been,sketched,0.4757418930530548,CWE,enwiki_20180420_300d
210,53,An artist in the studio had been sketching the house.,Active Control,1,0,An artist in the studio had been,sketching,0.3572424650192261,CWE,enwiki_20180420_300d
211,53,The cheap products had been sketching again.,No-Attraction Violation,0,1,The cheap products had been,sketching,0.2820887267589569,CWE,enwiki_20180420_300d
212,54,The simple coffin was burying the villagers.,Attraction Violation,1,1,The simple coffin was,burying,0.4205399751663208,CWE,enwiki_20180420_300d
213,54,The simple coffin was buried at the church.,Passive Control,1,1,The simple coffin was,buried,0.384156197309494,CWE,enwiki_20180420_300d
214,54,The tribal people were burying their dead.,Active Control,1,0,The tribal people were,burying,0.24618446826934814,CWE,enwiki_20180420_300d
215,54,The vocabulary list was burying at the church.,No-Attraction Violation,0,1,The vocabulary list was,burying,0.1935954988002777,CWE,enwiki_20180420_300d
216,55,The homicide case had been investigating diligently.,Attraction Violation,1,1,The homicide case had been,investigating,0.4905391335487366,CWE,enwiki_20180420_300d
217,55,The homicide case had been investigated by the FBI.,Passive Control,1,1,The homicide case had been,investigated,0.40069276094436646,CWE,enwiki_20180420_300d
218,55,The FBI agents had been investigating the homicide case for weeks.,Active Control,1,0,The FBI agents had been,investigating,0.3924051523208618,CWE,enwiki_20180420_300d
219,55,Martin's tonsils had been investigating the problem.,No-Attraction Violation,0,1,Martin's tonsils had been,investigating,0.15926647186279297,CWE,enwiki_20180420_300d
220,56,Mark's wrinkly shirts were ironing by his mother.,Attraction Violation,1,1,Mark's wrinkly shirts were,ironing,0.3276016116142273,CWE,enwiki_20180420_300d
221,56,Mark's wrinkly shirts were ironed by his mother.,Passive Control,1,1,Mark's wrinkly shirts were,ironed,0.42332547903060913,CWE,enwiki_20180420_300d
222,56,Mark's doting mother was ironing his shirts while he slept.,Active Control,1,0,Mark's doting mother was,ironing,0.2865404486656189,CWE,enwiki_20180420_300d
223,56,The firewood had been ironing her dress.,No-Attraction Violation,0,1,The firewood had been,ironing,0.3635729253292084,CWE,enwiki_20180420_300d
224,57,An important lesson had been learning in space.,Attraction Violation,1,1,An important lesson had been,learning,0.4015754461288452,CWE,enwiki_20180420_300d
225,57,An important lesson had been learned in space.,Passive Control,1,1,An important lesson had been,learned,0.4771851599216461,CWE,enwiki_20180420_300d
226,57,The children had been learning Spanish.,Active Control,1,0,The children had been,learning,0.3078896403312683,CWE,enwiki_20180420_300d
227,57,The bathroom floor had been learning in space.,No-Attraction Violation,0,1,The bathroom floor had been,learning,0.2192305475473404,CWE,enwiki_20180420_300d
228,58,The height of the bookcase was measuring by a carpenter.,Attraction Violation,1,1,The height of the bookcase was,measuring,0.41197940707206726,CWE,enwiki_20180420_300d
229,58,The height of the bookcase was measured incorrectly.,Passive Control,1,1,The height of the bookcase was,measured,0.3576848804950714,CWE,enwiki_20180420_300d
230,58,The carpenter was measuring the height of the bookcase.,Active Control,1,0,The carpenter was,measuring,0.15358610451221466,CWE,enwiki_20180420_300d
231,58,An urgent message had been measuring her heart rate.,No-Attraction Violation,0,1,An urgent message had been,measuring,0.16437530517578125,CWE,enwiki_20180420_300d
232,59,Several important topics were discussing despite the weather.,Attraction Violation,1,1,Several important topics were,discussing,0.5283017754554749,CWE,enwiki_20180420_300d
233,59,Several important topics were discussed by the board of trustees.,Passive Control,1,1,Several important topics were,discussed,0.5431525111198425,CWE,enwiki_20180420_300d
234,59,The board members were discussing several important topics.,Active Control,1,0,The board members were,discussing,0.30267593264579773,CWE,enwiki_20180420_300d
235,59,"The fresh, warm bread was discussing despite the weather.",No-Attraction Violation,0,1,"The fresh, warm bread was",discussing,0.24064236879348755,CWE,enwiki_20180420_300d
236,60,The dusty tabletops were wiping thoroughly.,Attraction Violation,1,1,The dusty tabletops were,wiping,0.2990424931049347,CWE,enwiki_20180420_300d
237,60,The dusty tabletops were wiped thoroughly.,Passive Control,1,1,The dusty tabletops were,wiped,0.22515104711055756,CWE,enwiki_20180420_300d
238,60,The tired busboy was wiping for hours.,Active Control,1,0,The tired busboy was,wiping,0.22349213063716888,CWE,enwiki_20180420_300d
239,60,The hearty meal was wiping thoroughly.,No-Attraction Violation,0,1,The hearty meal was,wiping,0.1585727483034134,CWE,enwiki_20180420_300d
240,61,A tiny spy camera was concealing by the agent inside a flowerpot.,Attraction Violation,1,1,A tiny spy camera was,concealing,0.3591621220111847,CWE,enwiki_20180420_300d
241,61,A tiny spy camera was concealed by the agent inside a flowerpot.,Passive Control,1,1,A tiny spy camera was,concealed,0.3593498766422272,CWE,enwiki_20180420_300d
242,61,The sneaky lawyer was concealing the truth.,Active Control,1,0,The sneaky lawyer was,concealing,0.3113037347793579,CWE,enwiki_20180420_300d
243,61,A faint light was concealing their identity.,No-Attraction Violation,0,1,A faint light was,concealing,0.3187946677207947,CWE,enwiki_20180420_300d
244,62,"The fresh, warm bread was slicing by the baker into halves.",Attraction Violation,1,1,"The fresh, warm bread was",slicing,0.367944598197937,CWE,enwiki_20180420_300d
245,62,"The fresh, warm bread was sliced with love.",Passive Control,1,1,"The fresh, warm bread was",sliced,0.5194510817527771,CWE,enwiki_20180420_300d
246,62,The chef's assistants were slicing the mushrooms for a pie.,Active Control,1,0,The chef's assistants were,slicing,0.22945360839366913,CWE,enwiki_20180420_300d
247,62,Several important topics were slicing with love.,No-Attraction Violation,0,1,Several important topics were,slicing,0.21467675268650055,CWE,enwiki_20180420_300d
248,63,The tarnished silverware was polishing by the butler.,Attraction Violation,1,1,The tarnished silverware was,polishing,0.37394770979881287,CWE,enwiki_20180420_300d
249,63,The tarnished silverware was polished by the butler.,Passive Control,1,1,The tarnished silverware was,polished,0.4235001802444458,CWE,enwiki_20180420_300d
250,63,The thorough butler was polishing the doorknobs.,Active Control,1,0,The thorough butler was,polishing,0.3418283462524414,CWE,enwiki_20180420_300d
251,63,The winning lottery numbers had been polishing his shoes.,No-Attraction Violation,0,1,The winning lottery numbers had been,polishing,0.24304573237895966,CWE,enwiki_20180420_300d
252,64,Poisonous fumes had been inhaling the firefighters.,Attraction Violation,1,1,Poisonous fumes had been,inhaling,0.684260368347168,CWE,enwiki_20180420_300d
253,64,Poisonous fumes had been inhaled by the firefighters.,Passive Control,1,1,Poisonous fumes had been,inhaled,0.6366216540336609,CWE,enwiki_20180420_300d
254,64,The firefighters had been inhaling the smoke.,Active Control,1,0,The firefighters had been,inhaling,0.2678104341030121,CWE,enwiki_20180420_300d
255,64,The man's signature was inhaling during the fire.,No-Attraction Violation,0,1,The man's signature was,inhaling,0.2277596890926361,CWE,enwiki_20180420_300d
256,65,A genetic mutation was discovering the scientists.,Attraction Violation,1,1,A genetic mutation was,discovering,0.331633061170578,CWE,enwiki_20180420_300d
257,65,A genetic mutation was discovered suddenly.,Passive Control,1,1,A genetic mutation was,discovered,0.3075774312019348,CWE,enwiki_20180420_300d
258,65,The excited explorers were discovering ancient artifacts everywhere they looked.,Active Control,1,0,The excited explorers were,discovering,0.4404348134994507,CWE,enwiki_20180420_300d
259,65,The pizza had been discovering new methods for making dough.,No-Attraction Violation,0,1,The pizza had been,discovering,0.1815917193889618,CWE,enwiki_20180420_300d
260,66,The Queen's 80th birthday was celebrating expensively.,Attraction Violation,1,1,The Queen's 80th birthday was,celebrating,0.5453910827636719,CWE,enwiki_20180420_300d
261,66,The Queen's 80th birthday was celebrated by thousands of people in the streets.,Passive Control,1,1,The Queen's 80th birthday was,celebrated,0.4922868013381958,CWE,enwiki_20180420_300d
262,66,Thousands of excited fans were celebrating the Superbowl victory in the streets.,Active Control,1,0,Thousands of excited fans were,celebrating,0.40765097737312317,CWE,enwiki_20180420_300d
263,66,The car door had been celebrating her promotion.,No-Attraction Violation,0,1,The car door had been,celebrating,0.20078225433826447,CWE,enwiki_20180420_300d
264,67,The diagram on the chalkboard had been erasing Mrs. Larson.,Attraction Violation,1,1,The diagram on the chalkboard had been,erasing,0.331423282623291,CWE,enwiki_20180420_300d
265,67,The diagram on the chalkboard had been erased by Mrs. Larson.,Passive Control,1,1,The diagram on the chalkboard had been,erased,0.27326729893684387,CWE,enwiki_20180420_300d
266,67,Mrs. Larson had been erasing the chalkboard.,Active Control,1,0,Mrs. Larson had been,erasing,,CWE,enwiki_20180420_300d
267,67,Food for the homeless had been erasing over and over.,No-Attraction Violation,0,1,Food for the homeless had been,erasing,0.17888322472572327,CWE,enwiki_20180420_300d
268,68,The movie was directing Steven Spielberg.,Attraction Violation,1,1,The movie was,directing,0.4525650441646576,CWE,enwiki_20180420_300d
269,68,The movie was directed professionally.,Passive Control,1,1,The movie was,directed,0.45166078209877014,CWE,enwiki_20180420_300d
270,68,Steven Spielberg was directing another blockbuster.,Active Control,1,0,Steven Spielberg was,directing,,CWE,enwiki_20180420_300d
271,68,The victim's body had been directing the police.,No-Attraction Violation,0,1,The victim's body had been,directing,0.2100898176431656,CWE,enwiki_20180420_300d
272,69,Theresa's birthday gift had been wrapping yesterday.,Attraction Violation,1,1,Theresa's birthday gift had been,wrapping,0.27733516693115234,CWE,enwiki_20180420_300d
273,69,Theresa's birthday gift had been wrapped yesterday.,Passive Control,1,1,Theresa's birthday gift had been,wrapped,0.23989321291446686,CWE,enwiki_20180420_300d
274,69,Theresa's loving grandmother had been wrapping the presents.,Active Control,1,0,Theresa's loving grandmother had been,wrapping,0.18968091905117035,CWE,enwiki_20180420_300d
275,69,The embarrassing allegations had been wrapping yesterday.,No-Attraction Violation,0,1,The embarrassing allegations had been,wrapping,0.21802371740341187,CWE,enwiki_20180420_300d
276,70,The popular amusement park is visiting by millions of tourists eh year.,Attraction Violation,1,1,The popular amusement park is,visiting,0.3404238522052765,CWE,enwiki_20180420_300d
277,70,The popular amusement park is visited daily.,Passive Control,1,1,The popular amusement park is,visited,0.3691475987434387,CWE,enwiki_20180420_300d
278,70,The tourists had been visiting the amusement park in the morning.,Active Control,1,0,The tourists had been,visiting,0.48694801330566406,CWE,enwiki_20180420_300d
279,70,The man's beard had been visiting a friend in the hospital.,No-Attraction Violation,0,1,The man's beard had been,visiting,0.2014787197113037,CWE,enwiki_20180420_300d
280,71,Ten new trees had been planting on dry land.,Attraction Violation,1,1,Ten new trees had been,planting,0.5654325485229492,CWE,enwiki_20180420_300d
281,71,Ten new trees had been planted by the Forestry Service.,Passive Control,1,1,Ten new trees had been,planted,0.5557387471199036,CWE,enwiki_20180420_300d
282,71,The forestry workers had been planting cedar saplings on the hillside.,Active Control,1,0,The forestry workers had been,planting,0.41649648547172546,CWE,enwiki_20180420_300d
283,71,The sin had been planting doubt in her mind.,No-Attraction Violation,0,1,The sin had been,planting,0.17841121554374695,CWE,enwiki_20180420_300d
284,72,Food for the homeless had been donating neighborhood residents.,Attraction Violation,1,1,Food for the homeless had been,donating,0.3803747594356537,CWE,enwiki_20180420_300d
285,72,Food for the homeless had been donated many times.,Passive Control,1,1,Food for the homeless had been,donated,0.29772964119911194,CWE,enwiki_20180420_300d
286,72,The wealthy American philanthropist had been donating money to Romanian orphanages.,Active Control,1,0,The wealthy American philanthropist had been,donating,0.3936757445335388,CWE,enwiki_20180420_300d
287,72,The diagram on the chalkboard had been donating blood.,No-Attraction Violation,0,1,The diagram on the chalkboard had been,donating,0.21457749605178833,CWE,enwiki_20180420_300d
288,73,The rare bird's behavior was observing by the biologists.,Attraction Violation,1,1,The rare bird's behavior was,observing,0.47509244084358215,CWE,enwiki_20180420_300d
289,73,The rare bird's behavior was observed by the biologists.,Passive Control,1,1,The rare bird's behavior was,observed,0.4830745756626129,CWE,enwiki_20180420_300d
290,73,The excited bird watchers were observing the rare eagle.,Active Control,1,0,The excited bird watchers were,observing,0.44746044278144836,CWE,enwiki_20180420_300d
291,73,Wilson's unreasonable proposal was observing the stars.,No-Attraction Violation,0,1,Wilson's unreasonable proposal was,observing,0.30538490414619446,CWE,enwiki_20180420_300d
292,74,Stormy weather had been forecasting by the weatherman.,Attraction Violation,1,1,Stormy weather had been,forecasting,0.4893782436847687,CWE,enwiki_20180420_300d
293,74,Stormy weather had been forecasted by the weatherman.,Passive Control,1,1,Stormy weather had been,forecasted,0.37696680426597595,CWE,enwiki_20180420_300d
294,74,The weather service had been forecasting snow for the mountain areas.,Active Control,1,0,The weather service had been,forecasting,0.533029317855835,CWE,enwiki_20180420_300d
295,74,Olson's bulging suitcase had been forecasting correctly.,No-Attraction Violation,0,1,Olson's bulging suitcase had been,forecasting,0.12026414275169373,CWE,enwiki_20180420_300d
296,75,The tragic mistake was regretting by Erika for many years.,Attraction Violation,1,1,The tragic mistake was,regretting,0.5492722988128662,CWE,enwiki_20180420_300d
297,75,The tragic mistake was regretted years later.,Passive Control,1,1,The tragic mistake was,regretted,0.5135824680328369,CWE,enwiki_20180420_300d
298,75,Erika was regretting the mistake.,Active Control,1,0,Erika was,regretting,,CWE,enwiki_20180420_300d
299,75,The library books had been regretting their behavior.,No-Attraction Violation,0,1,The library books had been,regretting,0.21188190579414368,CWE,enwiki_20180420_300d
300,76,The stolen artwork had been seizing without warning.,Attraction Violation,1,1,The stolen artwork had been,seizing,0.3671385645866394,CWE,enwiki_20180420_300d
301,76,The stolen artwork had been seized by the border police.,Passive Control,1,1,The stolen artwork had been,seized,0.41345879435539246,CWE,enwiki_20180420_300d
302,76,The police had been seizing shipments of drugs at the border.,Active Control,1,0,The police had been,seizing,0.28944122791290283,CWE,enwiki_20180420_300d
303,76,The grimy pots and pans had been seizing without warning.,No-Attraction Violation,0,1,The grimy pots and pans had been,seizing,0.22569921612739563,CWE,enwiki_20180420_300d
304,77,The value of the jewels was estimating the dealer.,Attraction Violation,1,1,The value of the jewels was,estimating,0.3417288064956665,CWE,enwiki_20180420_300d
305,77,The value of the jewels was estimated by the dealer.,Passive Control,1,1,The value of the jewels was,estimated,0.2979530990123749,CWE,enwiki_20180420_300d
306,77,The jewel expert was estimating the value of the diamond.,Active Control,1,0,The jewel expert was,estimating,0.24387907981872559,CWE,enwiki_20180420_300d
307,77,The useful new gadget had been estimating professionally.,No-Attraction Violation,0,1,The useful new gadget had been,estimating,0.3463679552078247,CWE,enwiki_20180420_300d
308,78,Larry's note had been scribbling his wife.,Attraction Violation,1,1,Larry's note had been,scribbling,0.23910662531852722,CWE,enwiki_20180420_300d
309,78,Larry's note had been scribbled with haste.,Passive Control,1,1,Larry's note had been,scribbled,0.30661284923553467,CWE,enwiki_20180420_300d
310,78,Larry's wife had been scribbling a note to him about dinner plans.,Active Control,1,0,Larry's wife had been,scribbling,0.15719099342823029,CWE,enwiki_20180420_300d
311,78,The broken television had been scribbling his thoughts on a napkin.,No-Attraction Violation,0,1,The broken television had been,scribbling,0.22733008861541748,CWE,enwiki_20180420_300d
312,79,Carrie's morning meeting was canceling as expected.,Attraction Violation,1,1,Carrie's morning meeting was,canceling,0.34232789278030396,CWE,enwiki_20180420_300d
313,79,Carrie's morning meeting was canceled by the boss.,Passive Control,1,1,Carrie's morning meeting was,canceled,0.3583838939666748,CWE,enwiki_20180420_300d
314,79,Carrie had been canceling all of her meetings.,Active Control,1,0,Carrie had been,canceling,,CWE,enwiki_20180420_300d
315,79,The bubblegum had been canceling as expected.,No-Attraction Violation,0,1,The bubblegum had been,canceling,0.1893334537744522,CWE,enwiki_20180420_300d
316,80,The girl's disease was curing a simple treatment.,Attraction Violation,1,1,The girl's disease was,curing,0.36534905433654785,CWE,enwiki_20180420_300d
317,80,The girl's disease was cured by a simple treatment.,Passive Control,1,1,The girl's disease was,cured,0.37933430075645447,CWE,enwiki_20180420_300d
318,80,The foreign doctors were curing hundreds of villagers of malaria.,Active Control,1,0,The foreign doctors were,curing,0.19890527427196503,CWE,enwiki_20180420_300d
319,80,Billy's unruly hair was curing his cold.,No-Attraction Violation,0,1,Billy's unruly hair was,curing,0.26110512018203735,CWE,enwiki_20180420_300d
320,81,Janet's houseplants were watering too much.,Attraction Violation,1,1,Janet's houseplants were,watering,0.4041450321674347,CWE,enwiki_20180420_300d
321,81,Janet's houseplants were watered by her neighbor.,Passive Control,1,1,Janet's houseplants were,watered,0.2920815050601959,CWE,enwiki_20180420_300d
322,81,The gardener was watering the plants.,Active Control,1,0,The gardener was,watering,0.38819581270217896,CWE,enwiki_20180420_300d
323,81,The roast lamb had been watering too much.,No-Attraction Violation,0,1,The roast lamb had been,watering,0.2930064797401428,CWE,enwiki_20180420_300d
324,82,The useful new gadget had been inventing by a bored waiter.,Attraction Violation,1,1,The useful new gadget had been,inventing,0.43800681829452515,CWE,enwiki_20180420_300d
325,82,The useful new gadget had been invented by a bored waiter.,Passive Control,1,1,The useful new gadget had been,invented,0.3851572573184967,CWE,enwiki_20180420_300d
326,82,The resourceful engineers had been inventing tiny new devices.,Active Control,1,0,The resourceful engineers had been,inventing,0.3222692310810089,CWE,enwiki_20180420_300d
327,82,The value of the jewels was inventing the digital computer.,No-Attraction Violation,0,1,The value of the jewels was,inventing,0.24182353913784027,CWE,enwiki_20180420_300d
328,83,The phone bill had been paying his roommate.,Attraction Violation,1,1,The phone bill had been,paying,0.31868910789489746,CWE,enwiki_20180420_300d
329,83,The phone bill had been paid quickly.,Passive Control,1,1,The phone bill had been,paid,0.3486664295196533,CWE,enwiki_20180420_300d
330,83,Juan and Perry had been paying too much for their apartment.,Active Control,1,0,Juan and Perry had been,paying,,CWE,enwiki_20180420_300d
331,83,"The dark, underwater cave was paying attention to the divers.",No-Attraction Violation,0,1,"The dark, underwater cave was",paying,0.17684179544448853,CWE,enwiki_20180420_300d
332,84,The man's signature was forging the lawyers.,Attraction Violation,1,1,The man's signature was,forging,0.37374842166900635,CWE,enwiki_20180420_300d
333,84,The man's signature was forged by the lawyers.,Passive Control,1,1,The man's signature was,forged,0.39742311835289,CWE,enwiki_20180420_300d
334,84,The con artists were forging the signatures on checks.,Active Control,1,0,The con artists were,forging,0.23751680552959442,CWE,enwiki_20180420_300d
335,84,Poisonous fumes had been forging very well.,No-Attraction Violation,0,1,Poisonous fumes had been,forging,0.18824584782123566,CWE,enwiki_20180420_300d
336,85,The bank had been robbing two masked men.,Attraction Violation,1,1,The bank had been,robbing,0.35257601737976074,CWE,enwiki_20180420_300d
337,85,The bank had been robbed repeatedly.,Passive Control,1,1,The bank had been,robbed,0.36938372254371643,CWE,enwiki_20180420_300d
338,85,The clever burglars had been robbing houses in broad daylight.,Active Control,1,0,The clever burglars had been,robbing,0.493276447057724,CWE,enwiki_20180420_300d
339,85,The musical piece was robbing repeatedly.,No-Attraction Violation,0,1,The musical piece was,robbing,0.19811643660068512,CWE,enwiki_20180420_300d
340,86,An urgent message had been sending by the ambassador to the President.,Attraction Violation,1,1,An urgent message had been,sending,0.47182992100715637,CWE,enwiki_20180420_300d
341,86,An urgent message had been sent again.,Passive Control,1,1,An urgent message had been,sent,0.45695334672927856,CWE,enwiki_20180420_300d
342,86,The Prime Minister had been sending urgent messages to her Ambassador.,Active Control,1,0,The Prime Minister had been,sending,,CWE,enwiki_20180420_300d
343,86,The height of the bookcase was sending mixed signals to the carpenter.,No-Attraction Violation,0,1,The height of the bookcase was,sending,0.1870707869529724,CWE,enwiki_20180420_300d
344,87,The sleek new building was designing a team of German architects.,Attraction Violation,1,1,The sleek new building was,designing,0.5412192344665527,CWE,enwiki_20180420_300d
345,87,The sleek new building was designed by a team of German architects.,Passive Control,1,1,The sleek new building was,designed,0.4790981411933899,CWE,enwiki_20180420_300d
346,87,A team of architects had been designing the new building.,Active Control,1,0,A team of architects had been,designing,0.4304671287536621,CWE,enwiki_20180420_300d
347,87,The leftover food was designing with flair.,No-Attraction Violation,0,1,The leftover food was,designing,0.2594810426235199,CWE,enwiki_20180420_300d
348,88,The final exams had been grading in school.,Attraction Violation,1,1,The final exams had been,grading,0.3893280029296875,CWE,enwiki_20180420_300d
349,88,The final exams had been graded in school.,Passive Control,1,1,The final exams had been,graded,0.35274186730384827,CWE,enwiki_20180420_300d
350,88,The professor had been grading the final exams until 4 AM.,Active Control,1,0,The professor had been,grading,0.08299438655376434,CWE,enwiki_20180420_300d
351,88,The appetizers had been grading Iverson's students.,No-Attraction Violation,0,1,The appetizers had been,grading,0.1914917677640915,CWE,enwiki_20180420_300d
352,89,The final destination had been reaching too late.,Attraction Violation,1,1,The final destination had been,reaching,0.44419991970062256,CWE,enwiki_20180420_300d
353,89,The final destination had been reached too late.,Passive Control,1,1,The final destination had been,reached,0.4484313130378723,CWE,enwiki_20180420_300d
354,89,The curious child had been reaching for the cup on the table.,Active Control,1,0,The curious child had been,reaching,0.1252031773328781,CWE,enwiki_20180420_300d
355,89,Several spelling errors were reaching too late.,No-Attraction Violation,0,1,Several spelling errors were,reaching,0.17219765484333038,CWE,enwiki_20180420_300d
356,90,A faint light was perceiving by the rescue workers.,Attraction Violation,1,1,A faint light was,perceiving,0.346498966217041,CWE,enwiki_20180420_300d
357,90,A faint light was perceived underwater.,Passive Control,1,1,A faint light was,perceived,0.3220004141330719,CWE,enwiki_20180420_300d
358,90,The worried pilot was perceiving a rattling sound in the jet's engine.,Active Control,1,0,The worried pilot was,perceiving,0.33532267808914185,CWE,enwiki_20180420_300d
359,90,A tiny spy camera was perceiving underwater.,No-Attraction Violation,0,1,A tiny spy camera was,perceiving,0.3282126486301422,CWE,enwiki_20180420_300d
360,91,The bubblegum had been chewing by the boy.,Attraction Violation,1,1,The bubblegum had been,chewing,0.3654961884021759,CWE,enwiki_20180420_300d
361,91,The bubblegum had been chewed by the boy.,Passive Control,1,1,The bubblegum had been,chewed,0.31710270047187805,CWE,enwiki_20180420_300d
362,91,The hungry dog had been chewing a bone.,Active Control,1,0,The hungry dog had been,chewing,0.36467745900154114,CWE,enwiki_20180420_300d
363,91,Carrie's morning meeting was chewing for a long time.,No-Attraction Violation,0,1,Carrie's morning meeting was,chewing,0.21030402183532715,CWE,enwiki_20180420_300d
364,92,Martin's tonsils had been removing at the hospital.,Attraction Violation,1,1,Martin's tonsils had been,removing,0.320106565952301,CWE,enwiki_20180420_300d
365,92,Martin's tonsils had been removed at the hospital.,Passive Control,1,1,Martin's tonsils had been,removed,0.31106099486351013,CWE,enwiki_20180420_300d
366,92,The surgeon had been removing the cancerous growth.,Active Control,1,0,The surgeon had been,removing,0.20696862041950226,CWE,enwiki_20180420_300d
367,92,The homicide case had been removing at the hospital.,No-Attraction Violation,0,1,The homicide case had been,removing,0.22979897260665894,CWE,enwiki_20180420_300d
368,93,Mother Theresa's death was mourning millions of people.,Attraction Violation,1,1,Mother Theresa's death was,mourning,0.40621742606163025,CWE,enwiki_20180420_300d
369,93,Mother Theresa's death was mourned by millions of people.,Passive Control,1,1,Mother Theresa's death was,mourned,0.454842746257782,CWE,enwiki_20180420_300d
370,93,The black-clad women were mourning the death of their brother.,Active Control,1,0,The black-clad women were,mourning,0.3851316273212433,CWE,enwiki_20180420_300d
371,93,Lisa's phone had been mourning the loss of a loved one.,No-Attraction Violation,0,1,Lisa's phone had been,mourning,0.17063550651073456,CWE,enwiki_20180420_300d
372,94,The bathroom floor had been mopping by a janitor.,Attraction Violation,1,1,The bathroom floor had been,mopping,0.3383623957633972,CWE,enwiki_20180420_300d
373,94,The bathroom floor had been mopped in the past.,Passive Control,1,1,The bathroom floor had been,mopped,0.3198670744895935,CWE,enwiki_20180420_300d
374,94,The school janitor had been mopping the bathroom.,Active Control,1,0,The school janitor had been,mopping,0.26649633049964905,CWE,enwiki_20180420_300d
375,94,An important lesson had been mopping in the past.,No-Attraction Violation,0,1,An important lesson had been,mopping,0.2100830078125,CWE,enwiki_20180420_300d
376,95,The sin had been confessing by the repentant Catholic.,Attraction Violation,1,1,The sin had been,confessing,0.3171612024307251,CWE,enwiki_20180420_300d
377,95,The sin had been confessed on Sunday.,Passive Control,1,1,The sin had been,confessed,0.29241424798965454,CWE,enwiki_20180420_300d
378,95,The repentant Catholic had been confessing his sins.,Active Control,1,0,The repentant Catholic had been,confessing,0.492121160030365,CWE,enwiki_20180420_300d
379,95,Ten new trees had been confessing on Sunday.,No-Attraction Violation,0,1,Ten new trees had been,confessing,0.18691100180149078,CWE,enwiki_20180420_300d
380,96,The strange mystery had been solving the detectives.,Attraction Violation,1,1,The strange mystery had been,solving,0.3889223337173462,CWE,enwiki_20180420_300d
381,96,The strange mystery had been solved at the station.,Passive Control,1,1,The strange mystery had been,solved,0.35593748092651367,CWE,enwiki_20180420_300d
382,96,The brilliant detective had been solving mysterious crimes for two decades.,Active Control,1,0,The brilliant detective had been,solving,0.3730419874191284,CWE,enwiki_20180420_300d
383,96,Hathaway's gigantic fortune had been solving at the station.,No-Attraction Violation,0,1,Hathaway's gigantic fortune had been,solving,0.2398398518562317,CWE,enwiki_20180420_300d
0,1,The murder had been witnessing by the three bystanders,Attraction Violation,1,1,The murder had been,witnessing,0.11340191215276718,CWE,word2vec-google-news-300
1,1,The murder had been witnessed in the dark.,Passive Control,1,1,The murder had been,witnessed,0.1075272411108017,CWE,word2vec-google-news-300
2,1,The bystanders had been witnessing the crime.,Active Control,1,0,The bystanders had been,witnessing,0.14415325224399567,CWE,word2vec-google-news-300
3,1,The unpleasant cough syrup was witnessing in the dark.,No-Attraction Violation,0,1,The unpleasant cough syrup was,witnessing,0.07157594710588455,CWE,word2vec-google-news-300
4,2,Patty's overgrown lawn was mowing the boy next door.,Attraction Violation,1,1,Patty's overgrown lawn was,mowing,0.5295122265815735,CWE,word2vec-google-news-300
5,2,Patty's overgrown lawn was mowed only last week.,Passive Control,1,1,Patty's overgrown lawn was,mowed,0.48259130120277405,CWE,word2vec-google-news-300
6,2,Patty's teenage son was mowing the lawn.,Active Control,1,0,Patty's teenage son was,mowing,0.16746707260608673,CWE,word2vec-google-news-300
7,2,All of her money had been mowing the grass.,No-Attraction Violation,0,1,All of her money had been,mowing,0.1064358726143837,CWE,word2vec-google-news-300
8,3,Three more martinis were ordering by Laurie's sister.,Attraction Violation,1,1,Three more martinis were,ordering,0.20052853226661682,CWE,word2vec-google-news-300
9,3,Three more martinis were ordered repeatedly.,Passive Control,1,1,Three more martinis were,ordered,0.10381486266851425,CWE,word2vec-google-news-300
10,3,"The regular customers were ordering quiche, as usual.",Active Control,1,0,The regular customers were,ordering,0.24472489953041077,CWE,word2vec-google-news-300
11,3,The rough part of the wood was ordering late.,No-Attraction Violation,0,1,The rough part of the wood was,ordering,0.058209378272295,CWE,word2vec-google-news-300
12,4,The quality of Karla's work was evaluating frequently.,Attraction Violation,1,1,The quality of Karla's work was,evaluating,0.21231015026569366,CWE,word2vec-google-news-300
13,4,The quality of Karla's work was evaluated frequently.,Passive Control,1,1,The quality of Karla's work was,evaluated,0.20213812589645386,CWE,word2vec-google-news-300
14,4,The engineers were evaluating the success of the new device.,Active Control,1,0,The engineers were,evaluating,0.1755072921514511,CWE,word2vec-google-news-300
15,4,The old lady's purse had been evaluating Nelson's idea.,No-Attraction Violation,0,1,The old lady's purse had been,evaluating,-0.03236190974712372,CWE,word2vec-google-news-300
16,5,The legal contract had been signing falsely.,Attraction Violation,1,1,The legal contract had been,signing,0.3257628381252289,CWE,word2vec-google-news-300
17,5,The legal contract had been signed by the family.,Passive Control,1,1,The legal contract had been,signed,0.3663333058357239,CWE,word2vec-google-news-300
18,5,The state's governor had been signing new legislation.,Active Control,1,0,The state's governor had been,signing,0.027677465230226517,CWE,word2vec-google-news-300
19,5,An appointment was signing falsely.,No-Attraction Violation,0,1,An appointment was,signing,0.2667636573314667,CWE,word2vec-google-news-300
20,6,The vocabulary list was memorizing well.,Attraction Violation,1,1,The vocabulary list was,memorizing,0.33256155252456665,CWE,word2vec-google-news-300
21,6,The vocabulary list was memorized well.,Passive Control,1,1,The vocabulary list was,memorized,0.3616664707660675,CWE,word2vec-google-news-300
22,6,The medical students were memorizing sample exam questions all night.,Active Control,1,0,The medical students were,memorizing,0.16530796885490417,CWE,word2vec-google-news-300
23,6,The simple coffin was memorizing the lines of the poem.,No-Attraction Violation,0,1,The simple coffin was,memorizing,0.12961876392364502,CWE,word2vec-google-news-300
24,7,The firewood had been chopping poorly.,Attraction Violation,1,1,The firewood had been,chopping,0.24918241798877716,CWE,word2vec-google-news-300
25,7,The firewood had been chopped by Jen's grandfather.,Passive Control,1,1,The firewood had been,chopped,0.2160584181547165,CWE,word2vec-google-news-300
26,7,Jen's grandfather had been chopping the firewood.,Active Control,1,0,Jen's grandfather had been,chopping,0.11038751900196075,CWE,word2vec-google-news-300
27,7,Mark's wrinkly shirts were chopping vegetables.,No-Attraction Violation,0,1,Mark's wrinkly shirts were,chopping,0.10159540921449661,CWE,word2vec-google-news-300
28,8,Lisa's phone had been disconnecting last month.,Attraction Violation,1,1,Lisa's phone had been,disconnecting,0.2605142593383789,CWE,word2vec-google-news-300
29,8,Lisa's phone had been disconnected last month.,Passive Control,1,1,Lisa's phone had been,disconnected,0.4095735251903534,CWE,word2vec-google-news-300
30,8,The electrician had been disconnecting the machine's power source.,Active Control,1,0,The electrician had been,disconnecting,0.16729262471199036,CWE,word2vec-google-news-300
31,8,Mother Theresa's death was disconnecting the two cables.,No-Attraction Violation,0,1,Mother Theresa's death was,disconnecting,0.10103985667228699,CWE,word2vec-google-news-300
32,9,Wendy's muddy car was washing the boys.,Attraction Violation,1,1,Wendy's muddy car was,washing,0.25438907742500305,CWE,word2vec-google-news-300
33,9,Wendy's muddy car was washed wearily.,Passive Control,1,1,Wendy's muddy car was,washed,0.3235369026660919,CWE,word2vec-google-news-300
34,9,Wendy and Harriet were washing the muddy car.,Active Control,1,0,Wendy and Harriet were,washing,,CWE,word2vec-google-news-300
35,9,Frank's loan application had been washing the used pencil.,No-Attraction Violation,0,1,Frank's loan application had been,washing,0.11740634590387344,CWE,word2vec-google-news-300
36,10,The library books had been borrowing the graduate student.,Attraction Violation,1,1,The library books had been,borrowing,0.2811560332775116,CWE,word2vec-google-news-300
37,10,The library books had been borrowed by the graduate student.,Passive Control,1,1,The library books had been,borrowed,0.24907317757606506,CWE,word2vec-google-news-300
38,10,Katie and Lara had been borrowing dozens of books about botany from the library.,Active Control,1,0,Katie and Lara had been,borrowing,,CWE,word2vec-google-news-300
39,10,The tragic mistake was borrowing in a hurry.,No-Attraction Violation,0,1,The tragic mistake was,borrowing,0.045969583094120026,CWE,word2vec-google-news-300
40,11,"The dark, underwater cave was exploring by the divers.",Attraction Violation,1,1,"The dark, underwater cave was",exploring,0.2894844710826874,CWE,word2vec-google-news-300
41,11,"The dark, underwater cave was explored by the divers.",Passive Control,1,1,"The dark, underwater cave was",explored,0.2905111014842987,CWE,word2vec-google-news-300
42,11,The cautious scuba divers were exploring the underwater cave.,Active Control,1,0,The cautious scuba divers were,exploring,0.2050977647304535,CWE,word2vec-google-news-300
43,11,The phone bill had been exploring at the zoo.,No-Attraction Violation,0,1,The phone bill had been,exploring,-0.02368216961622238,CWE,word2vec-google-news-300
44,12,The unpleasant cough syrup was swallowing the boy.,Attraction Violation,1,1,The unpleasant cough syrup was,swallowing,0.29698508977890015,CWE,word2vec-google-news-300
45,12,The unpleasant cough syrup was swallowed by the boy.,Passive Control,1,1,The unpleasant cough syrup was,swallowed,0.25295761227607727,CWE,word2vec-google-news-300
46,12,The huge adult alligator had been swallowing fish by the bucket.,Active Control,1,0,The huge adult alligator had been,swallowing,0.2185356765985489,CWE,word2vec-google-news-300
47,12,The murder had been swallowing with disgust.,No-Attraction Violation,0,1,The murder had been,swallowing,-0.009641919285058975,CWE,word2vec-google-news-300
48,13,The pizza had been delivering once more.,Attraction Violation,1,1,The pizza had been,delivering,0.12902992963790894,CWE,word2vec-google-news-300
49,13,The pizza had been delivered by Antonio himself.,Passive Control,1,1,The pizza had been,delivered,0.14232701063156128,CWE,word2vec-google-news-300
50,13,The exhausted messenger had been delivering packages all over town.,Active Control,1,0,The exhausted messenger had been,delivering,0.10439927875995636,CWE,word2vec-google-news-300
51,13,A genetic mutation was delivering once more.,No-Attraction Violation,0,1,A genetic mutation was,delivering,-0.004245716147124767,CWE,word2vec-google-news-300
52,14,Frank's loan application had been approving by the bank.,Attraction Violation,1,1,Frank's loan application had been,approving,0.23973946273326874,CWE,word2vec-google-news-300
53,14,Frank's loan application had been approved anyways.,Passive Control,1,1,Frank's loan application had been,approved,0.23777003586292267,CWE,word2vec-google-news-300
54,14,The board of directors had been approving too many expensive projects.,Active Control,1,0,The board of directors had been,approving,0.2527189552783966,CWE,word2vec-google-news-300
55,14,Wendy's muddy car was approving the boy's request.,No-Attraction Violation,0,1,Wendy's muddy car was,approving,0.06747648119926453,CWE,word2vec-google-news-300
56,15,The cheap products had been manufacturing a Belgian firm.,Attraction Violation,1,1,The cheap products had been,manufacturing,0.3154030740261078,CWE,word2vec-google-news-300
57,15,The cheap products had been manufactured by a Belgian firm.,Passive Control,1,1,The cheap products had been,manufactured,0.43241992592811584,CWE,word2vec-google-news-300
58,15,The auto company had been manufacturing parts in China.,Active Control,1,0,The auto company had been,manufacturing,0.4909706711769104,CWE,word2vec-google-news-300
59,15,A drawing of the house had been manufacturing at a factory.,No-Attraction Violation,0,1,A drawing of the house had been,manufacturing,0.10664352774620056,CWE,word2vec-google-news-300
60,16,Their secret conversation had been overhearing by a surprised neighbor.,Attraction Violation,1,1,Their secret conversation had been,overhearing,0.30302637815475464,CWE,word2vec-google-news-300
61,16,Their secret conversation had been overheard by a surprised neighbor.,Passive Control,1,1,Their secret conversation had been,overheard,0.37553200125694275,CWE,word2vec-google-news-300
62,16,The annoyed resident had been overhearing his neighbor's phone conversations through the wall.,Active Control,1,0,The annoyed resident had been,overhearing,0.2586325407028198,CWE,word2vec-google-news-300
63,16,A wet snowball had been overhearing despite the precautions.,No-Attraction Violation,0,1,A wet snowball had been,overhearing,0.14075709879398346,CWE,word2vec-google-news-300
64,17,The rough part of the wood was sanding to perfection.,Attraction Violation,1,1,The rough part of the wood was,sanding,0.44204622507095337,CWE,word2vec-google-news-300
65,17,The rough part of the wood was sanded by the carpenter.,Passive Control,1,1,The rough part of the wood was,sanded,0.43831828236579895,CWE,word2vec-google-news-300
66,17,The skillful carpenter was sanding the rough edge of the wood.,Active Control,1,0,The skillful carpenter was,sanding,0.31708425283432007,CWE,word2vec-google-news-300
67,17,Three more martinis were sanding the chair.,No-Attraction Violation,0,1,Three more martinis were,sanding,0.14443349838256836,CWE,word2vec-google-news-300
68,18,A package had been receiving by the secretary in the office.,Attraction Violation,1,1,A package had been,receiving,0.16169720888137817,CWE,word2vec-google-news-300
69,18,A package had been received by the secretary in the office.,Passive Control,1,1,A package had been,received,0.17013777792453766,CWE,word2vec-google-news-300
70,18,The secretary had been receiving flowers all day.,Active Control,1,0,The secretary had been,receiving,0.0343407541513443,CWE,word2vec-google-news-300
71,18,The noises in the attic had been receiving assistance from the government.,No-Attraction Violation,0,1,The noises in the attic had been,receiving,0.032551005482673645,CWE,word2vec-google-news-300
72,19,The club's rules had been violating Richard.,Attraction Violation,1,1,The club's rules had been,violating,0.15764333307743073,CWE,word2vec-google-news-300
73,19,The club's rules had been violated only twice.,Passive Control,1,1,The club's rules had been,violated,0.15847130119800568,CWE,word2vec-google-news-300
74,19,The rebel had been violating the rules.,Active Control,1,0,The rebel had been,violating,0.05478566139936447,CWE,word2vec-google-news-300
75,19,Thirty pounds of potatoes had been violating only twice.,No-Attraction Violation,0,1,Thirty pounds of potatoes had been,violating,0.022312434390187263,CWE,word2vec-google-news-300
76,20,A new medication had been prescribing the physician.,Attraction Violation,1,1,A new medication had been,prescribing,0.4908789098262787,CWE,word2vec-google-news-300
77,20,A new medication had been prescribed by the physician.,Passive Control,1,1,A new medication had been,prescribed,0.4616554379463196,CWE,word2vec-google-news-300
78,20,The new doctor had been prescribing powerful painkillers for Jelena's sore knee.,Active Control,1,0,The new doctor had been,prescribing,0.36557283997535706,CWE,word2vec-google-news-300
79,20,The portrait of Napoleon had been prescribing with caution.,No-Attraction Violation,0,1,The portrait of Napoleon had been,prescribing,-0.015936776995658875,CWE,word2vec-google-news-300
80,21,The wheat crops had been harvesting by the local farmers.,Attraction Violation,1,1,The wheat crops had been,harvesting,0.46568089723587036,CWE,word2vec-google-news-300
81,21,The wheat crops had been harvested after the rain.,Passive Control,1,1,The wheat crops had been,harvested,0.4638539254665375,CWE,word2vec-google-news-300
82,21,The local farmers had been harvesting the corn all week.,Active Control,1,0,The local farmers had been,harvesting,0.3563136160373688,CWE,word2vec-google-news-300
83,21,The elevator button had been harvesting after the rain.,No-Attraction Violation,0,1,The elevator button had been,harvesting,0.08361796289682388,CWE,word2vec-google-news-300
84,22,The musical piece was composing by Beethoven in 1799.,Attraction Violation,1,1,The musical piece was,composing,0.4594923257827759,CWE,word2vec-google-news-300
85,22,The musical piece was composed in a dream.,Passive Control,1,1,The musical piece was,composed,0.2104996293783188,CWE,word2vec-google-news-300
86,22,Ludwig von Beethoven was composing symphonies as a teenager.,Active Control,1,0,Ludwig von Beethoven was,composing,,CWE,word2vec-google-news-300
87,22,The bank had been composing in a dream.,No-Attraction Violation,0,1,The bank had been,composing,0.003400694578886032,CWE,word2vec-google-news-300
88,23,The old lady's purse had been snatching a kid.,Attraction Violation,1,1,The old lady's purse had been,snatching,0.2576843500137329,CWE,word2vec-google-news-300
89,23,The old lady's purse had been snatched with speed.,Passive Control,1,1,The old lady's purse had been,snatched,0.2746807634830475,CWE,word2vec-google-news-300
90,23,The clever dog had been snatching cookies from the table.,Active Control,1,0,The clever dog had been,snatching,0.1733129620552063,CWE,word2vec-google-news-300
91,23,The quality of Karla's work was snatching victory from the jaws of defeat.,No-Attraction Violation,0,1,The quality of Karla's work was,snatching,-0.03606551140546799,CWE,word2vec-google-news-300
92,24,Olson's bulging suitcase had been packing his assistant.,Attraction Violation,1,1,Olson's bulging suitcase had been,packing,0.3789612054824829,CWE,word2vec-google-news-300
93,24,Olson's bulging suitcase had been packed for the trip.,Passive Control,1,1,Olson's bulging suitcase had been,packed,0.39730483293533325,CWE,word2vec-google-news-300
94,24,The excited vacationers had been packing their suitcases when the hurricane hit.,Active Control,1,0,The excited vacationers had been,packing,0.16934677958488464,CWE,word2vec-google-news-300
95,24,Stormy weather had been packing for the trip.,No-Attraction Violation,0,1,Stormy weather had been,packing,0.10439317673444748,CWE,word2vec-google-news-300
96,25,Several spelling errors were noticing the careful editor.,Attraction Violation,1,1,Several spelling errors were,noticing,0.19601504504680634,CWE,word2vec-google-news-300
97,25,Several spelling errors were noticed by the careful editor.,Passive Control,1,1,Several spelling errors were,noticed,0.1415524184703827,CWE,word2vec-google-news-300
98,25,Brittany's close friends were noticing changes in her personality.,Active Control,1,0,Brittany's close friends were,noticing,0.1319916695356369,CWE,word2vec-google-news-300
99,25,The final destination had been noticing too late.,No-Attraction Violation,0,1,The final destination had been,noticing,-0.019970854744315147,CWE,word2vec-google-news-300
100,26,An illegal weapon had been smuggling only once.,Attraction Violation,1,1,An illegal weapon had been,smuggling,0.3664863407611847,CWE,word2vec-google-news-300
101,26,An illegal weapon had been smuggled only once.,Passive Control,1,1,An illegal weapon had been,smuggled,0.3349815607070923,CWE,word2vec-google-news-300
102,26,The drug dealer had been smuggling heroin into Canada.,Active Control,1,0,The drug dealer had been,smuggling,0.3668936789035797,CWE,word2vec-google-news-300
103,26,Cleopatra's beauty was smuggling only once.,No-Attraction Violation,0,1,Cleopatra's beauty was,smuggling,0.09310930222272873,CWE,word2vec-google-news-300
104,27,The leftover food was discarding wastefully.,Attraction Violation,1,1,The leftover food was,discarding,0.33517828583717346,CWE,word2vec-google-news-300
105,27,The leftover food was discarded wastefully.,Passive Control,1,1,The leftover food was,discarded,0.3726515769958496,CWE,word2vec-google-news-300
106,27,The campers were discarding the leftover food.,Active Control,1,0,The campers were,discarding,0.05632198601961136,CWE,word2vec-google-news-300
107,27,The sleek new building was discarding wastefully.,No-Attraction Violation,0,1,The sleek new building was,discarding,0.13085892796516418,CWE,word2vec-google-news-300
108,28,Thirty pounds of potatoes had been peeling by the cooks.,Attraction Violation,1,1,Thirty pounds of potatoes had been,peeling,0.22675326466560364,CWE,word2vec-google-news-300
109,28,Thirty pounds of potatoes had been peeled carefully.,Passive Control,1,1,Thirty pounds of potatoes had been,peeled,0.26926282048225403,CWE,word2vec-google-news-300
110,28,The bored looking cooks had been peeling potatoes for hours.,Active Control,1,0,The bored looking cooks had been,peeling,0.29594308137893677,CWE,word2vec-google-news-300
111,28,The club's rules had been peeling the sticker off the box.,No-Attraction Violation,0,1,The club's rules had been,peeling,0.04933597519993782,CWE,word2vec-google-news-300
112,29,The grimy pots and pans had been scrubbing the dishwashers.,Attraction Violation,1,1,The grimy pots and pans had been,scrubbing,0.33835694193840027,CWE,word2vec-google-news-300
113,29,The grimy pots and pans had been scrubbed by the dishwashers.,Passive Control,1,1,The grimy pots and pans had been,scrubbed,0.29965898394584656,CWE,word2vec-google-news-300
114,29,The guys in the kitchen had been scrubbing the pots and pans.,Active Control,1,0,The guys in the kitchen had been,scrubbing,0.22250771522521973,CWE,word2vec-google-news-300
115,29,The stolen artwork had been scrubbing with vigor.,No-Attraction Violation,0,1,The stolen artwork had been,scrubbing,0.08162990212440491,CWE,word2vec-google-news-300
116,30,The roast lamb had been carving by a servant.,Attraction Violation,1,1,The roast lamb had been,carving,0.21422739326953888,CWE,word2vec-google-news-300
117,30,The roast lamb had been carved by a servant.,Passive Control,1,1,The roast lamb had been,carved,0.11080542206764221,CWE,word2vec-google-news-300
118,30,The butcher had been carving the meat.,Active Control,1,0,The butcher had been,carving,0.32455766201019287,CWE,word2vec-google-news-300
119,30,Janet's houseplants were carving before dinner.,No-Attraction Violation,0,1,Janet's houseplants were,carving,-0.010790537111461163,CWE,word2vec-google-news-300
120,31,Cleopatra's beauty was admiring many people.,Attraction Violation,1,1,Cleopatra's beauty was,admiring,0.3010311424732208,CWE,word2vec-google-news-300
121,31,Cleopatra's beauty was admired always.,Passive Control,1,1,Cleopatra's beauty was,admired,0.2238709181547165,CWE,word2vec-google-news-300
122,31,The men were admiring the beautiful woman from a distance.,Active Control,1,0,The men were,admiring,0.10482059419155121,CWE,word2vec-google-news-300
123,31,An illegal weapon had been admiring always.,No-Attraction Violation,0,1,An illegal weapon had been,admiring,-0.007098283153027296,CWE,word2vec-google-news-300
124,32,A wet snowball had been tossing by the girls through the window.,Attraction Violation,1,1,A wet snowball had been,tossing,0.2733399271965027,CWE,word2vec-google-news-300
125,32,A wet snowball had been tossed in anger.,Passive Control,1,1,A wet snowball had been,tossed,0.21910125017166138,CWE,word2vec-google-news-300
126,32,The baseball players had been tossing the ball around the infield.,Active Control,1,0,The baseball players had been,tossing,0.19013294577598572,CWE,word2vec-google-news-300
127,32,Their secret conversation had been tossing a steak on the grill.,No-Attraction Violation,0,1,Their secret conversation had been,tossing,0.08910240978002548,CWE,word2vec-google-news-300
128,33,The sealed envelope was opening the judge.,Attraction Violation,1,1,The sealed envelope was,opening,0.21315984427928925,CWE,word2vec-google-news-300
129,33,The sealed envelope was opened without permission.,Passive Control,1,1,The sealed envelope was,opened,0.29027435183525085,CWE,word2vec-google-news-300
130,33,Tuxedoed waiters were opening bottles of champagne for the toast.,Active Control,1,0,Tuxedoed waiters were,opening,0.09263496100902557,CWE,word2vec-google-news-300
131,33,The men's faces had been opening without permission.,No-Attraction Violation,0,1,The men's faces had been,opening,0.1190783903002739,CWE,word2vec-google-news-300
132,34,The man's beard had been shaving twice a day.,Attraction Violation,1,1,The man's beard had been,shaving,0.2732749283313751,CWE,word2vec-google-news-300
133,34,The man's beard had been shaved twice a day.,Passive Control,1,1,The man's beard had been,shaved,0.3763875663280487,CWE,word2vec-google-news-300
134,34,His uncle Ralph had been shaving his beard off.,Active Control,1,0,His uncle Ralph had been,shaving,0.012247846461832523,CWE,word2vec-google-news-300
135,34,The popular amusement park is shaving twice a day.,No-Attraction Violation,0,1,The popular amusement park is,shaving,0.04669241979718208,CWE,word2vec-google-news-300
136,35,The elevator button had been pressing slowly.,Attraction Violation,1,1,The elevator button had been,pressing,0.2541392743587494,CWE,word2vec-google-news-300
137,35,The elevator button had been pressed by the attendant.,Passive Control,1,1,The elevator button had been,pressed,0.22433902323246002,CWE,word2vec-google-news-300
138,35,The attendant had been pressing the buttons.,Active Control,1,0,The attendant had been,pressing,0.07254699617624283,CWE,word2vec-google-news-300
139,35,The wheat crops had been pressing slowly.,No-Attraction Violation,0,1,The wheat crops had been,pressing,0.08433261513710022,CWE,word2vec-google-news-300
140,36,The winning lottery numbers had been announcing the TV news.,Attraction Violation,1,1,The winning lottery numbers had been,announcing,0.1457100659608841,CWE,word2vec-google-news-300
141,36,The winning lottery numbers had been announced by the TV news.,Passive Control,1,1,The winning lottery numbers had been,announced,0.10064315050840378,CWE,word2vec-google-news-300
142,36,The flight attendant had been announcing the reason for the delay.,Active Control,1,0,The flight attendant had been,announcing,0.014705201610922813,CWE,word2vec-google-news-300
143,36,The tarnished silverware was announcing on the television.,No-Attraction Violation,0,1,The tarnished silverware was,announcing,0.021787280216813087,CWE,word2vec-google-news-300
144,37,The victim's body had been identifying at the morgue.,Attraction Violation,1,1,The victim's body had been,identifying,0.12983660399913788,CWE,word2vec-google-news-300
145,37,The victim's body had been identified by the family members.,Passive Control,1,1,The victim's body had been,identified,0.22820007801055908,CWE,word2vec-google-news-300
146,37,The laboratory technicians had been identifying the chemical.,Active Control,1,0,The laboratory technicians had been,identifying,0.15726839005947113,CWE,word2vec-google-news-300
147,37,The movie was identifying rare fish for the divers.,No-Attraction Violation,0,1,The movie was,identifying,-0.01033034548163414,CWE,word2vec-google-news-300
148,38,The hearty meal was devouring by the kids.,Attraction Violation,1,1,The hearty meal was,devouring,0.2780107855796814,CWE,word2vec-google-news-300
149,38,The hearty meal was devoured with gusto.,Passive Control,1,1,The hearty meal was,devoured,0.314044713973999,CWE,word2vec-google-news-300
150,38,The hungry boys were devouring the plate of cookies when Jack arrived.,Active Control,1,0,The hungry boys were,devouring,0.3125591278076172,CWE,word2vec-google-news-300
151,38,The dusty tabletops were devouring with gusto.,No-Attraction Violation,0,1,The dusty tabletops were,devouring,0.17448323965072632,CWE,word2vec-google-news-300
152,39,The overgrown shrubs were trimming regularly.,Attraction Violation,1,1,The overgrown shrubs were,trimming,0.3335236608982086,CWE,word2vec-google-news-300
153,39,The overgrown shrubs were trimmed by a gardener.,Passive Control,1,1,The overgrown shrubs were,trimmed,0.29551446437835693,CWE,word2vec-google-news-300
154,39,A gardener was trimming the overgrown shrubbery.,Active Control,1,0,A gardener was,trimming,0.19858653843402863,CWE,word2vec-google-news-300
155,39,The alarm clock had been trimming regularly.,No-Attraction Violation,0,1,The alarm clock had been,trimming,0.1011882945895195,CWE,word2vec-google-news-300
156,40,Wilson's unreasonable proposal was rejecting by the boss.,Attraction Violation,1,1,Wilson's unreasonable proposal was,rejecting,0.37119680643081665,CWE,word2vec-google-news-300
157,40,Wilson's unreasonable proposal was rejected at the hospital.,Passive Control,1,1,Wilson's unreasonable proposal was,rejected,0.427414208650589,CWE,word2vec-google-news-300
158,40,The admissions committee was rejecting nearly every application.,Active Control,1,0,The admissions committee was,rejecting,0.1936521828174591,CWE,word2vec-google-news-300
159,40,The rare bird's behavior was rejecting all offers.,No-Attraction Violation,0,1,The rare bird's behavior was,rejecting,0.07890620082616806,CWE,word2vec-google-news-300
160,41,Hathaway's gigantic fortune had been inheriting by his daughters.,Attraction Violation,1,1,Hathaway's gigantic fortune had been,inheriting,0.26468974351882935,CWE,word2vec-google-news-300
161,41,Hathaway's gigantic fortune had been inherited by his daughters.,Passive Control,1,1,Hathaway's gigantic fortune had been,inherited,0.26546570658683777,CWE,word2vec-google-news-300
162,41,Generations of aristocratic Englishmen have been inheriting their fortunes.,Active Control,1,0,Generations of aristocratic Englishmen have been,inheriting,0.28962385654449463,CWE,word2vec-google-news-300
163,41,The strange mystery had been inheriting the estate from her grandmother.,No-Attraction Violation,0,1,The strange mystery had been,inheriting,0.07819733768701553,CWE,word2vec-google-news-300
164,42,All of her money had been spending before the wedding.,Attraction Violation,1,1,All of her money had been,spending,0.3172169625759125,CWE,word2vec-google-news-300
165,42,All of her money had been spent before the wedding.,Passive Control,1,1,All of her money had been,spent,0.233965665102005,CWE,word2vec-google-news-300
166,42,The shopping fanatic had been spending all her money in Bloomingdales.,Active Control,1,0,The shopping fanatic had been,spending,0.22993288934230804,CWE,word2vec-google-news-300
167,42,Patty's overgrown lawn was spending its time on the beach.,No-Attraction Violation,0,1,Patty's overgrown lawn was,spending,0.11654052138328552,CWE,word2vec-google-news-300
168,43,An appointment was scheduling by the secretary.,Attraction Violation,1,1,An appointment was,scheduling,0.25670093297958374,CWE,word2vec-google-news-300
169,43,An appointment was scheduled by the secretary.,Passive Control,1,1,An appointment was,scheduled,0.1527336835861206,CWE,word2vec-google-news-300
170,43,The secretary was scheduling new appointments for the afternoon.,Active Control,1,0,The secretary was,scheduling,0.016942903399467468,CWE,word2vec-google-news-300
171,43,The legal contract had been scheduling for next week.,No-Attraction Violation,0,1,The legal contract had been,scheduling,0.15696117281913757,CWE,word2vec-google-news-300
172,44,The men's faces had been photographing by a security camera.,Attraction Violation,1,1,The men's faces had been,photographing,0.07584979385137558,CWE,word2vec-google-news-300
173,44,The men's faces had been photographed by a security camera.,Passive Control,1,1,The men's faces had been,photographed,0.13519619405269623,CWE,word2vec-google-news-300
174,44,The intrusive reporter had been photographing the celebrities at the party.,Active Control,1,0,The intrusive reporter had been,photographing,0.35887032747268677,CWE,word2vec-google-news-300
175,44,The sealed envelope was photographing at the party.,No-Attraction Violation,0,1,The sealed envelope was,photographing,0.0071020848117768764,CWE,word2vec-google-news-300
176,45,The broken television had been repairing the technician.,Attraction Violation,1,1,The broken television had been,repairing,0.25661367177963257,CWE,word2vec-google-news-300
177,45,The broken television had been repaired by the technician.,Passive Control,1,1,The broken television had been,repaired,0.32675284147262573,CWE,word2vec-google-news-300
178,45,The competent technician had been repairing the television.,Active Control,1,0,The competent technician had been,repairing,0.19986595213413239,CWE,word2vec-google-news-300
179,45,Larry's note had been repairing the computer's hard drive.,No-Attraction Violation,0,1,Larry's note had been,repairing,-0.020461130887269974,CWE,word2vec-google-news-300
180,46,The alarm clock had been unplugging accidentally.,Attraction Violation,1,1,The alarm clock had been,unplugging,0.2363346815109253,CWE,word2vec-google-news-300
181,46,The alarm clock had been unplugged late.,Passive Control,1,1,The alarm clock had been,unplugged,0.2927638292312622,CWE,word2vec-google-news-300
182,46,The frantic woman had been unplugging every electrical device in the house.,Active Control,1,0,The frantic woman had been,unplugging,0.14470729231834412,CWE,word2vec-google-news-300
183,46,The overgrown shrubs were unplugging accidentally.,No-Attraction Violation,0,1,The overgrown shrubs were,unplugging,0.12900525331497192,CWE,word2vec-google-news-300
184,47,The car door had been unlocking late at night.,Attraction Violation,1,1,The car door had been,unlocking,0.2092597931623459,CWE,word2vec-google-news-300
185,47,The car door had been unlocked by the child.,Passive Control,1,1,The car door had been,unlocked,0.40846630930900574,CWE,word2vec-google-news-300
186,47,The babysitter had been unlocking the back door.,Active Control,1,0,The babysitter had been,unlocking,0.03894879296422005,CWE,word2vec-google-news-300
187,47,The Queen's 80th birthday was unlocking late at night.,No-Attraction Violation,0,1,The Queen's 80th birthday was,unlocking,-0.024952203035354614,CWE,word2vec-google-news-300
188,48,The portrait of Napoleon had been painting by a Dutch artist.,Attraction Violation,1,1,The portrait of Napoleon had been,painting,0.6042192578315735,CWE,word2vec-google-news-300
189,48,The portrait of Napoleon had been painted by a Dutch artist.,Passive Control,1,1,The portrait of Napoleon had been,painted,0.4546452760696411,CWE,word2vec-google-news-300
190,48,The French Impressionist artists had been painting with a focus on light and color.,Active Control,1,0,The French Impressionist artists had been,painting,0.3070741295814514,CWE,word2vec-google-news-300
191,48,A new medication had been painting on Tuesday.,No-Attraction Violation,0,1,A new medication had been,painting,0.08039160817861557,CWE,word2vec-google-news-300
192,49,The embarrassing allegations had been denying by the mayor.,Attraction Violation,1,1,The embarrassing allegations had been,denying,0.2795567214488983,CWE,word2vec-google-news-300
193,49,The embarrassing allegations had been denied by the mayor.,Passive Control,1,1,The embarrassing allegations had been,denied,0.2958168685436249,CWE,word2vec-google-news-300
194,49,The embarassed mayor had been denying allegations of corruption.,Active Control,1,0,The embarassed mayor had been,denying,0.12363020330667496,CWE,word2vec-google-news-300
195,49,Tamara's birthday gift had been denying the rumor.,No-Attraction Violation,0,1,Tamara's birthday gift had been,denying,0.06789348274469376,CWE,word2vec-google-news-300
196,50,The noises in the attic had been hearing nightly.,Attraction Violation,1,1,The noises in the attic had been,hearing,0.16128969192504883,CWE,word2vec-google-news-300
197,50,The noises in the attic had been heard by the boys.,Passive Control,1,1,The noises in the attic had been,heard,0.34418177604675293,CWE,word2vec-google-news-300
198,50,The frightened campers had been hearing noises in the woods.,Active Control,1,0,The frightened campers had been,hearing,0.17085571587085724,CWE,word2vec-google-news-300
199,50,A package had been hearing nightly.,No-Attraction Violation,0,1,A package had been,hearing,-0.010744892060756683,CWE,word2vec-google-news-300
200,51,The appetizers had been serving before the meal.,Attraction Violation,1,1,The appetizers had been,serving,0.16579490900039673,CWE,word2vec-google-news-300
201,51,The appetizers had been served before the meal.,Passive Control,1,1,The appetizers had been,served,0.1917387992143631,CWE,word2vec-google-news-300
202,51,The waiters had been serving the meal.,Active Control,1,0,The waiters had been,serving,0.14435797929763794,CWE,word2vec-google-news-300
203,51,The final exams had been serving before the meal.,No-Attraction Violation,0,1,The final exams had been,serving,-0.007611440494656563,CWE,word2vec-google-news-300
204,52,Billy's unruly hair was combing his mother to one side.,Attraction Violation,1,1,Billy's unruly hair was,combing,0.16607077419757843,CWE,word2vec-google-news-300
205,52,Billy's unruly hair was combed by his mother to one side.,Passive Control,1,1,Billy's unruly hair was,combed,0.2076374739408493,CWE,word2vec-google-news-300
206,52,The patient barber was combing the boy's hair to one side.,Active Control,1,0,The patient barber was,combing,0.057053256779909134,CWE,word2vec-google-news-300
207,52,The girl's disease was combing the area for escaped prisoners.,No-Attraction Violation,0,1,The girl's disease was,combing,0.10231512784957886,CWE,word2vec-google-news-300
208,53,A drawing of the house had been sketching again.,Attraction Violation,1,1,A drawing of the house had been,sketching,0.3907816410064697,CWE,word2vec-google-news-300
209,53,A drawing of the house had been sketched again.,Passive Control,1,1,A drawing of the house had been,sketched,0.3063690960407257,CWE,word2vec-google-news-300
210,53,An artist in the studio had been sketching the house.,Active Control,1,0,An artist in the studio had been,sketching,0.37653887271881104,CWE,word2vec-google-news-300
211,53,The cheap products had been sketching again.,No-Attraction Violation,0,1,The cheap products had been,sketching,0.019224416464567184,CWE,word2vec-google-news-300
212,54,The simple coffin was burying the villagers.,Attraction Violation,1,1,The simple coffin was,burying,0.2552855312824249,CWE,word2vec-google-news-300
213,54,The simple coffin was buried at the church.,Passive Control,1,1,The simple coffin was,buried,0.3125048279762268,CWE,word2vec-google-news-300
214,54,The tribal people were burying their dead.,Active Control,1,0,The tribal people were,burying,0.07611498236656189,CWE,word2vec-google-news-300
215,54,The vocabulary list was burying at the church.,No-Attraction Violation,0,1,The vocabulary list was,burying,0.01678341068327427,CWE,word2vec-google-news-300
216,55,The homicide case had been investigating diligently.,Attraction Violation,1,1,The homicide case had been,investigating,0.30059918761253357,CWE,word2vec-google-news-300
217,55,The homicide case had been investigated by the FBI.,Passive Control,1,1,The homicide case had been,investigated,0.3050926625728607,CWE,word2vec-google-news-300
218,55,The FBI agents had been investigating the homicide case for weeks.,Active Control,1,0,The FBI agents had been,investigating,0.17229953408241272,CWE,word2vec-google-news-300
219,55,Martin's tonsils had been investigating the problem.,No-Attraction Violation,0,1,Martin's tonsils had been,investigating,-0.015332200564444065,CWE,word2vec-google-news-300
220,56,Mark's wrinkly shirts were ironing by his mother.,Attraction Violation,1,1,Mark's wrinkly shirts were,ironing,0.30286794900894165,CWE,word2vec-google-news-300
221,56,Mark's wrinkly shirts were ironed by his mother.,Passive Control,1,1,Mark's wrinkly shirts were,ironed,0.24778911471366882,CWE,word2vec-google-news-300
222,56,Mark's doting mother was ironing his shirts while he slept.,Active Control,1,0,Mark's doting mother was,ironing,0.18531513214111328,CWE,word2vec-google-news-300
223,56,The firewood had been ironing her dress.,No-Attraction Violation,0,1,The firewood had been,ironing,0.10451693087816238,CWE,word2vec-google-news-300
224,57,An important lesson had been learning in space.,Attraction Violation,1,1,An important lesson had been,learning,0.3949940800666809,CWE,word2vec-google-news-300
225,57,An important lesson had been learned in space.,Passive Control,1,1,An important lesson had been,learned,0.39831990003585815,CWE,word2vec-google-news-300
226,57,The children had been learning Spanish.,Active Control,1,0,The children had been,learning,0.2904859781265259,CWE,word2vec-google-news-300
227,57,The bathroom floor had been learning in space.,No-Attraction Violation,0,1,The bathroom floor had been,learning,0.11121262609958649,CWE,word2vec-google-news-300
228,58,The height of the bookcase was measuring by a carpenter.,Attraction Violation,1,1,The height of the bookcase was,measuring,0.20695900917053223,CWE,word2vec-google-news-300
229,58,The height of the bookcase was measured incorrectly.,Passive Control,1,1,The height of the bookcase was,measured,0.10477407276630402,CWE,word2vec-google-news-300
230,58,The carpenter was measuring the height of the bookcase.,Active Control,1,0,The carpenter was,measuring,0.06626986712217331,CWE,word2vec-google-news-300
231,58,An urgent message had been measuring her heart rate.,No-Attraction Violation,0,1,An urgent message had been,measuring,-0.003664027201011777,CWE,word2vec-google-news-300
232,59,Several important topics were discussing despite the weather.,Attraction Violation,1,1,Several important topics were,discussing,0.3554300367832184,CWE,word2vec-google-news-300
233,59,Several important topics were discussed by the board of trustees.,Passive Control,1,1,Several important topics were,discussed,0.4215641915798187,CWE,word2vec-google-news-300
234,59,The board members were discussing several important topics.,Active Control,1,0,The board members were,discussing,0.1875797063112259,CWE,word2vec-google-news-300
235,59,"The fresh, warm bread was discussing despite the weather.",No-Attraction Violation,0,1,"The fresh, warm bread was",discussing,0.040647413581609726,CWE,word2vec-google-news-300
236,60,The dusty tabletops were wiping thoroughly.,Attraction Violation,1,1,The dusty tabletops were,wiping,0.18009552359580994,CWE,word2vec-google-news-300
237,60,The dusty tabletops were wiped thoroughly.,Passive Control,1,1,The dusty tabletops were,wiped,0.12586750090122223,CWE,word2vec-google-news-300
238,60,The tired busboy was wiping for hours.,Active Control,1,0,The tired busboy was,wiping,0.08159174025058746,CWE,word2vec-google-news-300
239,60,The hearty meal was wiping thoroughly.,No-Attraction Violation,0,1,The hearty meal was,wiping,0.06420968472957611,CWE,word2vec-google-news-300
240,61,A tiny spy camera was concealing by the agent inside a flowerpot.,Attraction Violation,1,1,A tiny spy camera was,concealing,0.2169678509235382,CWE,word2vec-google-news-300
241,61,A tiny spy camera was concealed by the agent inside a flowerpot.,Passive Control,1,1,A tiny spy camera was,concealed,0.2934397757053375,CWE,word2vec-google-news-300
242,61,The sneaky lawyer was concealing the truth.,Active Control,1,0,The sneaky lawyer was,concealing,0.22534386813640594,CWE,word2vec-google-news-300
243,61,A faint light was concealing their identity.,No-Attraction Violation,0,1,A faint light was,concealing,0.11971548944711685,CWE,word2vec-google-news-300
244,62,"The fresh, warm bread was slicing by the baker into halves.",Attraction Violation,1,1,"The fresh, warm bread was",slicing,0.22471044957637787,CWE,word2vec-google-news-300
245,62,"The fresh, warm bread was sliced with love.",Passive Control,1,1,"The fresh, warm bread was",sliced,0.2295992374420166,CWE,word2vec-google-news-300
246,62,The chef's assistants were slicing the mushrooms for a pie.,Active Control,1,0,The chef's assistants were,slicing,0.08267949521541595,CWE,word2vec-google-news-300
247,62,Several important topics were slicing with love.,No-Attraction Violation,0,1,Several important topics were,slicing,0.0522531233727932,CWE,word2vec-google-news-300
248,63,The tarnished silverware was polishing by the butler.,Attraction Violation,1,1,The tarnished silverware was,polishing,0.384445458650589,CWE,word2vec-google-news-300
249,63,The tarnished silverware was polished by the butler.,Passive Control,1,1,The tarnished silverware was,polished,0.2987862229347229,CWE,word2vec-google-news-300
250,63,The thorough butler was polishing the doorknobs.,Active Control,1,0,The thorough butler was,polishing,0.20675116777420044,CWE,word2vec-google-news-300
251,63,The winning lottery numbers had been polishing his shoes.,No-Attraction Violation,0,1,The winning lottery numbers had been,polishing,0.052843667566776276,CWE,word2vec-google-news-300
252,64,Poisonous fumes had been inhaling the firefighters.,Attraction Violation,1,1,Poisonous fumes had been,inhaling,0.5527881383895874,CWE,word2vec-google-news-300
253,64,Poisonous fumes had been inhaled by the firefighters.,Passive Control,1,1,Poisonous fumes had been,inhaled,0.51707524061203,CWE,word2vec-google-news-300
254,64,The firefighters had been inhaling the smoke.,Active Control,1,0,The firefighters had been,inhaling,0.11445877701044083,CWE,word2vec-google-news-300
255,64,The man's signature was inhaling during the fire.,No-Attraction Violation,0,1,The man's signature was,inhaling,0.11895007640123367,CWE,word2vec-google-news-300
256,65,A genetic mutation was discovering the scientists.,Attraction Violation,1,1,A genetic mutation was,discovering,0.11543551832437515,CWE,word2vec-google-news-300
257,65,A genetic mutation was discovered suddenly.,Passive Control,1,1,A genetic mutation was,discovered,0.19368965923786163,CWE,word2vec-google-news-300
258,65,The excited explorers were discovering ancient artifacts everywhere they looked.,Active Control,1,0,The excited explorers were,discovering,0.30730026960372925,CWE,word2vec-google-news-300
259,65,The pizza had been discovering new methods for making dough.,No-Attraction Violation,0,1,The pizza had been,discovering,0.09388978034257889,CWE,word2vec-google-news-300
260,66,The Queen's 80th birthday was celebrating expensively.,Attraction Violation,1,1,The Queen's 80th birthday was,celebrating,0.36716344952583313,CWE,word2vec-google-news-300
261,66,The Queen's 80th birthday was celebrated by thousands of people in the streets.,Passive Control,1,1,The Queen's 80th birthday was,celebrated,0.3632112741470337,CWE,word2vec-google-news-300
262,66,Thousands of excited fans were celebrating the Superbowl victory in the streets.,Active Control,1,0,Thousands of excited fans were,celebrating,0.3209049105644226,CWE,word2vec-google-news-300
263,66,The car door had been celebrating her promotion.,No-Attraction Violation,0,1,The car door had been,celebrating,-0.0018813343485817313,CWE,word2vec-google-news-300
264,67,The diagram on the chalkboard had been erasing Mrs. Larson.,Attraction Violation,1,1,The diagram on the chalkboard had been,erasing,0.09356855601072311,CWE,word2vec-google-news-300
265,67,The diagram on the chalkboard had been erased by Mrs. Larson.,Passive Control,1,1,The diagram on the chalkboard had been,erased,0.10219447314739227,CWE,word2vec-google-news-300
266,67,Mrs. Larson had been erasing the chalkboard.,Active Control,1,0,Mrs. Larson had been,erasing,,CWE,word2vec-google-news-300
267,67,Food for the homeless had been erasing over and over.,No-Attraction Violation,0,1,Food for the homeless had been,erasing,0.02864071913063526,CWE,word2vec-google-news-300
268,68,The movie was directing Steven Spielberg.,Attraction Violation,1,1,The movie was,directing,0.3013449013233185,CWE,word2vec-google-news-300
269,68,The movie was directed professionally.,Passive Control,1,1,The movie was,directed,0.2563362419605255,CWE,word2vec-google-news-300
270,68,Steven Spielberg was directing another blockbuster.,Active Control,1,0,Steven Spielberg was,directing,,CWE,word2vec-google-news-300
271,68,The victim's body had been directing the police.,No-Attraction Violation,0,1,The victim's body had been,directing,0.018423013389110565,CWE,word2vec-google-news-300
272,69,Theresa's birthday gift had been wrapping yesterday.,Attraction Violation,1,1,Theresa's birthday gift had been,wrapping,0.2086348980665207,CWE,word2vec-google-news-300
273,69,Theresa's birthday gift had been wrapped yesterday.,Passive Control,1,1,Theresa's birthday gift had been,wrapped,0.2018084079027176,CWE,word2vec-google-news-300
274,69,Theresa's loving grandmother had been wrapping the presents.,Active Control,1,0,Theresa's loving grandmother had been,wrapping,0.1621752232313156,CWE,word2vec-google-news-300
275,69,The embarrassing allegations had been wrapping yesterday.,No-Attraction Violation,0,1,The embarrassing allegations had been,wrapping,0.0872974693775177,CWE,word2vec-google-news-300
276,70,The popular amusement park is visiting by millions of tourists eh year.,Attraction Violation,1,1,The popular amusement park is,visiting,0.1937313973903656,CWE,word2vec-google-news-300
277,70,The popular amusement park is visited daily.,Passive Control,1,1,The popular amusement park is,visited,0.16880792379379272,CWE,word2vec-google-news-300
278,70,The tourists had been visiting the amusement park in the morning.,Active Control,1,0,The tourists had been,visiting,0.29424259066581726,CWE,word2vec-google-news-300
279,70,The man's beard had been visiting a friend in the hospital.,No-Attraction Violation,0,1,The man's beard had been,visiting,0.04063300043344498,CWE,word2vec-google-news-300
280,71,Ten new trees had been planting on dry land.,Attraction Violation,1,1,Ten new trees had been,planting,0.4154247045516968,CWE,word2vec-google-news-300
281,71,Ten new trees had been planted by the Forestry Service.,Passive Control,1,1,Ten new trees had been,planted,0.37155482172966003,CWE,word2vec-google-news-300
282,71,The forestry workers had been planting cedar saplings on the hillside.,Active Control,1,0,The forestry workers had been,planting,0.2201201468706131,CWE,word2vec-google-news-300
283,71,The sin had been planting doubt in her mind.,No-Attraction Violation,0,1,The sin had been,planting,0.05101920664310455,CWE,word2vec-google-news-300
284,72,Food for the homeless had been donating neighborhood residents.,Attraction Violation,1,1,Food for the homeless had been,donating,0.21273794770240784,CWE,word2vec-google-news-300
285,72,Food for the homeless had been donated many times.,Passive Control,1,1,Food for the homeless had been,donated,0.2205735146999359,CWE,word2vec-google-news-300
286,72,The wealthy American philanthropist had been donating money to Romanian orphanages.,Active Control,1,0,The wealthy American philanthropist had been,donating,0.25250542163848877,CWE,word2vec-google-news-300
287,72,The diagram on the chalkboard had been donating blood.,No-Attraction Violation,0,1,The diagram on the chalkboard had been,donating,-0.07939653843641281,CWE,word2vec-google-news-300
288,73,The rare bird's behavior was observing by the biologists.,Attraction Violation,1,1,The rare bird's behavior was,observing,0.2718660831451416,CWE,word2vec-google-news-300
289,73,The rare bird's behavior was observed by the biologists.,Passive Control,1,1,The rare bird's behavior was,observed,0.2188662439584732,CWE,word2vec-google-news-300
290,73,The excited bird watchers were observing the rare eagle.,Active Control,1,0,The excited bird watchers were,observing,0.27463260293006897,CWE,word2vec-google-news-300
291,73,Wilson's unreasonable proposal was observing the stars.,No-Attraction Violation,0,1,Wilson's unreasonable proposal was,observing,0.04454699531197548,CWE,word2vec-google-news-300
292,74,Stormy weather had been forecasting by the weatherman.,Attraction Violation,1,1,Stormy weather had been,forecasting,0.32012808322906494,CWE,word2vec-google-news-300
293,74,Stormy weather had been forecasted by the weatherman.,Passive Control,1,1,Stormy weather had been,forecasted,0.31169769167900085,CWE,word2vec-google-news-300
294,74,The weather service had been forecasting snow for the mountain areas.,Active Control,1,0,The weather service had been,forecasting,0.3019217848777771,CWE,word2vec-google-news-300
295,74,Olson's bulging suitcase had been forecasting correctly.,No-Attraction Violation,0,1,Olson's bulging suitcase had been,forecasting,-0.01772504486143589,CWE,word2vec-google-news-300
296,75,The tragic mistake was regretting by Erika for many years.,Attraction Violation,1,1,The tragic mistake was,regretting,0.37183550000190735,CWE,word2vec-google-news-300
297,75,The tragic mistake was regretted years later.,Passive Control,1,1,The tragic mistake was,regretted,0.398318350315094,CWE,word2vec-google-news-300
298,75,Erika was regretting the mistake.,Active Control,1,0,Erika was,regretting,,CWE,word2vec-google-news-300
299,75,The library books had been regretting their behavior.,No-Attraction Violation,0,1,The library books had been,regretting,0.05400161072611809,CWE,word2vec-google-news-300
300,76,The stolen artwork had been seizing without warning.,Attraction Violation,1,1,The stolen artwork had been,seizing,0.24949970841407776,CWE,word2vec-google-news-300
301,76,The stolen artwork had been seized by the border police.,Passive Control,1,1,The stolen artwork had been,seized,0.4091688096523285,CWE,word2vec-google-news-300
302,76,The police had been seizing shipments of drugs at the border.,Active Control,1,0,The police had been,seizing,0.15757569670677185,CWE,word2vec-google-news-300
303,76,The grimy pots and pans had been seizing without warning.,No-Attraction Violation,0,1,The grimy pots and pans had been,seizing,0.04584121331572533,CWE,word2vec-google-news-300
304,77,The value of the jewels was estimating the dealer.,Attraction Violation,1,1,The value of the jewels was,estimating,0.12604795396327972,CWE,word2vec-google-news-300
305,77,The value of the jewels was estimated by the dealer.,Passive Control,1,1,The value of the jewels was,estimated,0.1885041445493698,CWE,word2vec-google-news-300
306,77,The jewel expert was estimating the value of the diamond.,Active Control,1,0,The jewel expert was,estimating,0.1333743929862976,CWE,word2vec-google-news-300
307,77,The useful new gadget had been estimating professionally.,No-Attraction Violation,0,1,The useful new gadget had been,estimating,0.10782435536384583,CWE,word2vec-google-news-300
308,78,Larry's note had been scribbling his wife.,Attraction Violation,1,1,Larry's note had been,scribbling,0.19328492879867554,CWE,word2vec-google-news-300
309,78,Larry's note had been scribbled with haste.,Passive Control,1,1,Larry's note had been,scribbled,0.24129876494407654,CWE,word2vec-google-news-300
310,78,Larry's wife had been scribbling a note to him about dinner plans.,Active Control,1,0,Larry's wife had been,scribbling,0.06188180297613144,CWE,word2vec-google-news-300
311,78,The broken television had been scribbling his thoughts on a napkin.,No-Attraction Violation,0,1,The broken television had been,scribbling,0.13238535821437836,CWE,word2vec-google-news-300
312,79,Carrie's morning meeting was canceling as expected.,Attraction Violation,1,1,Carrie's morning meeting was,canceling,0.1648361086845398,CWE,word2vec-google-news-300
313,79,Carrie's morning meeting was canceled by the boss.,Passive Control,1,1,Carrie's morning meeting was,canceled,0.23076429963111877,CWE,word2vec-google-news-300
314,79,Carrie had been canceling all of her meetings.,Active Control,1,0,Carrie had been,canceling,,CWE,word2vec-google-news-300
315,79,The bubblegum had been canceling as expected.,No-Attraction Violation,0,1,The bubblegum had been,canceling,-0.00766482250764966,CWE,word2vec-google-news-300
316,80,The girl's disease was curing a simple treatment.,Attraction Violation,1,1,The girl's disease was,curing,0.20272041857242584,CWE,word2vec-google-news-300
317,80,The girl's disease was cured by a simple treatment.,Passive Control,1,1,The girl's disease was,cured,0.2717883884906769,CWE,word2vec-google-news-300
318,80,The foreign doctors were curing hundreds of villagers of malaria.,Active Control,1,0,The foreign doctors were,curing,0.04241609945893288,CWE,word2vec-google-news-300
319,80,Billy's unruly hair was curing his cold.,No-Attraction Violation,0,1,Billy's unruly hair was,curing,0.10760539025068283,CWE,word2vec-google-news-300
320,81,Janet's houseplants were watering too much.,Attraction Violation,1,1,Janet's houseplants were,watering,0.4726187586784363,CWE,word2vec-google-news-300
321,81,Janet's houseplants were watered by her neighbor.,Passive Control,1,1,Janet's houseplants were,watered,0.24173273146152496,CWE,word2vec-google-news-300
322,81,The gardener was watering the plants.,Active Control,1,0,The gardener was,watering,0.4187907576560974,CWE,word2vec-google-news-300
323,81,The roast lamb had been watering too much.,No-Attraction Violation,0,1,The roast lamb had been,watering,0.18967366218566895,CWE,word2vec-google-news-300
324,82,The useful new gadget had been inventing by a bored waiter.,Attraction Violation,1,1,The useful new gadget had been,inventing,0.262403666973114,CWE,word2vec-google-news-300
325,82,The useful new gadget had been invented by a bored waiter.,Passive Control,1,1,The useful new gadget had been,invented,0.2784961462020874,CWE,word2vec-google-news-300
326,82,The resourceful engineers had been inventing tiny new devices.,Active Control,1,0,The resourceful engineers had been,inventing,0.23935116827487946,CWE,word2vec-google-news-300
327,82,The value of the jewels was inventing the digital computer.,No-Attraction Violation,0,1,The value of the jewels was,inventing,0.08310295641422272,CWE,word2vec-google-news-300
328,83,The phone bill had been paying his roommate.,Attraction Violation,1,1,The phone bill had been,paying,0.21705155074596405,CWE,word2vec-google-news-300
329,83,The phone bill had been paid quickly.,Passive Control,1,1,The phone bill had been,paid,0.18885810673236847,CWE,word2vec-google-news-300
330,83,Juan and Perry had been paying too much for their apartment.,Active Control,1,0,Juan and Perry had been,paying,,CWE,word2vec-google-news-300
331,83,"The dark, underwater cave was paying attention to the divers.",No-Attraction Violation,0,1,"The dark, underwater cave was",paying,0.13137517869472504,CWE,word2vec-google-news-300
332,84,The man's signature was forging the lawyers.,Attraction Violation,1,1,The man's signature was,forging,0.2690369486808777,CWE,word2vec-google-news-300
333,84,The man's signature was forged by the lawyers.,Passive Control,1,1,The man's signature was,forged,0.3148430287837982,CWE,word2vec-google-news-300
334,84,The con artists were forging the signatures on checks.,Active Control,1,0,The con artists were,forging,0.18489117920398712,CWE,word2vec-google-news-300
335,84,Poisonous fumes had been forging very well.,No-Attraction Violation,0,1,Poisonous fumes had been,forging,0.03661366179585457,CWE,word2vec-google-news-300
336,85,The bank had been robbing two masked men.,Attraction Violation,1,1,The bank had been,robbing,0.2684268355369568,CWE,word2vec-google-news-300
337,85,The bank had been robbed repeatedly.,Passive Control,1,1,The bank had been,robbed,0.26064708828926086,CWE,word2vec-google-news-300
338,85,The clever burglars had been robbing houses in broad daylight.,Active Control,1,0,The clever burglars had been,robbing,0.3062671422958374,CWE,word2vec-google-news-300
339,85,The musical piece was robbing repeatedly.,No-Attraction Violation,0,1,The musical piece was,robbing,0.033669013530015945,CWE,word2vec-google-news-300
340,86,An urgent message had been sending by the ambassador to the President.,Attraction Violation,1,1,An urgent message had been,sending,0.26516959071159363,CWE,word2vec-google-news-300
341,86,An urgent message had been sent again.,Passive Control,1,1,An urgent message had been,sent,0.2801855802536011,CWE,word2vec-google-news-300
342,86,The Prime Minister had been sending urgent messages to her Ambassador.,Active Control,1,0,The Prime Minister had been,sending,,CWE,word2vec-google-news-300
343,86,The height of the bookcase was sending mixed signals to the carpenter.,No-Attraction Violation,0,1,The height of the bookcase was,sending,-0.019494634121656418,CWE,word2vec-google-news-300
344,87,The sleek new building was designing a team of German architects.,Attraction Violation,1,1,The sleek new building was,designing,0.3967801034450531,CWE,word2vec-google-news-300
345,87,The sleek new building was designed by a team of German architects.,Passive Control,1,1,The sleek new building was,designed,0.3419683277606964,CWE,word2vec-google-news-300
346,87,A team of architects had been designing the new building.,Active Control,1,0,A team of architects had been,designing,0.3076334297657013,CWE,word2vec-google-news-300
347,87,The leftover food was designing with flair.,No-Attraction Violation,0,1,The leftover food was,designing,0.08970984071493149,CWE,word2vec-google-news-300
348,88,The final exams had been grading in school.,Attraction Violation,1,1,The final exams had been,grading,0.28871771693229675,CWE,word2vec-google-news-300
349,88,The final exams had been graded in school.,Passive Control,1,1,The final exams had been,graded,0.2610509693622589,CWE,word2vec-google-news-300
350,88,The professor had been grading the final exams until 4 AM.,Active Control,1,0,The professor had been,grading,0.026536736637353897,CWE,word2vec-google-news-300
351,88,The appetizers had been grading Iverson's students.,No-Attraction Violation,0,1,The appetizers had been,grading,0.05639591068029404,CWE,word2vec-google-news-300
352,89,The final destination had been reaching too late.,Attraction Violation,1,1,The final destination had been,reaching,0.2619887590408325,CWE,word2vec-google-news-300
353,89,The final destination had been reached too late.,Passive Control,1,1,The final destination had been,reached,0.20748268067836761,CWE,word2vec-google-news-300
354,89,The curious child had been reaching for the cup on the table.,Active Control,1,0,The curious child had been,reaching,0.05344829335808754,CWE,word2vec-google-news-300
355,89,Several spelling errors were reaching too late.,No-Attraction Violation,0,1,Several spelling errors were,reaching,0.08250077813863754,CWE,word2vec-google-news-300
356,90,A faint light was perceiving by the rescue workers.,Attraction Violation,1,1,A faint light was,perceiving,0.19426611065864563,CWE,word2vec-google-news-300
357,90,A faint light was perceived underwater.,Passive Control,1,1,A faint light was,perceived,0.09414903819561005,CWE,word2vec-google-news-300
358,90,The worried pilot was perceiving a rattling sound in the jet's engine.,Active Control,1,0,The worried pilot was,perceiving,0.12197469174861908,CWE,word2vec-google-news-300
359,90,A tiny spy camera was perceiving underwater.,No-Attraction Violation,0,1,A tiny spy camera was,perceiving,0.12189961224794388,CWE,word2vec-google-news-300
360,91,The bubblegum had been chewing by the boy.,Attraction Violation,1,1,The bubblegum had been,chewing,0.24858112633228302,CWE,word2vec-google-news-300
361,91,The bubblegum had been chewed by the boy.,Passive Control,1,1,The bubblegum had been,chewed,0.22185590863227844,CWE,word2vec-google-news-300
362,91,The hungry dog had been chewing a bone.,Active Control,1,0,The hungry dog had been,chewing,0.30798614025115967,CWE,word2vec-google-news-300
363,91,Carrie's morning meeting was chewing for a long time.,No-Attraction Violation,0,1,Carrie's morning meeting was,chewing,0.03518965095281601,CWE,word2vec-google-news-300
364,92,Martin's tonsils had been removing at the hospital.,Attraction Violation,1,1,Martin's tonsils had been,removing,0.11513926088809967,CWE,word2vec-google-news-300
365,92,Martin's tonsils had been removed at the hospital.,Passive Control,1,1,Martin's tonsils had been,removed,0.20448052883148193,CWE,word2vec-google-news-300
366,92,The surgeon had been removing the cancerous growth.,Active Control,1,0,The surgeon had been,removing,0.11073733866214752,CWE,word2vec-google-news-300
367,92,The homicide case had been removing at the hospital.,No-Attraction Violation,0,1,The homicide case had been,removing,0.06902233511209488,CWE,word2vec-google-news-300
368,93,Mother Theresa's death was mourning millions of people.,Attraction Violation,1,1,Mother Theresa's death was,mourning,0.3546557128429413,CWE,word2vec-google-news-300
369,93,Mother Theresa's death was mourned by millions of people.,Passive Control,1,1,Mother Theresa's death was,mourned,0.3560435473918915,CWE,word2vec-google-news-300
370,93,The black-clad women were mourning the death of their brother.,Active Control,1,0,The black-clad women were,mourning,0.17754410207271576,CWE,word2vec-google-news-300
371,93,Lisa's phone had been mourning the loss of a loved one.,No-Attraction Violation,0,1,Lisa's phone had been,mourning,0.019490249454975128,CWE,word2vec-google-news-300
372,94,The bathroom floor had been mopping by a janitor.,Attraction Violation,1,1,The bathroom floor had been,mopping,0.24674734473228455,CWE,word2vec-google-news-300
373,94,The bathroom floor had been mopped in the past.,Passive Control,1,1,The bathroom floor had been,mopped,0.20929975807666779,CWE,word2vec-google-news-300
374,94,The school janitor had been mopping the bathroom.,Active Control,1,0,The school janitor had been,mopping,0.162227600812912,CWE,word2vec-google-news-300
375,94,An important lesson had been mopping in the past.,No-Attraction Violation,0,1,An important lesson had been,mopping,0.05459386110305786,CWE,word2vec-google-news-300
376,95,The sin had been confessing by the repentant Catholic.,Attraction Violation,1,1,The sin had been,confessing,0.27611520886421204,CWE,word2vec-google-news-300
377,95,The sin had been confessed on Sunday.,Passive Control,1,1,The sin had been,confessed,0.14506328105926514,CWE,word2vec-google-news-300
378,95,The repentant Catholic had been confessing his sins.,Active Control,1,0,The repentant Catholic had been,confessing,0.3932291567325592,CWE,word2vec-google-news-300
379,95,Ten new trees had been confessing on Sunday.,No-Attraction Violation,0,1,Ten new trees had been,confessing,0.009503637440502644,CWE,word2vec-google-news-300
380,96,The strange mystery had been solving the detectives.,Attraction Violation,1,1,The strange mystery had been,solving,0.21753628551959991,CWE,word2vec-google-news-300
381,96,The strange mystery had been solved at the station.,Passive Control,1,1,The strange mystery had been,solved,0.2622595429420471,CWE,word2vec-google-news-300
382,96,The brilliant detective had been solving mysterious crimes for two decades.,Active Control,1,0,The brilliant detective had been,solving,0.23499439656734467,CWE,word2vec-google-news-300
383,96,Hathaway's gigantic fortune had been solving at the station.,No-Attraction Violation,0,1,Hathaway's gigantic fortune had been,solving,0.07424969971179962,CWE,word2vec-google-news-300
0,1,The murder had been witnessing by the three bystanders,Attraction Violation,1,1,The murder had been,witnessing,0.99428123,BERTWE,FacebookAI/xlm-roberta-large
1,1,The murder had been witnessed in the dark.,Passive Control,1,1,The murder had been,witnessed,0.9914827,BERTWE,FacebookAI/xlm-roberta-large
2,1,The bystanders had been witnessing the crime.,Active Control,1,0,The bystanders had been,witnessing,0.99580467,BERTWE,FacebookAI/xlm-roberta-large
3,1,The unpleasant cough syrup was witnessing in the dark.,No-Attraction Violation,0,1,The unpleasant cough syrup was,witnessing,0.9915677,BERTWE,FacebookAI/xlm-roberta-large
4,2,Patty's overgrown lawn was mowing the boy next door.,Attraction Violation,1,1,Patty's overgrown lawn was,mowing,0.9883924,BERTWE,FacebookAI/xlm-roberta-large
5,2,Patty's overgrown lawn was mowed only last week.,Passive Control,1,1,Patty's overgrown lawn was,mowed,0.98858523,BERTWE,FacebookAI/xlm-roberta-large
6,2,Patty's teenage son was mowing the lawn.,Active Control,1,0,Patty's teenage son was,mowing,0.9895915,BERTWE,FacebookAI/xlm-roberta-large
7,2,All of her money had been mowing the grass.,No-Attraction Violation,0,1,All of her money had been,mowing,0.98810387,BERTWE,FacebookAI/xlm-roberta-large
8,3,Three more martinis were ordering by Laurie's sister.,Attraction Violation,1,1,Three more martinis were,ordering,0.9958582,BERTWE,FacebookAI/xlm-roberta-large
9,3,Three more martinis were ordered repeatedly.,Passive Control,1,1,Three more martinis were,ordered,0.9962681,BERTWE,FacebookAI/xlm-roberta-large
10,3,"The regular customers were ordering quiche, as usual.",Active Control,1,0,The regular customers were,ordering,0.9958372,BERTWE,FacebookAI/xlm-roberta-large
11,3,The rough part of the wood was ordering late.,No-Attraction Violation,0,1,The rough part of the wood was,ordering,0.9941219,BERTWE,FacebookAI/xlm-roberta-large
12,4,The quality of Karla's work was evaluating frequently.,Attraction Violation,1,1,The quality of Karla's work was,evaluating,0.9941614,BERTWE,FacebookAI/xlm-roberta-large
13,4,The quality of Karla's work was evaluated frequently.,Passive Control,1,1,The quality of Karla's work was,evaluated,0.993039,BERTWE,FacebookAI/xlm-roberta-large
14,4,The engineers were evaluating the success of the new device.,Active Control,1,0,The engineers were,evaluating,0.99343204,BERTWE,FacebookAI/xlm-roberta-large
15,4,The old lady's purse had been evaluating Nelson's idea.,No-Attraction Violation,0,1,The old lady's purse had been,evaluating,0.9901075,BERTWE,FacebookAI/xlm-roberta-large
16,5,The legal contract had been signing falsely.,Attraction Violation,1,1,The legal contract had been,signing,0.99435437,BERTWE,FacebookAI/xlm-roberta-large
17,5,The legal contract had been signed by the family.,Passive Control,1,1,The legal contract had been,signed,0.9898247,BERTWE,FacebookAI/xlm-roberta-large
18,5,The state's governor had been signing new legislation.,Active Control,1,0,The state's governor had been,signing,0.99328077,BERTWE,FacebookAI/xlm-roberta-large
19,5,An appointment was signing falsely.,No-Attraction Violation,0,1,An appointment was,signing,0.9952836,BERTWE,FacebookAI/xlm-roberta-large
20,6,The vocabulary list was memorizing well.,Attraction Violation,1,1,The vocabulary list was,memorizing,0.9908906,BERTWE,FacebookAI/xlm-roberta-large
21,6,The vocabulary list was memorized well.,Passive Control,1,1,The vocabulary list was,memorized,0.9914469,BERTWE,FacebookAI/xlm-roberta-large
22,6,The medical students were memorizing sample exam questions all night.,Active Control,1,0,The medical students were,memorizing,0.99245703,BERTWE,FacebookAI/xlm-roberta-large
23,6,The simple coffin was memorizing the lines of the poem.,No-Attraction Violation,0,1,The simple coffin was,memorizing,0.9900596,BERTWE,FacebookAI/xlm-roberta-large
24,7,The firewood had been chopping poorly.,Attraction Violation,1,1,The firewood had been,chopping,0.9920312,BERTWE,FacebookAI/xlm-roberta-large
25,7,The firewood had been chopped by Jen's grandfather.,Passive Control,1,1,The firewood had been,chopped,0.99206656,BERTWE,FacebookAI/xlm-roberta-large
26,7,Jen's grandfather had been chopping the firewood.,Active Control,1,0,Jen's grandfather had been,chopping,0.98964334,BERTWE,FacebookAI/xlm-roberta-large
27,7,Mark's wrinkly shirts were chopping vegetables.,No-Attraction Violation,0,1,Mark's wrinkly shirts were,chopping,0.99310696,BERTWE,FacebookAI/xlm-roberta-large
28,8,Lisa's phone had been disconnecting last month.,Attraction Violation,1,1,Lisa's phone had been,disconnecting,0.9955091,BERTWE,FacebookAI/xlm-roberta-large
29,8,Lisa's phone had been disconnected last month.,Passive Control,1,1,Lisa's phone had been,disconnected,0.99651694,BERTWE,FacebookAI/xlm-roberta-large
30,8,The electrician had been disconnecting the machine's power source.,Active Control,1,0,The electrician had been,disconnecting,0.99533147,BERTWE,FacebookAI/xlm-roberta-large
31,8,Mother Theresa's death was disconnecting the two cables.,No-Attraction Violation,0,1,Mother Theresa's death was,disconnecting,0.99518114,BERTWE,FacebookAI/xlm-roberta-large
32,9,Wendy's muddy car was washing the boys.,Attraction Violation,1,1,Wendy's muddy car was,washing,0.99153864,BERTWE,FacebookAI/xlm-roberta-large
33,9,Wendy's muddy car was washed wearily.,Passive Control,1,1,Wendy's muddy car was,washed,0.99191195,BERTWE,FacebookAI/xlm-roberta-large
34,9,Wendy and Harriet were washing the muddy car.,Active Control,1,0,Wendy and Harriet were,washing,0.9903489,BERTWE,FacebookAI/xlm-roberta-large
35,9,Frank's loan application had been washing the used pencil.,No-Attraction Violation,0,1,Frank's loan application had been,washing,0.9915514,BERTWE,FacebookAI/xlm-roberta-large
36,10,The library books had been borrowing the graduate student.,Attraction Violation,1,1,The library books had been,borrowing,0.9920032,BERTWE,FacebookAI/xlm-roberta-large
37,10,The library books had been borrowed by the graduate student.,Passive Control,1,1,The library books had been,borrowed,0.9918789,BERTWE,FacebookAI/xlm-roberta-large
38,10,Katie and Lara had been borrowing dozens of books about botany from the library.,Active Control,1,0,Katie and Lara had been,borrowing,0.9945495,BERTWE,FacebookAI/xlm-roberta-large
39,10,The tragic mistake was borrowing in a hurry.,No-Attraction Violation,0,1,The tragic mistake was,borrowing,0.9943205,BERTWE,FacebookAI/xlm-roberta-large
40,11,"The dark, underwater cave was exploring by the divers.",Attraction Violation,1,1,"The dark, underwater cave was",exploring,0.98841363,BERTWE,FacebookAI/xlm-roberta-large
41,11,"The dark, underwater cave was explored by the divers.",Passive Control,1,1,"The dark, underwater cave was",explored,0.98934585,BERTWE,FacebookAI/xlm-roberta-large
42,11,The cautious scuba divers were exploring the underwater cave.,Active Control,1,0,The cautious scuba divers were,exploring,0.9884815,BERTWE,FacebookAI/xlm-roberta-large
43,11,The phone bill had been exploring at the zoo.,No-Attraction Violation,0,1,The phone bill had been,exploring,0.9905141,BERTWE,FacebookAI/xlm-roberta-large
44,12,The unpleasant cough syrup was swallowing the boy.,Attraction Violation,1,1,The unpleasant cough syrup was,swallowing,0.99182665,BERTWE,FacebookAI/xlm-roberta-large
45,12,The unpleasant cough syrup was swallowed by the boy.,Passive Control,1,1,The unpleasant cough syrup was,swallowed,0.9922545,BERTWE,FacebookAI/xlm-roberta-large
46,12,The huge adult alligator had been swallowing fish by the bucket.,Active Control,1,0,The huge adult alligator had been,swallowing,0.993163,BERTWE,FacebookAI/xlm-roberta-large
47,12,The murder had been swallowing with disgust.,No-Attraction Violation,0,1,The murder had been,swallowing,0.99417675,BERTWE,FacebookAI/xlm-roberta-large
48,13,The pizza had been delivering once more.,Attraction Violation,1,1,The pizza had been,delivering,0.99367434,BERTWE,FacebookAI/xlm-roberta-large
49,13,The pizza had been delivered by Antonio himself.,Passive Control,1,1,The pizza had been,delivered,0.9954576,BERTWE,FacebookAI/xlm-roberta-large
50,13,The exhausted messenger had been delivering packages all over town.,Active Control,1,0,The exhausted messenger had been,delivering,0.9929012,BERTWE,FacebookAI/xlm-roberta-large
51,13,A genetic mutation was delivering once more.,No-Attraction Violation,0,1,A genetic mutation was,delivering,0.99420536,BERTWE,FacebookAI/xlm-roberta-large
52,14,Frank's loan application had been approving by the bank.,Attraction Violation,1,1,Frank's loan application had been,approving,0.99010104,BERTWE,FacebookAI/xlm-roberta-large
53,14,Frank's loan application had been approved anyways.,Passive Control,1,1,Frank's loan application had been,approved,0.98919874,BERTWE,FacebookAI/xlm-roberta-large
54,14,The board of directors had been approving too many expensive projects.,Active Control,1,0,The board of directors had been,approving,0.9860559,BERTWE,FacebookAI/xlm-roberta-large
55,14,Wendy's muddy car was approving the boy's request.,No-Attraction Violation,0,1,Wendy's muddy car was,approving,0.98967123,BERTWE,FacebookAI/xlm-roberta-large
56,15,The cheap products had been manufacturing a Belgian firm.,Attraction Violation,1,1,The cheap products had been,manufacturing,0.9921845,BERTWE,FacebookAI/xlm-roberta-large
57,15,The cheap products had been manufactured by a Belgian firm.,Passive Control,1,1,The cheap products had been,manufactured,0.9953049,BERTWE,FacebookAI/xlm-roberta-large
58,15,The auto company had been manufacturing parts in China.,Active Control,1,0,The auto company had been,manufacturing,0.9927378,BERTWE,FacebookAI/xlm-roberta-large
59,15,A drawing of the house had been manufacturing at a factory.,No-Attraction Violation,0,1,A drawing of the house had been,manufacturing,0.98733306,BERTWE,FacebookAI/xlm-roberta-large
60,16,Their secret conversation had been overhearing by a surprised neighbor.,Attraction Violation,1,1,Their secret conversation had been,overhearing,0.9938165,BERTWE,FacebookAI/xlm-roberta-large
61,16,Their secret conversation had been overheard by a surprised neighbor.,Passive Control,1,1,Their secret conversation had been,overheard,0.99186355,BERTWE,FacebookAI/xlm-roberta-large
62,16,The annoyed resident had been overhearing his neighbor's phone conversations through the wall.,Active Control,1,0,The annoyed resident had been,overhearing,0.9919183,BERTWE,FacebookAI/xlm-roberta-large
63,16,A wet snowball had been overhearing despite the precautions.,No-Attraction Violation,0,1,A wet snowball had been,overhearing,0.99509037,BERTWE,FacebookAI/xlm-roberta-large
64,17,The rough part of the wood was sanding to perfection.,Attraction Violation,1,1,The rough part of the wood was,sanding,0.99258965,BERTWE,FacebookAI/xlm-roberta-large
65,17,The rough part of the wood was sanded by the carpenter.,Passive Control,1,1,The rough part of the wood was,sanded,0.9901455,BERTWE,FacebookAI/xlm-roberta-large
66,17,The skillful carpenter was sanding the rough edge of the wood.,Active Control,1,0,The skillful carpenter was,sanding,0.99199986,BERTWE,FacebookAI/xlm-roberta-large
67,17,Three more martinis were sanding the chair.,No-Attraction Violation,0,1,Three more martinis were,sanding,0.9938989,BERTWE,FacebookAI/xlm-roberta-large
68,18,A package had been receiving by the secretary in the office.,Attraction Violation,1,1,A package had been,receiving,0.99079144,BERTWE,FacebookAI/xlm-roberta-large
69,18,A package had been received by the secretary in the office.,Passive Control,1,1,A package had been,received,0.9911878,BERTWE,FacebookAI/xlm-roberta-large
70,18,The secretary had been receiving flowers all day.,Active Control,1,0,The secretary had been,receiving,0.98846745,BERTWE,FacebookAI/xlm-roberta-large
71,18,The noises in the attic had been receiving assistance from the government.,No-Attraction Violation,0,1,The noises in the attic had been,receiving,0.9895174,BERTWE,FacebookAI/xlm-roberta-large
72,19,The club's rules had been violating Richard.,Attraction Violation,1,1,The club's rules had been,violating,0.9867047,BERTWE,FacebookAI/xlm-roberta-large
73,19,The club's rules had been violated only twice.,Passive Control,1,1,The club's rules had been,violated,0.9885192,BERTWE,FacebookAI/xlm-roberta-large
74,19,The rebel had been violating the rules.,Active Control,1,0,The rebel had been,violating,0.99324936,BERTWE,FacebookAI/xlm-roberta-large
75,19,Thirty pounds of potatoes had been violating only twice.,No-Attraction Violation,0,1,Thirty pounds of potatoes had been,violating,0.9885039,BERTWE,FacebookAI/xlm-roberta-large
76,20,A new medication had been prescribing the physician.,Attraction Violation,1,1,A new medication had been,prescribing,0.9935009,BERTWE,FacebookAI/xlm-roberta-large
77,20,A new medication had been prescribed by the physician.,Passive Control,1,1,A new medication had been,prescribed,0.99381393,BERTWE,FacebookAI/xlm-roberta-large
78,20,The new doctor had been prescribing powerful painkillers for Jelena's sore knee.,Active Control,1,0,The new doctor had been,prescribing,0.9932575,BERTWE,FacebookAI/xlm-roberta-large
79,20,The portrait of Napoleon had been prescribing with caution.,No-Attraction Violation,0,1,The portrait of Napoleon had been,prescribing,0.9925585,BERTWE,FacebookAI/xlm-roberta-large
80,21,The wheat crops had been harvesting by the local farmers.,Attraction Violation,1,1,The wheat crops had been,harvesting,0.99356306,BERTWE,FacebookAI/xlm-roberta-large
81,21,The wheat crops had been harvested after the rain.,Passive Control,1,1,The wheat crops had been,harvested,0.99235636,BERTWE,FacebookAI/xlm-roberta-large
82,21,The local farmers had been harvesting the corn all week.,Active Control,1,0,The local farmers had been,harvesting,0.9939684,BERTWE,FacebookAI/xlm-roberta-large
83,21,The elevator button had been harvesting after the rain.,No-Attraction Violation,0,1,The elevator button had been,harvesting,0.9937015,BERTWE,FacebookAI/xlm-roberta-large
84,22,The musical piece was composing by Beethoven in 1799.,Attraction Violation,1,1,The musical piece was,composing,0.9945226,BERTWE,FacebookAI/xlm-roberta-large
85,22,The musical piece was composed in a dream.,Passive Control,1,1,The musical piece was,composed,0.99569225,BERTWE,FacebookAI/xlm-roberta-large
86,22,Ludwig von Beethoven was composing symphonies as a teenager.,Active Control,1,0,Ludwig von Beethoven was,composing,0.992475,BERTWE,FacebookAI/xlm-roberta-large
87,22,The bank had been composing in a dream.,No-Attraction Violation,0,1,The bank had been,composing,0.9941276,BERTWE,FacebookAI/xlm-roberta-large
88,23,The old lady's purse had been snatching a kid.,Attraction Violation,1,1,The old lady's purse had been,snatching,0.9924169,BERTWE,FacebookAI/xlm-roberta-large
89,23,The old lady's purse had been snatched with speed.,Passive Control,1,1,The old lady's purse had been,snatched,0.9921932,BERTWE,FacebookAI/xlm-roberta-large
90,23,The clever dog had been snatching cookies from the table.,Active Control,1,0,The clever dog had been,snatching,0.9944169,BERTWE,FacebookAI/xlm-roberta-large
91,23,The quality of Karla's work was snatching victory from the jaws of defeat.,No-Attraction Violation,0,1,The quality of Karla's work was,snatching,0.99504226,BERTWE,FacebookAI/xlm-roberta-large
92,24,Olson's bulging suitcase had been packing his assistant.,Attraction Violation,1,1,Olson's bulging suitcase had been,packing,0.9956323,BERTWE,FacebookAI/xlm-roberta-large
93,24,Olson's bulging suitcase had been packed for the trip.,Passive Control,1,1,Olson's bulging suitcase had been,packed,0.99577063,BERTWE,FacebookAI/xlm-roberta-large
94,24,The excited vacationers had been packing their suitcases when the hurricane hit.,Active Control,1,0,The excited vacationers had been,packing,0.99504817,BERTWE,FacebookAI/xlm-roberta-large
95,24,Stormy weather had been packing for the trip.,No-Attraction Violation,0,1,Stormy weather had been,packing,0.9952639,BERTWE,FacebookAI/xlm-roberta-large
96,25,Several spelling errors were noticing the careful editor.,Attraction Violation,1,1,Several spelling errors were,noticing,0.9935048,BERTWE,FacebookAI/xlm-roberta-large
97,25,Several spelling errors were noticed by the careful editor.,Passive Control,1,1,Several spelling errors were,noticed,0.98909616,BERTWE,FacebookAI/xlm-roberta-large
98,25,Brittany's close friends were noticing changes in her personality.,Active Control,1,0,Brittany's close friends were,noticing,0.9939619,BERTWE,FacebookAI/xlm-roberta-large
99,25,The final destination had been noticing too late.,No-Attraction Violation,0,1,The final destination had been,noticing,0.9916095,BERTWE,FacebookAI/xlm-roberta-large
100,26,An illegal weapon had been smuggling only once.,Attraction Violation,1,1,An illegal weapon had been,smuggling,0.9946067,BERTWE,FacebookAI/xlm-roberta-large
101,26,An illegal weapon had been smuggled only once.,Passive Control,1,1,An illegal weapon had been,smuggled,0.9914359,BERTWE,FacebookAI/xlm-roberta-large
102,26,The drug dealer had been smuggling heroin into Canada.,Active Control,1,0,The drug dealer had been,smuggling,0.99429166,BERTWE,FacebookAI/xlm-roberta-large
103,26,Cleopatra's beauty was smuggling only once.,No-Attraction Violation,0,1,Cleopatra's beauty was,smuggling,0.9937614,BERTWE,FacebookAI/xlm-roberta-large
104,27,The leftover food was discarding wastefully.,Attraction Violation,1,1,The leftover food was,discarding,0.99296474,BERTWE,FacebookAI/xlm-roberta-large
105,27,The leftover food was discarded wastefully.,Passive Control,1,1,The leftover food was,discarded,0.9935377,BERTWE,FacebookAI/xlm-roberta-large
106,27,The campers were discarding the leftover food.,Active Control,1,0,The campers were,discarding,0.9924082,BERTWE,FacebookAI/xlm-roberta-large
107,27,The sleek new building was discarding wastefully.,No-Attraction Violation,0,1,The sleek new building was,discarding,0.98706543,BERTWE,FacebookAI/xlm-roberta-large
108,28,Thirty pounds of potatoes had been peeling by the cooks.,Attraction Violation,1,1,Thirty pounds of potatoes had been,peeling,0.9865605,BERTWE,FacebookAI/xlm-roberta-large
109,28,Thirty pounds of potatoes had been peeled carefully.,Passive Control,1,1,Thirty pounds of potatoes had been,peeled,0.9919544,BERTWE,FacebookAI/xlm-roberta-large
110,28,The bored looking cooks had been peeling potatoes for hours.,Active Control,1,0,The bored looking cooks had been,peeling,0.9900686,BERTWE,FacebookAI/xlm-roberta-large
111,28,The club's rules had been peeling the sticker off the box.,No-Attraction Violation,0,1,The club's rules had been,peeling,0.98477185,BERTWE,FacebookAI/xlm-roberta-large
112,29,The grimy pots and pans had been scrubbing the dishwashers.,Attraction Violation,1,1,The grimy pots and pans had been,scrubbing,0.9920163,BERTWE,FacebookAI/xlm-roberta-large
113,29,The grimy pots and pans had been scrubbed by the dishwashers.,Passive Control,1,1,The grimy pots and pans had been,scrubbed,0.99243164,BERTWE,FacebookAI/xlm-roberta-large
114,29,The guys in the kitchen had been scrubbing the pots and pans.,Active Control,1,0,The guys in the kitchen had been,scrubbing,0.9918521,BERTWE,FacebookAI/xlm-roberta-large
115,29,The stolen artwork had been scrubbing with vigor.,No-Attraction Violation,0,1,The stolen artwork had been,scrubbing,0.99468774,BERTWE,FacebookAI/xlm-roberta-large
116,30,The roast lamb had been carving by a servant.,Attraction Violation,1,1,The roast lamb had been,carving,0.98703414,BERTWE,FacebookAI/xlm-roberta-large
117,30,The roast lamb had been carved by a servant.,Passive Control,1,1,The roast lamb had been,carved,0.98705065,BERTWE,FacebookAI/xlm-roberta-large
118,30,The butcher had been carving the meat.,Active Control,1,0,The butcher had been,carving,0.9896255,BERTWE,FacebookAI/xlm-roberta-large
119,30,Janet's houseplants were carving before dinner.,No-Attraction Violation,0,1,Janet's houseplants were,carving,0.99013466,BERTWE,FacebookAI/xlm-roberta-large
120,31,Cleopatra's beauty was admiring many people.,Attraction Violation,1,1,Cleopatra's beauty was,admiring,0.993396,BERTWE,FacebookAI/xlm-roberta-large
121,31,Cleopatra's beauty was admired always.,Passive Control,1,1,Cleopatra's beauty was,admired,0.9916783,BERTWE,FacebookAI/xlm-roberta-large
122,31,The men were admiring the beautiful woman from a distance.,Active Control,1,0,The men were,admiring,0.99564767,BERTWE,FacebookAI/xlm-roberta-large
123,31,An illegal weapon had been admiring always.,No-Attraction Violation,0,1,An illegal weapon had been,admiring,0.99483454,BERTWE,FacebookAI/xlm-roberta-large
124,32,A wet snowball had been tossing by the girls through the window.,Attraction Violation,1,1,A wet snowball had been,tossing,0.9935001,BERTWE,FacebookAI/xlm-roberta-large
125,32,A wet snowball had been tossed in anger.,Passive Control,1,1,A wet snowball had been,tossed,0.9964151,BERTWE,FacebookAI/xlm-roberta-large
126,32,The baseball players had been tossing the ball around the infield.,Active Control,1,0,The baseball players had been,tossing,0.9923969,BERTWE,FacebookAI/xlm-roberta-large
127,32,Their secret conversation had been tossing a steak on the grill.,No-Attraction Violation,0,1,Their secret conversation had been,tossing,0.990486,BERTWE,FacebookAI/xlm-roberta-large
128,33,The sealed envelope was opening the judge.,Attraction Violation,1,1,The sealed envelope was,opening,0.98744684,BERTWE,FacebookAI/xlm-roberta-large
129,33,The sealed envelope was opened without permission.,Passive Control,1,1,The sealed envelope was,opened,0.987367,BERTWE,FacebookAI/xlm-roberta-large
130,33,Tuxedoed waiters were opening bottles of champagne for the toast.,Active Control,1,0,Tuxedoed waiters were,opening,0.9923333,BERTWE,FacebookAI/xlm-roberta-large
131,33,The men's faces had been opening without permission.,No-Attraction Violation,0,1,The men's faces had been,opening,0.9871258,BERTWE,FacebookAI/xlm-roberta-large
132,34,The man's beard had been shaving twice a day.,Attraction Violation,1,1,The man's beard had been,shaving,0.9894565,BERTWE,FacebookAI/xlm-roberta-large
133,34,The man's beard had been shaved twice a day.,Passive Control,1,1,The man's beard had been,shaved,0.9897076,BERTWE,FacebookAI/xlm-roberta-large
134,34,His uncle Ralph had been shaving his beard off.,Active Control,1,0,His uncle Ralph had been,shaving,0.99328,BERTWE,FacebookAI/xlm-roberta-large
135,34,The popular amusement park is shaving twice a day.,No-Attraction Violation,0,1,The popular amusement park is,shaving,0.9868021,BERTWE,FacebookAI/xlm-roberta-large
136,35,The elevator button had been pressing slowly.,Attraction Violation,1,1,The elevator button had been,pressing,0.9937108,BERTWE,FacebookAI/xlm-roberta-large
137,35,The elevator button had been pressed by the attendant.,Passive Control,1,1,The elevator button had been,pressed,0.9904889,BERTWE,FacebookAI/xlm-roberta-large
138,35,The attendant had been pressing the buttons.,Active Control,1,0,The attendant had been,pressing,0.9941844,BERTWE,FacebookAI/xlm-roberta-large
139,35,The wheat crops had been pressing slowly.,No-Attraction Violation,0,1,The wheat crops had been,pressing,0.9927308,BERTWE,FacebookAI/xlm-roberta-large
140,36,The winning lottery numbers had been announcing the TV news.,Attraction Violation,1,1,The winning lottery numbers had been,announcing,0.9916485,BERTWE,FacebookAI/xlm-roberta-large
141,36,The winning lottery numbers had been announced by the TV news.,Passive Control,1,1,The winning lottery numbers had been,announced,0.9901273,BERTWE,FacebookAI/xlm-roberta-large
142,36,The flight attendant had been announcing the reason for the delay.,Active Control,1,0,The flight attendant had been,announcing,0.99178743,BERTWE,FacebookAI/xlm-roberta-large
143,36,The tarnished silverware was announcing on the television.,No-Attraction Violation,0,1,The tarnished silverware was,announcing,0.99161583,BERTWE,FacebookAI/xlm-roberta-large
144,37,The victim's body had been identifying at the morgue.,Attraction Violation,1,1,The victim's body had been,identifying,0.99188,BERTWE,FacebookAI/xlm-roberta-large
145,37,The victim's body had been identified by the family members.,Passive Control,1,1,The victim's body had been,identified,0.9847121,BERTWE,FacebookAI/xlm-roberta-large
146,37,The laboratory technicians had been identifying the chemical.,Active Control,1,0,The laboratory technicians had been,identifying,0.99678504,BERTWE,FacebookAI/xlm-roberta-large
147,37,The movie was identifying rare fish for the divers.,No-Attraction Violation,0,1,The movie was,identifying,0.99629486,BERTWE,FacebookAI/xlm-roberta-large
148,38,The hearty meal was devouring by the kids.,Attraction Violation,1,1,The hearty meal was,devouring,0.9900868,BERTWE,FacebookAI/xlm-roberta-large
149,38,The hearty meal was devoured with gusto.,Passive Control,1,1,The hearty meal was,devoured,0.98988473,BERTWE,FacebookAI/xlm-roberta-large
150,38,The hungry boys were devouring the plate of cookies when Jack arrived.,Active Control,1,0,The hungry boys were,devouring,0.990714,BERTWE,FacebookAI/xlm-roberta-large
151,38,The dusty tabletops were devouring with gusto.,No-Attraction Violation,0,1,The dusty tabletops were,devouring,0.99257237,BERTWE,FacebookAI/xlm-roberta-large
152,39,The overgrown shrubs were trimming regularly.,Attraction Violation,1,1,The overgrown shrubs were,trimming,0.99010587,BERTWE,FacebookAI/xlm-roberta-large
153,39,The overgrown shrubs were trimmed by a gardener.,Passive Control,1,1,The overgrown shrubs were,trimmed,0.9913019,BERTWE,FacebookAI/xlm-roberta-large
154,39,A gardener was trimming the overgrown shrubbery.,Active Control,1,0,A gardener was,trimming,0.9930273,BERTWE,FacebookAI/xlm-roberta-large
155,39,The alarm clock had been trimming regularly.,No-Attraction Violation,0,1,The alarm clock had been,trimming,0.986877,BERTWE,FacebookAI/xlm-roberta-large
156,40,Wilson's unreasonable proposal was rejecting by the boss.,Attraction Violation,1,1,Wilson's unreasonable proposal was,rejecting,0.9917422,BERTWE,FacebookAI/xlm-roberta-large
157,40,Wilson's unreasonable proposal was rejected at the hospital.,Passive Control,1,1,Wilson's unreasonable proposal was,rejected,0.9892621,BERTWE,FacebookAI/xlm-roberta-large
158,40,The admissions committee was rejecting nearly every application.,Active Control,1,0,The admissions committee was,rejecting,0.99520504,BERTWE,FacebookAI/xlm-roberta-large
159,40,The rare bird's behavior was rejecting all offers.,No-Attraction Violation,0,1,The rare bird's behavior was,rejecting,0.9946331,BERTWE,FacebookAI/xlm-roberta-large
160,41,Hathaway's gigantic fortune had been inheriting by his daughters.,Attraction Violation,1,1,Hathaway's gigantic fortune had been,inheriting,0.9931275,BERTWE,FacebookAI/xlm-roberta-large
161,41,Hathaway's gigantic fortune had been inherited by his daughters.,Passive Control,1,1,Hathaway's gigantic fortune had been,inherited,0.99445325,BERTWE,FacebookAI/xlm-roberta-large
162,41,Generations of aristocratic Englishmen have been inheriting their fortunes.,Active Control,1,0,Generations of aristocratic Englishmen have been,inheriting,0.9932099,BERTWE,FacebookAI/xlm-roberta-large
163,41,The strange mystery had been inheriting the estate from her grandmother.,No-Attraction Violation,0,1,The strange mystery had been,inheriting,0.99459684,BERTWE,FacebookAI/xlm-roberta-large
164,42,All of her money had been spending before the wedding.,Attraction Violation,1,1,All of her money had been,spending,0.9882151,BERTWE,FacebookAI/xlm-roberta-large
165,42,All of her money had been spent before the wedding.,Passive Control,1,1,All of her money had been,spent,0.9873091,BERTWE,FacebookAI/xlm-roberta-large
166,42,The shopping fanatic had been spending all her money in Bloomingdales.,Active Control,1,0,The shopping fanatic had been,spending,0.9884127,BERTWE,FacebookAI/xlm-roberta-large
167,42,Patty's overgrown lawn was spending its time on the beach.,No-Attraction Violation,0,1,Patty's overgrown lawn was,spending,0.9875284,BERTWE,FacebookAI/xlm-roberta-large
168,43,An appointment was scheduling by the secretary.,Attraction Violation,1,1,An appointment was,scheduling,0.9934436,BERTWE,FacebookAI/xlm-roberta-large
169,43,An appointment was scheduled by the secretary.,Passive Control,1,1,An appointment was,scheduled,0.9962019,BERTWE,FacebookAI/xlm-roberta-large
170,43,The secretary was scheduling new appointments for the afternoon.,Active Control,1,0,The secretary was,scheduling,0.9918017,BERTWE,FacebookAI/xlm-roberta-large
171,43,The legal contract had been scheduling for next week.,No-Attraction Violation,0,1,The legal contract had been,scheduling,0.99293745,BERTWE,FacebookAI/xlm-roberta-large
172,44,The men's faces had been photographing by a security camera.,Attraction Violation,1,1,The men's faces had been,photographing,0.98878723,BERTWE,FacebookAI/xlm-roberta-large
173,44,The men's faces had been photographed by a security camera.,Passive Control,1,1,The men's faces had been,photographed,0.9894916,BERTWE,FacebookAI/xlm-roberta-large
174,44,The intrusive reporter had been photographing the celebrities at the party.,Active Control,1,0,The intrusive reporter had been,photographing,0.99181366,BERTWE,FacebookAI/xlm-roberta-large
175,44,The sealed envelope was photographing at the party.,No-Attraction Violation,0,1,The sealed envelope was,photographing,0.988964,BERTWE,FacebookAI/xlm-roberta-large
176,45,The broken television had been repairing the technician.,Attraction Violation,1,1,The broken television had been,repairing,0.9936122,BERTWE,FacebookAI/xlm-roberta-large
177,45,The broken television had been repaired by the technician.,Passive Control,1,1,The broken television had been,repaired,0.9948416,BERTWE,FacebookAI/xlm-roberta-large
178,45,The competent technician had been repairing the television.,Active Control,1,0,The competent technician had been,repairing,0.9954837,BERTWE,FacebookAI/xlm-roberta-large
179,45,Larry's note had been repairing the computer's hard drive.,No-Attraction Violation,0,1,Larry's note had been,repairing,0.9936242,BERTWE,FacebookAI/xlm-roberta-large
180,46,The alarm clock had been unplugging accidentally.,Attraction Violation,1,1,The alarm clock had been,unplugging,0.9896545,BERTWE,FacebookAI/xlm-roberta-large
181,46,The alarm clock had been unplugged late.,Passive Control,1,1,The alarm clock had been,unplugged,0.9929061,BERTWE,FacebookAI/xlm-roberta-large
182,46,The frantic woman had been unplugging every electrical device in the house.,Active Control,1,0,The frantic woman had been,unplugging,0.99269336,BERTWE,FacebookAI/xlm-roberta-large
183,46,The overgrown shrubs were unplugging accidentally.,No-Attraction Violation,0,1,The overgrown shrubs were,unplugging,0.9918827,BERTWE,FacebookAI/xlm-roberta-large
184,47,The car door had been unlocking late at night.,Attraction Violation,1,1,The car door had been,unlocking,0.9947957,BERTWE,FacebookAI/xlm-roberta-large
185,47,The car door had been unlocked by the child.,Passive Control,1,1,The car door had been,unlocked,0.99556714,BERTWE,FacebookAI/xlm-roberta-large
186,47,The babysitter had been unlocking the back door.,Active Control,1,0,The babysitter had been,unlocking,0.99381465,BERTWE,FacebookAI/xlm-roberta-large
187,47,The Queen's 80th birthday was unlocking late at night.,No-Attraction Violation,0,1,The Queen's 80th birthday was,unlocking,0.99072176,BERTWE,FacebookAI/xlm-roberta-large
188,48,The portrait of Napoleon had been painting by a Dutch artist.,Attraction Violation,1,1,The portrait of Napoleon had been,painting,0.98866254,BERTWE,FacebookAI/xlm-roberta-large
189,48,The portrait of Napoleon had been painted by a Dutch artist.,Passive Control,1,1,The portrait of Napoleon had been,painted,0.9914336,BERTWE,FacebookAI/xlm-roberta-large
190,48,The French Impressionist artists had been painting with a focus on light and color.,Active Control,1,0,The French Impressionist artists had been,painting,0.98858345,BERTWE,FacebookAI/xlm-roberta-large
191,48,A new medication had been painting on Tuesday.,No-Attraction Violation,0,1,A new medication had been,painting,0.9898493,BERTWE,FacebookAI/xlm-roberta-large
192,49,The embarrassing allegations had been denying by the mayor.,Attraction Violation,1,1,The embarrassing allegations had been,denying,0.98380697,BERTWE,FacebookAI/xlm-roberta-large
193,49,The embarrassing allegations had been denied by the mayor.,Passive Control,1,1,The embarrassing allegations had been,denied,0.99089175,BERTWE,FacebookAI/xlm-roberta-large
194,49,The embarassed mayor had been denying allegations of corruption.,Active Control,1,0,The embarassed mayor had been,denying,0.9869978,BERTWE,FacebookAI/xlm-roberta-large
195,49,Tamara's birthday gift had been denying the rumor.,No-Attraction Violation,0,1,Tamara's birthday gift had been,denying,0.98755777,BERTWE,FacebookAI/xlm-roberta-large
196,50,The noises in the attic had been hearing nightly.,Attraction Violation,1,1,The noises in the attic had been,hearing,0.98814994,BERTWE,FacebookAI/xlm-roberta-large
197,50,The noises in the attic had been heard by the boys.,Passive Control,1,1,The noises in the attic had been,heard,0.98931205,BERTWE,FacebookAI/xlm-roberta-large
198,50,The frightened campers had been hearing noises in the woods.,Active Control,1,0,The frightened campers had been,hearing,0.98783904,BERTWE,FacebookAI/xlm-roberta-large
199,50,A package had been hearing nightly.,No-Attraction Violation,0,1,A package had been,hearing,0.98949295,BERTWE,FacebookAI/xlm-roberta-large
200,51,The appetizers had been serving before the meal.,Attraction Violation,1,1,The appetizers had been,serving,0.99328554,BERTWE,FacebookAI/xlm-roberta-large
201,51,The appetizers had been served before the meal.,Passive Control,1,1,The appetizers had been,served,0.9884417,BERTWE,FacebookAI/xlm-roberta-large
202,51,The waiters had been serving the meal.,Active Control,1,0,The waiters had been,serving,0.9941637,BERTWE,FacebookAI/xlm-roberta-large
203,51,The final exams had been serving before the meal.,No-Attraction Violation,0,1,The final exams had been,serving,0.9927261,BERTWE,FacebookAI/xlm-roberta-large
204,52,Billy's unruly hair was combing his mother to one side.,Attraction Violation,1,1,Billy's unruly hair was,combing,0.99108076,BERTWE,FacebookAI/xlm-roberta-large
205,52,Billy's unruly hair was combed by his mother to one side.,Passive Control,1,1,Billy's unruly hair was,combed,0.99161786,BERTWE,FacebookAI/xlm-roberta-large
206,52,The patient barber was combing the boy's hair to one side.,Active Control,1,0,The patient barber was,combing,0.993575,BERTWE,FacebookAI/xlm-roberta-large
207,52,The girl's disease was combing the area for escaped prisoners.,No-Attraction Violation,0,1,The girl's disease was,combing,0.988231,BERTWE,FacebookAI/xlm-roberta-large
208,53,A drawing of the house had been sketching again.,Attraction Violation,1,1,A drawing of the house had been,sketching,0.987921,BERTWE,FacebookAI/xlm-roberta-large
209,53,A drawing of the house had been sketched again.,Passive Control,1,1,A drawing of the house had been,sketched,0.98713946,BERTWE,FacebookAI/xlm-roberta-large
210,53,An artist in the studio had been sketching the house.,Active Control,1,0,An artist in the studio had been,sketching,0.9897397,BERTWE,FacebookAI/xlm-roberta-large
211,53,The cheap products had been sketching again.,No-Attraction Violation,0,1,The cheap products had been,sketching,0.99184257,BERTWE,FacebookAI/xlm-roberta-large
212,54,The simple coffin was burying the villagers.,Attraction Violation,1,1,The simple coffin was,burying,0.98919547,BERTWE,FacebookAI/xlm-roberta-large
213,54,The simple coffin was buried at the church.,Passive Control,1,1,The simple coffin was,buried,0.9896976,BERTWE,FacebookAI/xlm-roberta-large
214,54,The tribal people were burying their dead.,Active Control,1,0,The tribal people were,burying,0.9915254,BERTWE,FacebookAI/xlm-roberta-large
215,54,The vocabulary list was burying at the church.,No-Attraction Violation,0,1,The vocabulary list was,burying,0.9898743,BERTWE,FacebookAI/xlm-roberta-large
216,55,The homicide case had been investigating diligently.,Attraction Violation,1,1,The homicide case had been,investigating,0.9922499,BERTWE,FacebookAI/xlm-roberta-large
217,55,The homicide case had been investigated by the FBI.,Passive Control,1,1,The homicide case had been,investigated,0.9935087,BERTWE,FacebookAI/xlm-roberta-large
218,55,The FBI agents had been investigating the homicide case for weeks.,Active Control,1,0,The FBI agents had been,investigating,0.99358535,BERTWE,FacebookAI/xlm-roberta-large
219,55,Martin's tonsils had been investigating the problem.,No-Attraction Violation,0,1,Martin's tonsils had been,investigating,0.99538517,BERTWE,FacebookAI/xlm-roberta-large
220,56,Mark's wrinkly shirts were ironing by his mother.,Attraction Violation,1,1,Mark's wrinkly shirts were,ironing,0.9930159,BERTWE,FacebookAI/xlm-roberta-large
221,56,Mark's wrinkly shirts were ironed by his mother.,Passive Control,1,1,Mark's wrinkly shirts were,ironed,0.99611586,BERTWE,FacebookAI/xlm-roberta-large
222,56,Mark's doting mother was ironing his shirts while he slept.,Active Control,1,0,Mark's doting mother was,ironing,0.9909499,BERTWE,FacebookAI/xlm-roberta-large
223,56,The firewood had been ironing her dress.,No-Attraction Violation,0,1,The firewood had been,ironing,0.9920443,BERTWE,FacebookAI/xlm-roberta-large
224,57,An important lesson had been learning in space.,Attraction Violation,1,1,An important lesson had been,learning,0.9888013,BERTWE,FacebookAI/xlm-roberta-large
225,57,An important lesson had been learned in space.,Passive Control,1,1,An important lesson had been,learned,0.98802876,BERTWE,FacebookAI/xlm-roberta-large
226,57,The children had been learning Spanish.,Active Control,1,0,The children had been,learning,0.9901314,BERTWE,FacebookAI/xlm-roberta-large
227,57,The bathroom floor had been learning in space.,No-Attraction Violation,0,1,The bathroom floor had been,learning,0.98881304,BERTWE,FacebookAI/xlm-roberta-large
228,58,The height of the bookcase was measuring by a carpenter.,Attraction Violation,1,1,The height of the bookcase was,measuring,0.99206036,BERTWE,FacebookAI/xlm-roberta-large
229,58,The height of the bookcase was measured incorrectly.,Passive Control,1,1,The height of the bookcase was,measured,0.99374014,BERTWE,FacebookAI/xlm-roberta-large
230,58,The carpenter was measuring the height of the bookcase.,Active Control,1,0,The carpenter was,measuring,0.9918495,BERTWE,FacebookAI/xlm-roberta-large
231,58,An urgent message had been measuring her heart rate.,No-Attraction Violation,0,1,An urgent message had been,measuring,0.993912,BERTWE,FacebookAI/xlm-roberta-large
232,59,Several important topics were discussing despite the weather.,Attraction Violation,1,1,Several important topics were,discussing,0.9939136,BERTWE,FacebookAI/xlm-roberta-large
233,59,Several important topics were discussed by the board of trustees.,Passive Control,1,1,Several important topics were,discussed,0.99427503,BERTWE,FacebookAI/xlm-roberta-large
234,59,The board members were discussing several important topics.,Active Control,1,0,The board members were,discussing,0.990816,BERTWE,FacebookAI/xlm-roberta-large
235,59,"The fresh, warm bread was discussing despite the weather.",No-Attraction Violation,0,1,"The fresh, warm bread was",discussing,0.9893518,BERTWE,FacebookAI/xlm-roberta-large
236,60,The dusty tabletops were wiping thoroughly.,Attraction Violation,1,1,The dusty tabletops were,wiping,0.9916034,BERTWE,FacebookAI/xlm-roberta-large
237,60,The dusty tabletops were wiped thoroughly.,Passive Control,1,1,The dusty tabletops were,wiped,0.99259484,BERTWE,FacebookAI/xlm-roberta-large
238,60,The tired busboy was wiping for hours.,Active Control,1,0,The tired busboy was,wiping,0.9939414,BERTWE,FacebookAI/xlm-roberta-large
239,60,The hearty meal was wiping thoroughly.,No-Attraction Violation,0,1,The hearty meal was,wiping,0.9892073,BERTWE,FacebookAI/xlm-roberta-large
240,61,A tiny spy camera was concealing by the agent inside a flowerpot.,Attraction Violation,1,1,A tiny spy camera was,concealing,0.9970323,BERTWE,FacebookAI/xlm-roberta-large
241,61,A tiny spy camera was concealed by the agent inside a flowerpot.,Passive Control,1,1,A tiny spy camera was,concealed,0.99707866,BERTWE,FacebookAI/xlm-roberta-large
242,61,The sneaky lawyer was concealing the truth.,Active Control,1,0,The sneaky lawyer was,concealing,0.99629164,BERTWE,FacebookAI/xlm-roberta-large
243,61,A faint light was concealing their identity.,No-Attraction Violation,0,1,A faint light was,concealing,0.99336934,BERTWE,FacebookAI/xlm-roberta-large
244,62,"The fresh, warm bread was slicing by the baker into halves.",Attraction Violation,1,1,"The fresh, warm bread was",slicing,0.988837,BERTWE,FacebookAI/xlm-roberta-large
245,62,"The fresh, warm bread was sliced with love.",Passive Control,1,1,"The fresh, warm bread was",sliced,0.9878344,BERTWE,FacebookAI/xlm-roberta-large
246,62,The chef's assistants were slicing the mushrooms for a pie.,Active Control,1,0,The chef's assistants were,slicing,0.99003726,BERTWE,FacebookAI/xlm-roberta-large
247,62,Several important topics were slicing with love.,No-Attraction Violation,0,1,Several important topics were,slicing,0.99276596,BERTWE,FacebookAI/xlm-roberta-large
248,63,The tarnished silverware was polishing by the butler.,Attraction Violation,1,1,The tarnished silverware was,polishing,0.99076426,BERTWE,FacebookAI/xlm-roberta-large
249,63,The tarnished silverware was polished by the butler.,Passive Control,1,1,The tarnished silverware was,polished,0.99211556,BERTWE,FacebookAI/xlm-roberta-large
250,63,The thorough butler was polishing the doorknobs.,Active Control,1,0,The thorough butler was,polishing,0.9930484,BERTWE,FacebookAI/xlm-roberta-large
251,63,The winning lottery numbers had been polishing his shoes.,No-Attraction Violation,0,1,The winning lottery numbers had been,polishing,0.9917355,BERTWE,FacebookAI/xlm-roberta-large
252,64,Poisonous fumes had been inhaling the firefighters.,Attraction Violation,1,1,Poisonous fumes had been,inhaling,0.9954704,BERTWE,FacebookAI/xlm-roberta-large
253,64,Poisonous fumes had been inhaled by the firefighters.,Passive Control,1,1,Poisonous fumes had been,inhaled,0.994727,BERTWE,FacebookAI/xlm-roberta-large
254,64,The firefighters had been inhaling the smoke.,Active Control,1,0,The firefighters had been,inhaling,0.99406797,BERTWE,FacebookAI/xlm-roberta-large
255,64,The man's signature was inhaling during the fire.,No-Attraction Violation,0,1,The man's signature was,inhaling,0.9941405,BERTWE,FacebookAI/xlm-roberta-large
256,65,A genetic mutation was discovering the scientists.,Attraction Violation,1,1,A genetic mutation was,discovering,0.99466556,BERTWE,FacebookAI/xlm-roberta-large
257,65,A genetic mutation was discovered suddenly.,Passive Control,1,1,A genetic mutation was,discovered,0.99226135,BERTWE,FacebookAI/xlm-roberta-large
258,65,The excited explorers were discovering ancient artifacts everywhere they looked.,Active Control,1,0,The excited explorers were,discovering,0.9914421,BERTWE,FacebookAI/xlm-roberta-large
259,65,The pizza had been discovering new methods for making dough.,No-Attraction Violation,0,1,The pizza had been,discovering,0.9935325,BERTWE,FacebookAI/xlm-roberta-large
260,66,The Queen's 80th birthday was celebrating expensively.,Attraction Violation,1,1,The Queen's 80th birthday was,celebrating,0.99076885,BERTWE,FacebookAI/xlm-roberta-large
261,66,The Queen's 80th birthday was celebrated by thousands of people in the streets.,Passive Control,1,1,The Queen's 80th birthday was,celebrated,0.98714924,BERTWE,FacebookAI/xlm-roberta-large
262,66,Thousands of excited fans were celebrating the Superbowl victory in the streets.,Active Control,1,0,Thousands of excited fans were,celebrating,0.9905963,BERTWE,FacebookAI/xlm-roberta-large
263,66,The car door had been celebrating her promotion.,No-Attraction Violation,0,1,The car door had been,celebrating,0.99453515,BERTWE,FacebookAI/xlm-roberta-large
264,67,The diagram on the chalkboard had been erasing Mrs. Larson.,Attraction Violation,1,1,The diagram on the chalkboard had been,erasing,0.99128246,BERTWE,FacebookAI/xlm-roberta-large
265,67,The diagram on the chalkboard had been erased by Mrs. Larson.,Passive Control,1,1,The diagram on the chalkboard had been,erased,0.990389,BERTWE,FacebookAI/xlm-roberta-large
266,67,Mrs. Larson had been erasing the chalkboard.,Active Control,1,0,Mrs. Larson had been,erasing,0.9954791,BERTWE,FacebookAI/xlm-roberta-large
267,67,Food for the homeless had been erasing over and over.,No-Attraction Violation,0,1,Food for the homeless had been,erasing,0.9909021,BERTWE,FacebookAI/xlm-roberta-large
268,68,The movie was directing Steven Spielberg.,Attraction Violation,1,1,The movie was,directing,0.9933978,BERTWE,FacebookAI/xlm-roberta-large
269,68,The movie was directed professionally.,Passive Control,1,1,The movie was,directed,0.99403137,BERTWE,FacebookAI/xlm-roberta-large
270,68,Steven Spielberg was directing another blockbuster.,Active Control,1,0,Steven Spielberg was,directing,0.9937674,BERTWE,FacebookAI/xlm-roberta-large
271,68,The victim's body had been directing the police.,No-Attraction Violation,0,1,The victim's body had been,directing,0.98559535,BERTWE,FacebookAI/xlm-roberta-large
272,69,Theresa's birthday gift had been wrapping yesterday.,Attraction Violation,1,1,Theresa's birthday gift had been,wrapping,0.99101716,BERTWE,FacebookAI/xlm-roberta-large
273,69,Theresa's birthday gift had been wrapped yesterday.,Passive Control,1,1,Theresa's birthday gift had been,wrapped,0.9919596,BERTWE,FacebookAI/xlm-roberta-large
274,69,Theresa's loving grandmother had been wrapping the presents.,Active Control,1,0,Theresa's loving grandmother had been,wrapping,0.9892081,BERTWE,FacebookAI/xlm-roberta-large
275,69,The embarrassing allegations had been wrapping yesterday.,No-Attraction Violation,0,1,The embarrassing allegations had been,wrapping,0.9859799,BERTWE,FacebookAI/xlm-roberta-large
276,70,The popular amusement park is visiting by millions of tourists eh year.,Attraction Violation,1,1,The popular amusement park is,visiting,0.9863216,BERTWE,FacebookAI/xlm-roberta-large
277,70,The popular amusement park is visited daily.,Passive Control,1,1,The popular amusement park is,visited,0.9882868,BERTWE,FacebookAI/xlm-roberta-large
278,70,The tourists had been visiting the amusement park in the morning.,Active Control,1,0,The tourists had been,visiting,0.9901733,BERTWE,FacebookAI/xlm-roberta-large
279,70,The man's beard had been visiting a friend in the hospital.,No-Attraction Violation,0,1,The man's beard had been,visiting,0.9883379,BERTWE,FacebookAI/xlm-roberta-large
280,71,Ten new trees had been planting on dry land.,Attraction Violation,1,1,Ten new trees had been,planting,0.99415165,BERTWE,FacebookAI/xlm-roberta-large
281,71,Ten new trees had been planted by the Forestry Service.,Passive Control,1,1,Ten new trees had been,planted,0.991029,BERTWE,FacebookAI/xlm-roberta-large
282,71,The forestry workers had been planting cedar saplings on the hillside.,Active Control,1,0,The forestry workers had been,planting,0.99423623,BERTWE,FacebookAI/xlm-roberta-large
283,71,The sin had been planting doubt in her mind.,No-Attraction Violation,0,1,The sin had been,planting,0.99520165,BERTWE,FacebookAI/xlm-roberta-large
284,72,Food for the homeless had been donating neighborhood residents.,Attraction Violation,1,1,Food for the homeless had been,donating,0.98951757,BERTWE,FacebookAI/xlm-roberta-large
285,72,Food for the homeless had been donated many times.,Passive Control,1,1,Food for the homeless had been,donated,0.9906284,BERTWE,FacebookAI/xlm-roberta-large
286,72,The wealthy American philanthropist had been donating money to Romanian orphanages.,Active Control,1,0,The wealthy American philanthropist had been,donating,0.9916905,BERTWE,FacebookAI/xlm-roberta-large
287,72,The diagram on the chalkboard had been donating blood.,No-Attraction Violation,0,1,The diagram on the chalkboard had been,donating,0.9900022,BERTWE,FacebookAI/xlm-roberta-large
288,73,The rare bird's behavior was observing by the biologists.,Attraction Violation,1,1,The rare bird's behavior was,observing,0.9945149,BERTWE,FacebookAI/xlm-roberta-large
289,73,The rare bird's behavior was observed by the biologists.,Passive Control,1,1,The rare bird's behavior was,observed,0.99514854,BERTWE,FacebookAI/xlm-roberta-large
290,73,The excited bird watchers were observing the rare eagle.,Active Control,1,0,The excited bird watchers were,observing,0.994383,BERTWE,FacebookAI/xlm-roberta-large
291,73,Wilson's unreasonable proposal was observing the stars.,No-Attraction Violation,0,1,Wilson's unreasonable proposal was,observing,0.992023,BERTWE,FacebookAI/xlm-roberta-large
292,74,Stormy weather had been forecasting by the weatherman.,Attraction Violation,1,1,Stormy weather had been,forecasting,0.9954751,BERTWE,FacebookAI/xlm-roberta-large
293,74,Stormy weather had been forecasted by the weatherman.,Passive Control,1,1,Stormy weather had been,forecasted,0.993326,BERTWE,FacebookAI/xlm-roberta-large
294,74,The weather service had been forecasting snow for the mountain areas.,Active Control,1,0,The weather service had been,forecasting,0.99479467,BERTWE,FacebookAI/xlm-roberta-large
295,74,Olson's bulging suitcase had been forecasting correctly.,No-Attraction Violation,0,1,Olson's bulging suitcase had been,forecasting,0.9950126,BERTWE,FacebookAI/xlm-roberta-large
296,75,The tragic mistake was regretting by Erika for many years.,Attraction Violation,1,1,The tragic mistake was,regretting,0.9936474,BERTWE,FacebookAI/xlm-roberta-large
297,75,The tragic mistake was regretted years later.,Passive Control,1,1,The tragic mistake was,regretted,0.9948938,BERTWE,FacebookAI/xlm-roberta-large
298,75,Erika was regretting the mistake.,Active Control,1,0,Erika was,regretting,0.99544996,BERTWE,FacebookAI/xlm-roberta-large
299,75,The library books had been regretting their behavior.,No-Attraction Violation,0,1,The library books had been,regretting,0.98882586,BERTWE,FacebookAI/xlm-roberta-large
300,76,The stolen artwork had been seizing without warning.,Attraction Violation,1,1,The stolen artwork had been,seizing,0.99208117,BERTWE,FacebookAI/xlm-roberta-large
301,76,The stolen artwork had been seized by the border police.,Passive Control,1,1,The stolen artwork had been,seized,0.9920082,BERTWE,FacebookAI/xlm-roberta-large
302,76,The police had been seizing shipments of drugs at the border.,Active Control,1,0,The police had been,seizing,0.9899943,BERTWE,FacebookAI/xlm-roberta-large
303,76,The grimy pots and pans had been seizing without warning.,No-Attraction Violation,0,1,The grimy pots and pans had been,seizing,0.98881936,BERTWE,FacebookAI/xlm-roberta-large
304,77,The value of the jewels was estimating the dealer.,Attraction Violation,1,1,The value of the jewels was,estimating,0.9902937,BERTWE,FacebookAI/xlm-roberta-large
305,77,The value of the jewels was estimated by the dealer.,Passive Control,1,1,The value of the jewels was,estimated,0.9915754,BERTWE,FacebookAI/xlm-roberta-large
306,77,The jewel expert was estimating the value of the diamond.,Active Control,1,0,The jewel expert was,estimating,0.99403524,BERTWE,FacebookAI/xlm-roberta-large
307,77,The useful new gadget had been estimating professionally.,No-Attraction Violation,0,1,The useful new gadget had been,estimating,0.99402213,BERTWE,FacebookAI/xlm-roberta-large
308,78,Larry's note had been scribbling his wife.,Attraction Violation,1,1,Larry's note had been,scribbling,0.9946342,BERTWE,FacebookAI/xlm-roberta-large
309,78,Larry's note had been scribbled with haste.,Passive Control,1,1,Larry's note had been,scribbled,0.9934934,BERTWE,FacebookAI/xlm-roberta-large
310,78,Larry's wife had been scribbling a note to him about dinner plans.,Active Control,1,0,Larry's wife had been,scribbling,0.9936194,BERTWE,FacebookAI/xlm-roberta-large
311,78,The broken television had been scribbling his thoughts on a napkin.,No-Attraction Violation,0,1,The broken television had been,scribbling,0.9941165,BERTWE,FacebookAI/xlm-roberta-large
312,79,Carrie's morning meeting was canceling as expected.,Attraction Violation,1,1,Carrie's morning meeting was,canceling,0.99421316,BERTWE,FacebookAI/xlm-roberta-large
313,79,Carrie's morning meeting was canceled by the boss.,Passive Control,1,1,Carrie's morning meeting was,canceled,0.9944459,BERTWE,FacebookAI/xlm-roberta-large
314,79,Carrie had been canceling all of her meetings.,Active Control,1,0,Carrie had been,canceling,0.99436563,BERTWE,FacebookAI/xlm-roberta-large
315,79,The bubblegum had been canceling as expected.,No-Attraction Violation,0,1,The bubblegum had been,canceling,0.98756385,BERTWE,FacebookAI/xlm-roberta-large
316,80,The girl's disease was curing a simple treatment.,Attraction Violation,1,1,The girl's disease was,curing,0.98905057,BERTWE,FacebookAI/xlm-roberta-large
317,80,The girl's disease was cured by a simple treatment.,Passive Control,1,1,The girl's disease was,cured,0.98889583,BERTWE,FacebookAI/xlm-roberta-large
318,80,The foreign doctors were curing hundreds of villagers of malaria.,Active Control,1,0,The foreign doctors were,curing,0.99140114,BERTWE,FacebookAI/xlm-roberta-large
319,80,Billy's unruly hair was curing his cold.,No-Attraction Violation,0,1,Billy's unruly hair was,curing,0.99195004,BERTWE,FacebookAI/xlm-roberta-large
320,81,Janet's houseplants were watering too much.,Attraction Violation,1,1,Janet's houseplants were,watering,0.99164593,BERTWE,FacebookAI/xlm-roberta-large
321,81,Janet's houseplants were watered by her neighbor.,Passive Control,1,1,Janet's houseplants were,watered,0.9918561,BERTWE,FacebookAI/xlm-roberta-large
322,81,The gardener was watering the plants.,Active Control,1,0,The gardener was,watering,0.99226975,BERTWE,FacebookAI/xlm-roberta-large
323,81,The roast lamb had been watering too much.,No-Attraction Violation,0,1,The roast lamb had been,watering,0.9886126,BERTWE,FacebookAI/xlm-roberta-large
324,82,The useful new gadget had been inventing by a bored waiter.,Attraction Violation,1,1,The useful new gadget had been,inventing,0.9940344,BERTWE,FacebookAI/xlm-roberta-large
325,82,The useful new gadget had been invented by a bored waiter.,Passive Control,1,1,The useful new gadget had been,invented,0.9936561,BERTWE,FacebookAI/xlm-roberta-large
326,82,The resourceful engineers had been inventing tiny new devices.,Active Control,1,0,The resourceful engineers had been,inventing,0.99334925,BERTWE,FacebookAI/xlm-roberta-large
327,82,The value of the jewels was inventing the digital computer.,No-Attraction Violation,0,1,The value of the jewels was,inventing,0.9879865,BERTWE,FacebookAI/xlm-roberta-large
328,83,The phone bill had been paying his roommate.,Attraction Violation,1,1,The phone bill had been,paying,0.9895297,BERTWE,FacebookAI/xlm-roberta-large
329,83,The phone bill had been paid quickly.,Passive Control,1,1,The phone bill had been,paid,0.9895409,BERTWE,FacebookAI/xlm-roberta-large
330,83,Juan and Perry had been paying too much for their apartment.,Active Control,1,0,Juan and Perry had been,paying,0.99352247,BERTWE,FacebookAI/xlm-roberta-large
331,83,"The dark, underwater cave was paying attention to the divers.",No-Attraction Violation,0,1,"The dark, underwater cave was",paying,0.9874737,BERTWE,FacebookAI/xlm-roberta-large
332,84,The man's signature was forging the lawyers.,Attraction Violation,1,1,The man's signature was,forging,0.99018914,BERTWE,FacebookAI/xlm-roberta-large
333,84,The man's signature was forged by the lawyers.,Passive Control,1,1,The man's signature was,forged,0.98925805,BERTWE,FacebookAI/xlm-roberta-large
334,84,The con artists were forging the signatures on checks.,Active Control,1,0,The con artists were,forging,0.99414885,BERTWE,FacebookAI/xlm-roberta-large
335,84,Poisonous fumes had been forging very well.,No-Attraction Violation,0,1,Poisonous fumes had been,forging,0.99244946,BERTWE,FacebookAI/xlm-roberta-large
336,85,The bank had been robbing two masked men.,Attraction Violation,1,1,The bank had been,robbing,0.9919811,BERTWE,FacebookAI/xlm-roberta-large
337,85,The bank had been robbed repeatedly.,Passive Control,1,1,The bank had been,robbed,0.9922691,BERTWE,FacebookAI/xlm-roberta-large
338,85,The clever burglars had been robbing houses in broad daylight.,Active Control,1,0,The clever burglars had been,robbing,0.9882906,BERTWE,FacebookAI/xlm-roberta-large
339,85,The musical piece was robbing repeatedly.,No-Attraction Violation,0,1,The musical piece was,robbing,0.9931434,BERTWE,FacebookAI/xlm-roberta-large
340,86,An urgent message had been sending by the ambassador to the President.,Attraction Violation,1,1,An urgent message had been,sending,0.9912804,BERTWE,FacebookAI/xlm-roberta-large
341,86,An urgent message had been sent again.,Passive Control,1,1,An urgent message had been,sent,0.9910659,BERTWE,FacebookAI/xlm-roberta-large
342,86,The Prime Minister had been sending urgent messages to her Ambassador.,Active Control,1,0,The Prime Minister had been,sending,0.988756,BERTWE,FacebookAI/xlm-roberta-large
343,86,The height of the bookcase was sending mixed signals to the carpenter.,No-Attraction Violation,0,1,The height of the bookcase was,sending,0.98729146,BERTWE,FacebookAI/xlm-roberta-large
344,87,The sleek new building was designing a team of German architects.,Attraction Violation,1,1,The sleek new building was,designing,0.99080557,BERTWE,FacebookAI/xlm-roberta-large
345,87,The sleek new building was designed by a team of German architects.,Passive Control,1,1,The sleek new building was,designed,0.98298335,BERTWE,FacebookAI/xlm-roberta-large
346,87,A team of architects had been designing the new building.,Active Control,1,0,A team of architects had been,designing,0.99389,BERTWE,FacebookAI/xlm-roberta-large
347,87,The leftover food was designing with flair.,No-Attraction Violation,0,1,The leftover food was,designing,0.99515676,BERTWE,FacebookAI/xlm-roberta-large
348,88,The final exams had been grading in school.,Attraction Violation,1,1,The final exams had been,grading,0.9937525,BERTWE,FacebookAI/xlm-roberta-large
349,88,The final exams had been graded in school.,Passive Control,1,1,The final exams had been,graded,0.9901044,BERTWE,FacebookAI/xlm-roberta-large
350,88,The professor had been grading the final exams until 4 AM.,Active Control,1,0,The professor had been,grading,0.9947381,BERTWE,FacebookAI/xlm-roberta-large
351,88,The appetizers had been grading Iverson's students.,No-Attraction Violation,0,1,The appetizers had been,grading,0.9939378,BERTWE,FacebookAI/xlm-roberta-large
352,89,The final destination had been reaching too late.,Attraction Violation,1,1,The final destination had been,reaching,0.9921442,BERTWE,FacebookAI/xlm-roberta-large
353,89,The final destination had been reached too late.,Passive Control,1,1,The final destination had been,reached,0.98824954,BERTWE,FacebookAI/xlm-roberta-large
354,89,The curious child had been reaching for the cup on the table.,Active Control,1,0,The curious child had been,reaching,0.99431187,BERTWE,FacebookAI/xlm-roberta-large
355,89,Several spelling errors were reaching too late.,No-Attraction Violation,0,1,Several spelling errors were,reaching,0.99378395,BERTWE,FacebookAI/xlm-roberta-large
356,90,A faint light was perceiving by the rescue workers.,Attraction Violation,1,1,A faint light was,perceiving,0.99128616,BERTWE,FacebookAI/xlm-roberta-large
357,90,A faint light was perceived underwater.,Passive Control,1,1,A faint light was,perceived,0.99068546,BERTWE,FacebookAI/xlm-roberta-large
358,90,The worried pilot was perceiving a rattling sound in the jet's engine.,Active Control,1,0,The worried pilot was,perceiving,0.994354,BERTWE,FacebookAI/xlm-roberta-large
359,90,A tiny spy camera was perceiving underwater.,No-Attraction Violation,0,1,A tiny spy camera was,perceiving,0.9951991,BERTWE,FacebookAI/xlm-roberta-large
360,91,The bubblegum had been chewing by the boy.,Attraction Violation,1,1,The bubblegum had been,chewing,0.986089,BERTWE,FacebookAI/xlm-roberta-large
361,91,The bubblegum had been chewed by the boy.,Passive Control,1,1,The bubblegum had been,chewed,0.9867424,BERTWE,FacebookAI/xlm-roberta-large
362,91,The hungry dog had been chewing a bone.,Active Control,1,0,The hungry dog had been,chewing,0.98931086,BERTWE,FacebookAI/xlm-roberta-large
363,91,Carrie's morning meeting was chewing for a long time.,No-Attraction Violation,0,1,Carrie's morning meeting was,chewing,0.9932793,BERTWE,FacebookAI/xlm-roberta-large
364,92,Martin's tonsils had been removing at the hospital.,Attraction Violation,1,1,Martin's tonsils had been,removing,0.9933083,BERTWE,FacebookAI/xlm-roberta-large
365,92,Martin's tonsils had been removed at the hospital.,Passive Control,1,1,Martin's tonsils had been,removed,0.99159354,BERTWE,FacebookAI/xlm-roberta-large
366,92,The surgeon had been removing the cancerous growth.,Active Control,1,0,The surgeon had been,removing,0.98987085,BERTWE,FacebookAI/xlm-roberta-large
367,92,The homicide case had been removing at the hospital.,No-Attraction Violation,0,1,The homicide case had been,removing,0.9879808,BERTWE,FacebookAI/xlm-roberta-large
368,93,Mother Theresa's death was mourning millions of people.,Attraction Violation,1,1,Mother Theresa's death was,mourning,0.9944204,BERTWE,FacebookAI/xlm-roberta-large
369,93,Mother Theresa's death was mourned by millions of people.,Passive Control,1,1,Mother Theresa's death was,mourned,0.9946562,BERTWE,FacebookAI/xlm-roberta-large
370,93,The black-clad women were mourning the death of their brother.,Active Control,1,0,The black-clad women were,mourning,0.99457103,BERTWE,FacebookAI/xlm-roberta-large
371,93,Lisa's phone had been mourning the loss of a loved one.,No-Attraction Violation,0,1,Lisa's phone had been,mourning,0.99437803,BERTWE,FacebookAI/xlm-roberta-large
372,94,The bathroom floor had been mopping by a janitor.,Attraction Violation,1,1,The bathroom floor had been,mopping,0.9882249,BERTWE,FacebookAI/xlm-roberta-large
373,94,The bathroom floor had been mopped in the past.,Passive Control,1,1,The bathroom floor had been,mopped,0.9883036,BERTWE,FacebookAI/xlm-roberta-large
374,94,The school janitor had been mopping the bathroom.,Active Control,1,0,The school janitor had been,mopping,0.99136835,BERTWE,FacebookAI/xlm-roberta-large
375,94,An important lesson had been mopping in the past.,No-Attraction Violation,0,1,An important lesson had been,mopping,0.9882165,BERTWE,FacebookAI/xlm-roberta-large
376,95,The sin had been confessing by the repentant Catholic.,Attraction Violation,1,1,The sin had been,confessing,0.99278903,BERTWE,FacebookAI/xlm-roberta-large
377,95,The sin had been confessed on Sunday.,Passive Control,1,1,The sin had been,confessed,0.99342966,BERTWE,FacebookAI/xlm-roberta-large
378,95,The repentant Catholic had been confessing his sins.,Active Control,1,0,The repentant Catholic had been,confessing,0.9946946,BERTWE,FacebookAI/xlm-roberta-large
379,95,Ten new trees had been confessing on Sunday.,No-Attraction Violation,0,1,Ten new trees had been,confessing,0.9908702,BERTWE,FacebookAI/xlm-roberta-large
380,96,The strange mystery had been solving the detectives.,Attraction Violation,1,1,The strange mystery had been,solving,0.99219495,BERTWE,FacebookAI/xlm-roberta-large
381,96,The strange mystery had been solved at the station.,Passive Control,1,1,The strange mystery had been,solved,0.99592495,BERTWE,FacebookAI/xlm-roberta-large
382,96,The brilliant detective had been solving mysterious crimes for two decades.,Active Control,1,0,The brilliant detective had been,solving,0.988368,BERTWE,FacebookAI/xlm-roberta-large
383,96,Hathaway's gigantic fortune had been solving at the station.,No-Attraction Violation,0,1,Hathaway's gigantic fortune had been,solving,0.9891814,BERTWE,FacebookAI/xlm-roberta-large
0,1,The murder had been witnessing by the three bystanders,Attraction Violation,1,1,The murder had been,witnessing,0.7738615,Mamba,state-spaces/mamba-130m-hf
1,1,The murder had been witnessed in the dark.,Passive Control,1,1,The murder had been,witnessed,0.80285585,Mamba,state-spaces/mamba-130m-hf
2,1,The bystanders had been witnessing the crime.,Active Control,1,0,The bystanders had been,witnessing,0.73580277,Mamba,state-spaces/mamba-130m-hf
3,1,The unpleasant cough syrup was witnessing in the dark.,No-Attraction Violation,0,1,The unpleasant cough syrup was,witnessing,0.8224756,Mamba,state-spaces/mamba-130m-hf
4,2,Patty's overgrown lawn was mowing the boy next door.,Attraction Violation,1,1,Patty's overgrown lawn was,mowing,0.72051543,Mamba,state-spaces/mamba-130m-hf
5,2,Patty's overgrown lawn was mowed only last week.,Passive Control,1,1,Patty's overgrown lawn was,mowed,0.70980674,Mamba,state-spaces/mamba-130m-hf
6,2,Patty's teenage son was mowing the lawn.,Active Control,1,0,Patty's teenage son was,mowing,0.81765974,Mamba,state-spaces/mamba-130m-hf
7,2,All of her money had been mowing the grass.,No-Attraction Violation,0,1,All of her money had been,mowing,0.7452453,Mamba,state-spaces/mamba-130m-hf
8,3,Three more martinis were ordering by Laurie's sister.,Attraction Violation,1,1,Three more martinis were,ordering,0.8578875,Mamba,state-spaces/mamba-130m-hf
9,3,Three more martinis were ordered repeatedly.,Passive Control,1,1,Three more martinis were,ordered,0.84087396,Mamba,state-spaces/mamba-130m-hf
10,3,"The regular customers were ordering quiche, as usual.",Active Control,1,0,The regular customers were,ordering,0.8948352,Mamba,state-spaces/mamba-130m-hf
11,3,The rough part of the wood was ordering late.,No-Attraction Violation,0,1,The rough part of the wood was,ordering,0.6656136,Mamba,state-spaces/mamba-130m-hf
12,4,The quality of Karla's work was evaluating frequently.,Attraction Violation,1,1,The quality of Karla's work was,evaluating,0.749693,Mamba,state-spaces/mamba-130m-hf
13,4,The quality of Karla's work was evaluated frequently.,Passive Control,1,1,The quality of Karla's work was,evaluated,0.76250076,Mamba,state-spaces/mamba-130m-hf
14,4,The engineers were evaluating the success of the new device.,Active Control,1,0,The engineers were,evaluating,0.7801402,Mamba,state-spaces/mamba-130m-hf
15,4,The old lady's purse had been evaluating Nelson's idea.,No-Attraction Violation,0,1,The old lady's purse had been,evaluating,0.6942566,Mamba,state-spaces/mamba-130m-hf
16,5,The legal contract had been signing falsely.,Attraction Violation,1,1,The legal contract had been,signing,0.7204377,Mamba,state-spaces/mamba-130m-hf
17,5,The legal contract had been signed by the family.,Passive Control,1,1,The legal contract had been,signed,0.7716888,Mamba,state-spaces/mamba-130m-hf
18,5,The state's governor had been signing new legislation.,Active Control,1,0,The state's governor had been,signing,0.72400385,Mamba,state-spaces/mamba-130m-hf
19,5,An appointment was signing falsely.,No-Attraction Violation,0,1,An appointment was,signing,0.8195059,Mamba,state-spaces/mamba-130m-hf
20,6,The vocabulary list was memorizing well.,Attraction Violation,1,1,The vocabulary list was,memorizing,0.85530317,Mamba,state-spaces/mamba-130m-hf
21,6,The vocabulary list was memorized well.,Passive Control,1,1,The vocabulary list was,memorized,0.83983517,Mamba,state-spaces/mamba-130m-hf
22,6,The medical students were memorizing sample exam questions all night.,Active Control,1,0,The medical students were,memorizing,0.9039724,Mamba,state-spaces/mamba-130m-hf
23,6,The simple coffin was memorizing the lines of the poem.,No-Attraction Violation,0,1,The simple coffin was,memorizing,0.79642594,Mamba,state-spaces/mamba-130m-hf
24,7,The firewood had been chopping poorly.,Attraction Violation,1,1,The firewood had been,chopping,0.7131546,Mamba,state-spaces/mamba-130m-hf
25,7,The firewood had been chopped by Jen's grandfather.,Passive Control,1,1,The firewood had been,chopped,0.92849547,Mamba,state-spaces/mamba-130m-hf
26,7,Jen's grandfather had been chopping the firewood.,Active Control,1,0,Jen's grandfather had been,chopping,0.8823254,Mamba,state-spaces/mamba-130m-hf
27,7,Mark's wrinkly shirts were chopping vegetables.,No-Attraction Violation,0,1,Mark's wrinkly shirts were,chopping,0.7353136,Mamba,state-spaces/mamba-130m-hf
28,8,Lisa's phone had been disconnecting last month.,Attraction Violation,1,1,Lisa's phone had been,disconnecting,0.6964947,Mamba,state-spaces/mamba-130m-hf
29,8,Lisa's phone had been disconnected last month.,Passive Control,1,1,Lisa's phone had been,disconnected,0.68657935,Mamba,state-spaces/mamba-130m-hf
30,8,The electrician had been disconnecting the machine's power source.,Active Control,1,0,The electrician had been,disconnecting,0.7526964,Mamba,state-spaces/mamba-130m-hf
31,8,Mother Theresa's death was disconnecting the two cables.,No-Attraction Violation,0,1,Mother Theresa's death was,disconnecting,0.723369,Mamba,state-spaces/mamba-130m-hf
32,9,Wendy's muddy car was washing the boys.,Attraction Violation,1,1,Wendy's muddy car was,washing,0.765919,Mamba,state-spaces/mamba-130m-hf
33,9,Wendy's muddy car was washed wearily.,Passive Control,1,1,Wendy's muddy car was,washed,0.77820414,Mamba,state-spaces/mamba-130m-hf
34,9,Wendy and Harriet were washing the muddy car.,Active Control,1,0,Wendy and Harriet were,washing,0.88524425,Mamba,state-spaces/mamba-130m-hf
35,9,Frank's loan application had been washing the used pencil.,No-Attraction Violation,0,1,Frank's loan application had been,washing,0.7222958,Mamba,state-spaces/mamba-130m-hf
36,10,The library books had been borrowing the graduate student.,Attraction Violation,1,1,The library books had been,borrowing,0.7558765,Mamba,state-spaces/mamba-130m-hf
37,10,The library books had been borrowed by the graduate student.,Passive Control,1,1,The library books had been,borrowed,0.7675799,Mamba,state-spaces/mamba-130m-hf
38,10,Katie and Lara had been borrowing dozens of books about botany from the library.,Active Control,1,0,Katie and Lara had been,borrowing,0.7889868,Mamba,state-spaces/mamba-130m-hf
39,10,The tragic mistake was borrowing in a hurry.,No-Attraction Violation,0,1,The tragic mistake was,borrowing,0.8768725,Mamba,state-spaces/mamba-130m-hf
40,11,"The dark, underwater cave was exploring by the divers.",Attraction Violation,1,1,"The dark, underwater cave was",exploring,0.7561787,Mamba,state-spaces/mamba-130m-hf
41,11,"The dark, underwater cave was explored by the divers.",Passive Control,1,1,"The dark, underwater cave was",explored,0.73717237,Mamba,state-spaces/mamba-130m-hf
42,11,The cautious scuba divers were exploring the underwater cave.,Active Control,1,0,The cautious scuba divers were,exploring,0.7956021,Mamba,state-spaces/mamba-130m-hf
43,11,The phone bill had been exploring at the zoo.,No-Attraction Violation,0,1,The phone bill had been,exploring,0.75506467,Mamba,state-spaces/mamba-130m-hf
44,12,The unpleasant cough syrup was swallowing the boy.,Attraction Violation,1,1,The unpleasant cough syrup was,swallowing,0.8957171,Mamba,state-spaces/mamba-130m-hf
45,12,The unpleasant cough syrup was swallowed by the boy.,Passive Control,1,1,The unpleasant cough syrup was,swallowed,0.91568154,Mamba,state-spaces/mamba-130m-hf
46,12,The huge adult alligator had been swallowing fish by the bucket.,Active Control,1,0,The huge adult alligator had been,swallowing,0.7833914,Mamba,state-spaces/mamba-130m-hf
47,12,The murder had been swallowing with disgust.,No-Attraction Violation,0,1,The murder had been,swallowing,0.84124374,Mamba,state-spaces/mamba-130m-hf
48,13,The pizza had been delivering once more.,Attraction Violation,1,1,The pizza had been,delivering,0.7133647,Mamba,state-spaces/mamba-130m-hf
49,13,The pizza had been delivered by Antonio himself.,Passive Control,1,1,The pizza had been,delivered,0.72085404,Mamba,state-spaces/mamba-130m-hf
50,13,The exhausted messenger had been delivering packages all over town.,Active Control,1,0,The exhausted messenger had been,delivering,0.70701385,Mamba,state-spaces/mamba-130m-hf
51,13,A genetic mutation was delivering once more.,No-Attraction Violation,0,1,A genetic mutation was,delivering,0.77903014,Mamba,state-spaces/mamba-130m-hf
52,14,Frank's loan application had been approving by the bank.,Attraction Violation,1,1,Frank's loan application had been,approving,0.73329055,Mamba,state-spaces/mamba-130m-hf
53,14,Frank's loan application had been approved anyways.,Passive Control,1,1,Frank's loan application had been,approved,0.7393155,Mamba,state-spaces/mamba-130m-hf
54,14,The board of directors had been approving too many expensive projects.,Active Control,1,0,The board of directors had been,approving,0.74360555,Mamba,state-spaces/mamba-130m-hf
55,14,Wendy's muddy car was approving the boy's request.,No-Attraction Violation,0,1,Wendy's muddy car was,approving,0.7628923,Mamba,state-spaces/mamba-130m-hf
56,15,The cheap products had been manufacturing a Belgian firm.,Attraction Violation,1,1,The cheap products had been,manufacturing,0.7782455,Mamba,state-spaces/mamba-130m-hf
57,15,The cheap products had been manufactured by a Belgian firm.,Passive Control,1,1,The cheap products had been,manufactured,0.79831713,Mamba,state-spaces/mamba-130m-hf
58,15,The auto company had been manufacturing parts in China.,Active Control,1,0,The auto company had been,manufacturing,0.7963739,Mamba,state-spaces/mamba-130m-hf
59,15,A drawing of the house had been manufacturing at a factory.,No-Attraction Violation,0,1,A drawing of the house had been,manufacturing,0.8266834,Mamba,state-spaces/mamba-130m-hf
60,16,Their secret conversation had been overhearing by a surprised neighbor.,Attraction Violation,1,1,Their secret conversation had been,overhearing,0.79565465,Mamba,state-spaces/mamba-130m-hf
61,16,Their secret conversation had been overheard by a surprised neighbor.,Passive Control,1,1,Their secret conversation had been,overheard,0.7675577,Mamba,state-spaces/mamba-130m-hf
62,16,The annoyed resident had been overhearing his neighbor's phone conversations through the wall.,Active Control,1,0,The annoyed resident had been,overhearing,0.71911806,Mamba,state-spaces/mamba-130m-hf
63,16,A wet snowball had been overhearing despite the precautions.,No-Attraction Violation,0,1,A wet snowball had been,overhearing,0.69177425,Mamba,state-spaces/mamba-130m-hf
64,17,The rough part of the wood was sanding to perfection.,Attraction Violation,1,1,The rough part of the wood was,sanding,0.6816773,Mamba,state-spaces/mamba-130m-hf
65,17,The rough part of the wood was sanded by the carpenter.,Passive Control,1,1,The rough part of the wood was,sanded,0.7515575,Mamba,state-spaces/mamba-130m-hf
66,17,The skillful carpenter was sanding the rough edge of the wood.,Active Control,1,0,The skillful carpenter was,sanding,0.7915924,Mamba,state-spaces/mamba-130m-hf
67,17,Three more martinis were sanding the chair.,No-Attraction Violation,0,1,Three more martinis were,sanding,0.87043893,Mamba,state-spaces/mamba-130m-hf
68,18,A package had been receiving by the secretary in the office.,Attraction Violation,1,1,A package had been,receiving,0.78431326,Mamba,state-spaces/mamba-130m-hf
69,18,A package had been received by the secretary in the office.,Passive Control,1,1,A package had been,received,0.7650575,Mamba,state-spaces/mamba-130m-hf
70,18,The secretary had been receiving flowers all day.,Active Control,1,0,The secretary had been,receiving,0.75599945,Mamba,state-spaces/mamba-130m-hf
71,18,The noises in the attic had been receiving assistance from the government.,No-Attraction Violation,0,1,The noises in the attic had been,receiving,0.68783265,Mamba,state-spaces/mamba-130m-hf
72,19,The club's rules had been violating Richard.,Attraction Violation,1,1,The club's rules had been,violating,0.7282814,Mamba,state-spaces/mamba-130m-hf
73,19,The club's rules had been violated only twice.,Passive Control,1,1,The club's rules had been,violated,0.7435463,Mamba,state-spaces/mamba-130m-hf
74,19,The rebel had been violating the rules.,Active Control,1,0,The rebel had been,violating,0.767095,Mamba,state-spaces/mamba-130m-hf
75,19,Thirty pounds of potatoes had been violating only twice.,No-Attraction Violation,0,1,Thirty pounds of potatoes had been,violating,0.7265636,Mamba,state-spaces/mamba-130m-hf
76,20,A new medication had been prescribing the physician.,Attraction Violation,1,1,A new medication had been,prescribing,0.9002158,Mamba,state-spaces/mamba-130m-hf
77,20,A new medication had been prescribed by the physician.,Passive Control,1,1,A new medication had been,prescribed,0.86831516,Mamba,state-spaces/mamba-130m-hf
78,20,The new doctor had been prescribing powerful painkillers for Jelena's sore knee.,Active Control,1,0,The new doctor had been,prescribing,0.8413648,Mamba,state-spaces/mamba-130m-hf
79,20,The portrait of Napoleon had been prescribing with caution.,No-Attraction Violation,0,1,The portrait of Napoleon had been,prescribing,0.768603,Mamba,state-spaces/mamba-130m-hf
80,21,The wheat crops had been harvesting by the local farmers.,Attraction Violation,1,1,The wheat crops had been,harvesting,0.70957935,Mamba,state-spaces/mamba-130m-hf
81,21,The wheat crops had been harvested after the rain.,Passive Control,1,1,The wheat crops had been,harvested,0.938233,Mamba,state-spaces/mamba-130m-hf
82,21,The local farmers had been harvesting the corn all week.,Active Control,1,0,The local farmers had been,harvesting,0.70754427,Mamba,state-spaces/mamba-130m-hf
83,21,The elevator button had been harvesting after the rain.,No-Attraction Violation,0,1,The elevator button had been,harvesting,0.72104913,Mamba,state-spaces/mamba-130m-hf
84,22,The musical piece was composing by Beethoven in 1799.,Attraction Violation,1,1,The musical piece was,composing,0.806847,Mamba,state-spaces/mamba-130m-hf
85,22,The musical piece was composed in a dream.,Passive Control,1,1,The musical piece was,composed,0.8118003,Mamba,state-spaces/mamba-130m-hf
86,22,Ludwig von Beethoven was composing symphonies as a teenager.,Active Control,1,0,Ludwig von Beethoven was,composing,0.9003658,Mamba,state-spaces/mamba-130m-hf
87,22,The bank had been composing in a dream.,No-Attraction Violation,0,1,The bank had been,composing,0.744438,Mamba,state-spaces/mamba-130m-hf
88,23,The old lady's purse had been snatching a kid.,Attraction Violation,1,1,The old lady's purse had been,snatching,0.7597584,Mamba,state-spaces/mamba-130m-hf
89,23,The old lady's purse had been snatched with speed.,Passive Control,1,1,The old lady's purse had been,snatched,0.7646131,Mamba,state-spaces/mamba-130m-hf
90,23,The clever dog had been snatching cookies from the table.,Active Control,1,0,The clever dog had been,snatching,0.77384293,Mamba,state-spaces/mamba-130m-hf
91,23,The quality of Karla's work was snatching victory from the jaws of defeat.,No-Attraction Violation,0,1,The quality of Karla's work was,snatching,0.7875873,Mamba,state-spaces/mamba-130m-hf
92,24,Olson's bulging suitcase had been packing his assistant.,Attraction Violation,1,1,Olson's bulging suitcase had been,packing,0.7061356,Mamba,state-spaces/mamba-130m-hf
93,24,Olson's bulging suitcase had been packed for the trip.,Passive Control,1,1,Olson's bulging suitcase had been,packed,0.7040617,Mamba,state-spaces/mamba-130m-hf
94,24,The excited vacationers had been packing their suitcases when the hurricane hit.,Active Control,1,0,The excited vacationers had been,packing,0.69031155,Mamba,state-spaces/mamba-130m-hf
95,24,Stormy weather had been packing for the trip.,No-Attraction Violation,0,1,Stormy weather had been,packing,0.70502126,Mamba,state-spaces/mamba-130m-hf
96,25,Several spelling errors were noticing the careful editor.,Attraction Violation,1,1,Several spelling errors were,noticing,0.7726836,Mamba,state-spaces/mamba-130m-hf
97,25,Several spelling errors were noticed by the careful editor.,Passive Control,1,1,Several spelling errors were,noticed,0.77510417,Mamba,state-spaces/mamba-130m-hf
98,25,Brittany's close friends were noticing changes in her personality.,Active Control,1,0,Brittany's close friends were,noticing,0.83719116,Mamba,state-spaces/mamba-130m-hf
99,25,The final destination had been noticing too late.,No-Attraction Violation,0,1,The final destination had been,noticing,0.80490243,Mamba,state-spaces/mamba-130m-hf
100,26,An illegal weapon had been smuggling only once.,Attraction Violation,1,1,An illegal weapon had been,smuggling,0.7936103,Mamba,state-spaces/mamba-130m-hf
101,26,An illegal weapon had been smuggled only once.,Passive Control,1,1,An illegal weapon had been,smuggled,0.81522673,Mamba,state-spaces/mamba-130m-hf
102,26,The drug dealer had been smuggling heroin into Canada.,Active Control,1,0,The drug dealer had been,smuggling,0.76710427,Mamba,state-spaces/mamba-130m-hf
103,26,Cleopatra's beauty was smuggling only once.,No-Attraction Violation,0,1,Cleopatra's beauty was,smuggling,0.7260917,Mamba,state-spaces/mamba-130m-hf
104,27,The leftover food was discarding wastefully.,Attraction Violation,1,1,The leftover food was,discarding,0.6990922,Mamba,state-spaces/mamba-130m-hf
105,27,The leftover food was discarded wastefully.,Passive Control,1,1,The leftover food was,discarded,0.89892,Mamba,state-spaces/mamba-130m-hf
106,27,The campers were discarding the leftover food.,Active Control,1,0,The campers were,discarding,0.7721768,Mamba,state-spaces/mamba-130m-hf
107,27,The sleek new building was discarding wastefully.,No-Attraction Violation,0,1,The sleek new building was,discarding,0.7965131,Mamba,state-spaces/mamba-130m-hf
108,28,Thirty pounds of potatoes had been peeling by the cooks.,Attraction Violation,1,1,Thirty pounds of potatoes had been,peeling,0.7054832,Mamba,state-spaces/mamba-130m-hf
109,28,Thirty pounds of potatoes had been peeled carefully.,Passive Control,1,1,Thirty pounds of potatoes had been,peeled,0.937245,Mamba,state-spaces/mamba-130m-hf
110,28,The bored looking cooks had been peeling potatoes for hours.,Active Control,1,0,The bored looking cooks had been,peeling,0.70859766,Mamba,state-spaces/mamba-130m-hf
111,28,The club's rules had been peeling the sticker off the box.,No-Attraction Violation,0,1,The club's rules had been,peeling,0.6915733,Mamba,state-spaces/mamba-130m-hf
112,29,The grimy pots and pans had been scrubbing the dishwashers.,Attraction Violation,1,1,The grimy pots and pans had been,scrubbing,0.71892285,Mamba,state-spaces/mamba-130m-hf
113,29,The grimy pots and pans had been scrubbed by the dishwashers.,Passive Control,1,1,The grimy pots and pans had been,scrubbed,0.737865,Mamba,state-spaces/mamba-130m-hf
114,29,The guys in the kitchen had been scrubbing the pots and pans.,Active Control,1,0,The guys in the kitchen had been,scrubbing,0.75443774,Mamba,state-spaces/mamba-130m-hf
115,29,The stolen artwork had been scrubbing with vigor.,No-Attraction Violation,0,1,The stolen artwork had been,scrubbing,0.7557638,Mamba,state-spaces/mamba-130m-hf
116,30,The roast lamb had been carving by a servant.,Attraction Violation,1,1,The roast lamb had been,carving,0.7080107,Mamba,state-spaces/mamba-130m-hf
117,30,The roast lamb had been carved by a servant.,Passive Control,1,1,The roast lamb had been,carved,0.9084705,Mamba,state-spaces/mamba-130m-hf
118,30,The butcher had been carving the meat.,Active Control,1,0,The butcher had been,carving,0.76264554,Mamba,state-spaces/mamba-130m-hf
119,30,Janet's houseplants were carving before dinner.,No-Attraction Violation,0,1,Janet's houseplants were,carving,0.7766373,Mamba,state-spaces/mamba-130m-hf
120,31,Cleopatra's beauty was admiring many people.,Attraction Violation,1,1,Cleopatra's beauty was,admiring,0.73789096,Mamba,state-spaces/mamba-130m-hf
121,31,Cleopatra's beauty was admired always.,Passive Control,1,1,Cleopatra's beauty was,admired,0.75673085,Mamba,state-spaces/mamba-130m-hf
122,31,The men were admiring the beautiful woman from a distance.,Active Control,1,0,The men were,admiring,0.7979769,Mamba,state-spaces/mamba-130m-hf
123,31,An illegal weapon had been admiring always.,No-Attraction Violation,0,1,An illegal weapon had been,admiring,0.7935002,Mamba,state-spaces/mamba-130m-hf
124,32,A wet snowball had been tossing by the girls through the window.,Attraction Violation,1,1,A wet snowball had been,tossing,0.7049024,Mamba,state-spaces/mamba-130m-hf
125,32,A wet snowball had been tossed in anger.,Passive Control,1,1,A wet snowball had been,tossed,0.71352667,Mamba,state-spaces/mamba-130m-hf
126,32,The baseball players had been tossing the ball around the infield.,Active Control,1,0,The baseball players had been,tossing,0.7842908,Mamba,state-spaces/mamba-130m-hf
127,32,Their secret conversation had been tossing a steak on the grill.,No-Attraction Violation,0,1,Their secret conversation had been,tossing,0.8012253,Mamba,state-spaces/mamba-130m-hf
128,33,The sealed envelope was opening the judge.,Attraction Violation,1,1,The sealed envelope was,opening,0.708036,Mamba,state-spaces/mamba-130m-hf
129,33,The sealed envelope was opened without permission.,Passive Control,1,1,The sealed envelope was,opened,0.7372133,Mamba,state-spaces/mamba-130m-hf
130,33,Tuxedoed waiters were opening bottles of champagne for the toast.,Active Control,1,0,Tuxedoed waiters were,opening,0.7371452,Mamba,state-spaces/mamba-130m-hf
131,33,The men's faces had been opening without permission.,No-Attraction Violation,0,1,The men's faces had been,opening,0.6569891,Mamba,state-spaces/mamba-130m-hf
132,34,The man's beard had been shaving twice a day.,Attraction Violation,1,1,The man's beard had been,shaving,0.6778384,Mamba,state-spaces/mamba-130m-hf
133,34,The man's beard had been shaved twice a day.,Passive Control,1,1,The man's beard had been,shaved,0.8649311,Mamba,state-spaces/mamba-130m-hf
134,34,His uncle Ralph had been shaving his beard off.,Active Control,1,0,His uncle Ralph had been,shaving,0.89576155,Mamba,state-spaces/mamba-130m-hf
135,34,The popular amusement park is shaving twice a day.,No-Attraction Violation,0,1,The popular amusement park is,shaving,0.86002076,Mamba,state-spaces/mamba-130m-hf
136,35,The elevator button had been pressing slowly.,Attraction Violation,1,1,The elevator button had been,pressing,0.6563078,Mamba,state-spaces/mamba-130m-hf
137,35,The elevator button had been pressed by the attendant.,Passive Control,1,1,The elevator button had been,pressed,0.70309186,Mamba,state-spaces/mamba-130m-hf
138,35,The attendant had been pressing the buttons.,Active Control,1,0,The attendant had been,pressing,0.6687425,Mamba,state-spaces/mamba-130m-hf
139,35,The wheat crops had been pressing slowly.,No-Attraction Violation,0,1,The wheat crops had been,pressing,0.64646167,Mamba,state-spaces/mamba-130m-hf
140,36,The winning lottery numbers had been announcing the TV news.,Attraction Violation,1,1,The winning lottery numbers had been,announcing,0.7822343,Mamba,state-spaces/mamba-130m-hf
141,36,The winning lottery numbers had been announced by the TV news.,Passive Control,1,1,The winning lottery numbers had been,announced,0.754669,Mamba,state-spaces/mamba-130m-hf
142,36,The flight attendant had been announcing the reason for the delay.,Active Control,1,0,The flight attendant had been,announcing,0.79471123,Mamba,state-spaces/mamba-130m-hf
143,36,The tarnished silverware was announcing on the television.,No-Attraction Violation,0,1,The tarnished silverware was,announcing,0.7519465,Mamba,state-spaces/mamba-130m-hf
144,37,The victim's body had been identifying at the morgue.,Attraction Violation,1,1,The victim's body had been,identifying,0.7502168,Mamba,state-spaces/mamba-130m-hf
145,37,The victim's body had been identified by the family members.,Passive Control,1,1,The victim's body had been,identified,0.755461,Mamba,state-spaces/mamba-130m-hf
146,37,The laboratory technicians had been identifying the chemical.,Active Control,1,0,The laboratory technicians had been,identifying,0.7879243,Mamba,state-spaces/mamba-130m-hf
147,37,The movie was identifying rare fish for the divers.,No-Attraction Violation,0,1,The movie was,identifying,0.8463929,Mamba,state-spaces/mamba-130m-hf
148,38,The hearty meal was devouring by the kids.,Attraction Violation,1,1,The hearty meal was,devouring,0.75861835,Mamba,state-spaces/mamba-130m-hf
149,38,The hearty meal was devoured with gusto.,Passive Control,1,1,The hearty meal was,devoured,0.77142835,Mamba,state-spaces/mamba-130m-hf
150,38,The hungry boys were devouring the plate of cookies when Jack arrived.,Active Control,1,0,The hungry boys were,devouring,0.71789074,Mamba,state-spaces/mamba-130m-hf
151,38,The dusty tabletops were devouring with gusto.,No-Attraction Violation,0,1,The dusty tabletops were,devouring,0.7303732,Mamba,state-spaces/mamba-130m-hf
152,39,The overgrown shrubs were trimming regularly.,Attraction Violation,1,1,The overgrown shrubs were,trimming,0.68124837,Mamba,state-spaces/mamba-130m-hf
153,39,The overgrown shrubs were trimmed by a gardener.,Passive Control,1,1,The overgrown shrubs were,trimmed,0.87119204,Mamba,state-spaces/mamba-130m-hf
154,39,A gardener was trimming the overgrown shrubbery.,Active Control,1,0,A gardener was,trimming,0.82090265,Mamba,state-spaces/mamba-130m-hf
155,39,The alarm clock had been trimming regularly.,No-Attraction Violation,0,1,The alarm clock had been,trimming,0.72108454,Mamba,state-spaces/mamba-130m-hf
156,40,Wilson's unreasonable proposal was rejecting by the boss.,Attraction Violation,1,1,Wilson's unreasonable proposal was,rejecting,0.83148545,Mamba,state-spaces/mamba-130m-hf
157,40,Wilson's unreasonable proposal was rejected at the hospital.,Passive Control,1,1,Wilson's unreasonable proposal was,rejected,0.80746454,Mamba,state-spaces/mamba-130m-hf
158,40,The admissions committee was rejecting nearly every application.,Active Control,1,0,The admissions committee was,rejecting,0.88416797,Mamba,state-spaces/mamba-130m-hf
159,40,The rare bird's behavior was rejecting all offers.,No-Attraction Violation,0,1,The rare bird's behavior was,rejecting,0.7284615,Mamba,state-spaces/mamba-130m-hf
160,41,Hathaway's gigantic fortune had been inheriting by his daughters.,Attraction Violation,1,1,Hathaway's gigantic fortune had been,inheriting,0.72167957,Mamba,state-spaces/mamba-130m-hf
161,41,Hathaway's gigantic fortune had been inherited by his daughters.,Passive Control,1,1,Hathaway's gigantic fortune had been,inherited,0.63648576,Mamba,state-spaces/mamba-130m-hf
162,41,Generations of aristocratic Englishmen have been inheriting their fortunes.,Active Control,1,0,Generations of aristocratic Englishmen have been,inheriting,0.75132,Mamba,state-spaces/mamba-130m-hf
163,41,The strange mystery had been inheriting the estate from her grandmother.,No-Attraction Violation,0,1,The strange mystery had been,inheriting,0.6981753,Mamba,state-spaces/mamba-130m-hf
164,42,All of her money had been spending before the wedding.,Attraction Violation,1,1,All of her money had been,spending,0.76453483,Mamba,state-spaces/mamba-130m-hf
165,42,All of her money had been spent before the wedding.,Passive Control,1,1,All of her money had been,spent,0.7599103,Mamba,state-spaces/mamba-130m-hf
166,42,The shopping fanatic had been spending all her money in Bloomingdales.,Active Control,1,0,The shopping fanatic had been,spending,0.7557094,Mamba,state-spaces/mamba-130m-hf
167,42,Patty's overgrown lawn was spending its time on the beach.,No-Attraction Violation,0,1,Patty's overgrown lawn was,spending,0.7187598,Mamba,state-spaces/mamba-130m-hf
168,43,An appointment was scheduling by the secretary.,Attraction Violation,1,1,An appointment was,scheduling,0.80819935,Mamba,state-spaces/mamba-130m-hf
169,43,An appointment was scheduled by the secretary.,Passive Control,1,1,An appointment was,scheduled,0.7763584,Mamba,state-spaces/mamba-130m-hf
170,43,The secretary was scheduling new appointments for the afternoon.,Active Control,1,0,The secretary was,scheduling,0.70846355,Mamba,state-spaces/mamba-130m-hf
171,43,The legal contract had been scheduling for next week.,No-Attraction Violation,0,1,The legal contract had been,scheduling,0.67754364,Mamba,state-spaces/mamba-130m-hf
172,44,The men's faces had been photographing by a security camera.,Attraction Violation,1,1,The men's faces had been,photographing,0.7155813,Mamba,state-spaces/mamba-130m-hf
173,44,The men's faces had been photographed by a security camera.,Passive Control,1,1,The men's faces had been,photographed,0.7402733,Mamba,state-spaces/mamba-130m-hf
174,44,The intrusive reporter had been photographing the celebrities at the party.,Active Control,1,0,The intrusive reporter had been,photographing,0.7849202,Mamba,state-spaces/mamba-130m-hf
175,44,The sealed envelope was photographing at the party.,No-Attraction Violation,0,1,The sealed envelope was,photographing,0.7350978,Mamba,state-spaces/mamba-130m-hf
176,45,The broken television had been repairing the technician.,Attraction Violation,1,1,The broken television had been,repairing,0.7388488,Mamba,state-spaces/mamba-130m-hf
177,45,The broken television had been repaired by the technician.,Passive Control,1,1,The broken television had been,repaired,0.71118104,Mamba,state-spaces/mamba-130m-hf
178,45,The competent technician had been repairing the television.,Active Control,1,0,The competent technician had been,repairing,0.807114,Mamba,state-spaces/mamba-130m-hf
179,45,Larry's note had been repairing the computer's hard drive.,No-Attraction Violation,0,1,Larry's note had been,repairing,0.7856347,Mamba,state-spaces/mamba-130m-hf
180,46,The alarm clock had been unplugging accidentally.,Attraction Violation,1,1,The alarm clock had been,unplugging,0.73841405,Mamba,state-spaces/mamba-130m-hf
181,46,The alarm clock had been unplugged late.,Passive Control,1,1,The alarm clock had been,unplugged,0.7508981,Mamba,state-spaces/mamba-130m-hf
182,46,The frantic woman had been unplugging every electrical device in the house.,Active Control,1,0,The frantic woman had been,unplugging,0.7123153,Mamba,state-spaces/mamba-130m-hf
183,46,The overgrown shrubs were unplugging accidentally.,No-Attraction Violation,0,1,The overgrown shrubs were,unplugging,0.71229196,Mamba,state-spaces/mamba-130m-hf
184,47,The car door had been unlocking late at night.,Attraction Violation,1,1,The car door had been,unlocking,0.6572243,Mamba,state-spaces/mamba-130m-hf
185,47,The car door had been unlocked by the child.,Passive Control,1,1,The car door had been,unlocked,0.6710797,Mamba,state-spaces/mamba-130m-hf
186,47,The babysitter had been unlocking the back door.,Active Control,1,0,The babysitter had been,unlocking,0.7012379,Mamba,state-spaces/mamba-130m-hf
187,47,The Queen's 80th birthday was unlocking late at night.,No-Attraction Violation,0,1,The Queen's 80th birthday was,unlocking,0.80942225,Mamba,state-spaces/mamba-130m-hf
188,48,The portrait of Napoleon had been painting by a Dutch artist.,Attraction Violation,1,1,The portrait of Napoleon had been,painting,0.7663499,Mamba,state-spaces/mamba-130m-hf
189,48,The portrait of Napoleon had been painted by a Dutch artist.,Passive Control,1,1,The portrait of Napoleon had been,painted,0.9194399,Mamba,state-spaces/mamba-130m-hf
190,48,The French Impressionist artists had been painting with a focus on light and color.,Active Control,1,0,The French Impressionist artists had been,painting,0.77573913,Mamba,state-spaces/mamba-130m-hf
191,48,A new medication had been painting on Tuesday.,No-Attraction Violation,0,1,A new medication had been,painting,0.85363454,Mamba,state-spaces/mamba-130m-hf
192,49,The embarrassing allegations had been denying by the mayor.,Attraction Violation,1,1,The embarrassing allegations had been,denying,0.7369613,Mamba,state-spaces/mamba-130m-hf
193,49,The embarrassing allegations had been denied by the mayor.,Passive Control,1,1,The embarrassing allegations had been,denied,0.7183404,Mamba,state-spaces/mamba-130m-hf
194,49,The embarassed mayor had been denying allegations of corruption.,Active Control,1,0,The embarassed mayor had been,denying,0.7575654,Mamba,state-spaces/mamba-130m-hf
195,49,Tamara's birthday gift had been denying the rumor.,No-Attraction Violation,0,1,Tamara's birthday gift had been,denying,0.81026995,Mamba,state-spaces/mamba-130m-hf
196,50,The noises in the attic had been hearing nightly.,Attraction Violation,1,1,The noises in the attic had been,hearing,0.7068043,Mamba,state-spaces/mamba-130m-hf
197,50,The noises in the attic had been heard by the boys.,Passive Control,1,1,The noises in the attic had been,heard,0.7447761,Mamba,state-spaces/mamba-130m-hf
198,50,The frightened campers had been hearing noises in the woods.,Active Control,1,0,The frightened campers had been,hearing,0.69634694,Mamba,state-spaces/mamba-130m-hf
199,50,A package had been hearing nightly.,No-Attraction Violation,0,1,A package had been,hearing,0.79213595,Mamba,state-spaces/mamba-130m-hf
200,51,The appetizers had been serving before the meal.,Attraction Violation,1,1,The appetizers had been,serving,0.72951496,Mamba,state-spaces/mamba-130m-hf
201,51,The appetizers had been served before the meal.,Passive Control,1,1,The appetizers had been,served,0.72125727,Mamba,state-spaces/mamba-130m-hf
202,51,The waiters had been serving the meal.,Active Control,1,0,The waiters had been,serving,0.7406108,Mamba,state-spaces/mamba-130m-hf
203,51,The final exams had been serving before the meal.,No-Attraction Violation,0,1,The final exams had been,serving,0.7697825,Mamba,state-spaces/mamba-130m-hf
204,52,Billy's unruly hair was combing his mother to one side.,Attraction Violation,1,1,Billy's unruly hair was,combing,0.66521025,Mamba,state-spaces/mamba-130m-hf
205,52,Billy's unruly hair was combed by his mother to one side.,Passive Control,1,1,Billy's unruly hair was,combed,0.6641253,Mamba,state-spaces/mamba-130m-hf
206,52,The patient barber was combing the boy's hair to one side.,Active Control,1,0,The patient barber was,combing,0.86702156,Mamba,state-spaces/mamba-130m-hf
207,52,The girl's disease was combing the area for escaped prisoners.,No-Attraction Violation,0,1,The girl's disease was,combing,0.8528569,Mamba,state-spaces/mamba-130m-hf
208,53,A drawing of the house had been sketching again.,Attraction Violation,1,1,A drawing of the house had been,sketching,0.8336739,Mamba,state-spaces/mamba-130m-hf
209,53,A drawing of the house had been sketched again.,Passive Control,1,1,A drawing of the house had been,sketched,0.81920534,Mamba,state-spaces/mamba-130m-hf
210,53,An artist in the studio had been sketching the house.,Active Control,1,0,An artist in the studio had been,sketching,0.7978869,Mamba,state-spaces/mamba-130m-hf
211,53,The cheap products had been sketching again.,No-Attraction Violation,0,1,The cheap products had been,sketching,0.779428,Mamba,state-spaces/mamba-130m-hf
212,54,The simple coffin was burying the villagers.,Attraction Violation,1,1,The simple coffin was,burying,0.7844827,Mamba,state-spaces/mamba-130m-hf
213,54,The simple coffin was buried at the church.,Passive Control,1,1,The simple coffin was,buried,0.79499143,Mamba,state-spaces/mamba-130m-hf
214,54,The tribal people were burying their dead.,Active Control,1,0,The tribal people were,burying,0.7511563,Mamba,state-spaces/mamba-130m-hf
215,54,The vocabulary list was burying at the church.,No-Attraction Violation,0,1,The vocabulary list was,burying,0.7841677,Mamba,state-spaces/mamba-130m-hf
216,55,The homicide case had been investigating diligently.,Attraction Violation,1,1,The homicide case had been,investigating,0.7829165,Mamba,state-spaces/mamba-130m-hf
217,55,The homicide case had been investigated by the FBI.,Passive Control,1,1,The homicide case had been,investigated,0.78401595,Mamba,state-spaces/mamba-130m-hf
218,55,The FBI agents had been investigating the homicide case for weeks.,Active Control,1,0,The FBI agents had been,investigating,0.8121752,Mamba,state-spaces/mamba-130m-hf
219,55,Martin's tonsils had been investigating the problem.,No-Attraction Violation,0,1,Martin's tonsils had been,investigating,0.7268493,Mamba,state-spaces/mamba-130m-hf
220,56,Mark's wrinkly shirts were ironing by his mother.,Attraction Violation,1,1,Mark's wrinkly shirts were,ironing,0.7293946,Mamba,state-spaces/mamba-130m-hf
221,56,Mark's wrinkly shirts were ironed by his mother.,Passive Control,1,1,Mark's wrinkly shirts were,ironed,0.73768795,Mamba,state-spaces/mamba-130m-hf
222,56,Mark's doting mother was ironing his shirts while he slept.,Active Control,1,0,Mark's doting mother was,ironing,0.79165465,Mamba,state-spaces/mamba-130m-hf
223,56,The firewood had been ironing her dress.,No-Attraction Violation,0,1,The firewood had been,ironing,0.7005917,Mamba,state-spaces/mamba-130m-hf
224,57,An important lesson had been learning in space.,Attraction Violation,1,1,An important lesson had been,learning,0.6783361,Mamba,state-spaces/mamba-130m-hf
225,57,An important lesson had been learned in space.,Passive Control,1,1,An important lesson had been,learned,0.7056664,Mamba,state-spaces/mamba-130m-hf
226,57,The children had been learning Spanish.,Active Control,1,0,The children had been,learning,0.7108815,Mamba,state-spaces/mamba-130m-hf
227,57,The bathroom floor had been learning in space.,No-Attraction Violation,0,1,The bathroom floor had been,learning,0.6526437,Mamba,state-spaces/mamba-130m-hf
228,58,The height of the bookcase was measuring by a carpenter.,Attraction Violation,1,1,The height of the bookcase was,measuring,0.8020413,Mamba,state-spaces/mamba-130m-hf
229,58,The height of the bookcase was measured incorrectly.,Passive Control,1,1,The height of the bookcase was,measured,0.8720892,Mamba,state-spaces/mamba-130m-hf
230,58,The carpenter was measuring the height of the bookcase.,Active Control,1,0,The carpenter was,measuring,0.77710766,Mamba,state-spaces/mamba-130m-hf
231,58,An urgent message had been measuring her heart rate.,No-Attraction Violation,0,1,An urgent message had been,measuring,0.65107495,Mamba,state-spaces/mamba-130m-hf
232,59,Several important topics were discussing despite the weather.,Attraction Violation,1,1,Several important topics were,discussing,0.77085716,Mamba,state-spaces/mamba-130m-hf
233,59,Several important topics were discussed by the board of trustees.,Passive Control,1,1,Several important topics were,discussed,0.7798633,Mamba,state-spaces/mamba-130m-hf
234,59,The board members were discussing several important topics.,Active Control,1,0,The board members were,discussing,0.8699704,Mamba,state-spaces/mamba-130m-hf
235,59,"The fresh, warm bread was discussing despite the weather.",No-Attraction Violation,0,1,"The fresh, warm bread was",discussing,0.6868402,Mamba,state-spaces/mamba-130m-hf
236,60,The dusty tabletops were wiping thoroughly.,Attraction Violation,1,1,The dusty tabletops were,wiping,0.7372431,Mamba,state-spaces/mamba-130m-hf
237,60,The dusty tabletops were wiped thoroughly.,Passive Control,1,1,The dusty tabletops were,wiped,0.7613823,Mamba,state-spaces/mamba-130m-hf
238,60,The tired busboy was wiping for hours.,Active Control,1,0,The tired busboy was,wiping,0.72799695,Mamba,state-spaces/mamba-130m-hf
239,60,The hearty meal was wiping thoroughly.,No-Attraction Violation,0,1,The hearty meal was,wiping,0.7603094,Mamba,state-spaces/mamba-130m-hf
240,61,A tiny spy camera was concealing by the agent inside a flowerpot.,Attraction Violation,1,1,A tiny spy camera was,concealing,0.8710113,Mamba,state-spaces/mamba-130m-hf
241,61,A tiny spy camera was concealed by the agent inside a flowerpot.,Passive Control,1,1,A tiny spy camera was,concealed,0.8438367,Mamba,state-spaces/mamba-130m-hf
242,61,The sneaky lawyer was concealing the truth.,Active Control,1,0,The sneaky lawyer was,concealing,0.80578494,Mamba,state-spaces/mamba-130m-hf
243,61,A faint light was concealing their identity.,No-Attraction Violation,0,1,A faint light was,concealing,0.77015316,Mamba,state-spaces/mamba-130m-hf
244,62,"The fresh, warm bread was slicing by the baker into halves.",Attraction Violation,1,1,"The fresh, warm bread was",slicing,0.65701866,Mamba,state-spaces/mamba-130m-hf
245,62,"The fresh, warm bread was sliced with love.",Passive Control,1,1,"The fresh, warm bread was",sliced,0.9099064,Mamba,state-spaces/mamba-130m-hf
246,62,The chef's assistants were slicing the mushrooms for a pie.,Active Control,1,0,The chef's assistants were,slicing,0.79354036,Mamba,state-spaces/mamba-130m-hf
247,62,Several important topics were slicing with love.,No-Attraction Violation,0,1,Several important topics were,slicing,0.7452517,Mamba,state-spaces/mamba-130m-hf
248,63,The tarnished silverware was polishing by the butler.,Attraction Violation,1,1,The tarnished silverware was,polishing,0.71452934,Mamba,state-spaces/mamba-130m-hf
249,63,The tarnished silverware was polished by the butler.,Passive Control,1,1,The tarnished silverware was,polished,0.9228213,Mamba,state-spaces/mamba-130m-hf
250,63,The thorough butler was polishing the doorknobs.,Active Control,1,0,The thorough butler was,polishing,0.7382486,Mamba,state-spaces/mamba-130m-hf
251,63,The winning lottery numbers had been polishing his shoes.,No-Attraction Violation,0,1,The winning lottery numbers had been,polishing,0.7383496,Mamba,state-spaces/mamba-130m-hf
252,64,Poisonous fumes had been inhaling the firefighters.,Attraction Violation,1,1,Poisonous fumes had been,inhaling,0.8028237,Mamba,state-spaces/mamba-130m-hf
253,64,Poisonous fumes had been inhaled by the firefighters.,Passive Control,1,1,Poisonous fumes had been,inhaled,0.9174642,Mamba,state-spaces/mamba-130m-hf
254,64,The firefighters had been inhaling the smoke.,Active Control,1,0,The firefighters had been,inhaling,0.80685097,Mamba,state-spaces/mamba-130m-hf
255,64,The man's signature was inhaling during the fire.,No-Attraction Violation,0,1,The man's signature was,inhaling,0.87404436,Mamba,state-spaces/mamba-130m-hf
256,65,A genetic mutation was discovering the scientists.,Attraction Violation,1,1,A genetic mutation was,discovering,0.8569161,Mamba,state-spaces/mamba-130m-hf
257,65,A genetic mutation was discovered suddenly.,Passive Control,1,1,A genetic mutation was,discovered,0.86337376,Mamba,state-spaces/mamba-130m-hf
258,65,The excited explorers were discovering ancient artifacts everywhere they looked.,Active Control,1,0,The excited explorers were,discovering,0.78326213,Mamba,state-spaces/mamba-130m-hf
259,65,The pizza had been discovering new methods for making dough.,No-Attraction Violation,0,1,The pizza had been,discovering,0.7619831,Mamba,state-spaces/mamba-130m-hf
260,66,The Queen's 80th birthday was celebrating expensively.,Attraction Violation,1,1,The Queen's 80th birthday was,celebrating,0.9327437,Mamba,state-spaces/mamba-130m-hf
261,66,The Queen's 80th birthday was celebrated by thousands of people in the streets.,Passive Control,1,1,The Queen's 80th birthday was,celebrated,0.879118,Mamba,state-spaces/mamba-130m-hf
262,66,Thousands of excited fans were celebrating the Superbowl victory in the streets.,Active Control,1,0,Thousands of excited fans were,celebrating,0.78227526,Mamba,state-spaces/mamba-130m-hf
263,66,The car door had been celebrating her promotion.,No-Attraction Violation,0,1,The car door had been,celebrating,0.7462042,Mamba,state-spaces/mamba-130m-hf
264,67,The diagram on the chalkboard had been erasing Mrs. Larson.,Attraction Violation,1,1,The diagram on the chalkboard had been,erasing,0.7592987,Mamba,state-spaces/mamba-130m-hf
265,67,The diagram on the chalkboard had been erased by Mrs. Larson.,Passive Control,1,1,The diagram on the chalkboard had been,erased,0.7604511,Mamba,state-spaces/mamba-130m-hf
266,67,Mrs. Larson had been erasing the chalkboard.,Active Control,1,0,Mrs. Larson had been,erasing,0.7980521,Mamba,state-spaces/mamba-130m-hf
267,67,Food for the homeless had been erasing over and over.,No-Attraction Violation,0,1,Food for the homeless had been,erasing,0.7606831,Mamba,state-spaces/mamba-130m-hf
268,68,The movie was directing Steven Spielberg.,Attraction Violation,1,1,The movie was,directing,0.8477014,Mamba,state-spaces/mamba-130m-hf
269,68,The movie was directed professionally.,Passive Control,1,1,The movie was,directed,0.8225677,Mamba,state-spaces/mamba-130m-hf
270,68,Steven Spielberg was directing another blockbuster.,Active Control,1,0,Steven Spielberg was,directing,0.84112364,Mamba,state-spaces/mamba-130m-hf
271,68,The victim's body had been directing the police.,No-Attraction Violation,0,1,The victim's body had been,directing,0.7441818,Mamba,state-spaces/mamba-130m-hf
272,69,Theresa's birthday gift had been wrapping yesterday.,Attraction Violation,1,1,Theresa's birthday gift had been,wrapping,0.7855471,Mamba,state-spaces/mamba-130m-hf
273,69,Theresa's birthday gift had been wrapped yesterday.,Passive Control,1,1,Theresa's birthday gift had been,wrapped,0.84508985,Mamba,state-spaces/mamba-130m-hf
274,69,Theresa's loving grandmother had been wrapping the presents.,Active Control,1,0,Theresa's loving grandmother had been,wrapping,0.76661885,Mamba,state-spaces/mamba-130m-hf
275,69,The embarrassing allegations had been wrapping yesterday.,No-Attraction Violation,0,1,The embarrassing allegations had been,wrapping,0.6999529,Mamba,state-spaces/mamba-130m-hf
276,70,The popular amusement park is visiting by millions of tourists eh year.,Attraction Violation,1,1,The popular amusement park is,visiting,0.86426985,Mamba,state-spaces/mamba-130m-hf
277,70,The popular amusement park is visited daily.,Passive Control,1,1,The popular amusement park is,visited,0.8535805,Mamba,state-spaces/mamba-130m-hf
278,70,The tourists had been visiting the amusement park in the morning.,Active Control,1,0,The tourists had been,visiting,0.7446467,Mamba,state-spaces/mamba-130m-hf
279,70,The man's beard had been visiting a friend in the hospital.,No-Attraction Violation,0,1,The man's beard had been,visiting,0.67132705,Mamba,state-spaces/mamba-130m-hf
280,71,Ten new trees had been planting on dry land.,Attraction Violation,1,1,Ten new trees had been,planting,0.7329726,Mamba,state-spaces/mamba-130m-hf
281,71,Ten new trees had been planted by the Forestry Service.,Passive Control,1,1,Ten new trees had been,planted,0.81544566,Mamba,state-spaces/mamba-130m-hf
282,71,The forestry workers had been planting cedar saplings on the hillside.,Active Control,1,0,The forestry workers had been,planting,0.71510404,Mamba,state-spaces/mamba-130m-hf
283,71,The sin had been planting doubt in her mind.,No-Attraction Violation,0,1,The sin had been,planting,0.7023358,Mamba,state-spaces/mamba-130m-hf
284,72,Food for the homeless had been donating neighborhood residents.,Attraction Violation,1,1,Food for the homeless had been,donating,0.773708,Mamba,state-spaces/mamba-130m-hf
285,72,Food for the homeless had been donated many times.,Passive Control,1,1,Food for the homeless had been,donated,0.7959672,Mamba,state-spaces/mamba-130m-hf
286,72,The wealthy American philanthropist had been donating money to Romanian orphanages.,Active Control,1,0,The wealthy American philanthropist had been,donating,0.7457987,Mamba,state-spaces/mamba-130m-hf
287,72,The diagram on the chalkboard had been donating blood.,No-Attraction Violation,0,1,The diagram on the chalkboard had been,donating,0.74991196,Mamba,state-spaces/mamba-130m-hf
288,73,The rare bird's behavior was observing by the biologists.,Attraction Violation,1,1,The rare bird's behavior was,observing,0.7077617,Mamba,state-spaces/mamba-130m-hf
289,73,The rare bird's behavior was observed by the biologists.,Passive Control,1,1,The rare bird's behavior was,observed,0.6885773,Mamba,state-spaces/mamba-130m-hf
290,73,The excited bird watchers were observing the rare eagle.,Active Control,1,0,The excited bird watchers were,observing,0.75373846,Mamba,state-spaces/mamba-130m-hf
291,73,Wilson's unreasonable proposal was observing the stars.,No-Attraction Violation,0,1,Wilson's unreasonable proposal was,observing,0.8134794,Mamba,state-spaces/mamba-130m-hf
292,74,Stormy weather had been forecasting by the weatherman.,Attraction Violation,1,1,Stormy weather had been,forecasting,0.7590951,Mamba,state-spaces/mamba-130m-hf
293,74,Stormy weather had been forecasted by the weatherman.,Passive Control,1,1,Stormy weather had been,forecasted,0.75446033,Mamba,state-spaces/mamba-130m-hf
294,74,The weather service had been forecasting snow for the mountain areas.,Active Control,1,0,The weather service had been,forecasting,0.78010964,Mamba,state-spaces/mamba-130m-hf
295,74,Olson's bulging suitcase had been forecasting correctly.,No-Attraction Violation,0,1,Olson's bulging suitcase had been,forecasting,0.7526417,Mamba,state-spaces/mamba-130m-hf
296,75,The tragic mistake was regretting by Erika for many years.,Attraction Violation,1,1,The tragic mistake was,regretting,0.8948207,Mamba,state-spaces/mamba-130m-hf
297,75,The tragic mistake was regretted years later.,Passive Control,1,1,The tragic mistake was,regretted,0.908164,Mamba,state-spaces/mamba-130m-hf
298,75,Erika was regretting the mistake.,Active Control,1,0,Erika was,regretting,0.8900765,Mamba,state-spaces/mamba-130m-hf
299,75,The library books had been regretting their behavior.,No-Attraction Violation,0,1,The library books had been,regretting,0.7821791,Mamba,state-spaces/mamba-130m-hf
300,76,The stolen artwork had been seizing without warning.,Attraction Violation,1,1,The stolen artwork had been,seizing,0.7281533,Mamba,state-spaces/mamba-130m-hf
301,76,The stolen artwork had been seized by the border police.,Passive Control,1,1,The stolen artwork had been,seized,0.75005853,Mamba,state-spaces/mamba-130m-hf
302,76,The police had been seizing shipments of drugs at the border.,Active Control,1,0,The police had been,seizing,0.7599165,Mamba,state-spaces/mamba-130m-hf
303,76,The grimy pots and pans had been seizing without warning.,No-Attraction Violation,0,1,The grimy pots and pans had been,seizing,0.68537056,Mamba,state-spaces/mamba-130m-hf
304,77,The value of the jewels was estimating the dealer.,Attraction Violation,1,1,The value of the jewels was,estimating,0.7995632,Mamba,state-spaces/mamba-130m-hf
305,77,The value of the jewels was estimated by the dealer.,Passive Control,1,1,The value of the jewels was,estimated,0.882001,Mamba,state-spaces/mamba-130m-hf
306,77,The jewel expert was estimating the value of the diamond.,Active Control,1,0,The jewel expert was,estimating,0.8038001,Mamba,state-spaces/mamba-130m-hf
307,77,The useful new gadget had been estimating professionally.,No-Attraction Violation,0,1,The useful new gadget had been,estimating,0.8075437,Mamba,state-spaces/mamba-130m-hf
308,78,Larry's note had been scribbling his wife.,Attraction Violation,1,1,Larry's note had been,scribbling,0.7736089,Mamba,state-spaces/mamba-130m-hf
309,78,Larry's note had been scribbled with haste.,Passive Control,1,1,Larry's note had been,scribbled,0.78995556,Mamba,state-spaces/mamba-130m-hf
310,78,Larry's wife had been scribbling a note to him about dinner plans.,Active Control,1,0,Larry's wife had been,scribbling,0.7669222,Mamba,state-spaces/mamba-130m-hf
311,78,The broken television had been scribbling his thoughts on a napkin.,No-Attraction Violation,0,1,The broken television had been,scribbling,0.7152717,Mamba,state-spaces/mamba-130m-hf
312,79,Carrie's morning meeting was canceling as expected.,Attraction Violation,1,1,Carrie's morning meeting was,canceling,0.772971,Mamba,state-spaces/mamba-130m-hf
313,79,Carrie's morning meeting was canceled by the boss.,Passive Control,1,1,Carrie's morning meeting was,canceled,0.7917543,Mamba,state-spaces/mamba-130m-hf
314,79,Carrie had been canceling all of her meetings.,Active Control,1,0,Carrie had been,canceling,0.7721723,Mamba,state-spaces/mamba-130m-hf
315,79,The bubblegum had been canceling as expected.,No-Attraction Violation,0,1,The bubblegum had been,canceling,0.71063423,Mamba,state-spaces/mamba-130m-hf
316,80,The girl's disease was curing a simple treatment.,Attraction Violation,1,1,The girl's disease was,curing,0.8593331,Mamba,state-spaces/mamba-130m-hf
317,80,The girl's disease was cured by a simple treatment.,Passive Control,1,1,The girl's disease was,cured,0.9479006,Mamba,state-spaces/mamba-130m-hf
318,80,The foreign doctors were curing hundreds of villagers of malaria.,Active Control,1,0,The foreign doctors were,curing,0.8081055,Mamba,state-spaces/mamba-130m-hf
319,80,Billy's unruly hair was curing his cold.,No-Attraction Violation,0,1,Billy's unruly hair was,curing,0.6561023,Mamba,state-spaces/mamba-130m-hf
320,81,Janet's houseplants were watering too much.,Attraction Violation,1,1,Janet's houseplants were,watering,0.78105474,Mamba,state-spaces/mamba-130m-hf
321,81,Janet's houseplants were watered by her neighbor.,Passive Control,1,1,Janet's houseplants were,watered,0.93671703,Mamba,state-spaces/mamba-130m-hf
322,81,The gardener was watering the plants.,Active Control,1,0,The gardener was,watering,0.7710834,Mamba,state-spaces/mamba-130m-hf
323,81,The roast lamb had been watering too much.,No-Attraction Violation,0,1,The roast lamb had been,watering,0.71533364,Mamba,state-spaces/mamba-130m-hf
324,82,The useful new gadget had been inventing by a bored waiter.,Attraction Violation,1,1,The useful new gadget had been,inventing,0.8360152,Mamba,state-spaces/mamba-130m-hf
325,82,The useful new gadget had been invented by a bored waiter.,Passive Control,1,1,The useful new gadget had been,invented,0.83257306,Mamba,state-spaces/mamba-130m-hf
326,82,The resourceful engineers had been inventing tiny new devices.,Active Control,1,0,The resourceful engineers had been,inventing,0.77708703,Mamba,state-spaces/mamba-130m-hf
327,82,The value of the jewels was inventing the digital computer.,No-Attraction Violation,0,1,The value of the jewels was,inventing,0.8314077,Mamba,state-spaces/mamba-130m-hf
328,83,The phone bill had been paying his roommate.,Attraction Violation,1,1,The phone bill had been,paying,0.76691496,Mamba,state-spaces/mamba-130m-hf
329,83,The phone bill had been paid quickly.,Passive Control,1,1,The phone bill had been,paid,0.8076193,Mamba,state-spaces/mamba-130m-hf
330,83,Juan and Perry had been paying too much for their apartment.,Active Control,1,0,Juan and Perry had been,paying,0.8408774,Mamba,state-spaces/mamba-130m-hf
331,83,"The dark, underwater cave was paying attention to the divers.",No-Attraction Violation,0,1,"The dark, underwater cave was",paying,0.7598128,Mamba,state-spaces/mamba-130m-hf
332,84,The man's signature was forging the lawyers.,Attraction Violation,1,1,The man's signature was,forging,0.8106318,Mamba,state-spaces/mamba-130m-hf
333,84,The man's signature was forged by the lawyers.,Passive Control,1,1,The man's signature was,forged,0.8021564,Mamba,state-spaces/mamba-130m-hf
334,84,The con artists were forging the signatures on checks.,Active Control,1,0,The con artists were,forging,0.8024685,Mamba,state-spaces/mamba-130m-hf
335,84,Poisonous fumes had been forging very well.,No-Attraction Violation,0,1,Poisonous fumes had been,forging,0.70384824,Mamba,state-spaces/mamba-130m-hf
336,85,The bank had been robbing two masked men.,Attraction Violation,1,1,The bank had been,robbing,0.75721544,Mamba,state-spaces/mamba-130m-hf
337,85,The bank had been robbed repeatedly.,Passive Control,1,1,The bank had been,robbed,0.76878893,Mamba,state-spaces/mamba-130m-hf
338,85,The clever burglars had been robbing houses in broad daylight.,Active Control,1,0,The clever burglars had been,robbing,0.749721,Mamba,state-spaces/mamba-130m-hf
339,85,The musical piece was robbing repeatedly.,No-Attraction Violation,0,1,The musical piece was,robbing,0.81040275,Mamba,state-spaces/mamba-130m-hf
340,86,An urgent message had been sending by the ambassador to the President.,Attraction Violation,1,1,An urgent message had been,sending,0.6561851,Mamba,state-spaces/mamba-130m-hf
341,86,An urgent message had been sent again.,Passive Control,1,1,An urgent message had been,sent,0.69300085,Mamba,state-spaces/mamba-130m-hf
342,86,The Prime Minister had been sending urgent messages to her Ambassador.,Active Control,1,0,The Prime Minister had been,sending,0.75145215,Mamba,state-spaces/mamba-130m-hf
343,86,The height of the bookcase was sending mixed signals to the carpenter.,No-Attraction Violation,0,1,The height of the bookcase was,sending,0.801369,Mamba,state-spaces/mamba-130m-hf
344,87,The sleek new building was designing a team of German architects.,Attraction Violation,1,1,The sleek new building was,designing,0.81090146,Mamba,state-spaces/mamba-130m-hf
345,87,The sleek new building was designed by a team of German architects.,Passive Control,1,1,The sleek new building was,designed,0.7605667,Mamba,state-spaces/mamba-130m-hf
346,87,A team of architects had been designing the new building.,Active Control,1,0,A team of architects had been,designing,0.82768875,Mamba,state-spaces/mamba-130m-hf
347,87,The leftover food was designing with flair.,No-Attraction Violation,0,1,The leftover food was,designing,0.71397275,Mamba,state-spaces/mamba-130m-hf
348,88,The final exams had been grading in school.,Attraction Violation,1,1,The final exams had been,grading,0.77119946,Mamba,state-spaces/mamba-130m-hf
349,88,The final exams had been graded in school.,Passive Control,1,1,The final exams had been,graded,0.79884803,Mamba,state-spaces/mamba-130m-hf
350,88,The professor had been grading the final exams until 4 AM.,Active Control,1,0,The professor had been,grading,0.77279705,Mamba,state-spaces/mamba-130m-hf
351,88,The appetizers had been grading Iverson's students.,No-Attraction Violation,0,1,The appetizers had been,grading,0.727992,Mamba,state-spaces/mamba-130m-hf
352,89,The final destination had been reaching too late.,Attraction Violation,1,1,The final destination had been,reaching,0.79232526,Mamba,state-spaces/mamba-130m-hf
353,89,The final destination had been reached too late.,Passive Control,1,1,The final destination had been,reached,0.8100701,Mamba,state-spaces/mamba-130m-hf
354,89,The curious child had been reaching for the cup on the table.,Active Control,1,0,The curious child had been,reaching,0.7128342,Mamba,state-spaces/mamba-130m-hf
355,89,Several spelling errors were reaching too late.,No-Attraction Violation,0,1,Several spelling errors were,reaching,0.7416804,Mamba,state-spaces/mamba-130m-hf
356,90,A faint light was perceiving by the rescue workers.,Attraction Violation,1,1,A faint light was,perceiving,0.8727207,Mamba,state-spaces/mamba-130m-hf
357,90,A faint light was perceived underwater.,Passive Control,1,1,A faint light was,perceived,0.8202397,Mamba,state-spaces/mamba-130m-hf
358,90,The worried pilot was perceiving a rattling sound in the jet's engine.,Active Control,1,0,The worried pilot was,perceiving,0.7596199,Mamba,state-spaces/mamba-130m-hf
359,90,A tiny spy camera was perceiving underwater.,No-Attraction Violation,0,1,A tiny spy camera was,perceiving,0.8967138,Mamba,state-spaces/mamba-130m-hf
360,91,The bubblegum had been chewing by the boy.,Attraction Violation,1,1,The bubblegum had been,chewing,0.8208209,Mamba,state-spaces/mamba-130m-hf
361,91,The bubblegum had been chewed by the boy.,Passive Control,1,1,The bubblegum had been,chewed,0.9396127,Mamba,state-spaces/mamba-130m-hf
362,91,The hungry dog had been chewing a bone.,Active Control,1,0,The hungry dog had been,chewing,0.78493637,Mamba,state-spaces/mamba-130m-hf
363,91,Carrie's morning meeting was chewing for a long time.,No-Attraction Violation,0,1,Carrie's morning meeting was,chewing,0.87659675,Mamba,state-spaces/mamba-130m-hf
364,92,Martin's tonsils had been removing at the hospital.,Attraction Violation,1,1,Martin's tonsils had been,removing,0.6954094,Mamba,state-spaces/mamba-130m-hf
365,92,Martin's tonsils had been removed at the hospital.,Passive Control,1,1,Martin's tonsils had been,removed,0.6696306,Mamba,state-spaces/mamba-130m-hf
366,92,The surgeon had been removing the cancerous growth.,Active Control,1,0,The surgeon had been,removing,0.7885687,Mamba,state-spaces/mamba-130m-hf
367,92,The homicide case had been removing at the hospital.,No-Attraction Violation,0,1,The homicide case had been,removing,0.7501167,Mamba,state-spaces/mamba-130m-hf
368,93,Mother Theresa's death was mourning millions of people.,Attraction Violation,1,1,Mother Theresa's death was,mourning,0.7819999,Mamba,state-spaces/mamba-130m-hf
369,93,Mother Theresa's death was mourned by millions of people.,Passive Control,1,1,Mother Theresa's death was,mourned,0.7905385,Mamba,state-spaces/mamba-130m-hf
370,93,The black-clad women were mourning the death of their brother.,Active Control,1,0,The black-clad women were,mourning,0.7868656,Mamba,state-spaces/mamba-130m-hf
371,93,Lisa's phone had been mourning the loss of a loved one.,No-Attraction Violation,0,1,Lisa's phone had been,mourning,0.73806167,Mamba,state-spaces/mamba-130m-hf
372,94,The bathroom floor had been mopping by a janitor.,Attraction Violation,1,1,The bathroom floor had been,mopping,0.7044724,Mamba,state-spaces/mamba-130m-hf
373,94,The bathroom floor had been mopped in the past.,Passive Control,1,1,The bathroom floor had been,mopped,0.724262,Mamba,state-spaces/mamba-130m-hf
374,94,The school janitor had been mopping the bathroom.,Active Control,1,0,The school janitor had been,mopping,0.7727737,Mamba,state-spaces/mamba-130m-hf
375,94,An important lesson had been mopping in the past.,No-Attraction Violation,0,1,An important lesson had been,mopping,0.7394861,Mamba,state-spaces/mamba-130m-hf
376,95,The sin had been confessing by the repentant Catholic.,Attraction Violation,1,1,The sin had been,confessing,0.7740233,Mamba,state-spaces/mamba-130m-hf
377,95,The sin had been confessed on Sunday.,Passive Control,1,1,The sin had been,confessed,0.7782477,Mamba,state-spaces/mamba-130m-hf
378,95,The repentant Catholic had been confessing his sins.,Active Control,1,0,The repentant Catholic had been,confessing,0.79334205,Mamba,state-spaces/mamba-130m-hf
379,95,Ten new trees had been confessing on Sunday.,No-Attraction Violation,0,1,Ten new trees had been,confessing,0.7848297,Mamba,state-spaces/mamba-130m-hf
380,96,The strange mystery had been solving the detectives.,Attraction Violation,1,1,The strange mystery had been,solving,0.70709145,Mamba,state-spaces/mamba-130m-hf
381,96,The strange mystery had been solved at the station.,Passive Control,1,1,The strange mystery had been,solved,0.7095666,Mamba,state-spaces/mamba-130m-hf
382,96,The brilliant detective had been solving mysterious crimes for two decades.,Active Control,1,0,The brilliant detective had been,solving,0.77939856,Mamba,state-spaces/mamba-130m-hf
383,96,Hathaway's gigantic fortune had been solving at the station.,No-Attraction Violation,0,1,Hathaway's gigantic fortune had been,solving,0.7188345,Mamba,state-spaces/mamba-130m-hf
