"","target","Condition","ContextCode","PlausibilityJudgement","Cloze","Sentence","context","lp_pythia","s_lp"
"1","raise","BC",1,2.55,0.225806451612903,"Henry was surprised to find he wouldn't be promoted for his day to day performance, but needed a major raise","Henry was surprised to find he wouldn't be promoted for his day to day performance, but needed a major",-6.3964056968689,0.441752555900394
"2","couch","BC",8,1.21,0.1875,"The cigar burned a hole in the couch","The cigar burned a hole in the",-9.30389595031738,-0.381366695521867
"3","try","BC",11,1.33,0.0344827586206896,"His first film was a failure, but he learned some techniques in that first try","His first film was a failure, but he learned some techniques in that first",-8.15231895446777,-0.0553517781357918
"4","look","BC",17,1.79,0.03125,"He was hired for the job because of his fresh new look","He was hired for the job because of his fresh new",-6.11677837371826,0.520915893640209
"5","print","BC",18,1.46,0.0689655172413793,"The journal issue that has the new article about diseases of the eye is still in print","The journal issue that has the new article about diseases of the eye is still in",-3.99379444122314,1.12193904177433
"6","ball","BC",22,1.33,0.03125,"Every spring they held the annual ball","Every spring they held the annual",-5.96898078918457,0.562757835156298
"7","wheels","BC",23,1.63,0.09375,"Penelope started to assemble her new bicycle, but was missing the wheels","Penelope started to assemble her new bicycle, but was missing the",-5.75084066390991,0.624513961907977
"8","management","BC",24,1.25,0.1875,"The restaurant will reopen with new management","The restaurant will reopen with new",-7.29766321182251,0.186603837803256
"9","bugs","BC",28,1.13,0,"Jennifer disliked walking under the trees at the edge of the park because they were always full of bugs","Jennifer disliked walking under the trees at the edge of the park because they were always full of",-7.48464584350586,0.133668491369122
"10","pretty","BC",36,1.28,0.3125,"The painting had a strong impact on everyone, but they couldn't agree on whether it was ugly or pretty","The painting had a strong impact on everyone, but they couldn't agree on whether it was ugly or",-6.3777494430542,0.447034197569213
"11","print","BC",37,1.73,0.0689655172413793,"I don't know why people like to see their initials in print","I don't know why people like to see their initials in",-6.11258220672607,0.52210384115933
"12","rare","BC",38,1.28,0.15625,"The gem cutter examined the ruby very closely before cutting because he knew that one this large was very rare","The gem cutter examined the ruby very closely before cutting because he knew that one this large was very",-4.10947895050049,1.08918840862445
"13","temple","BC",39,1.22,0.290322580645161,"They couldn't decide whether to visit the Roman fort or the ruins of Aphrodite's temple","They couldn't decide whether to visit the Roman fort or the ruins of Aphrodite's",-4.2267541885376,1.05598743536961
"14","police","BC",40,1.39,0.241379310344828,"He took a job training dogs for the police","He took a job training dogs for the",-6.54353666305542,0.400099336047002
"15","orchestra","BC",41,1.11,0.266666666666667,"The conductor gave detailed instructions to the orchestra","The conductor gave detailed instructions to the",-6.91206312179565,0.295768385156359
"16","cards","BC",45,1.03,0.125,"Down in the basement, Steve and Robert were playing cards","Down in the basement, Steve and Robert were playing",-5.51939392089844,0.690037232235631
"17","company","BC",47,1.13,0.413793103448276,"After the most recent price increase, the small business owner decided to order his office supplies from another company","After the most recent price increase, the small business owner decided to order his office supplies from another",-0.944643378257751,1.98516289521447
"18","dog","BC",48,1.07,0.21875,"Sharon was sad that she had lost her dog","Sharon was sad that she had lost her",-7.81712341308594,0.0395430896200167
"19","combat","BC",50,2.21,0.448275862068966,"All of armed services will admit women, but females are barred from combat","All of armed services will admit women, but females are barred from",-7.88142395019531,0.0213394138179249
"20","cheap","BC",51,1.44,0.172413793103448,"After the divorce, she had to move out of the expensive house to an apartment that was cheap","After the divorce, she had to move out of the expensive house to an apartment that was",-7.80862522125244,0.041948953334309
"21","morals","BC",52,1.13,0.413793103448276,"His tactics usually turned out to be beneficial for the business, but they often came in conflict with his morals","His tactics usually turned out to be beneficial for the business, but they often came in conflict with his",-9.53829187899828,-0.44772488919884
"22","hilarious","BC",53,1.32,0.357142857142857,"Some of his jokes were crummy, but those one-liners were hilarious","Some of his jokes were crummy, but those one-liners were",-5.79567241668701,0.611821957612497
"23","restaurant","BC",60,1.74,0.482758620689655,"The inspector from the health department found a roach in a very expensive restaurant","The inspector from the health department found a roach in a very expensive",-4.80675983428955,0.891786089419852
"24","felon","BC",61,1.03,0.142857142857143,"The conductor had no idea that the train had been boarded by a known felon","The conductor had no idea that the train had been boarded by a known",-10.6357383728027,-0.758415298353229
"25","medicine","BC",64,1.22,0.28125,"The nurse brought him a glass of juice and his medicine","The nurse brought him a glass of juice and his",-8.30312919616699,-0.0980466119729951
"26","school","BC",65,1.21,0.285714285714286,"The teacher was not looking forward to another year of school","The teacher was not looking forward to another year of",-3.13910603523254,1.36390390480486
"27","year","BC",67,1.31,0.285714285714286,"Steve skipped his annual checkup for another year","Steve skipped his annual checkup for another",-3.48515868186951,1.26593535783736
"28","vague","BC",72,1.33,0.310344827586207,"The candidate wanted to please everyone without making any commitments, so his speech was deliberately vague","The candidate wanted to please everyone without making any commitments, so his speech was deliberately",-4.15277910232544,1.07693000517345
"29","plants","BC",74,1.29,0.178571428571428,"She poured water on the plants","She poured water on the",-8.4745044708252,-0.146563468606181
"30","modern","BC",81,1.3,0.5,"Mark liked the older houses, but Susan wanted to buy one that was new and modern","Mark liked the older houses, but Susan wanted to buy one that was new and",-4.53719043731689,0.968101997952756
"31","doctor","BC",82,1.06,0.142857142857143,"In an old sitcom, he was the wise family doctor","In an old sitcom, he was the wise family",-4.3368034362793,1.0248321617403
"32","censored","BC",83,1.56,0.1875,"The government controlled the news media, so most of the reports from the war zone were censored","The government controlled the news media, so most of the reports from the war zone were",-5.72141124866903,0.632845518037577
"33","medal","BC",84,1.18,0.28125,"Grinning wherever he went, it was easy to tell that Carl was proud of his new gold medal","Grinning wherever he went, it was easy to tell that Carl was proud of his new gold",-2.26482820510864,1.61141459283318
"34","pool","BC",85,1.18,0.25,"During the summer, the children hung out at the pool","During the summer, the children hung out at the",-4.95906639099121,0.848667644296853
"35","heroic","BC",86,1.7,0.0625,"The handsome knight charged into the dark forest after the kidnapped princess, determined to prove that he could be heroic","The handsome knight charged into the dark forest after the kidnapped princess, determined to prove that he could be",-10.9500370025635,-0.847394187463816
"36","diary","BC",88,1.33,0.551724137931034,"The little girl kept a lock on her diary","The little girl kept a lock on her",-8.84400844573975,-0.251171157271165
"37","plane","BC",89,2,0.2,"Flying low above her, Bernice could hear the plane","Flying low above her, Bernice could hear the",-10.1858615875244,-0.631053824899848
"38","car","BC",97,1.54,0.3,"Perry heard a grinding noise coming from his car","Perry heard a grinding noise coming from his",-3.82525849342346,1.16965207641858
"39","complain","BC",98,1.7,0.53125,"If Jim's manager is incompetent, he has a legitimate right to complain","If Jim's manager is incompetent, he has a legitimate right to",-4.30250644683838,1.0345417427926
"40","villain","BC",101,1.82,0.633333333333333,"In the best part of the movie, the hero has to impersonate the villain","In the best part of the movie, the hero has to impersonate the",-2.40824842453003,1.57081189656999
"41","crown","BC",103,1.38,0.46875,"The princess wore a crown","The princess wore a",-6.3670768737793,0.450055634088868
"42","drum","BC",106,1.34,0.25,"Jason was disappointed when the other scouts scared off the elk by loudly beating the drum","Jason was disappointed when the other scouts scared off the elk by loudly beating the",-8.5273609161377,-0.161527287537943
"43","ruined","BC",107,1.17,0.09375,"After the flood, the house smelled of mildew and everything in it was ruined","After the flood, the house smelled of mildew and everything in it was",-5.9179859161377,0.577194637370487
"44","accident","BC",109,1.2,0.241379310344828,"Everyone on the scene gathered around to look at the accident","Everyone on the scene gathered around to look at the",-10.1341934204102,-0.616426411106454
"45","tied","BC",115,1.78,0.535714285714286,"The final score of the game was tied","The final score of the game was",-6.52350282669067,0.405770975486587
"46","exhausted","BC",117,1.48,0.333333333333333,"After swimming the English Channel, Bonita was cold and completely exhausted","After swimming the English Channel, Bonita was cold and completely",-3.64634156227112,1.22030399872931
"47","confidence","BC",120,1.48,0.46875,"She had the data to back up everything she said, so the hostile questions did not shake her confidence","She had the data to back up everything she said, so the hostile questions did not shake her",-4.67711305618286,0.928489482945562
"48","fabric","BC",125,1.64,0.285714285714286,"The new dress was very pretty, but it was cut from an unusual fabric","The new dress was very pretty, but it was cut from an unusual",-5.37842464447021,0.729946059152423
"49","run","BC",128,1.24,0.275862068965517,"When the little girl saw the big dog lumbering towards her, she began to run","When the little girl saw the big dog lumbering towards her, she began to",-3.90410399436951,1.14733067752833
"50","stadium","BC",132,1.3,0.448275862068966,"From her house a half mile away, Diana could still hear the loud cheers coming from the stadium","From her house a half mile away, Diana could still hear the loud cheers coming from the",-10.282509803772,-0.658415226133998
"51","storm","BC",133,1.36,0.433333333333333,"Five ships did not survive the storm","Five ships did not survive the",-4.95227479934692,0.850590364355358
"52","accident","BC",135,1.09,0.464285714285714,"The paramedics on the scene helped the passengers after the big car accident","The paramedics on the scene helped the passengers after the big car",-4.49231338500977,0.980806826681681
"53","crash","BC",136,1.42,0.233333333333333,"The pilot spoke to an air traffic controller just before the crash","The pilot spoke to an air traffic controller just before the",-4.0189962387085,1.11480433696971
"54","lunch","BC",140,1.38,0.285714285714286,"The boy scouts started a long hike through the forest after having a big lunch","The boy scouts started a long hike through the forest after having a big",-5.28050708770752,0.757666814511108
"55","roads","BC",143,1.41,0.178571428571428,"When traveling, Roger prefers to stick to major roads","When traveling, Roger prefers to stick to major",-3.77136301994324,1.18491004735536
"56","needle","BC",147,1.52,0.678571428571429,"While hemming a pair of pants, Bridget accidentally dropped her needle","While hemming a pair of pants, Bridget accidentally dropped her",-10.2535610198975,-0.650219738192427
"57","bear","BC",148,1.25,0.413793103448276,"The rangers say that somewhere in the state park is a bear","The rangers say that somewhere in the state park is a",-7.22147655487061,0.208172509947294
"58","stress","BC",153,1.09,0.464285714285714,"The doctor told him his headaches were due to stress","The doctor told him his headaches were due to",-5.89827251434326,0.582775560817702
"59","hands","BC",156,1.09,0.533333333333333,"The groups in the parade walked by slowly, each waving their hands","The groups in the parade walked by slowly, each waving their",-1.68205857276917,1.77639843171413
"60","cure","BC",158,1.63,0.5,"The little girl was very sick, but unfortunately there was no cure","The little girl was very sick, but unfortunately there was no",-4.0049467086792,1.11878180125419
"61","view","BC",161,1.18,0.566666666666667,"The meteor shower should have been spectacular, but the city lights blocked the view","The meteor shower should have been spectacular, but the city lights blocked the",-3.63914227485657,1.22234213868882
"62","end","BC",162,1.21,0.620689655172414,"She was unsure how the book would end","She was unsure how the book would",-2.83700370788574,1.44942998395291
"63","sales","BC",166,1.59,0.533333333333333,"He was desperate for a job, so finally took something doing door to door sales","He was desperate for a job, so finally took something doing door to door",-10.1725559234619,-0.627286951311944
"64","terms","BC",168,1.89,0.678571428571429,"The young doctor wanted to work in the barrio so she set to work learning the Spanish translations of common medical terms","The young doctor wanted to work in the barrio so she set to work learning the Spanish translations of common medical",-5.61271619796753,0.66361741440442
"65","young","BC",169,1.7,0.827586206896552,"Even though she was blindfolded, Jessie could tell from their voices that one of the kidnapers was old and two were young","Even though she was blindfolded, Jessie could tell from their voices that one of the kidnapers was old and two were",-3.76286315917969,1.18731638354878
"66","business","BC",172,1.25,0.625,"In the window, they posted the hours they were open for business","In the window, they posted the hours they were open for",-4.87711954116821,0.871867044398957
"67","contagious","BC",173,1.61,0.551724137931034,"They sent the kids with measles home from school because they were contagious","They sent the kids with measles home from school because they were",-8.53683477453887,-0.164209365397365
"68","water","BC",174,1.5,0.689655172413793,"Outside, Cora could hear the running water","Outside, Cora could hear the running",-4.45213222503662,0.99218223414148
"69","walk","BC",177,1.64,0.464285714285714,"At night they often took a short walk","At night they often took a short",-1.84591972827911,1.7300088448529
"70","published","BC",182,1.36,0.548387096774194,"The wealthy author always points out that she wrote four novels before one was published","The wealthy author always points out that she wrote four novels before one was",-0.507060766220093,2.10904385117937
"71","mouse","BC",185,1.48,0.928571428571429,"The kitten waited patiently because behind the refrigerator was a mouse","The kitten waited patiently because behind the refrigerator was a",-8.65120410919189,-0.196587668648287
"72","cold","BC",187,1.33,0.793103448275862,"Norton hates getting up on winter mornings because it is always cold","Norton hates getting up on winter mornings because it is always",-3.87861347198486,1.1545471212219
"73","soil","BC",190,1.09,0.862068965517241,"The fertilizer enriched the soil","The fertilizer enriched the",-3.47329020500183,1.26929535939996
"74","note","BC",193,1.09,0.633333333333333,"The young girl passed her friend a note","The young girl passed her friend a",-5.47754383087158,0.701885118822354
"75","perfect","BC",196,1.3,0.482758620689655,"He tinkered with the engine every weekend until it was absolutely perfect","He tinkered with the engine every weekend until it was absolutely",-3.13044357299805,1.36635627396464
"76","shore","BC",197,1.36,0.5625,"When Diane heard the shark warning, she swam as fast as she could for shore","When Diane heard the shark warning, she swam as fast as she could for",-9.72875881195068,-0.501646651820926
"77","church","BC",198,1.42,0.724137931034483,"Michael could hear the bells ringing in the tower of the church","Michael could hear the bells ringing in the tower of the",-4.79280567169189,0.895736554897074
"78","dirty","BC",200,1.12,0.875,"When he got home from work on the construction site, his clothes were always dirty","When he got home from work on the construction site, his clothes were always",-2.80191397666931,1.4593639925905
"79","sun","BC",201,1.68,0.766666666666667,"Kevin propped his head up with a pillow as he basked in the hot sun","Kevin propped his head up with a pillow as he basked in the hot",-0.837090373039246,2.01561147506394
"80","price","BC",203,1.38,0.535714285714286,"He bought it without even asking the price","He bought it without even asking the",-4.38405084609985,1.01145627765711
"81","ready","BC",204,1.3,0.620689655172414,"Barry has considered proposing to his girlfriend, but he wants to wait until he is ready","Barry has considered proposing to his girlfriend, but he wants to wait until he is",-3.18393063545227,1.35121392541992
"82","car","BC",205,1.26,0.71875,"John was disappointed to discover a scratch on his new car","John was disappointed to discover a scratch on his new",-3.73767232894897,1.19444798349056
"83","brain","BC",206,1.31,0.666666666666667,"He was afraid that doing drugs would damage his brain","He was afraid that doing drugs would damage his",-3.45506620407104,1.27445462897491
"84","married","BC",207,1.53,0.344827586206897,"They've been living together for a long time, but don't think they're actually married","They've been living together for a long time, but don't think they're actually",-4.24443340301514,1.05098239648109
"85","trouble","BC",208,1.32,0.65625,"Dennis the Menance was known for making trouble","Dennis the Menance was known for making",-7.60423898696899,0.0998113121039965
"86","cover","BC",211,1.03,0.65625,"When the shooting started they ran for cover","When the shooting started they ran for",-4.08968448638916,1.09479228105783
"87","real","BC",212,1.59,0.448275862068966,"The federal agents examined the hundred dollar bill with a microscope to see if it was real","The federal agents examined the hundred dollar bill with a microscope to see if it was",-4.17676067352295,1.07014075010764
"88","simmer","BC",213,1.33,0.655172413793103,"Eva turned down the heat and left the sauce on the stove to simmer","Eva turned down the heat and left the sauce on the stove to",-3.76836180686951,1.1857596998196
"89","shadow","BC",215,1.31,0.821428571428571,"Alone in the canyon, he was so spooked he was scared by his own shadow","Alone in the canyon, he was so spooked he was scared by his own",-7.22491836547852,0.207198122993542
"90","lie","BC",220,2.03,0.857142857142857,"Betsy could never tell a lie","Betsy could never tell a",-5.1444296836853,0.796190737609871
"91","room","BC",221,1.27,0.84375,"The bad boy was sent to his room","The bad boy was sent to his",-3.2333550453186,1.33722172606417
"92","scars","BC",223,1.39,0.724137931034483,"The Vietnam vet had received the Purple Heart, and when he took off his shirt you could see all of his scars","The Vietnam vet had received the Purple Heart, and when he took off his shirt you could see all of his",-3.8639190196991,1.15870716494042
"93","fear","BC",226,1.33,0.65625,"Trying to evade their captors, the escaped prisoners of war lived in constant fear","Trying to evade their captors, the escaped prisoners of war lived in constant",-0.989932119846344,1.97234151600949
"94","sharp","BC",228,1.11,0.655172413793103,"The tip of the knife was sharp","The tip of the knife was",-6.00264453887939,0.553227526184151
"95","stretch","BC",230,1.25,0.5,"The little girl pulled on the rubber band to see how far it would stretch","The little girl pulled on the rubber band to see how far it would",-7.15375709533691,0.227344092989397
"96","enemy","BC",232,1.24,0.34375,"The soldiers had special night vision goggles so they could see the enemy","The soldiers had special night vision goggles so they could see the",-5.33675146102905,0.741743862951692
"97","poor","BC",233,1.09,0.9,"George was born into a wealthy family and has no idea what it's like to be poor","George was born into a wealthy family and has no idea what it's like to be",-5.87820816040039,0.588455839875607
"98","cave","BC",237,1.71,0.758620689655172,"Looking for bats, Karen descended into the depths of the cave","Looking for bats, Karen descended into the depths of the",-4.5242714881897,0.971759391377249
"99","antenna","BC",239,1.44,0.607142857142857,"We finally got a decent picture on the TV after an hour of adjusting the antenna","We finally got a decent picture on the TV after an hour of adjusting the",-6.56339836120605,0.394476429454509
"100","stock","BC",240,1.12,0.724137931034483,"It took a week to get his car fixed because the parts were out of stock","It took a week to get his car fixed because the parts were out of",-3.35628366470337,1.30242026351538
"101","party","BC",242,1.16,0.875,"The dispute was settled by a third party","The dispute was settled by a third",-0.135507166385651,2.21423179483498
"102","soon","BC",244,1.24,0.833333333333333,"Our guests should be arriving soon","Our guests should be arriving",-4.34411191940308,1.02276310814649
"103","oven","BC",245,1.3,0.896551724137931,"The dough was put in the hot oven","The dough was put in the hot",-2.72358274459839,1.48153980041264
"104","short","BC",250,1.03,0.5625,"Andrew was glad that the meeting was very short","Andrew was glad that the meeting was very",-4.45109844207764,0.9924749012121
"105","bus","BC",252,2.07,0.9,"When they came to Florida, Arthur couldn't see the swamp from the back of the crowded tour bus","When they came to Florida, Arthur couldn't see the swamp from the back of the crowded tour",-1.54157650470734,1.81616932847437
"106","shore","BC",254,1.78,0.9,"Most shark attacks occur very close to shore","Most shark attacks occur very close to",-5.16741800308228,0.789682675121597
"107","deal","BC",255,1.3,0.862068965517241,"He didn't have to spend much money on the car because he found an incredible deal","He didn't have to spend much money on the car because he found an incredible",-2.81027960777283,1.45699565721829
"108","school","BC",256,1,0.875,"The wealthy child went to a private school","The wealthy child went to a private",-1.4618821144104,1.83873105049768
"109","lights","BC",260,1,0.65625,"When you go to bed, turn off the lights","When you go to bed, turn off the",-1.92138350009918,1.70864482366784
"110","leash","BC",261,1.18,0.90625,"George must keep his pet on a leash","George must keep his pet on a",-7.17440736293793,0.221497940009432
"111","piles","BC",263,1.36,0.724137931034483,"He didn't have time to file everything on his desk, so he organized it into two piles","He didn't have time to file everything on his desk, so he organized it into two",-4.98927974700928,0.840114152171111
"112","speak","BC",265,1.25,0.857142857142857,"The whole town came to hear their mayor speak","The whole town came to hear their mayor",-3.8847770690918,1.15280218830916
"113","arm","BC",273,1.16,0.964285714285714,"Josie found she could not bend the elbow of her broken arm","Josie found she could not bend the elbow of her broken",-1.32443237304688,1.87764348643281
"114","wrong","BC",275,1.18,0.642857142857143,"It's hard to admit when one is wrong","It's hard to admit when one is",-4.75841093063354,0.905473809726813
"115","said","BC",276,1.36,0.866666666666667,"Vic asked her to repeat what she had said","Vic asked her to repeat what she had",-1.31810832023621,1.87943384483875
"116","palace","BC",281,1.39,0.827586206896552,"When they were in London they visited Buckingham palace","When they were in London they visited Buckingham",-8.71517944335938,-0.214699278517647
"117","mission","BC",282,1.54,0.862068965517241,"The agent was sent to South America on a secret mission","The agent was sent to South America on a secret",-1.78706860542297,1.74666977506006
"118","air","BC",283,1.55,0.931034482758621,"Sam knew that rain was coming because he could smell it in the air","Sam knew that rain was coming because he could smell it in the",-2.04689168930054,1.67311307713137
"119","raise","BC",286,1.03,0.933333333333333,"His boss refused to give him a raise","His boss refused to give him a",-5.08978462219238,0.811660919171659
"120","sleep","BC",287,1.07,0.964285714285714,"She flew in late last night and really didn't get much sleep","She flew in late last night and really didn't get much",-2.54866003990173,1.53106094517861
"121","search","BC",288,1.41,0.862068965517241,"After a week, they gave up on the missing hikers and called off the search","After a week, they gave up on the missing hikers and called off the",-5.02292060852051,0.830590322912704
"122","bonus","Rel",1,2.78,0,"Henry was surprised to find he wouldn't be promoted for his day to day performance, but needed a major bonus","Henry was surprised to find he wouldn't be promoted for his day to day performance, but needed a major",-6.7389349937439,0.34478147986685
"123","sofa","Rel",8,1.25,0.03125,"The cigar burned a hole in the sofa","The cigar burned a hole in the",-11.2377338409424,-0.928842029279321
"124","effort","Rel",11,1.39,0,"His first film was a failure, but he learned some techniques in that first effort","His first film was a failure, but he learned some techniques in that first",-6.44260215759277,0.428674198673128
"125","image","Rel",17,1.71,0,"He was hired for the job because of his fresh new image","He was hired for the job because of his fresh new",-8.47993755340576,-0.14810159065537
"126","press","Rel",18,2.04,0.0344827586206896,"The journal issue that has the new article about diseases of the eye is still in press","The journal issue that has the new article about diseases of the eye is still in",-6.67726612091064,0.362240123582802
"127","dance","Rel",22,1,0,"Every spring they held the annual dance","Every spring they held the annual",-9.25572395324707,-0.36772905800236
"128","tires","Rel",23,1.96,0.0625,"Penelope started to assemble her new bicycle, but was missing the tires","Penelope started to assemble her new bicycle, but was missing the",-8.77574348449707,-0.231845141051576
"129","ownership","Rel",24,1.15,0,"The restaurant will reopen with new ownership","The restaurant will reopen with new",-9.28875160217285,-0.377079284930131
"130","insects","Rel",28,1.39,0,"Jennifer disliked walking under the trees at the edge of the park because they were always full of insects","Jennifer disliked walking under the trees at the edge of the park because they were always full of",-5.97585678100586,0.560811221153375
"131","attractive","Rel",36,1.48,0,"The painting had a strong impact on everyone, but they couldn't agree on whether it was ugly or attractive","The painting had a strong impact on everyone, but they couldn't agree on whether it was ugly or",-6.78173971176147,0.332663335219527
"132","ink","Rel",37,1.79,0.0344827586206896,"I don't know why people like to see their initials in ink","I don't know why people like to see their initials in",-9.55105876922607,-0.451339234290738
"133","unique","Rel",38,1.63,0,"The gem cutter examined the ruby very closely before cutting because he knew that one this large was very unique","The gem cutter examined the ruby very closely before cutting because he knew that one this large was very",-6.97773218154907,0.27717727647019
"134","shrine","Rel",39,1.79,0,"They couldn't decide whether to visit the Roman fort or the ruins of Aphrodite's shrine","They couldn't decide whether to visit the Roman fort or the ruins of Aphrodite's",-7.0764331817627,0.249234725909923
"135","military","Rel",40,1.52,0,"He took a job training dogs for the military","He took a job training dogs for the",-5.51057767868042,0.692533136972111
"136","choir","Rel",41,1.32,0,"The conductor gave detailed instructions to the choir","The conductor gave detailed instructions to the",-8.93904113769531,-0.278075198710454
"137","poker","Rel",45,1.3,0.09375,"Down in the basement, Steve and Robert were playing poker","Down in the basement, Steve and Robert were playing",-7.25975036621094,0.197337078632549
"138","business","Rel",47,1.15,0,"After the most recent price increase, the small business owner decided to order his office supplies from another business","After the most recent price increase, the small business owner decided to order his office supplies from another",-5.53942823410034,0.68436545780201
"139","puppy","Rel",48,1.06,0.09375,"Sharon was sad that she had lost her puppy","Sharon was sad that she had lost her",-9.77635192871094,-0.515120406580409
"140","fighting","Rel",50,2.81,0.0689655172413793,"All of armed services will admit women, but females are barred from fighting","All of armed services will admit women, but females are barred from",-6.11994934082031,0.520018183299055
"141","affordable","Rel",51,1.19,0.103448275862069,"After the divorce, she had to move out of the expensive house to an apartment that was affordable","After the divorce, she had to move out of the expensive house to an apartment that was",-7.59805393218994,0.101562319748373
"142","values","Rel",52,1.75,0.0689655172413793,"His tactics usually turned out to be beneficial for the business, but they often came in conflict with his values","His tactics usually turned out to be beneficial for the business, but they often came in conflict with his",-6.11437177658081,0.521597208541232
"143","humorous","Rel",53,1.25,0,"Some of his jokes were crummy, but those one-liners were humorous","Some of his jokes were crummy, but those one-liners were",-8.73904746770859,-0.221456388128574
"144","cafe","Rel",60,1.47,0,"The inspector from the health department found a roach in a very expensive cafe","The inspector from the health department found a roach in a very expensive",-8.80260944366455,-0.239450975042748
"145","convict","Rel",61,1.3,0.0357142857142857,"The conductor had no idea that the train had been boarded by a known convict","The conductor had no idea that the train had been boarded by a known",-10.4077110290527,-0.693860070259622
"146","pills","Rel",64,1.52,0.0625,"The nurse brought him a glass of juice and his pills","The nurse brought him a glass of juice and his",-7.39541435241699,0.158930195363227
"147","classes","Rel",65,1.5,0,"The teacher was not looking forward to another year of classes","The teacher was not looking forward to another year of",-6.46271419525146,0.422980420211596
"148","month","Rel",67,2.46,0,"Steve skipped his annual checkup for another month","Steve skipped his annual checkup for another",-4.17937278747559,1.06940125277699
"149","ambiguous","Rel",72,1.3,0.0689655172413793,"The candidate wanted to please everyone without making any commitments, so his speech was deliberately ambiguous","The candidate wanted to please everyone without making any commitments, so his speech was deliberately",-6.83014726638794,0.318959010646105
"150","roses","Rel",74,1.24,0,"She poured water on the roses","She poured water on the",-9.2879810333252,-0.376861134567529
"151","contemporary","Rel",81,1.06,0.0333333333333333,"Mark liked the older houses, but Susan wanted to buy one that was new and contemporary","Mark liked the older houses, but Susan wanted to buy one that was new and",-7.66768360137939,0.0818499505969981
"152","physician","Rel",82,1.64,0,"In an old sitcom, he was the wise family physician","In an old sitcom, he was the wise family",-4.6798210144043,0.927722851813621
"153","screened","Rel",83,1.43,0,"The government controlled the news media, so most of the reports from the war zone were screened","The government controlled the news media, so most of the reports from the war zone were",-9.07913303375244,-0.317735636600521
"154","trophy","Rel",84,1.35,0.03125,"Grinning wherever he went, it was easy to tell that Carl was proud of his new gold trophy","Grinning wherever he went, it was easy to tell that Carl was proud of his new gold",-7.00436067581177,0.269638669509078
"155","lake","Rel",85,1.15,0,"During the summer, the children hung out at the lake","During the summer, the children hung out at the",-4.33247947692871,1.02605628766114
"156","courageous","Rel",86,1.93,0,"The handsome knight charged into the dark forest after the kidnapped princess, determined to prove that he could be courageous","The handsome knight charged into the dark forest after the kidnapped princess, determined to prove that he could be",-9.96989824622869,-0.569913952251558
"157","journal","Rel",88,1.5,0,"The little girl kept a lock on her journal","The little girl kept a lock on her",-9.89723110198975,-0.549341664761338
"158","jet","Rel",89,2.41,0.0333333333333333,"Flying low above her, Bernice could hear the jet","Flying low above her, Bernice could hear the",-8.14289283752441,-0.0526832160269304
"159","engine","Rel",97,1.23,0.1,"Perry heard a grinding noise coming from his engine","Perry heard a grinding noise coming from his",-4.84344673156738,0.881399918257793
"160","argue","Rel",98,2.58,0,"If Jim's manager is incompetent, he has a legitimate right to argue","If Jim's manager is incompetent, he has a legitimate right to",-6.22120761871338,0.491351659722306
"161","criminal","Rel",101,1.67,0.0666666666666666,"In the best part of the movie, the hero has to impersonate the criminal","In the best part of the movie, the hero has to impersonate the",-6.85453748703003,0.312054065691215
"162","hat","Rel",103,1.5,0,"The princess wore a hat","The princess wore a",-5.0986442565918,0.809152729977878
"163","pans","Rel",106,1.55,0,"Jason was disappointed when the other scouts scared off the elk by loudly beating the pans","Jason was disappointed when the other scouts scared off the elk by loudly beating the",-10.7790699005127,-0.798992885725672
"164","destroyed","Rel",107,1.3,0.03125,"After the flood, the house smelled of mildew and everything in it was destroyed","After the flood, the house smelled of mildew and everything in it was",-5.4128589630127,0.720197599817674
"165","crash","Rel",109,1.18,0,"Everyone on the scene gathered around to look at the crash","Everyone on the scene gathered around to look at the",-8.94913482666016,-0.280932752470085
"166","even","Rel",115,2.22,0,"The final score of the game was even","The final score of the game was",-8.51422500610352,-0.15780847182695
"167","beat","Rel",117,1.08,0,"After swimming the English Channel, Bonita was cold and completely beat","After swimming the English Channel, Bonita was cold and completely",-9.88559913635254,-0.54604862024072
"168","composure","Rel",120,1.13,0,"She had the data to back up everything she said, so the hostile questions did not shake her composure","She had the data to back up everything she said, so the hostile questions did not shake her",-9.90017159224954,-0.550174126413988
"169","material","Rel",125,1.44,0.107142857142857,"The new dress was very pretty, but it was cut from an unusual material","The new dress was very pretty, but it was cut from an unusual",-6.35449886322021,0.453616506777433
"170","flee","Rel",128,1.3,0,"When the little girl saw the big dog lumbering towards her, she began to flee","When the little girl saw the big dog lumbering towards her, she began to",-6.91728782653809,0.294289255501017
"171","stands","Rel",132,1.39,0.0344827586206896,"From her house a half mile away, Diana could still hear the loud cheers coming from the stands","From her house a half mile away, Diana could still hear the loud cheers coming from the",-8.50760746002197,-0.155935024591682
"172","tsunami","Rel",133,1.3,0.0666666666666666,"Five ships did not survive the tsunami","Five ships did not survive the",-8.89966773986816,-0.266928471148085
"173","wreck","Rel",135,1.09,0.0357142857142857,"The paramedics on the scene helped the passengers after the big car wreck","The paramedics on the scene helped the passengers after the big car",-5.67392063140869,0.646290254879788
"174","collision","Rel",136,1.22,0,"The pilot spoke to an air traffic controller just before the collision","The pilot spoke to an air traffic controller just before the",-6.4495792388916,0.426698965934517
"175","dinner","Rel",140,1.71,0,"The boy scouts started a long hike through the forest after having a big dinner","The boy scouts started a long hike through the forest after having a big",-5.25922584533691,0.763691598349559
"176","streets","Rel",143,1.18,0,"When traveling, Roger prefers to stick to major streets","When traveling, Roger prefers to stick to major",-6.53499794006348,0.402516674254377
"177","pin","Rel",147,1.24,0.0357142857142857,"While hemming a pair of pants, Bridget accidentally dropped her pin","While hemming a pair of pants, Bridget accidentally dropped her",-9.4527587890625,-0.423510213714969
"178","cub","Rel",148,1.48,0,"The rangers say that somewhere in the state park is a cub","The rangers say that somewhere in the state park is a",-9.62356185913086,-0.471865077504638
"179","tension","Rel",153,1.41,0,"The doctor told him his headaches were due to tension","The doctor told him his headaches were due to",-8.55483818054199,-0.169306183883604
"180","arms","Rel",156,1.39,0,"The groups in the parade walked by slowly, each waving their arms","The groups in the parade walked by slowly, each waving their",-1.72753822803497,1.76352300427188
"181","remedy","Rel",158,1.78,0.0625,"The little girl was very sick, but unfortunately there was no remedy","The little girl was very sick, but unfortunately there was no",-7.18821334838867,0.217589423928979
"182","sight","Rel",161,1.5,0,"The meteor shower should have been spectacular, but the city lights blocked the sight","The meteor shower should have been spectacular, but the city lights blocked the",-5.77610492706299,0.617361572884615
"183","conclude","Rel",162,1.3,0,"She was unsure how the book would conclude","She was unsure how the book would",-8.95821952819824,-0.283504658848982
"184","solicitation","Rel",166,1.88,0,"He was desperate for a job, so finally took something doing door to door solicitation","He was desperate for a job, so finally took something doing door to door",-14.5012214183807,-1.85274519579238
"185","words","Rel",168,1.59,0,"The young doctor wanted to work in the barrio so she set to work learning the Spanish translations of common medical words","The young doctor wanted to work in the barrio so she set to work learning the Spanish translations of common medical",-4.26969861984253,1.04382973746966
"186","older","Rel",169,1.72,0,"Even though she was blindfolded, Jessie could tell from their voices that one of the kidnapers was old and two were older","Even though she was blindfolded, Jessie could tell from their voices that one of the kidnapers was old and two were",-5.16056823730469,0.791621864452525
"187","service","Rel",172,1.03,0.03125,"In the window, they posted the hours they were open for service","In the window, they posted the hours they were open for",-7.67704629898071,0.0791993426949597
"188","infectious","Rel",173,1.24,0,"They sent the kids with measles home from school because they were infectious","They sent the kids with measles home from school because they were",-9.75098705291748,-0.507939533815396
"189","river","Rel",174,1.32,0,"Outside, Cora could hear the running river","Outside, Cora could hear the running",-7.52598476409912,0.121965318389274
"190","stroll","Rel",177,1.3,0.107142857142857,"At night they often took a short stroll","At night they often took a short",-3.63925457000732,1.22231034759328
"191","printed","Rel",182,1.4,0,"The wealthy author always points out that she wrote four novels before one was printed","The wealthy author always points out that she wrote four novels before one was",-6.39304733276367,0.4427033188978
"192","rat","Rel",185,1.85,0,"The kitten waited patiently because behind the refrigerator was a rat","The kitten waited patiently because behind the refrigerator was a",-7.39790821075439,0.158224176553568
"193","chilly","Rel",187,1.21,0.0344827586206896,"Norton hates getting up on winter mornings because it is always chilly","Norton hates getting up on winter mornings because it is always",-8.90345978736877,-0.268002011221473
"194","dirt","Rel",190,1.11,0,"The fertilizer enriched the dirt","The fertilizer enriched the",-9.11696720123291,-0.328446603413831
"195","letter","Rel",193,1.03,0,"The young girl passed her friend a letter","The young girl passed her friend a",-4.64807605743408,0.936709944783842
"196","correct","Rel",196,2.29,0,"He tinkered with the engine every weekend until it was absolutely correct","He tinkered with the engine every weekend until it was absolutely",-8.29938888549805,-0.0969877187525424
"197","land","Rel",197,1.11,0.09375,"When Diane heard the shark warning, she swam as fast as she could for land","When Diane heard the shark warning, she swam as fast as she could for",-9.05737209320068,-0.31157504876159
"198","cathedral","Rel",198,1.12,0.103448275862069,"Michael could hear the bells ringing in the tower of the cathedral","Michael could hear the bells ringing in the tower of the",-4.28072071075439,1.04070935032142
"199","filthy","Rel",200,1.29,0.03125,"When he got home from work on the construction site, his clothes were always filthy","When he got home from work on the construction site, his clothes were always",-6.44339370727539,0.42845010857293
"200","lamp","Rel",201,2.86,0,"Kevin propped his head up with a pillow as he basked in the hot lamp","Kevin propped his head up with a pillow as he basked in the hot",-7.97653102874756,-0.00558568669102168
"201","cost","Rel",203,1.65,0,"He bought it without even asking the cost","He bought it without even asking the",-6.45326471328735,0.425655597028234
"202","prepared","Rel",204,1.15,0,"Barry has considered proposing to his girlfriend, but he wants to wait until he is prepared","Barry has considered proposing to his girlfriend, but he wants to wait until he is",-6.73764133453369,0.345147718687233
"203","truck","Rel",205,1,0,"John was disappointed to discover a scratch on his new truck","John was disappointed to discover a scratch on his new",-6.14160299301147,0.513887969118283
"204","mind","Rel",206,1.03,0,"He was afraid that doing drugs would damage his mind","He was afraid that doing drugs would damage his",-4.52672147750854,0.971065792018926
"205","engaged","Rel",207,1.89,0,"They've been living together for a long time, but don't think they're actually engaged","They've been living together for a long time, but don't think they're actually",-6.61442852020264,0.380029637681637
"206","mischief","Rel",208,1.54,0.0625,"Dennis the Menance was known for making mischief","Dennis the Menance was known for making",-8.95099520683289,-0.281459431702568
"207","shelter","Rel",211,1.67,0,"When the shooting started they ran for shelter","When the shooting started they ran for",-6.92330265045166,0.292586440727586
"208","genuine","Rel",212,1.76,0,"The federal agents examined the hundred dollar bill with a microscope to see if it was genuine","The federal agents examined the hundred dollar bill with a microscope to see if it was",-5.24768352508545,0.766959263991359
"209","cook","Rel",213,1.26,0.103448275862069,"Eva turned down the heat and left the sauce on the stove to cook","Eva turned down the heat and left the sauce on the stove to",-2.05827879905701,1.66988935204837
"210","reflection","Rel",215,1.78,0,"Alone in the canyon, he was so spooked he was scared by his own reflection","Alone in the canyon, he was so spooked he was scared by his own",-8.99591445922852,-0.294176207403702
"211","fib","Rel",220,1.61,0,"Betsy could never tell a fib","Betsy could never tell a",-12.4809770584106,-1.28080793020866
"212","bedroom","Rel",221,1.26,0,"The bad boy was sent to his bedroom","The bad boy was sent to his",-7.4864068031311,0.1331699583932
"213","wounds","Rel",223,1.74,0.0689655172413793,"The Vietnam vet had received the Purple Heart, and when he took off his shirt you could see all of his wounds","The Vietnam vet had received the Purple Heart, and when he took off his shirt you could see all of his",-4.97073078155518,0.84536542018177
"214","terror","Rel",226,1.09,0.03125,"Trying to evade their captors, the escaped prisoners of war lived in constant terror","Trying to evade their captors, the escaped prisoners of war lived in constant",-3.1658353805542,1.35633674660508
"215","pointed","Rel",228,1.27,0.0344827586206896,"The tip of the knife was pointed","The tip of the knife was",-6.23262500762939,0.488119362518008
"216","extend","Rel",230,1.09,0,"The little girl pulled on the rubber band to see how far it would extend","The little girl pulled on the rubber band to see how far it would",-8.19440650939941,-0.067266891752574
"217","invaders","Rel",232,1.33,0,"The soldiers had special night vision goggles so they could see the invaders","The soldiers had special night vision goggles so they could see the",-9.90105149149895,-0.550423228542755
"218","needy","Rel",233,1.47,0,"George was born into a wealthy family and has no idea what it's like to be needy","George was born into a wealthy family and has no idea what it's like to be",-13.2598114609718,-1.50129829630971
"219","cavern","Rel",237,1.5,0.103448275862069,"Looking for bats, Karen descended into the depths of the cavern","Looking for bats, Karen descended into the depths of the",-7.2934365272522,0.187800424940698
"220","wires","Rel",239,1.39,0,"We finally got a decent picture on the TV after an hour of adjusting the wires","We finally got a decent picture on the TV after an hour of adjusting the",-6.62541007995605,0.376920725026483
"221","supply","Rel",240,1.93,0,"It took a week to get his car fixed because the parts were out of supply","It took a week to get his car fixed because the parts were out of",-6.65022897720337,0.369894420432992
"222","person","Rel",242,1.19,0.03125,"The dispute was settled by a third person","The dispute was settled by a third",-5.29859304428101,0.752546625709661
"223","shortly","Rel",244,1.26,0.0666666666666666,"Our guests should be arriving shortly","Our guests should be arriving",-6.01244688034058,0.550452453780677
"224","stove","Rel",245,1.89,0,"The dough was put in the hot stove","The dough was put in the hot",-6.17988157272339,0.503051187863175
"225","brief","Rel",250,1.29,0.09375,"Andrew was glad that the meeting was very brief","Andrew was glad that the meeting was very",-5.23454570770264,0.770678619678497
"226","van","Rel",252,1.84,0,"When they came to Florida, Arthur couldn't see the swamp from the back of the crowded tour van","When they came to Florida, Arthur couldn't see the swamp from the back of the crowded tour",-4.75178146362305,0.907350631812988
"227","land","Rel",254,1.53,0.0666666666666666,"Most shark attacks occur very close to land","Most shark attacks occur very close to",-7.53961038589478,0.118107863803038
"228","bargain","Rel",255,1.47,0,"He didn't have to spend much money on the car because he found an incredible bargain","He didn't have to spend much money on the car because he found an incredible",-6.66379547119141,0.366053705107252
"229","college","Rel",256,1.22,0,"The wealthy child went to a private college","The wealthy child went to a private",-5.6285080909729,0.659146681911437
"230","lamp","Rel",260,1.37,0,"When you go to bed, turn off the lamp","When you go to bed, turn off the",-3.75060701370239,1.19078613526287
"231","chain","Rel",261,1.38,0,"George must keep his pet on a chain","George must keep his pet on a",-7.4043436050415,0.156402297040152
"232","stacks","Rel",263,1.5,0.0344827586206896,"He didn't have time to file everything on his desk, so he organized it into two stacks","He didn't have time to file everything on his desk, so he organized it into two",-6.47865962982178,0.418466219638937
"233","talk","Rel",265,1.57,0.0357142857142857,"The whole town came to hear their mayor talk","The whole town came to hear their mayor",-4.5465202331543,0.96546070463922
"234","limb","Rel",273,1.57,0,"Josie found she could not bend the elbow of her broken limb","Josie found she could not bend the elbow of her broken",-6.23483276367188,0.487494340130106
"235","incorrect","Rel",275,1.19,0,"It's hard to admit when one is incorrect","It's hard to admit when one is",-8.5893440246582,-0.179074892323793
"236","uttered","Rel",276,1.26,0,"Vic asked her to repeat what she had uttered","Vic asked her to repeat what she had",-9.09581851959229,-0.322459347917462
"237","castle","Rel",281,1.59,0,"When they were in London they visited Buckingham castle","When they were in London they visited Buckingham",-9.99752807617188,-0.577736040360979
"238","assignment","Rel",282,1.13,0,"The agent was sent to South America on a secret assignment","The agent was sent to South America on a secret",-6.63826465606689,0.373281555796885
"239","wind","Rel",283,2.07,0,"Sam knew that rain was coming because he could smell it in the wind","Sam knew that rain was coming because he could smell it in the",-4.87867879867554,0.871425613900375
"240","bonus","Rel",286,1.41,0,"His boss refused to give him a bonus","His boss refused to give him a",-7.61664009094238,0.0963005222028856
"241","rest","Rel",287,1.17,0.0357142857142857,"She flew in late last night and really didn't get much rest","She flew in late last night and really didn't get much",-6.07893371582031,0.531629830322316
"242","hunt","Rel",288,2,0.0344827586206896,"After a week, they gave up on the missing hikers and called off the hunt","After a week, they gave up on the missing hikers and called off the",-4.50888252258301,0.976116053909589
"243","project","Unrel",1,1.75,0,"Henry was surprised to find he wouldn't be promoted for his day to day performance, but needed a major project","Henry was surprised to find he wouldn't be promoted for his day to day performance, but needed a major",-6.1326117515564,0.516433416666072
"244","jacket","Unrel",8,1.5,0.03125,"The cigar burned a hole in the jacket","The cigar burned a hole in the",-7.79986763000488,0.0444282538043287
"245","role","Unrel",11,1.44,0,"His first film was a failure, but he learned some techniques in that first role","His first film was a failure, but he learned some techniques in that first",-6.52353477478027,0.405761930886157
"246","ideas","Unrel",17,1.09,0.15625,"He was hired for the job because of his fresh new ideas","He was hired for the job because of his fresh new",-6.43306255340576,0.43137488936262
"247","stores","Unrel",18,1.89,0.0344827586206896,"The journal issue that has the new article about diseases of the eye is still in stores","The journal issue that has the new article about diseases of the eye is still in",-10.1037797927856,-0.607816221485481
"248","meeting","Unrel",22,1.21,0,"Every spring they held the annual meeting","Every spring they held the annual",-4.50181770324707,0.978116125550872
"249","instructions","Unrel",23,1.36,0,"Penelope started to assemble her new bicycle, but was missing the instructions","Penelope started to assemble her new bicycle, but was missing the",-8.70005989074707,-0.210418887615797
"250","menus","Unrel",24,1.06,0.15625,"The restaurant will reopen with new menus","The restaurant will reopen with new",-5.49053430557251,0.698207476292421
"251","sap","Unrel",28,1.57,0.0333333333333333,"Jennifer disliked walking under the trees at the edge of the park because they were always full of sap","Jennifer disliked walking under the trees at the edge of the park because they were always full of",-9.49538803100586,-0.435578680556947
"252","abstract","Unrel",36,1.63,0.03125,"The painting had a strong impact on everyone, but they couldn't agree on whether it was ugly or abstract","The painting had a strong impact on everyone, but they couldn't agree on whether it was ugly or",-8.4596586227417,-0.142360564281146
"253","cement","Unrel",37,1.85,0.0344827586206896,"I don't know why people like to see their initials in cement","I don't know why people like to see their initials in",-12.6152677536011,-1.31882603065355
"254","fragile","Unrel",38,1.46,0.125,"The gem cutter examined the ruby very closely before cutting because he knew that one this large was very fragile","The gem cutter examined the ruby very closely before cutting because he knew that one this large was very",-5.82762384414673,0.602776412224573
"255","statue","Unrel",39,1.24,0.064516129032258,"They couldn't decide whether to visit the Roman fort or the ruins of Aphrodite's statue","They couldn't decide whether to visit the Roman fort or the ruins of Aphrodite's",-6.20507907867432,0.495917698004891
"256","disabled","Unrel",40,1.31,0,"He took a job training dogs for the disabled","He took a job training dogs for the",-8.40340042114258,-0.126433697894678
"257","engineer","Unrel",41,1.4,0,"The conductor gave detailed instructions to the engineer","The conductor gave detailed instructions to the",-5.12544202804565,0.801566200133893
"258","music","Unrel",45,1.22,0,"Down in the basement, Steve and Robert were playing music","Down in the basement, Steve and Robert were playing",-6.69139099121094,0.358241330240598
"259","country","Unrel",47,1.28,0,"After the most recent price increase, the small business owner decided to order his office supplies from another country","After the most recent price increase, the small business owner decided to order his office supplies from another",-4.33215045928955,1.02614943354616
"260","keys","Unrel",48,1.41,0.03125,"Sharon was sad that she had lost her keys","Sharon was sad that she had lost her",-8.23094177246094,-0.0776101348111012
"261","ships","Unrel",50,2.83,0,"All of armed services will admit women, but females are barred from ships","All of armed services will admit women, but females are barred from",-10.8852081298828,-0.829040938269544
"262","ugly","Unrel",51,1.42,0,"After the divorce, she had to move out of the expensive house to an apartment that was ugly","After the divorce, she had to move out of the expensive house to an apartment that was",-8.21780490875244,-0.0738910491120353
"263","marriage","Unrel",52,1.54,0.0344827586206896,"His tactics usually turned out to be beneficial for the business, but they often came in conflict with his marriage","His tactics usually turned out to be beneficial for the business, but they often came in conflict with his",-9.77050018310547,-0.51346375976738
"264","terrible","Unrel",53,1.52,0,"Some of his jokes were crummy, but those one-liners were terrible","Some of his jokes were crummy, but those one-liners were",-7.20875835418701,0.21177307088252
"265","meal","Unrel",60,1.79,0.0344827586206896,"The inspector from the health department found a roach in a very expensive meal","The inspector from the health department found a roach in a very expensive",-9.63927936553955,-0.476314750927964
"266","politician","Unrel",61,1.63,0,"The conductor had no idea that the train had been boarded by a known politician","The conductor had no idea that the train had been boarded by a known",-7.62646102905273,0.0935201850319978
"267","pillow","Unrel",64,1.06,0.03125,"The nurse brought him a glass of juice and his pillow","The nurse brought him a glass of juice and his",-8.78420829772949,-0.23424155518333
"268","chaos","Unrel",65,1.19,0,"The teacher was not looking forward to another year of chaos","The teacher was not looking forward to another year of",-8.12726497650146,-0.0482589214824228
"269","event","Unrel",67,1.36,0,"Steve skipped his annual checkup for another event","Steve skipped his annual checkup for another",-6.87163352966309,0.307214124509052
"270","short","Unrel",72,1.55,0.103448275862069,"The candidate wanted to please everyone without making any commitments, so his speech was deliberately short","The candidate wanted to please everyone without making any commitments, so his speech was deliberately",-4.66144609451294,0.932924847001044
"271","dishes","Unrel",74,1.13,0,"She poured water on the dishes","She poured water on the",-8.4383716583252,-0.13633416051426
"272","expensive","Unrel",81,1.38,0.0333333333333333,"Mark liked the older houses, but Susan wanted to buy one that was new and expensive","Mark liked the older houses, but Susan wanted to buy one that was new and",-4.72676563262939,0.914432688943456
"273","neighbor","Unrel",82,1.63,0,"In an old sitcom, he was the wise family neighbor","In an old sitcom, he was the wise family",-8.1782341003418,-0.0626884340186532
"274","wrong","Unrel",83,1.64,0,"The government controlled the news media, so most of the reports from the war zone were wrong","The government controlled the news media, so most of the reports from the war zone were",-6.79202365875244,0.329751918839427
"275","tooth","Unrel",84,1.67,0.09375,"Grinning wherever he went, it was easy to tell that Carl was proud of his new gold tooth","Grinning wherever he went, it was easy to tell that Carl was proud of his new gold",-6.98296785354614,0.275695041952014
"276","theatre","Unrel",85,1.09,0,"During the summer, the children hung out at the theatre","During the summer, the children hung out at the",-6.43807029724121,0.429957181993778
"277","king","Unrel",86,1.54,0.03125,"The handsome knight charged into the dark forest after the kidnapped princess, determined to prove that he could be king","The handsome knight charged into the dark forest after the kidnapped princess, determined to prove that he could be",-6.38289833068848,0.445576531965637
"278","bicycle","Unrel",88,1.09,0,"The little girl kept a lock on her bicycle","The little girl kept a lock on her",-7.32765102386475,0.178114197856666
"279","bees","Unrel",89,2.83,0.0333333333333333,"Flying low above her, Bernice could hear the bees","Flying low above her, Bernice could hear the",-10.1298313140869,-0.615191485662714
"280","jaw","Unrel",97,1.63,0,"Perry heard a grinding noise coming from his jaw","Perry heard a grinding noise coming from his",-6.52008247375488,0.406739287708706
"281","leave","Unrel",98,1.96,0,"If Jim's manager is incompetent, he has a legitimate right to leave","If Jim's manager is incompetent, he has a legitimate right to",-4.99379062652588,0.838837108588056
"282","princess","Unrel",101,1.63,0,"In the best part of the movie, the hero has to impersonate the princess","In the best part of the movie, the hero has to impersonate the",-7.38053846359253,0.163141604312547
"283","gown","Unrel",103,1.12,0.03125,"The princess wore a gown","The princess wore a",-4.3382682800293,1.0244174600609
"284","bushes","Unrel",106,1.59,0.0357142857142857,"Jason was disappointed when the other scouts scared off the elk by loudly beating the bushes","Jason was disappointed when the other scouts scared off the elk by loudly beating the",-9.3059253692627,-0.381941230140206
"285","damp","Unrel",107,1.3,0.03125,"After the flood, the house smelled of mildew and everything in it was damp","After the flood, the house smelled of mildew and everything in it was",-5.7774829864502,0.616971440119813
"286","celebrity","Unrel",109,1.36,0,"Everyone on the scene gathered around to look at the celebrity","Everyone on the scene gathered around to look at the",-9.57242584228516,-0.457388317055716
"287","posted","Unrel",115,1.06,0,"The final score of the game was posted","The final score of the game was",-5.90265321731567,0.581535370606547
"288","blue","Unrel",117,1.41,0,"After swimming the English Channel, Bonita was cold and completely blue","After swimming the English Channel, Bonita was cold and completely",-6.98948097229004,0.273851158410688
"289","opinion","Unrel",120,1.56,0,"She had the data to back up everything she said, so the hostile questions did not shake her opinion","She had the data to back up everything she said, so the hostile questions did not shake her",-8.44334888458252,-0.137743228264781
"290","pattern","Unrel",125,1.51,0.0357142857142857,"The new dress was very pretty, but it was cut from an unusual pattern","The new dress was very pretty, but it was cut from an unusual",-3.10706257820129,1.37297550404178
"291","smile","Unrel",128,1.81,0.0344827586206896,"When the little girl saw the big dog lumbering towards her, she began to smile","When the little girl saw the big dog lumbering towards her, she began to",-5.73442649841309,0.629160861618283
"292","parade","Unrel",132,1.24,0.0689655172413793,"From her house a half mile away, Diana could still hear the loud cheers coming from the parade","From her house a half mile away, Diana could still hear the loud cheers coming from the",-10.478554725647,-0.713916134227325
"293","battle","Unrel",133,1.33,0.1,"Five ships did not survive the battle","Five ships did not survive the",-4.65848731994629,0.93376248499606
"294","exploded","Unrel",135,1.61,0,"The paramedics on the scene helped the passengers after the big car exploded","The paramedics on the scene helped the passengers after the big car",-4.84628391265869,0.880596703742024
"295","takeoff","Unrel",136,1.13,0.0666666666666666,"The pilot spoke to an air traffic controller just before the takeoff","The pilot spoke to an air traffic controller just before the",-9.75582426786423,-0.509308963942019
"296","meeting","Unrel",140,1.19,0.142857142857143,"The boy scouts started a long hike through the forest after having a big meeting","The boy scouts started a long hike through the forest after having a big",-6.55927467346191,0.395643857880118
"297","airlines","Unrel",143,1.19,0.0714285714285714,"When traveling, Roger prefers to stick to major airlines","When traveling, Roger prefers to stick to major",-5.84688758850098,0.597322788153554
"298","glasses","Unrel",147,1.61,0.0357142857142857,"While hemming a pair of pants, Bridget accidentally dropped her glasses","While hemming a pair of pants, Bridget accidentally dropped her",-8.124755859375,-0.047548582863603
"299","mine","Unrel",148,1.67,0,"The rangers say that somewhere in the state park is a mine","The rangers say that somewhere in the state park is a",-8.60354232788086,-0.183094474747582
"300","tumors","Unrel",153,1.5,0,"The doctor told him his headaches were due to tumors","The doctor told him his headaches were due to",-8.99416923522949,-0.293682129230977
"301","banners","Unrel",156,1.32,0,"The groups in the parade walked by slowly, each waving their banners","The groups in the parade walked by slowly, each waving their",-6.93010235577822,0.290661423661183
"302","hospital","Unrel",158,1.59,0,"The little girl was very sick, but unfortunately there was no hospital","The little girl was very sick, but unfortunately there was no",-5.03306198120117,0.827719269749447
"303","sky","Unrel",161,1.67,0.1,"The meteor shower should have been spectacular, but the city lights blocked the sky","The meteor shower should have been spectacular, but the city lights blocked the",-2.68491864204407,1.49248572434606
"304","sell","Unrel",162,1,0.0344827586206896,"She was unsure how the book would sell","She was unsure how the book would",-5.32638359069824,0.744679038282175
"305","delivery","Unrel",166,1.61,0,"He was desperate for a job, so finally took something doing door to door delivery","He was desperate for a job, so finally took something doing door to door",-11.1769504547119,-0.911634069488711
"306","procedures","Unrel",168,1.5,0,"The young doctor wanted to work in the barrio so she set to work learning the Spanish translations of common medical procedures","The young doctor wanted to work in the barrio so she set to work learning the Spanish translations of common medical",-7.38749647140503,0.161171771335386
"307","female","Unrel",169,1.35,0,"Even though she was blindfolded, Jessie could tell from their voices that one of the kidnapers was old and two were female","Even though she was blindfolded, Jessie could tell from their voices that one of the kidnapers was old and two were",-7.09745788574219,0.243282568862983
"308","today","Unrel",172,1.27,0.0625,"In the window, they posted the hours they were open for today","In the window, they posted the hours they were open for",-7.05460977554321,0.255412997967606
"309","scratching","Unrel",173,1.79,0,"They sent the kids with measles home from school because they were scratching","They sent the kids with measles home from school because they were",-10.6037702560425,-0.749365028174036
"310","horses","Unrel",174,1.19,0.0344827586206896,"Outside, Cora could hear the running horses","Outside, Cora could hear the running",-7.66709804534912,0.0820157232735299
"311","swim","Unrel",177,1.25,0,"At night they often took a short swim","At night they often took a short",-5.11166667938232,0.805466042847516
"312","banned","Unrel",182,1.93,0,"The wealthy author always points out that she wrote four novels before one was banned","The wealthy author always points out that she wrote four novels before one was",-8.05002975463867,-0.0263933974526409
"313","ball","Unrel",185,2.15,0,"The kitten waited patiently because behind the refrigerator was a ball","The kitten waited patiently because behind the refrigerator was a",-7.42683887481689,0.150033818385374
"314","dark","Unrel",187,1.13,0.0344827586206896,"Norton hates getting up on winter mornings because it is always dark","Norton hates getting up on winter mornings because it is always",-5.88056659698486,0.587788159372247
"315","plants","Unrel",190,1.15,0,"The fertilizer enriched the plants","The fertilizer enriched the",-6.30129337310791,0.46867914134374
"316","doll","Unrel",193,1.5,0,"The young girl passed her friend a doll","The young girl passed her friend a",-10.8640184402466,-0.823042073286056
"317","ruined","Unrel",196,2.43,0,"He tinkered with the engine every weekend until it was absolutely ruined","He tinkered with the engine every weekend until it was absolutely",-5.50678634643555,0.693606474554444
"318","safety","Unrel",197,1.16,0.1875,"When Diane heard the shark warning, she swam as fast as she could for safety","When Diane heard the shark warning, she swam as fast as she could for",-5.66186428070068,0.64970344409268
"319","castle","Unrel",198,1.15,0,"Michael could hear the bells ringing in the tower of the castle","Michael could hear the bells ringing in the tower of the",-4.00667285919189,1.11829312284291
"320","torn","Unrel",200,1.34,0,"When he got home from work on the construction site, his clothes were always torn","When he got home from work on the construction site, his clothes were always",-5.24783706665039,0.766915795911682
"321","tub","Unrel",201,2.19,0,"Kevin propped his head up with a pillow as he basked in the hot tub","Kevin propped his head up with a pillow as he basked in the hot",-4.99797916412354,0.837651320973515
"322","boss","Unrel",203,1.7,0,"He bought it without even asking the boss","He bought it without even asking the",-6.49733209609985,0.413179988172885
"323","older","Unrel",204,1.48,0.0344827586206896,"Barry has considered proposing to his girlfriend, but he wants to wait until he is older","Barry has considered proposing to his girlfriend, but he wants to wait until he is",-5.33468723297119,0.742328252134678
"324","watch","Unrel",205,1,0,"John was disappointed to discover a scratch on his new watch","John was disappointed to discover a scratch on his new",-7.64758443832397,0.0875400842195507
"325","reputation","Unrel",206,1.19,0,"He was afraid that doing drugs would damage his reputation","He was afraid that doing drugs would damage his",-3.71580839157104,1.20063773004132
"326","happy","Unrel",207,1.65,0.0689655172413793,"They've been living together for a long time, but don't think they're actually happy","They've been living together for a long time, but don't think they're actually",-4.37797832489014,1.01317542670893
"327","jokes","Unrel",208,1.44,0,"Dennis the Menance was known for making jokes","Dennis the Menance was known for making",-6.46410226821899,0.422587452572032
"328","help","Unrel",211,1.21,0.03125,"When the shooting started they ran for help","When the shooting started they ran for",-5.06905460357666,0.817529649904188
"329","contaminated","Unrel",212,2.16,0,"The federal agents examined the hundred dollar bill with a microscope to see if it was contaminated","The federal agents examined the hundred dollar bill with a microscope to see if it was",-8.10852336883545,-0.042953115881113
"330","cool","Unrel",213,1.71,0.103448275862069,"Eva turned down the heat and left the sauce on the stove to cool","Eva turned down the heat and left the sauce on the stove to",-3.63347411155701,1.22394681279789
"331","horse","Unrel",215,1.75,0,"Alone in the canyon, he was so spooked he was scared by his own horse","Alone in the canyon, he was so spooked he was scared by his own",-6.85813665390015,0.311035130705497
"332","joke","Unrel",220,1.37,0.0357142857142857,"Betsy could never tell a joke","Betsy could never tell a",-4.9898886680603,0.839941764786802
"333","principal","Unrel",221,1.06,0.03125,"The bad boy was sent to his principal","The bad boy was sent to his",-7.3575005531311,0.169663706180593
"334","tattoos","Unrel",223,2.09,0.0344827586206896,"The Vietnam vet had received the Purple Heart, and when he took off his shirt you could see all of his tattoos","The Vietnam vet had received the Purple Heart, and when he took off his shirt you could see all of his",-5.4784626327455,0.701625003243369
"335","hiding","Unrel",226,1.21,0.03125,"Trying to evade their captors, the escaped prisoners of war lived in constant hiding","Trying to evade their captors, the escaped prisoners of war lived in constant",-9.0010404586792,-0.295627393293537
"336","broken","Unrel",228,1.13,0,"The tip of the knife was broken","The tip of the knife was",-6.05586719512939,0.538160031832538
"337","fly","Unrel",230,1.3,0.125,"The little girl pulled on the rubber band to see how far it would fly","The little girl pulled on the rubber band to see how far it would",-6.39240455627441,0.442885290858683
"338","camp","Unrel",232,1.13,0,"The soldiers had special night vision goggles so they could see the camp","The soldiers had special night vision goggles so they could see the",-7.36678075790405,0.167036452246828
"339","hungry","Unrel",233,1.85,0,"George was born into a wealthy family and has no idea what it's like to be hungry","George was born into a wealthy family and has no idea what it's like to be",-10.1902112960815,-0.632285240498645
"340","castle","Unrel",237,1.71,0,"Looking for bats, Karen descended into the depths of the castle","Looking for bats, Karen descended into the depths of the",-6.5940957069397,0.385785918381958
"341","contrast","Unrel",239,1.44,0,"We finally got a decent picture on the TV after an hour of adjusting the contrast","We finally got a decent picture on the TV after an hour of adjusting the",-8.28385734558105,-0.0925906930033601
"342","state","Unrel",240,2.21,0,"It took a week to get his car fixed because the parts were out of state","It took a week to get his car fixed because the parts were out of",-6.55379343032837,0.397195614326969
"343","vote","Unrel",242,1.12,0,"The dispute was settled by a third vote","The dispute was settled by a third",-5.62818288803101,0.659238747844169
"344","separately","Unrel",244,1.46,0,"Our guests should be arriving separately","Our guests should be arriving",-8.25536727905273,-0.0845250693246746
"345","grease","Unrel",245,1.66,0,"The dough was put in the hot grease","The dough was put in the hot",-5.68513059616089,0.643116680081264
"346","productive","Unrel",250,1.19,0.03125,"Andrew was glad that the meeting was very productive","Andrew was glad that the meeting was very",-5.99736309051514,0.554722720129808
"347","group","Unrel",252,1.48,0,"When they came to Florida, Arthur couldn't see the swamp from the back of the crowded tour group","When they came to Florida, Arthur couldn't see the swamp from the back of the crowded tour",-5.97492599487305,0.561074729512162
"348","dusk","Unrel",254,2.11,0,"Most shark attacks occur very close to dusk","Most shark attacks occur very close to",-8.19573783874512,-0.0676437951018223
"349","mechanic","Unrel",255,1.61,0.0344827586206896,"He didn't have to spend much money on the car because he found an incredible mechanic","He didn't have to spend much money on the car because he found an incredible",-7.79770660400391,0.0450400467766759
"350","hospital","Unrel",256,1.18,0,"The wealthy child went to a private hospital","The wealthy child went to a private",-3.4201340675354,1.28434402208352
"351","stereo","Unrel",260,1.5,0,"When you go to bed, turn off the stereo","When you go to bed, turn off the",-7.00671052932739,0.26897341889837
"352","diet","Unrel",261,1.78,0,"George must keep his pet on a diet","George must keep his pet on a",-5.6113748550415,0.663997152628429
"353","boxes","Unrel",263,1.09,0,"He didn't have time to file everything on his desk, so he organized it into two boxes","He didn't have time to file everything on his desk, so he organized it into two",-5.01576900482178,0.832614963468588
"354","resign","Unrel",265,1.41,0,"The whole town came to hear their mayor resign","The whole town came to hear their mayor",-7.5949821472168,0.102431951329984
"355","doll","Unrel",273,1.63,0,"Josie found she could not bend the elbow of her broken doll","Josie found she could not bend the elbow of her broken",-9.79745483398438,-0.521094702649296
"356","lonely","Unrel",275,1.33,0,"It's hard to admit when one is lonely","It's hard to admit when one is",-8.6386604309082,-0.193036515530333
"357","heard","Unrel",276,1.54,0.0333333333333333,"Vic asked her to repeat what she had heard","Vic asked her to repeat what she had",-3.46971964836121,1.27030619474351
"358","twice","Unrel",281,1.32,0,"When they were in London they visited Buckingham twice","When they were in London they visited Buckingham",-8.64498901367188,-0.194828156379626
"359","jet","Unrel",282,1.33,0,"The agent was sent to South America on a secret jet","The agent was sent to South America on a secret",-9.29012012481689,-0.377466717814208
"360","morning","Unrel",283,1.91,0,"Sam knew that rain was coming because he could smell it in the morning","Sam knew that rain was coming because he could smell it in the",-4.07447957992554,1.09909683589218
"361","vacation","Unrel",286,1.59,0,"His boss refused to give him a vacation","His boss refused to give him a",-8.52630805969238,-0.161229220705873
"362","dinner","Unrel",287,1.42,0,"She flew in late last night and really didn't get much dinner","She flew in late last night and really didn't get much",-9.07905578613281,-0.317713767566647
"363","helicopters","Unrel",288,1.37,0,"After a week, they gave up on the missing hikers and called off the helicopters","After a week, they gave up on the missing hikers and called off the",-10.0114459991455,-0.581676246291444
"364","pillow","Implaus",1,4.39,0,"Henry was surprised to find he wouldn't be promoted for his day to day performance, but needed a major pillow","Henry was surprised to find he wouldn't be promoted for his day to day performance, but needed a major",-12.9402294158936,-1.41082365640306
"365","chaos","Implaus",8,4.18,0,"The cigar burned a hole in the chaos","The cigar burned a hole in the",-11.7769184112549,-1.08148680577261
"366","umbrella","Implaus",11,4.5,0,"His first film was a failure, but he learned some techniques in that first umbrella","His first film was a failure, but he learned some techniques in that first",-15.0610103607178,-2.01122313208964
"367","autumn","Implaus",17,4.66,0,"He was hired for the job because of his fresh new autumn","He was hired for the job because of his fresh new",-14.9141416549683,-1.96964415895619
"368","treason","Implaus",18,4.55,0,"The journal issue that has the new article about diseases of the eye is still in treason","The journal issue that has the new article about diseases of the eye is still in",-15.4499711990356,-2.12133911741033
"369","disorder","Implaus",22,4.37,0,"Every spring they held the annual disorder","Every spring they held the annual",-12.9277210235596,-1.40728249284379
"370","king","Implaus",23,4.46,0,"Penelope started to assemble her new bicycle, but was missing the king","Penelope started to assemble her new bicycle, but was missing the",-9.24193000793457,-0.363823950521322
"371","treason","Implaus",24,4.63,0,"The restaurant will reopen with new treason","The restaurant will reopen with new",-17.7437076568604,-2.77070281996627
"372","weekends","Implaus",28,4.82,0,"Jennifer disliked walking under the trees at the edge of the park because they were always full of weekends","Jennifer disliked walking under the trees at the edge of the park because they were always full of",-11.6773948669434,-1.05331139049979
"373","allergic","Implaus",36,4.21,0,"The painting had a strong impact on everyone, but they couldn't agree on whether it was ugly or allergic","The painting had a strong impact on everyone, but they couldn't agree on whether it was ugly or",-11.4889554977417,-0.999963637284869
"374","dusk","Implaus",37,4.11,0,"I don't know why people like to see their initials in dusk","I don't know why people like to see their initials in",-13.7173185348511,-1.63081992745713
"375","disqualified","Implaus",38,3.94,0,"The gem cutter examined the ruby very closely before cutting because he knew that one this large was very disqualified","The gem cutter examined the ruby very closely before cutting because he knew that one this large was very",-14.648624420166,-1.89447542974346
"376","bicycle","Implaus",39,4.04,0,"They couldn't decide whether to visit the Roman fort or the ruins of Aphrodite's bicycle","They couldn't decide whether to visit the Roman fort or the ruins of Aphrodite's",-13.4333505630493,-1.5504277390052
"377","blankets","Implaus",40,4.26,0,"He took a job training dogs for the blankets","He took a job training dogs for the",-14.2312812805176,-1.77632432939628
"378","dishes","Implaus",41,4.91,0,"The conductor gave detailed instructions to the dishes","The conductor gave detailed instructions to the",-12.7744903564453,-1.36390242927851
"379","banners","Implaus",45,3.91,0,"Down in the basement, Steve and Robert were playing banners","Down in the basement, Steve and Robert were playing",-12.5910882949829,-1.31198075306269
"380","gown","Implaus",47,4.29,0,"After the most recent price increase, the small business owner decided to order his office supplies from another gown","After the most recent price increase, the small business owner decided to order his office supplies from another",-13.6184053421021,-1.60281730455072
"381","takeoff","Implaus",48,4.53,0,"Sharon was sad that she had lost her takeoff","Sharon was sad that she had lost her",-19.526650428772,-3.27545929094807
"382","metal","Implaus",50,4.3,0,"All of armed services will admit women, but females are barred from metal","All of armed services will admit women, but females are barred from",-13.0893096923828,-1.4530287318767
"383","fired","Implaus",51,4.63,0,"After the divorce, she had to move out of the expensive house to an apartment that was fired","After the divorce, she had to move out of the expensive house to an apartment that was",-11.9685373306274,-1.13573469922134
"384","ditch","Implaus",52,4.67,0,"His tactics usually turned out to be beneficial for the business, but they often came in conflict with his ditch","His tactics usually turned out to be beneficial for the business, but they often came in conflict with his",-15.317497253418,-2.08383534424361
"385","torn","Implaus",53,4.21,0,"Some of his jokes were crummy, but those one-liners were torn","Some of his jokes were crummy, but those one-liners were",-9.84620952606201,-0.534897302881118
"386","speech","Implaus",60,4.64,0,"The inspector from the health department found a roach in a very expensive speech","The inspector from the health department found a roach in a very expensive",-13.0850801467896,-1.45183133477504
"387","bottle","Implaus",61,4.5,0,"The conductor had no idea that the train had been boarded by a known bottle","The conductor had no idea that the train had been boarded by a known",-10.1539268493652,-0.622013004303193
"388","taxis","Implaus",64,4.55,0,"The nurse brought him a glass of juice and his taxis","The nurse brought him a glass of juice and his",-14.1922590732574,-1.76527702494162
"389","cargo","Implaus",65,3.97,0,"The teacher was not looking forward to another year of cargo","The teacher was not looking forward to another year of",-12.8308782577515,-1.37986601404285
"390","forest","Implaus",67,4.33,0,"Steve skipped his annual checkup for another forest","Steve skipped his annual checkup for another",-11.8931179046631,-1.11438323248165
"391","endangered","Implaus",72,4.13,0,"The candidate wanted to please everyone without making any commitments, so his speech was deliberately endangered","The candidate wanted to please everyone without making any commitments, so his speech was deliberately",-10.5327835083008,-0.729268465995454
"392","takeoff","Implaus",74,3.74,0,"She poured water on the takeoff","She poured water on the",-16.1633033752441,-2.32328560586364
"393","embarrassed","Implaus",81,4.54,0,"Mark liked the older houses, but Susan wanted to buy one that was new and embarrassed","Mark liked the older houses, but Susan wanted to buy one that was new and",-12.6714677810669,-1.33473642776759
"394","highway","Implaus",82,4.65,0,"In an old sitcom, he was the wise family highway","In an old sitcom, he was the wise family",-13.7893180847168,-1.65120321696873
"395","hungry","Implaus",83,4.58,0,"The government controlled the news media, so most of the reports from the war zone were hungry","The government controlled the news media, so most of the reports from the war zone were",-14.2770090103149,-1.7892699874859
"396","pedestrians","Implaus",84,4.63,0,"Grinning wherever he went, it was easy to tell that Carl was proud of his new gold pedestrians","Grinning wherever he went, it was easy to tell that Carl was proud of his new gold",-17.1056785583496,-2.5900748597078
"397","gown","Implaus",85,4.79,0,"During the summer, the children hung out at the gown","During the summer, the children hung out at the",-11.9001064300537,-1.11636170507713
"398","chilly","Implaus",86,4.74,0,"The handsome knight charged into the dark forest after the kidnapped princess, determined to prove that he could be chilly","The handsome knight charged into the dark forest after the kidnapped princess, determined to prove that he could be",-18.5126056671143,-2.9883801634654
"399","cement","Implaus",88,4.44,0,"The little girl kept a lock on her cement","The little girl kept a lock on her",-12.0123434066772,-1.14813633134481
"400","arena","Implaus",89,3.91,0,"Flying low above her, Bernice could hear the arena","Flying low above her, Bernice could hear the",-12.9259738922119,-1.40678787469492
"401","cure","Implaus",97,4.66,0,"Perry heard a grinding noise coming from his cure","Perry heard a grinding noise coming from his",-14.3549213409424,-1.81132720304718
"402","water","Implaus",98,4.5,0,"If Jim's manager is incompetent, he has a legitimate right to water","If Jim's manager is incompetent, he has a legitimate right to",-10.7822427749634,-0.799891136042971
"403","business","Implaus",101,3.77,0,"In the best part of the movie, the hero has to impersonate the business","In the best part of the movie, the hero has to impersonate the",-9.83134365081787,-0.53068872880656
"404","sound","Implaus",103,4.63,0,"The princess wore a sound","The princess wore a",-10.9095573425293,-0.835934273737315
"405","diamond","Implaus",106,4.5,0,"Jason was disappointed when the other scouts scared off the elk by loudly beating the diamond","Jason was disappointed when the other scouts scared off the elk by loudly beating the",-11.0986499786377,-0.889466968781916
"406","young","Implaus",107,4.27,0,"After the flood, the house smelled of mildew and everything in it was young","After the flood, the house smelled of mildew and everything in it was",-7.3988208770752,0.157965797968159
"407","temper","Implaus",109,3.17,0,"Everyone on the scene gathered around to look at the temper","Everyone on the scene gathered around to look at the",-12.7620010375977,-1.36036666548069
"408","bugs","Implaus",115,4.85,0,"The final score of the game was bugs","The final score of the game was",-15.2688636779785,-2.070067032497
"409","affordable","Implaus",117,4.58,0,"After swimming the English Channel, Bonita was cold and completely affordable","After swimming the English Channel, Bonita was cold and completely",-14.650857925415,-1.89510774180932
"410","music","Implaus",120,4.45,0,"She had the data to back up everything she said, so the hostile questions did not shake her music","She had the data to back up everything she said, so the hostile questions did not shake her",-12.82115650177,-1.3771137556315
"411","porch","Implaus",125,4.52,0,"The new dress was very pretty, but it was cut from an unusual porch","The new dress was very pretty, but it was cut from an unusual",-13.2017889022827,-1.48487193511481
"412","attend","Implaus",128,4.18,0,"When the little girl saw the big dog lumbering towards her, she began to attend","When the little girl saw the big dog lumbering towards her, she began to",-10.3068141937256,-0.665295872162361
"413","mistakes","Implaus",132,4.5,0,"From her house a half mile away, Diana could still hear the loud cheers coming from the mistakes","From her house a half mile away, Diana could still hear the loud cheers coming from the",-15.795693397522,-2.2192141135107
"414","eyes","Implaus",133,4.47,0,"Five ships did not survive the eyes","Five ships did not survive the",-9.24515724182129,-0.364737590158755
"415","rest","Implaus",135,3.86,0,"The paramedics on the scene helped the passengers after the big car rest","The paramedics on the scene helped the passengers after the big car",-10.7533884048462,-0.79172237692058
"416","fortune","Implaus",136,4.36,0,"The pilot spoke to an air traffic controller just before the fortune","The pilot spoke to an air traffic controller just before the",-16.6557559967041,-2.46270042682694
"417","end","Implaus",140,4.07,0,"The boy scouts started a long hike through the forest after having a big end","The boy scouts started a long hike through the forest after having a big",-8.64948463439941,-0.19610088015352
"418","plants","Implaus",143,4.13,0,"When traveling, Roger prefers to stick to major plants","When traveling, Roger prefers to stick to major",-9.82454872131348,-0.528765063789802
"419","horse","Implaus",147,4.54,0,"While hemming a pair of pants, Bridget accidentally dropped her horse","While hemming a pair of pants, Bridget accidentally dropped her",-10.4296875,-0.700081675402945
"420","contrast","Implaus",148,3.96,0,"The rangers say that somewhere in the state park is a contrast","The rangers say that somewhere in the state park is a",-11.7090110778809,-1.06226203508022
"421","safety","Implaus",153,4.44,0,"The doctor told him his headaches were due to safety","The doctor told him his headaches were due to",-10.768705368042,-0.796058655353443
"422","jokes","Implaus",156,3.78,0,"The groups in the parade walked by slowly, each waving their jokes","The groups in the parade walked by slowly, each waving their",-10.9207754135132,-0.839110143434455
"423","joke","Implaus",158,3.59,0,"The little girl was very sick, but unfortunately there was no joke","The little girl was very sick, but unfortunately there was no",-10.3804740905762,-0.686149210908237
"424","doll","Implaus",161,4.63,0,"The meteor shower should have been spectacular, but the city lights blocked the doll","The meteor shower should have been spectacular, but the city lights blocked the",-14.448468208313,-1.83781060306947
"425","camp","Implaus",162,4.79,0,"She was unsure how the book would camp","She was unsure how the book would",-13.9698162078857,-1.70230277950371
"426","hiding","Implaus",166,4.25,0,"He was desperate for a job, so finally took something doing door to door hiding","He was desperate for a job, so finally took something doing door to door",-7.62446022033691,0.0940866200081604
"427","pedestrians","Implaus",168,3.29,0,"The young doctor wanted to work in the barrio so she set to work learning the Spanish translations of common medical pedestrians","The young doctor wanted to work in the barrio so she set to work learning the Spanish translations of common medical",-16.9094696044922,-2.534527513666
"428","bullets","Implaus",169,4.64,0,"Even though she was blindfolded, Jessie could tell from their voices that one of the kidnapers was old and two were bullets","Even though she was blindfolded, Jessie could tell from their voices that one of the kidnapers was old and two were",-11.8920135498047,-1.11407058629366
"429","texture","Implaus",172,3.37,0,"In the window, they posted the hours they were open for texture","In the window, they posted the hours they were open for",-13.1727743148804,-1.47665781799623
"430","hard","Implaus",173,4.53,0,"They sent the kids with measles home from school because they were hard","They sent the kids with measles home from school because they were",-7.74366283416748,0.0603400008587349
"431","chapel","Implaus",174,3.88,0,"Outside, Cora could hear the running chapel","Outside, Cora could hear the running",-12.5584554672241,-1.30274230119694
"432","reputation","Implaus",177,4.07,0,"At night they often took a short reputation","At night they often took a short",-14.8154020309448,-1.94169067387899
"433","hungry","Implaus",182,4.18,0,"The wealthy author always points out that she wrote four novels before one was hungry","The wealthy author always points out that she wrote four novels before one was",-12.4870414733887,-1.28252478436187
"434","savior","Implaus",185,4.09,0,"The kitten waited patiently because behind the refrigerator was a savior","The kitten waited patiently because behind the refrigerator was a",-12.8407328128815,-1.38265586829329
"435","broken","Implaus",187,4.44,0,"Norton hates getting up on winter mornings because it is always broken","Norton hates getting up on winter mornings because it is always",-8.90742206573486,-0.269123744165806
"436","legs","Implaus",190,4.61,0,"The fertilizer enriched the legs","The fertilizer enriched the",-11.5207757949829,-1.00897205931282
"437","mechanic","Implaus",193,4.04,0,"The young girl passed her friend a mechanic","The young girl passed her friend a",-12.8012742996216,-1.37148504429545
"438","forgiven","Implaus",196,4.69,0,"He tinkered with the engine every weekend until it was absolutely forgiven","He tinkered with the engine every weekend until it was absolutely",-13.3964347839355,-1.53997677070574
"439","relaxing","Implaus",197,4.46,0,"When Diane heard the shark warning, she swam as fast as she could for relaxing","When Diane heard the shark warning, she swam as fast as she could for",-11.6812734603882,-1.05440943199076
"440","deer","Implaus",198,4.33,0,"Michael could hear the bells ringing in the tower of the deer","Michael could hear the bells ringing in the tower of the",-12.5390214920044,-1.29724048425498
"441","sick","Implaus",200,4.48,0,"When he got home from work on the construction site, his clothes were always sick","When he got home from work on the construction site, his clothes were always",-10.8992042541504,-0.833003283221957
"442","size","Implaus",201,4.76,0,"Kevin propped his head up with a pillow as he basked in the hot size","Kevin propped his head up with a pillow as he basked in the hot",-17.7748336791992,-2.77951469067742
"443","helicopters","Implaus",203,4.75,0,"He bought it without even asking the helicopters","He bought it without even asking the",-14.5829038619995,-1.87586974170137
"444","flooded","Implaus",204,4.31,0,"Barry has considered proposing to his girlfriend, but he wants to wait until he is flooded","Barry has considered proposing to his girlfriend, but he wants to wait until he is",-11.9205026626587,-1.12213593998427
"445","taxes","Implaus",205,3.96,0,"John was disappointed to discover a scratch on his new taxes","John was disappointed to discover a scratch on his new",-11.9307880401611,-1.12504776134648
"446","fever","Implaus",206,3.64,0,"He was afraid that doing drugs would damage his fever","He was afraid that doing drugs would damage his",-13.5312385559082,-1.57814012473364
"447","people","Implaus",207,4.26,0,"They've been living together for a long time, but don't think they're actually people","They've been living together for a long time, but don't think they're actually",-5.67949199676514,0.644712984560083
"448","apples","Implaus",208,3.97,0,"Dennis the Menance was known for making apples","Dennis the Menance was known for making",-11.1286525726318,-0.89796079354363
"449","convenience","Implaus",211,3.93,0,"When the shooting started they ran for convenience","When the shooting started they ran for",-12.9230585098267,-1.40596252115721
"450","quiet","Implaus",212,4.33,0,"The federal agents examined the hundred dollar bill with a microscope to see if it was quiet","The federal agents examined the hundred dollar bill with a microscope to see if it was",-10.2537870407104,-0.650283725365616
"451","state","Implaus",213,4.32,0,"Eva turned down the heat and left the sauce on the stove to state","Eva turned down the heat and left the sauce on the stove to",-10.6875514984131,-0.773083750333646
"452","hospital","Implaus",215,4.76,0,"Alone in the canyon, he was so spooked he was scared by his own hospital","Alone in the canyon, he was so spooked he was scared by his own",-9.92335033416748,-0.55673609809172
"453","ditch","Implaus",220,4.19,0,"Betsy could never tell a ditch","Betsy could never tell a",-12.5258989334106,-1.293525448377
"454","dusk","Implaus",221,4.73,0,"The bad boy was sent to his dusk","The bad boy was sent to his",-15.5739307403564,-2.15643243706552
"455","boxes","Implaus",223,4.25,0,"The Vietnam vet had received the Purple Heart, and when he took off his shirt you could see all of his boxes","The Vietnam vet had received the Purple Heart, and when he took off his shirt you could see all of his",-11.3987092971802,-0.974414665981595
"456","size","Implaus",226,4.33,0,"Trying to evade their captors, the escaped prisoners of war lived in constant size","Trying to evade their captors, the escaped prisoners of war lived in constant",-12.8035306930542,-1.37212383607505
"457","chatting","Implaus",228,4.68,0,"The tip of the knife was chatting","The tip of the knife was",-15.1159257888794,-2.02676985526999
"458","yell","Implaus",230,4.43,0,"The little girl pulled on the rubber band to see how far it would yell","The little girl pulled on the rubber band to see how far it would",-13.8181858062744,-1.65937575592414
"459","temper","Implaus",232,4.22,0,"The soldiers had special night vision goggles so they could see the temper","The soldiers had special night vision goggles so they could see the",-11.7080898284912,-1.06200122660216
"460","pointed","Implaus",233,4.15,0,"George was born into a wealthy family and has no idea what it's like to be pointed","George was born into a wealthy family and has no idea what it's like to be",-12.3108253479004,-1.23263746827253
"461","doll","Implaus",237,4.32,0,"Looking for bats, Karen descended into the depths of the doll","Looking for bats, Karen descended into the depths of the",-12.809061050415,-1.37368949690764
"462","ceremonies","Implaus",239,4.34,0,"We finally got a decent picture on the TV after an hour of adjusting the ceremonies","We finally got a decent picture on the TV after an hour of adjusting the",-12.4310741424561,-1.26668026433752
"463","bread","Implaus",240,4.86,0,"It took a week to get his car fixed because the parts were out of bread","It took a week to get his car fixed because the parts were out of",-11.1033535003662,-0.890798549955621
"464","lifestyle","Implaus",242,4.07,0,"The dispute was settled by a third lifestyle","The dispute was settled by a third",-16.8682956695557,-2.5228710486227
"465","disabled","Implaus",244,3.89,0,"Our guests should be arriving disabled","Our guests should be arriving",-12.5781211853027,-1.30830972524053
"466","project","Implaus",245,4.21,0,"The dough was put in the hot project","The dough was put in the hot",-11.6273918151855,-1.03915537588103
"467","pale","Implaus",250,4.48,0,"Andrew was glad that the meeting was very pale","Andrew was glad that the meeting was very",-9.82719707489014,-0.529514820667211
"468","puppy","Implaus",252,4.8,0,"When they came to Florida, Arthur couldn't see the swamp from the back of the crowded tour puppy","When they came to Florida, Arthur couldn't see the swamp from the back of the crowded tour",-12.690746307373,-1.34019423665373
"469","ideas","Implaus",254,4.94,0,"Most shark attacks occur very close to ideas","Most shark attacks occur very close to",-13.9769878387451,-1.70433308980912
"470","stream","Implaus",255,4.41,0,"He didn't have to spend much money on the car because he found an incredible stream","He didn't have to spend much money on the car because he found an incredible",-9.30283355712891,-0.381065928809071
"471","material","Implaus",256,4.52,0,"The wealthy child went to a private material","The wealthy child went to a private",-12.9582195281982,-1.41591671140322
"472","stores","Implaus",260,4.7,0,"When you go to bed, turn off the stores","When you go to bed, turn off the",-11.8200654983521,-1.09370187613797
"473","meeting","Implaus",261,4.56,0,"George must keep his pet on a meeting","George must keep his pet on a",-7.4893045425415,0.132349599634825
"474","cartoons","Implaus",263,3.85,0,"He didn't have time to file everything on his desk, so he organized it into two cartoons","He didn't have time to file everything on his desk, so he organized it into two",-7.6607294678688,0.0838186867476138
"475","scratch","Implaus",265,4.29,0,"The whole town came to hear their mayor scratch","The whole town came to hear their mayor",-12.4388542175293,-1.2688828270332
"476","absence","Implaus",273,4.68,0,"Josie found she could not bend the elbow of her broken absence","Josie found she could not bend the elbow of her broken",-15.3835144042969,-2.10252499857625
"477","screened","Implaus",275,3.52,0,"It's hard to admit when one is screened","It's hard to admit when one is",-12.4938850402832,-1.28446221877032
"478","vanished","Implaus",276,4.47,0,"Vic asked her to repeat what she had vanished","Vic asked her to repeat what she had",-12.4820489883423,-1.28111139680218
"479","bait","Implaus",281,3.63,0,"When they were in London they visited Buckingham bait","When they were in London they visited Buckingham",-15.8312683105469,-2.22928547858019
"480","cow","Implaus",282,4.42,0,"The agent was sent to South America on a secret cow","The agent was sent to South America on a secret",-13.4908037185669,-1.56669290044655
"481","robbery","Implaus",283,4.35,0,"Sam knew that rain was coming because he could smell it in the robbery","Sam knew that rain was coming because he could smell it in the",-15.1535816192627,-2.03743033431374
"482","cliff","Implaus",286,4.32,0,"His boss refused to give him a cliff","His boss refused to give him a",-11.8782367706299,-1.11017033859793
"483","music","Implaus",287,4,0,"She flew in late last night and really didn't get much music","She flew in late last night and really didn't get much",-8.41938781738281,-0.130959777942528
"484","boss","Implaus",288,3.97,0,"After a week, they gave up on the missing hikers and called off the boss","After a week, they gave up on the missing hikers and called off the",-9.18136787414551,-0.346678627963538
"485","stupid","Rel",3,1.74,0.0714285714285714,"The salesman made the mistake of talking down to Jane because he thought she was stupid","The salesman made the mistake of talking down to Jane because he thought she was",-6.43464279174805,0.430927519126442
"486","ceiling","Rel",10,1.52,0.0625,"Water was leaking out from the hole in the ceiling","Water was leaking out from the hole in the",-4.95699024200439,0.849255408330746
"487","coat","Rel",29,1.06,0.0666666666666666,"Rushing out, he forgot to take his coat","Rushing out, he forgot to take his",-5.15188312530518,0.794080645829033
"488","shack","Rel",70,1.78,0.0344827586206896,"At that time, the boys lived down by the river in a shack","At that time, the boys lived down by the river in a",-7.51874923706055,0.12401371789554
"489","dumb","BC",3,1.61,0.178571428571428,"The salesman made the mistake of talking down to Jane because he thought she was dumb","The salesman made the mistake of talking down to Jane because he thought she was",-6.86835861206055,0.308141263550111
"490","roof","BC",10,1.96,0.15625,"Water was leaking out from the hole in the roof","Water was leaking out from the hole in the",-5.02522754669189,0.82993722176526
"491","jacket","BC",29,1.19,0.1,"Rushing out, he forgot to take his jacket","Rushing out, he forgot to take his",-5.44778156280518,0.710310906589791
"492","hut","BC",70,1.7,0.137931034482759,"At that time, the boys lived down by the river in a hut","At that time, the boys lived down by the river in a",-4.86616134643555,0.874969342346334
"493","poor","Unrel",3,1.5,0.0357142857142857,"The salesman made the mistake of talking down to Jane because he thought she was poor","The salesman made the mistake of talking down to Jane because he thought she was",-8.30488204956055,-0.0985428500503006
"494","balloon","Unrel",10,1.45,0,"Water was leaking out from the hole in the balloon","Water was leaking out from the hole in the",-7.59578418731689,0.102204891360989
"495","umbrella","Unrel",29,1.21,0,"Rushing out, he forgot to take his umbrella","Rushing out, he forgot to take his",-6.72341632843018,0.349174860777053
"496","van","Unrel",70,1.63,0.103448275862069,"At that time, the boys lived down by the river in a van","At that time, the boys lived down by the river in a",-8.72297286987305,-0.216905621046342
"497","abstract","Implaus",3,3.34,0,"The salesman made the mistake of talking down to Jane because he thought she was abstract","The salesman made the mistake of talking down to Jane because he thought she was",-13.535228729248,-1.57926975482909
"498","reward","Implaus",10,4.61,0,"Water was leaking out from the hole in the reward","Water was leaking out from the hole in the",-12.3983964920044,-1.25742912303237
"499","country","Implaus",29,4.64,0,"Rushing out, he forgot to take his country","Rushing out, he forgot to take his",-10.0415315628052,-0.590193560015468
"500","letter","Implaus",70,4.74,0,"At that time, the boys lived down by the river in a letter","At that time, the boys lived down by the river in a",-7.78461837768555,0.0487453630840429
