document_id,paragraph_n,word_n,number_word,word,story_name,semantic_association_SentenceEmbedding
1,0,0,1,Op,mijn heer zak met rijst,
1,0,1,2,een,mijn heer zak met rijst,0.7396156191825867
1,0,2,3,zekere,mijn heer zak met rijst,0.7237561941146851
1,0,3,4,dag,mijn heer zak met rijst,0.6493211388587952
1,0,4,5,kwam,mijn heer zak met rijst,0.6323109865188599
1,0,5,6,de,mijn heer zak met rijst,0.5450242757797241
1,0,6,7,grote,mijn heer zak met rijst,0.5574811697006226
1,0,7,8,Hidesato,mijn heer zak met rijst,0.5260595083236694
1,0,8,9,bij,mijn heer zak met rijst,0.5267996788024902
1,0,9,10,een,mijn heer zak met rijst,0.5278374552726746
1,0,10,11,"brug,",mijn heer zak met rijst,0.5060486197471619
1,0,11,12,die,mijn heer zak met rijst,0.4741740822792053
1,0,12,13,over,mijn heer zak met rijst,0.4861026406288147
1,0,13,14,het,mijn heer zak met rijst,0.5260534882545471
1,0,14,15,mooie,mijn heer zak met rijst,0.502604603767395
1,0,15,16,meer,mijn heer zak met rijst,0.5096479654312134
1,0,16,17,Biwa,mijn heer zak met rijst,0.4690537452697754
1,0,17,18,was,mijn heer zak met rijst,0.5051838159561157
1,0,18,19,gespannen.,mijn heer zak met rijst,0.5237177014350891
1,0,19,20,Hij,mijn heer zak met rijst,0.5145426392555237
1,0,20,21,was,mijn heer zak met rijst,0.5173742771148682
1,0,21,22,op,mijn heer zak met rijst,0.4829559624195099
1,0,22,23,het,mijn heer zak met rijst,0.5321603417396545
1,0,23,24,punt,mijn heer zak met rijst,0.4680335521697998
1,0,24,25,de,mijn heer zak met rijst,0.4696333408355713
1,0,25,26,brug,mijn heer zak met rijst,0.5661885142326355
1,0,26,27,over,mijn heer zak met rijst,0.5044516324996948
1,0,27,28,te,mijn heer zak met rijst,0.47584009170532227
1,0,28,29,"trekken,",mijn heer zak met rijst,0.4967757761478424
1,0,29,30,toen,mijn heer zak met rijst,0.5116568803787231
1,0,30,31,hij,mijn heer zak met rijst,0.5065392851829529
1,0,31,32,een,mijn heer zak met rijst,0.4841005504131317
1,0,32,33,slangendraak,mijn heer zak met rijst,0.4460424780845642
1,0,33,34,in,mijn heer zak met rijst,0.49339646100997925
1,0,34,35,diepe,mijn heer zak met rijst,0.4888218641281128
1,0,35,36,slaap,mijn heer zak met rijst,0.4689914882183075
1,0,36,37,"zag,",mijn heer zak met rijst,0.5461527109146118
1,0,37,38,die,mijn heer zak met rijst,0.479895681142807
1,0,38,39,hem,mijn heer zak met rijst,0.4809442460536957
1,0,39,40,in,mijn heer zak met rijst,0.49032407999038696
1,0,40,41,de,mijn heer zak met rijst,0.44322067499160767
1,0,41,42,weg,mijn heer zak met rijst,0.5177857875823975
1,0,42,43,lag.,mijn heer zak met rijst,0.4898047149181366
1,0,43,44,Hidesato,mijn heer zak met rijst,0.5825914740562439
1,0,44,45,klom,mijn heer zak met rijst,0.4683586359024048
1,0,45,46,zonder,mijn heer zak met rijst,0.5096558928489685
1,0,46,47,een,mijn heer zak met rijst,0.4796539843082428
1,0,47,48,te,mijn heer zak met rijst,0.4610448479652405
1,0,48,49,aarzelen,mijn heer zak met rijst,0.4477517902851105
1,0,49,50,over,mijn heer zak met rijst,0.48939159512519836
1,0,50,51,het,mijn heer zak met rijst,0.5123802423477173
1,0,51,52,monster,mijn heer zak met rijst,0.52927166223526
1,0,52,53,heen,mijn heer zak met rijst,0.4990595281124115
1,0,53,54,en,mijn heer zak met rijst,0.4450201392173767
1,0,54,55,vervolgde,mijn heer zak met rijst,0.5211554765701294
1,0,55,56,zijn,mijn heer zak met rijst,0.4630681276321411
1,0,56,57,weg.,mijn heer zak met rijst,0.4833675026893616
1,1,0,58,Hij,mijn heer zak met rijst,0.49960359930992126
1,1,1,59,was,mijn heer zak met rijst,0.4701434075832367
1,1,2,60,nog,mijn heer zak met rijst,0.4762868285179138
1,1,3,61,niet,mijn heer zak met rijst,0.49581485986709595
1,1,4,62,"ver,",mijn heer zak met rijst,0.5143973231315613
1,1,5,63,toen,mijn heer zak met rijst,0.49509143829345703
1,1,6,64,hij,mijn heer zak met rijst,0.49331843852996826
1,1,7,65,hoorde,mijn heer zak met rijst,0.4768887460231781
1,1,8,66,dat,mijn heer zak met rijst,0.47996193170547485
1,1,9,67,iemand,mijn heer zak met rijst,0.4914875030517578
1,1,10,68,hem,mijn heer zak met rijst,0.46714478731155396
1,1,11,69,riep.,mijn heer zak met rijst,0.5143402218818665
1,1,12,70,Hij,mijn heer zak met rijst,0.49288511276245117
1,1,13,71,keek,mijn heer zak met rijst,0.47179457545280457
1,1,14,72,"om,",mijn heer zak met rijst,0.48712700605392456
1,1,15,73,en,mijn heer zak met rijst,0.4319881200790405
1,1,16,74,"zag,",mijn heer zak met rijst,0.533327579498291
1,1,17,75,dat,mijn heer zak met rijst,0.47711265087127686
1,1,18,76,op,mijn heer zak met rijst,0.4522585868835449
1,1,19,77,de,mijn heer zak met rijst,0.4382254183292389
1,1,20,78,plaats,mijn heer zak met rijst,0.47810789942741394
1,1,21,79,van,mijn heer zak met rijst,0.45909392833709717
1,1,22,80,de,mijn heer zak met rijst,0.43870973587036133
1,1,23,81,"draak,",mijn heer zak met rijst,0.5680238008499146
1,1,24,82,een,mijn heer zak met rijst,0.46380865573883057
1,1,25,83,man,mijn heer zak met rijst,0.4437539279460907
1,1,26,84,"stond,",mijn heer zak met rijst,0.5271224975585938
1,1,27,85,die,mijn heer zak met rijst,0.46290114521980286
1,1,28,86,met,mijn heer zak met rijst,0.4772990942001343
1,1,29,87,veel,mijn heer zak met rijst,0.4413253962993622
1,1,30,88,plichtplegingen,mijn heer zak met rijst,0.46622633934020996
1,1,31,89,voor,mijn heer zak met rijst,0.4891308844089508
1,1,32,90,hem,mijn heer zak met rijst,0.4647628664970398
1,1,33,91,boog.,mijn heer zak met rijst,0.475425124168396
1,1,34,92,Het,mijn heer zak met rijst,0.48721158504486084
1,1,35,93,was,mijn heer zak met rijst,0.46366214752197266
1,1,36,94,een,mijn heer zak met rijst,0.47908803820610046
1,1,37,95,man,mijn heer zak met rijst,0.4642677903175354
1,1,38,96,met,mijn heer zak met rijst,0.4927869141101837
1,1,39,97,een,mijn heer zak met rijst,0.4752809405326843
1,1,40,98,vreemd,mijn heer zak met rijst,0.48361456394195557
1,1,41,99,"uiterlijk,",mijn heer zak met rijst,0.5014207363128662
1,1,42,100,op,mijn heer zak met rijst,0.4425574541091919
1,1,43,101,wiens,mijn heer zak met rijst,0.39570504426956177
1,1,44,102,rood,mijn heer zak met rijst,0.4844229221343994
1,1,45,103,haar,mijn heer zak met rijst,0.48432785272598267
1,1,46,104,een,mijn heer zak met rijst,0.4842280447483063
1,1,47,105,kroon,mijn heer zak met rijst,0.46650001406669617
1,1,48,106,geplaatst,mijn heer zak met rijst,0.49520859122276306
1,1,49,107,was,mijn heer zak met rijst,0.47319039702415466
1,1,50,108,in,mijn heer zak met rijst,0.4812987446784973
1,1,51,109,de,mijn heer zak met rijst,0.4349870979785919
1,1,52,110,vorm,mijn heer zak met rijst,0.4890682101249695
1,1,53,111,van,mijn heer zak met rijst,0.45668888092041016
1,1,54,112,een,mijn heer zak met rijst,0.48241791129112244
1,1,55,113,draak.,mijn heer zak met rijst,0.5894626379013062
1,2,0,114,'Ik,mijn heer zak met rijst,0.4389469027519226
1,2,1,115,ben,mijn heer zak met rijst,0.44021517038345337
1,2,2,116,de,mijn heer zak met rijst,0.4511254131793976
1,2,3,117,Drakenkoning,mijn heer zak met rijst,0.5779955387115479
1,2,4,118,van,mijn heer zak met rijst,0.45033466815948486
1,2,5,119,het,mijn heer zak met rijst,0.5010212063789368
1,2,6,120,meer,mijn heer zak met rijst,0.47958827018737793
1,2,7,121,"Biwa',",mijn heer zak met rijst,0.5431127548217773
1,2,8,122,zo,mijn heer zak met rijst,0.4564148187637329
1,2,9,123,sprak,mijn heer zak met rijst,0.470939964056015
1,2,10,124,de,mijn heer zak met rijst,0.4359094798564911
1,2,11,125,roodharige,mijn heer zak met rijst,0.47680389881134033
1,2,12,126,man.,mijn heer zak met rijst,0.4625192880630493
1,2,13,127,'Een,mijn heer zak met rijst,0.46419471502304077
1,2,14,128,ogenblik,mijn heer zak met rijst,0.4793406128883362
1,2,15,129,geleden,mijn heer zak met rijst,0.48461493849754333
1,2,16,130,nam,mijn heer zak met rijst,0.47790050506591797
1,2,17,131,ik,mijn heer zak met rijst,0.44046446681022644
1,2,18,132,de,mijn heer zak met rijst,0.4393405020236969
1,2,19,133,vorm,mijn heer zak met rijst,0.47622132301330566
1,2,20,134,aan,mijn heer zak met rijst,0.4591159224510193
1,2,21,135,van,mijn heer zak met rijst,0.44521576166152954
1,2,22,136,een,mijn heer zak met rijst,0.4756926894187927
1,2,23,137,vreselijk,mijn heer zak met rijst,0.4733335077762604
1,2,24,138,monster,mijn heer zak met rijst,0.5327386260032654
1,2,25,139,in,mijn heer zak met rijst,0.46952810883522034
1,2,26,140,de,mijn heer zak met rijst,0.4367184638977051
1,2,27,141,hoop,mijn heer zak met rijst,0.4533090591430664
1,2,28,142,een,mijn heer zak met rijst,0.4730820059776306
1,2,29,143,sterveling,mijn heer zak met rijst,0.4728729724884033
1,2,30,144,te,mijn heer zak met rijst,0.4500633776187897
1,2,31,145,"vinden,",mijn heer zak met rijst,0.5028717517852783
1,2,32,146,die,mijn heer zak met rijst,0.46398448944091797
1,2,33,147,niet,mijn heer zak met rijst,0.48582419753074646
1,2,34,148,bang,mijn heer zak met rijst,0.49175894260406494
1,2,35,149,voor,mijn heer zak met rijst,0.47825175523757935
1,2,36,150,mij,mijn heer zak met rijst,0.48295480012893677
1,2,37,151,is.,mijn heer zak met rijst,0.4450407922267914
1,2,38,152,"U,",mijn heer zak met rijst,0.47622981667518616
1,2,39,153,o,mijn heer zak met rijst,0.4270239770412445
1,2,40,154,"Heer,",mijn heer zak met rijst,0.5116458535194397
1,2,41,155,hebt,mijn heer zak met rijst,0.4863765835762024
1,2,42,156,geen,mijn heer zak met rijst,0.4798547625541687
1,2,43,157,vrees,mijn heer zak met rijst,0.4920971691608429
1,2,44,158,"getoond,",mijn heer zak met rijst,0.4962540864944458
1,2,45,159,en,mijn heer zak met rijst,0.42691683769226074
1,2,46,160,ik,mijn heer zak met rijst,0.44034135341644287
1,2,47,161,ben,mijn heer zak met rijst,0.43981826305389404
1,2,48,162,daarover,mijn heer zak met rijst,0.4623624384403229
1,2,49,163,zeer,mijn heer zak met rijst,0.47391822934150696
1,2,50,164,verheugd.,mijn heer zak met rijst,0.4685541093349457
1,2,51,165,Een,mijn heer zak met rijst,0.48000144958496094
1,2,52,166,grote,mijn heer zak met rijst,0.5140315890312195
1,2,53,167,honderdpoot,mijn heer zak met rijst,0.51580810546875
1,2,54,168,komt,mijn heer zak met rijst,0.500586986541748
1,2,55,169,telkens,mijn heer zak met rijst,0.4724171459674835
1,2,56,170,van,mijn heer zak met rijst,0.43885159492492676
1,2,57,171,die,mijn heer zak met rijst,0.4575584828853607
1,2,58,172,berg,mijn heer zak met rijst,0.48426908254623413
1,2,59,173,"af,",mijn heer zak met rijst,0.49130815267562866
1,2,60,174,komt,mijn heer zak met rijst,0.4976971745491028
1,2,61,175,mijn,mijn heer zak met rijst,0.4636601209640503
1,2,62,176,paleis,mijn heer zak met rijst,0.4779632091522217
1,2,63,177,binnen,mijn heer zak met rijst,0.4839136600494385
1,2,64,178,en,mijn heer zak met rijst,0.43320250511169434
1,2,65,179,doodt,mijn heer zak met rijst,0.46725982427597046
1,2,66,180,mijn,mijn heer zak met rijst,0.46329665184020996
1,2,67,181,kinderen,mijn heer zak met rijst,0.45293989777565
1,2,68,182,en,mijn heer zak met rijst,0.42991533875465393
1,2,69,183,kleinkinderen.,mijn heer zak met rijst,0.41125550866127014
1,2,70,184,Één,mijn heer zak met rijst,0.4566647708415985
1,2,71,185,voor,mijn heer zak met rijst,0.47614210844039917
1,2,72,186,één,mijn heer zak met rijst,0.4911816120147705
1,2,73,187,zijn,mijn heer zak met rijst,0.4469367563724518
1,2,74,188,zij,mijn heer zak met rijst,0.4868201017379761
1,2,75,189,voedsel,mijn heer zak met rijst,0.43141505122184753
1,2,76,190,geworden,mijn heer zak met rijst,0.5089561939239502
1,2,77,191,voor,mijn heer zak met rijst,0.476351261138916
1,2,78,192,dit,mijn heer zak met rijst,0.46946030855178833
1,2,79,193,ontzaglijke,mijn heer zak met rijst,0.4666728377342224
1,2,80,194,"monster,",mijn heer zak met rijst,0.55485600233078
1,2,81,195,en,mijn heer zak met rijst,0.42853283882141113
1,2,82,196,ik,mijn heer zak met rijst,0.43852078914642334
1,2,83,197,"vrees,",mijn heer zak met rijst,0.492235004901886
1,2,84,198,dat,mijn heer zak met rijst,0.46325603127479553
1,2,85,199,ik,mijn heer zak met rijst,0.44123509526252747
1,2,86,200,spoedig,mijn heer zak met rijst,0.4630356431007385
1,2,87,201,zelf,mijn heer zak met rijst,0.4913070797920227
1,2,88,202,het,mijn heer zak met rijst,0.48880326747894287
1,2,89,203,slachtoffer,mijn heer zak met rijst,0.4987378418445587
1,2,90,204,zal,mijn heer zak met rijst,0.45227503776550293
1,2,91,205,worden.,mijn heer zak met rijst,0.44130873680114746
1,2,92,206,Lang,mijn heer zak met rijst,0.45083051919937134
1,2,93,207,heb,mijn heer zak met rijst,0.4439746141433716
1,2,94,208,ik,mijn heer zak met rijst,0.43592509627342224
1,2,95,209,reeds,mijn heer zak met rijst,0.4513217508792877
1,2,96,210,op,mijn heer zak met rijst,0.438480019569397
1,2,97,211,een,mijn heer zak met rijst,0.456888347864151
1,2,98,212,dappere,mijn heer zak met rijst,0.5044617652893066
1,2,99,213,sterveling,mijn heer zak met rijst,0.485967755317688
1,2,100,214,gewacht.,mijn heer zak met rijst,0.47314903140068054
1,2,101,215,Alle,mijn heer zak met rijst,0.42992496490478516
1,2,102,216,"mannen,",mijn heer zak met rijst,0.49957576394081116
1,2,103,217,die,mijn heer zak met rijst,0.46942025423049927
1,2,104,218,mij,mijn heer zak met rijst,0.4836115837097168
1,2,105,219,tot,mijn heer zak met rijst,0.4653468430042267
1,2,106,220,nu,mijn heer zak met rijst,0.44846978783607483
1,2,107,221,toe,mijn heer zak met rijst,0.4639107286930084
1,2,108,222,in,mijn heer zak met rijst,0.46674370765686035
1,2,109,223,mijn,mijn heer zak met rijst,0.4577586352825165
1,2,110,224,drakengestalte,mijn heer zak met rijst,0.5997522473335266
1,2,111,225,hebben,mijn heer zak met rijst,0.45873403549194336
1,2,112,226,"gezien,",mijn heer zak met rijst,0.5016366243362427
1,2,113,227,zijn,mijn heer zak met rijst,0.44099539518356323
1,2,114,228,weggelopen.,mijn heer zak met rijst,0.4992027282714844
1,2,115,229,U,mijn heer zak met rijst,0.43375739455223083
1,2,116,230,bent,mijn heer zak met rijst,0.4512782096862793
1,2,117,231,een,mijn heer zak met rijst,0.4633916914463043
1,2,118,232,dapper,mijn heer zak met rijst,0.47054773569107056
1,2,119,233,"man,",mijn heer zak met rijst,0.5032101273536682
1,2,120,234,en,mijn heer zak met rijst,0.4394601881504059
1,2,121,235,ik,mijn heer zak met rijst,0.4501023590564728
1,2,122,236,smeek,mijn heer zak met rijst,0.4866712987422943
1,2,123,237,"u,",mijn heer zak met rijst,0.4792875051498413
1,2,124,238,mijn,mijn heer zak met rijst,0.46574944257736206
1,2,125,239,bittere,mijn heer zak met rijst,0.4667327404022217
1,2,126,240,vijand,mijn heer zak met rijst,0.4910338521003723
1,2,127,241,te,mijn heer zak met rijst,0.4580390453338623
1,2,128,242,doden.',mijn heer zak met rijst,0.5091609358787537
1,3,0,243,"Hidesato,",mijn heer zak met rijst,0.5928025841712952
1,3,1,244,voor,mijn heer zak met rijst,0.48107439279556274
1,3,2,245,wie,mijn heer zak met rijst,0.4778086841106415
1,3,3,246,een,mijn heer zak met rijst,0.4726037383079529
1,3,4,247,avontuur,mijn heer zak met rijst,0.5211935043334961
1,3,5,248,altijd,mijn heer zak met rijst,0.4906330704689026
1,3,6,249,welkom,mijn heer zak met rijst,0.44273340702056885
1,3,7,250,"was,",mijn heer zak met rijst,0.49314698576927185
1,3,8,251,stemde,mijn heer zak met rijst,0.45341143012046814
1,3,9,252,er,mijn heer zak met rijst,0.452436625957489
1,3,10,253,onmiddellijk,mijn heer zak met rijst,0.4946031868457794
1,3,11,254,mee,mijn heer zak met rijst,0.46876806020736694
1,3,12,255,in,mijn heer zak met rijst,0.47828030586242676
1,3,13,256,om,mijn heer zak met rijst,0.4628671407699585
1,3,14,257,te,mijn heer zak met rijst,0.4616154730319977
1,3,15,258,kijken,mijn heer zak met rijst,0.4797116219997406
1,3,16,259,wat,mijn heer zak met rijst,0.4765549302101135
1,3,17,260,hij,mijn heer zak met rijst,0.4993818402290344
1,3,18,261,voor,mijn heer zak met rijst,0.48351868987083435
1,3,19,262,de,mijn heer zak met rijst,0.44573497772216797
1,3,20,263,Drakenkoning,mijn heer zak met rijst,0.6186367273330688
1,3,21,264,kon,mijn heer zak met rijst,0.4791988730430603
1,3,22,265,doen.,mijn heer zak met rijst,0.46136707067489624
1,4,0,266,Toen,mijn heer zak met rijst,0.45662543177604675
1,4,1,267,Hidesato,mijn heer zak met rijst,0.6282933354377747
1,4,2,268,het,mijn heer zak met rijst,0.4952431619167328
1,4,3,269,"paleis,",mijn heer zak met rijst,0.5003279447555542
1,4,4,270,bleek,mijn heer zak met rijst,0.45655548572540283
1,4,5,271,het,mijn heer zak met rijst,0.497363418340683
1,4,6,272,een,mijn heer zak met rijst,0.4691726863384247
1,4,7,273,prachtig,mijn heer zak met rijst,0.5068843364715576
1,4,8,274,gebouw,mijn heer zak met rijst,0.46001163125038147
1,4,9,275,te,mijn heer zak met rijst,0.4585167467594147
1,4,10,276,zijn.,mijn heer zak met rijst,0.4368368089199066
1,4,11,277,Hij,mijn heer zak met rijst,0.48778465390205383
1,4,12,278,werd,mijn heer zak met rijst,0.4755612015724182
1,4,13,279,onthaald,mijn heer zak met rijst,0.4738970398902893
1,4,14,280,op,mijn heer zak met rijst,0.44371527433395386
1,4,15,281,gekristalliseerde,mijn heer zak met rijst,0.4713932275772095
1,4,16,282,lotusbladeren,mijn heer zak met rijst,0.4606139659881592
1,4,17,283,en,mijn heer zak met rijst,0.4392293691635132
1,4,18,284,bloemen,mijn heer zak met rijst,0.494903028011322
1,4,19,285,en,mijn heer zak met rijst,0.4394160807132721
1,4,20,286,at,mijn heer zak met rijst,0.4656403958797455
1,4,21,287,de,mijn heer zak met rijst,0.43980932235717773
1,4,22,288,"lekkernijen,",mijn heer zak met rijst,0.45986413955688477
1,4,23,289,die,mijn heer zak met rijst,0.4731997847557068
1,4,24,290,te,mijn heer zak met rijst,0.45491495728492737
1,4,25,291,kust,mijn heer zak met rijst,0.45511892437934875
1,4,26,292,en,mijn heer zak met rijst,0.439328670501709
1,4,27,293,te,mijn heer zak met rijst,0.45538464188575745
1,4,28,294,keur,mijn heer zak met rijst,0.4770718812942505
1,4,29,295,hem,mijn heer zak met rijst,0.46855977177619934
1,4,30,296,werden,mijn heer zak met rijst,0.46439436078071594
1,4,31,297,voorgeschoteld.,mijn heer zak met rijst,0.44231292605400085
1,4,32,298,Juist,mijn heer zak met rijst,0.4412864148616791
1,4,33,299,dacht,mijn heer zak met rijst,0.4783945679664612
1,4,34,300,Hidesato,mijn heer zak met rijst,0.6281706690788269
1,4,35,301,er,mijn heer zak met rijst,0.44387853145599365
1,4,36,302,over,mijn heer zak met rijst,0.4620789587497711
1,4,37,303,"na,",mijn heer zak met rijst,0.4740304946899414
1,4,38,304,hoe,mijn heer zak met rijst,0.48163414001464844
1,4,39,305,voortreffelijk,mijn heer zak met rijst,0.48251113295555115
1,4,40,306,hij,mijn heer zak met rijst,0.49492713809013367
1,4,41,307,onthaald,mijn heer zak met rijst,0.47201353311538696
1,4,42,308,"was,",mijn heer zak met rijst,0.4997541904449463
1,4,43,309,en,mijn heer zak met rijst,0.44100144505500793
1,4,44,310,hoe,mijn heer zak met rijst,0.4899778366088867
1,4,45,311,bijzonder,mijn heer zak met rijst,0.48071402311325073
1,4,46,312,lekker,mijn heer zak met rijst,0.44935762882232666
1,4,47,313,de,mijn heer zak met rijst,0.4472729563713074
1,4,48,314,wijn,mijn heer zak met rijst,0.42704886198043823
1,4,49,315,"was,",mijn heer zak met rijst,0.49988579750061035
1,4,50,316,toen,mijn heer zak met rijst,0.47961992025375366
1,4,51,317,zij,mijn heer zak met rijst,0.4834246337413788
1,4,52,318,allen,mijn heer zak met rijst,0.4399802088737488
1,4,53,319,een,mijn heer zak met rijst,0.46446120738983154
1,4,54,320,vreselijk,mijn heer zak met rijst,0.47146281599998474
1,4,55,321,leven,mijn heer zak met rijst,0.4592307507991791
1,4,56,322,"hoorden,",mijn heer zak met rijst,0.4633404612541199
1,4,57,323,als,mijn heer zak met rijst,0.41527456045150757
1,4,58,324,een,mijn heer zak met rijst,0.4595271646976471
1,4,59,325,dozijn,mijn heer zak met rijst,0.45527660846710205
1,4,60,326,"donderslagen,",mijn heer zak met rijst,0.4932972490787506
1,4,61,327,die,mijn heer zak met rijst,0.47068074345588684
1,4,62,328,tegelijk,mijn heer zak met rijst,0.48944973945617676
1,4,63,329,losbraken.,mijn heer zak met rijst,0.44664597511291504
1,5,0,330,Hidesato,mijn heer zak met rijst,0.6213293075561523
1,5,1,331,en,mijn heer zak met rijst,0.441359281539917
1,5,2,332,de,mijn heer zak met rijst,0.4490739703178406
1,5,3,333,Drakenkoning,mijn heer zak met rijst,0.6057522296905518
1,5,4,334,stonden,mijn heer zak met rijst,0.4781065583229065
1,5,5,335,haastig,mijn heer zak met rijst,0.4831455945968628
1,5,6,336,op,mijn heer zak met rijst,0.4397566020488739
1,5,7,337,en,mijn heer zak met rijst,0.43850699067115784
1,5,8,338,liepen,mijn heer zak met rijst,0.45264458656311035
1,5,9,339,naar,mijn heer zak met rijst,0.49637386202812195
1,5,10,340,het,mijn heer zak met rijst,0.49579229950904846
1,5,11,341,balkon.,mijn heer zak met rijst,0.5179869532585144
1,5,12,342,Zij,mijn heer zak met rijst,0.4907948076725006
1,5,13,343,zagen,mijn heer zak met rijst,0.5124061107635498
1,5,14,344,dat,mijn heer zak met rijst,0.47270146012306213
1,5,15,345,de,mijn heer zak met rijst,0.4462607800960541
1,5,16,346,berg,mijn heer zak met rijst,0.4762023091316223
1,5,17,347,Mikami,mijn heer zak met rijst,0.5210900902748108
1,5,18,348,nauwelijks,mijn heer zak met rijst,0.45849674940109253
1,5,19,349,te,mijn heer zak met rijst,0.4575233459472656
1,5,20,350,herkennen,mijn heer zak met rijst,0.47963765263557434
1,5,21,351,"was,",mijn heer zak met rijst,0.5002617835998535
1,5,22,352,omdat,mijn heer zak met rijst,0.455880731344223
1,5,23,353,deze,mijn heer zak met rijst,0.49426448345184326
1,5,24,354,van,mijn heer zak met rijst,0.43648967146873474
1,5,25,355,de,mijn heer zak met rijst,0.4462607800960541
1,5,26,356,top,mijn heer zak met rijst,0.4707716703414917
1,5,27,357,tot,mijn heer zak met rijst,0.4720899760723114
1,5,28,358,de,mijn heer zak met rijst,0.4462607800960541
1,5,29,359,voet,mijn heer zak met rijst,0.47543245553970337
1,5,30,360,bedekt,mijn heer zak met rijst,0.4861145317554474
1,5,31,361,was,mijn heer zak met rijst,0.46693480014801025
1,5,32,362,door,mijn heer zak met rijst,0.4496208131313324
1,5,33,363,de,mijn heer zak met rijst,0.4462607800960541
1,5,34,364,ontzaglijke,mijn heer zak met rijst,0.46794527769088745
1,5,35,365,honderdpoot.,mijn heer zak met rijst,0.5096140503883362
1,6,0,366,Hidesato,mijn heer zak met rijst,0.6318817734718323
1,6,1,367,deed,mijn heer zak met rijst,0.4639180600643158
1,6,2,368,een,mijn heer zak met rijst,0.46214523911476135
1,6,3,369,pijl,mijn heer zak met rijst,0.4643009603023529
1,6,4,370,op,mijn heer zak met rijst,0.4387006163597107
1,6,5,371,zijn,mijn heer zak met rijst,0.44792282581329346
1,6,6,372,boog,mijn heer zak met rijst,0.4434700012207031
1,6,7,373,en,mijn heer zak met rijst,0.43850699067115784
1,6,8,374,trok,mijn heer zak met rijst,0.47408396005630493
1,6,9,375,de,mijn heer zak met rijst,0.4462607800960541
1,6,10,376,boog,mijn heer zak met rijst,0.4434700012207031
1,6,11,377,met,mijn heer zak met rijst,0.47327303886413574
1,6,12,378,alle,mijn heer zak met rijst,0.4578567445278168
1,6,13,379,kracht,mijn heer zak met rijst,0.4810332655906677
1,6,14,380,aan.,mijn heer zak met rijst,0.4281219244003296
1,6,15,381,De,mijn heer zak met rijst,0.45881766080856323
1,6,16,382,pijl,mijn heer zak met rijst,0.4643009603023529
1,6,17,383,vloog,mijn heer zak met rijst,0.49099355936050415
1,6,18,384,door,mijn heer zak met rijst,0.4496208131313324
1,6,19,385,de,mijn heer zak met rijst,0.4462607800960541
1,6,20,386,lucht,mijn heer zak met rijst,0.4381960332393646
1,6,21,387,en,mijn heer zak met rijst,0.43850699067115784
1,6,22,388,trof,mijn heer zak met rijst,0.447344034910202
1,6,23,389,de,mijn heer zak met rijst,0.4462607800960541
1,6,24,390,honderdpoot,mijn heer zak met rijst,0.5249160528182983
1,6,25,391,in,mijn heer zak met rijst,0.4788229167461395
1,6,26,392,het,mijn heer zak met rijst,0.49579229950904846
1,6,27,393,midden,mijn heer zak met rijst,0.4452219605445862
1,6,28,394,van,mijn heer zak met rijst,0.43648967146873474
1,6,29,395,de,mijn heer zak met rijst,0.4462607800960541
1,6,30,396,"kop,",mijn heer zak met rijst,0.4823352098464966
1,6,31,397,maar,mijn heer zak met rijst,0.4534565210342407
1,6,32,398,sprong,mijn heer zak met rijst,0.514570415019989
1,6,33,399,terug,mijn heer zak met rijst,0.47866010665893555
1,6,34,400,zonder,mijn heer zak met rijst,0.4867028295993805
1,6,35,401,een,mijn heer zak met rijst,0.46214523911476135
1,6,36,402,wond,mijn heer zak met rijst,0.4389285445213318
1,6,37,403,te,mijn heer zak met rijst,0.4575233459472656
1,6,38,404,hebben,mijn heer zak met rijst,0.4642011821269989
1,6,39,405,veroorzaakt.,mijn heer zak met rijst,0.4565962553024292
1,6,40,406,Weer,mijn heer zak met rijst,0.43668222427368164
1,6,41,407,liet,mijn heer zak met rijst,0.48890140652656555
1,6,42,408,Hidesato,mijn heer zak met rijst,0.6318817734718323
1,6,43,409,een,mijn heer zak met rijst,0.46214523911476135
1,6,44,410,pijl,mijn heer zak met rijst,0.4643009603023529
1,6,45,411,"voortsuizen,",mijn heer zak met rijst,0.47799697518348694
1,6,46,412,weer,mijn heer zak met rijst,0.44316771626472473
1,6,47,413,trof,mijn heer zak met rijst,0.447344034910202
1,6,48,414,die,mijn heer zak met rijst,0.47000807523727417
1,6,49,415,pijl,mijn heer zak met rijst,0.4643009603023529
1,6,50,416,het,mijn heer zak met rijst,0.49579229950904846
1,6,51,417,"monster,",mijn heer zak met rijst,0.5469410419464111
1,6,52,418,maar,mijn heer zak met rijst,0.4534565210342407
1,6,53,419,weer,mijn heer zak met rijst,0.44316771626472473
1,6,54,420,viel,mijn heer zak met rijst,0.46667394042015076
1,6,55,421,hij,mijn heer zak met rijst,0.49401435256004333
1,6,56,422,op,mijn heer zak met rijst,0.4387006163597107
1,6,57,423,de,mijn heer zak met rijst,0.4462607800960541
1,6,58,424,"grond,",mijn heer zak met rijst,0.45387211441993713
1,6,59,425,zonder,mijn heer zak met rijst,0.4867028295993805
1,6,60,426,schade,mijn heer zak met rijst,0.4877353310585022
1,6,61,427,te,mijn heer zak met rijst,0.4575233459472656
1,6,62,428,hebben,mijn heer zak met rijst,0.4642011821269989
1,6,63,429,berokkend.,mijn heer zak met rijst,0.4935014247894287
1,6,64,430,Hidesato,mijn heer zak met rijst,0.6318817734718323
1,6,65,431,had,mijn heer zak met rijst,0.46510744094848633
1,6,66,432,nog,mijn heer zak met rijst,0.4601896405220032
1,6,67,433,slechts,mijn heer zak met rijst,0.4688180685043335
1,6,68,434,één,mijn heer zak met rijst,0.48852142691612244
1,6,69,435,pijl,mijn heer zak met rijst,0.4643009603023529
1,6,70,436,over.,mijn heer zak met rijst,0.4655437469482422
1,6,71,437,Plotseling,mijn heer zak met rijst,0.511427104473114
1,6,72,438,herinnerde,mijn heer zak met rijst,0.4928666055202484
1,6,73,439,hij,mijn heer zak met rijst,0.49401435256004333
1,6,74,440,zich,mijn heer zak met rijst,0.479451447725296
1,6,75,441,de,mijn heer zak met rijst,0.4462607800960541
1,6,76,442,betoverende,mijn heer zak met rijst,0.544387698173523
1,6,77,443,werking,mijn heer zak met rijst,0.4415290355682373
1,6,78,444,van,mijn heer zak met rijst,0.43648967146873474
1,6,79,445,menselijk,mijn heer zak met rijst,0.4801639914512634
1,6,80,446,"speeksel,",mijn heer zak met rijst,0.46466726064682007
1,6,81,447,en,mijn heer zak met rijst,0.43850699067115784
1,6,82,448,daarom,mijn heer zak met rijst,0.46316927671432495
1,6,83,449,stak,mijn heer zak met rijst,0.4852525293827057
1,6,84,450,hij,mijn heer zak met rijst,0.49401435256004333
1,6,85,451,de,mijn heer zak met rijst,0.4462607800960541
1,6,86,452,punt,mijn heer zak met rijst,0.45097029209136963
1,6,87,453,van,mijn heer zak met rijst,0.43648967146873474
1,6,88,454,de,mijn heer zak met rijst,0.4462607800960541
1,6,89,455,laatst,mijn heer zak met rijst,0.4618672728538513
1,6,90,456,overgebleven,mijn heer zak met rijst,0.4916797876358032
1,6,91,457,pijl,mijn heer zak met rijst,0.4643009603023529
1,6,92,458,een,mijn heer zak met rijst,0.46214523911476135
1,6,93,459,ogenblik,mijn heer zak met rijst,0.47149553894996643
1,6,94,460,in,mijn heer zak met rijst,0.4788229167461395
1,6,95,461,zijn,mijn heer zak met rijst,0.44792282581329346
1,6,96,462,"mond,",mijn heer zak met rijst,0.4917297959327698
1,6,97,463,waarna,mijn heer zak met rijst,0.47126108407974243
1,6,98,464,hij,mijn heer zak met rijst,0.49401435256004333
1,6,99,465,die,mijn heer zak met rijst,0.47000807523727417
1,6,100,466,haastig,mijn heer zak met rijst,0.4829443097114563
1,6,101,467,op,mijn heer zak met rijst,0.4387006163597107
1,6,102,468,de,mijn heer zak met rijst,0.4462607800960541
1,6,103,469,boog,mijn heer zak met rijst,0.4434700012207031
1,6,104,470,legde,mijn heer zak met rijst,0.47302329540252686
1,6,105,471,en,mijn heer zak met rijst,0.43850699067115784
1,6,106,472,nauwkeurig,mijn heer zak met rijst,0.4535594880580902
1,6,107,473,mikte.,mijn heer zak met rijst,0.5033656358718872
1,7,0,474,De,mijn heer zak met rijst,0.45881766080856323
1,7,1,475,laatste,mijn heer zak met rijst,0.48085087537765503
1,7,2,476,pijl,mijn heer zak met rijst,0.4643009603023529
1,7,3,477,trof,mijn heer zak met rijst,0.447344034910202
1,7,4,478,doel,mijn heer zak met rijst,0.4460600018501282
1,7,5,479,en,mijn heer zak met rijst,0.43850699067115784
1,7,6,480,doorboorde,mijn heer zak met rijst,0.4838102161884308
1,7,7,481,de,mijn heer zak met rijst,0.4462607800960541
1,7,8,482,hersenen,mijn heer zak met rijst,0.46282458305358887
1,7,9,483,van,mijn heer zak met rijst,0.43648967146873474
1,7,10,484,het,mijn heer zak met rijst,0.49579229950904846
1,7,11,485,monster.,mijn heer zak met rijst,0.5122202038764954
1,7,12,486,Het,mijn heer zak met rijst,0.4791414141654968
1,7,13,487,bewoog,mijn heer zak met rijst,0.4628424644470215
1,7,14,488,zich,mijn heer zak met rijst,0.479451447725296
1,7,15,489,niet,mijn heer zak met rijst,0.48058027029037476
1,7,16,490,langer;,mijn heer zak met rijst,0.4916791617870331
1,7,17,491,het,mijn heer zak met rijst,0.49579229950904846
1,7,18,492,licht,mijn heer zak met rijst,0.4593397378921509
1,7,19,493,in,mijn heer zak met rijst,0.4788229167461395
1,7,20,494,zijn,mijn heer zak met rijst,0.44792282581329346
1,7,21,495,ogen,mijn heer zak met rijst,0.4744292199611664
1,7,22,496,en,mijn heer zak met rijst,0.43850699067115784
1,7,23,497,poten,mijn heer zak met rijst,0.4766025245189667
1,7,24,498,verzwakte,mijn heer zak met rijst,0.47934821248054504
1,7,25,499,en,mijn heer zak met rijst,0.43850699067115784
1,7,26,500,ging,mijn heer zak met rijst,0.4851360619068146
1,7,27,501,eindelijk,mijn heer zak met rijst,0.5186225175857544
1,7,28,502,"uit,",mijn heer zak met rijst,0.4982021450996399
1,7,29,503,en,mijn heer zak met rijst,0.43850699067115784
1,7,30,504,het,mijn heer zak met rijst,0.49579229950904846
1,7,31,505,meer,mijn heer zak met rijst,0.4657728970050812
1,7,32,506,"Biwa,",mijn heer zak met rijst,0.5463374257087708
1,7,33,507,met,mijn heer zak met rijst,0.47327303886413574
1,7,34,508,zijn,mijn heer zak met rijst,0.44792282581329346
1,7,35,509,onderzeese,mijn heer zak met rijst,0.47785356640815735
1,7,36,510,"paleis,",mijn heer zak met rijst,0.5268946886062622
1,7,37,511,werd,mijn heer zak met rijst,0.47349995374679565
1,7,38,512,in,mijn heer zak met rijst,0.4788229167461395
1,7,39,513,diepe,mijn heer zak met rijst,0.47797831892967224
1,7,40,514,duisternis,mijn heer zak met rijst,0.47585323452949524
1,7,41,515,gehuld.,mijn heer zak met rijst,0.5116302967071533
1,8,0,516,De,mijn heer zak met rijst,0.45881766080856323
1,8,1,517,volgende,mijn heer zak met rijst,0.4807248115539551
1,8,2,518,dag,mijn heer zak met rijst,0.4852915108203888
1,8,3,519,was,mijn heer zak met rijst,0.46693480014801025
1,8,4,520,ieder,mijn heer zak met rijst,0.46476536989212036
1,8,5,521,teken,mijn heer zak met rijst,0.48103728890419006
1,8,6,522,van,mijn heer zak met rijst,0.43648967146873474
1,8,7,523,de,mijn heer zak met rijst,0.4462607800960541
1,8,8,524,storm,mijn heer zak met rijst,0.48924514651298523
1,8,9,525,verdwenen.,mijn heer zak met rijst,0.46653416752815247
1,8,10,526,En,mijn heer zak met rijst,0.4410780072212219
1,8,11,527,in,mijn heer zak met rijst,0.4788229167461395
1,8,12,528,het,mijn heer zak met rijst,0.49579229950904846
1,8,13,529,meer,mijn heer zak met rijst,0.4657728970050812
1,8,14,530,lag,mijn heer zak met rijst,0.4639480710029602
1,8,15,531,het,mijn heer zak met rijst,0.49579229950904846
1,8,16,532,lijk,mijn heer zak met rijst,0.5062147974967957
1,8,17,533,van,mijn heer zak met rijst,0.43648967146873474
1,8,18,534,de,mijn heer zak met rijst,0.4462607800960541
1,8,19,535,grote,mijn heer zak met rijst,0.5131295919418335
1,8,20,536,honderdpoot.,mijn heer zak met rijst,0.5096140503883362
1,9,0,537,De,mijn heer zak met rijst,0.45881766080856323
1,9,1,538,Drakenkoning,mijn heer zak met rijst,0.6062912344932556
1,9,2,539,en,mijn heer zak met rijst,0.43850699067115784
1,9,3,540,zijn,mijn heer zak met rijst,0.44792282581329346
1,9,4,541,omgeving,mijn heer zak met rijst,0.45823153853416443
1,9,5,542,waren,mijn heer zak met rijst,0.46506011486053467
1,9,6,543,bijzonder,mijn heer zak met rijst,0.4783480167388916
1,9,7,544,"verheugd,",mijn heer zak met rijst,0.4925299882888794
1,9,8,545,toen,mijn heer zak met rijst,0.4826444387435913
1,9,9,546,zij,mijn heer zak met rijst,0.4842238128185272
1,9,10,547,"zagen,",mijn heer zak met rijst,0.5342825651168823
1,9,11,548,dat,mijn heer zak met rijst,0.47270146012306213
1,9,12,549,hun,mijn heer zak met rijst,0.46025151014328003
1,9,13,550,gevreesde,mijn heer zak met rijst,0.5108215808868408
1,9,14,551,vijand,mijn heer zak met rijst,0.48777875304222107
1,9,15,552,gedood,mijn heer zak met rijst,0.5307656526565552
1,9,16,553,was.,mijn heer zak met rijst,0.47323623299598694
1,9,17,554,Hidesato,mijn heer zak met rijst,0.6318817734718323
1,9,18,555,werd,mijn heer zak met rijst,0.47349995374679565
1,9,19,556,weer,mijn heer zak met rijst,0.44316771626472473
1,9,20,557,feestelijk,mijn heer zak met rijst,0.5123785734176636
1,9,21,558,"onthaald,",mijn heer zak met rijst,0.47983279824256897
1,9,22,559,zelfs,mijn heer zak met rijst,0.4792346656322479
1,9,23,560,nog,mijn heer zak met rijst,0.4601896405220032
1,9,24,561,vorstelijker,mijn heer zak met rijst,0.5663262605667114
1,9,25,562,dan,mijn heer zak met rijst,0.4721572995185852
1,9,26,563,tevoren.,mijn heer zak met rijst,0.46463075280189514
1,9,27,564,Toen,mijn heer zak met rijst,0.45805010199546814
1,9,28,565,hij,mijn heer zak met rijst,0.49401435256004333
1,9,29,566,eindelijk,mijn heer zak met rijst,0.5186225175857544
1,9,30,567,"vertrok,",mijn heer zak met rijst,0.5026410818099976
1,9,31,568,deed,mijn heer zak met rijst,0.4639180600643158
1,9,32,569,hij,mijn heer zak met rijst,0.49401435256004333
1,9,33,570,dit,mijn heer zak met rijst,0.47573867440223694
1,9,34,571,met,mijn heer zak met rijst,0.47327303886413574
1,9,35,572,een,mijn heer zak met rijst,0.46214523911476135
1,9,36,573,stoet,mijn heer zak met rijst,0.48342403769493103
1,9,37,574,van,mijn heer zak met rijst,0.43648967146873474
1,9,38,575,"vissen,",mijn heer zak met rijst,0.5081323981285095
1,9,39,576,die,mijn heer zak met rijst,0.47000807523727417
1,9,40,577,plotseling,mijn heer zak met rijst,0.5093759298324585
1,9,41,578,in,mijn heer zak met rijst,0.4788229167461395
1,9,42,579,mannen,mijn heer zak met rijst,0.4821375608444214
1,9,43,580,veranderden.,mijn heer zak met rijst,0.4590030312538147
1,9,44,581,De,mijn heer zak met rijst,0.45881766080856323
1,9,45,582,Drakenkoning,mijn heer zak met rijst,0.6062912344932556
1,9,46,583,schonk,mijn heer zak met rijst,0.46370720863342285
1,9,47,584,onze,mijn heer zak met rijst,0.4500502347946167
1,9,48,585,held,mijn heer zak met rijst,0.4722808599472046
1,9,49,586,vijf,mijn heer zak met rijst,0.4616544246673584
1,9,50,587,kostbare,mijn heer zak met rijst,0.4865630567073822
1,9,51,588,gaven:,mijn heer zak met rijst,0.5325313210487366
1,9,52,589,twee,mijn heer zak met rijst,0.45367708802223206
1,9,53,590,"klokken,",mijn heer zak met rijst,0.4746759831905365
1,9,54,591,een,mijn heer zak met rijst,0.46214523911476135
1,9,55,592,zak,mijn heer zak met rijst,0.4588887095451355
1,9,56,593,met,mijn heer zak met rijst,0.47327303886413574
1,9,57,594,"rijst,",mijn heer zak met rijst,0.4490189552307129
1,9,58,595,een,mijn heer zak met rijst,0.46214523911476135
1,9,59,596,rol,mijn heer zak met rijst,0.44897279143333435
1,9,60,597,zijde,mijn heer zak met rijst,0.4875030219554901
1,9,61,598,en,mijn heer zak met rijst,0.43850699067115784
1,9,62,599,een,mijn heer zak met rijst,0.46214523911476135
1,9,63,600,kookpan.,mijn heer zak met rijst,0.4414267838001251
2,0,0,1,Men,waarom de reuzen in limburg zijn uitgestorven,
2,0,1,2,weet,waarom de reuzen in limburg zijn uitgestorven,0.7158836126327515
2,0,2,3,"het,",waarom de reuzen in limburg zijn uitgestorven,0.7718919515609741
2,0,3,4,dat,waarom de reuzen in limburg zijn uitgestorven,0.7407653331756592
2,0,4,5,ons,waarom de reuzen in limburg zijn uitgestorven,0.684444785118103
2,0,5,6,land,waarom de reuzen in limburg zijn uitgestorven,0.608619213104248
2,0,6,7,vroeger,waarom de reuzen in limburg zijn uitgestorven,0.6680289506912231
2,0,7,8,door,waarom de reuzen in limburg zijn uitgestorven,0.5523917078971863
2,0,8,9,reuzen,waarom de reuzen in limburg zijn uitgestorven,0.5508407354354858
2,0,9,10,werd,waarom de reuzen in limburg zijn uitgestorven,0.5845069289207458
2,0,10,11,bewoond.,waarom de reuzen in limburg zijn uitgestorven,0.5545331835746765
2,0,11,12,Er,waarom de reuzen in limburg zijn uitgestorven,0.48626041412353516
2,0,12,13,waren,waarom de reuzen in limburg zijn uitgestorven,0.5859518051147461
2,0,13,14,reuzen,waarom de reuzen in limburg zijn uitgestorven,0.6394526958465576
2,0,14,15,in,waarom de reuzen in limburg zijn uitgestorven,0.5025230050086975
2,0,15,16,"Drenthe,",waarom de reuzen in limburg zijn uitgestorven,0.47026127576828003
2,0,16,17,die,waarom de reuzen in limburg zijn uitgestorven,0.46462002396583557
2,0,17,18,hebben,waarom de reuzen in limburg zijn uitgestorven,0.5211490988731384
2,0,18,19,de,waarom de reuzen in limburg zijn uitgestorven,0.4876520037651062
2,0,19,20,Hunebedden,waarom de reuzen in limburg zijn uitgestorven,0.5009204745292664
2,0,20,21,gebouwd.,waarom de reuzen in limburg zijn uitgestorven,0.5188091397285461
2,0,21,22,Er,waarom de reuzen in limburg zijn uitgestorven,0.45916521549224854
2,0,22,23,waren,waarom de reuzen in limburg zijn uitgestorven,0.5355987548828125
2,0,23,24,reuzen,waarom de reuzen in limburg zijn uitgestorven,0.5990273952484131
2,0,24,25,op,waarom de reuzen in limburg zijn uitgestorven,0.45345741510391235
2,0,25,26,de,waarom de reuzen in limburg zijn uitgestorven,0.48817330598831177
2,0,26,27,"Veluwe,",waarom de reuzen in limburg zijn uitgestorven,0.5377759337425232
2,0,27,28,die,waarom de reuzen in limburg zijn uitgestorven,0.4592900276184082
2,0,28,29,hebben,waarom de reuzen in limburg zijn uitgestorven,0.5248603820800781
2,0,29,30,daar,waarom de reuzen in limburg zijn uitgestorven,0.48912328481674194
2,0,30,31,de,waarom de reuzen in limburg zijn uitgestorven,0.49849990010261536
2,0,31,32,hoge,waarom de reuzen in limburg zijn uitgestorven,0.49541792273521423
2,0,32,33,bergen,waarom de reuzen in limburg zijn uitgestorven,0.506279706954956
2,0,33,34,neergegooid.,waarom de reuzen in limburg zijn uitgestorven,0.45112693309783936
2,1,0,35,Bij,waarom de reuzen in limburg zijn uitgestorven,0.4595557153224945
2,1,1,36,Haarlem,waarom de reuzen in limburg zijn uitgestorven,0.47403112053871155
2,1,2,37,leefde,waarom de reuzen in limburg zijn uitgestorven,0.5116312503814697
2,1,3,38,een,waarom de reuzen in limburg zijn uitgestorven,0.479392409324646
2,1,4,39,"reuzin,",waarom de reuzen in limburg zijn uitgestorven,0.5248969197273254
2,1,5,40,Walberech,waarom de reuzen in limburg zijn uitgestorven,0.4884655773639679
2,1,6,41,was,waarom de reuzen in limburg zijn uitgestorven,0.48307400941848755
2,1,7,42,haar,waarom de reuzen in limburg zijn uitgestorven,0.4647393822669983
2,1,8,43,naam.,waarom de reuzen in limburg zijn uitgestorven,0.462131142616272
2,1,9,44,Ze,waarom de reuzen in limburg zijn uitgestorven,0.49319759011268616
2,1,10,45,was,waarom de reuzen in limburg zijn uitgestorven,0.4872325658798218
2,1,11,46,voor,waarom de reuzen in limburg zijn uitgestorven,0.4833746552467346
2,1,12,47,haar,waarom de reuzen in limburg zijn uitgestorven,0.47597166895866394
2,1,13,48,doen,waarom de reuzen in limburg zijn uitgestorven,0.5016218423843384
2,1,14,49,nogal,waarom de reuzen in limburg zijn uitgestorven,0.5113846659660339
2,1,15,50,groot.,waarom de reuzen in limburg zijn uitgestorven,0.5407318472862244
2,1,16,51,In,waarom de reuzen in limburg zijn uitgestorven,0.4826773703098297
2,1,17,52,één,waarom de reuzen in limburg zijn uitgestorven,0.47154104709625244
2,1,18,53,stap,waarom de reuzen in limburg zijn uitgestorven,0.45156002044677734
2,1,19,54,stak,waarom de reuzen in limburg zijn uitgestorven,0.48746779561042786
2,1,20,55,zij,waarom de reuzen in limburg zijn uitgestorven,0.4996466040611267
2,1,21,56,de,waarom de reuzen in limburg zijn uitgestorven,0.48827996850013733
2,1,22,57,Noordzee,waarom de reuzen in limburg zijn uitgestorven,0.5149235725402832
2,1,23,58,"over,",waarom de reuzen in limburg zijn uitgestorven,0.4927763044834137
2,1,24,59,en,waarom de reuzen in limburg zijn uitgestorven,0.4631516635417938
2,1,25,60,"eens,",waarom de reuzen in limburg zijn uitgestorven,0.5045260787010193
2,1,26,61,toen,waarom de reuzen in limburg zijn uitgestorven,0.5050777196884155
2,1,27,62,rovers,waarom de reuzen in limburg zijn uitgestorven,0.5236546397209167
2,1,28,63,haar,waarom de reuzen in limburg zijn uitgestorven,0.4775066077709198
2,1,29,64,vee,waarom de reuzen in limburg zijn uitgestorven,0.48049449920654297
2,1,30,65,hadden,waarom de reuzen in limburg zijn uitgestorven,0.5197194814682007
2,1,31,66,"geroofd,",waarom de reuzen in limburg zijn uitgestorven,0.5052069425582886
2,1,32,67,en,waarom de reuzen in limburg zijn uitgestorven,0.4623526334762573
2,1,33,68,al,waarom de reuzen in limburg zijn uitgestorven,0.4534389078617096
2,1,34,69,een,waarom de reuzen in limburg zijn uitgestorven,0.49809530377388
2,1,35,70,nacht,waarom de reuzen in limburg zijn uitgestorven,0.49161970615386963
2,1,36,71,zeilen,waarom de reuzen in limburg zijn uitgestorven,0.4801918864250183
2,1,37,72,verder,waarom de reuzen in limburg zijn uitgestorven,0.5048080086708069
2,1,38,73,"waren,",waarom de reuzen in limburg zijn uitgestorven,0.5279150009155273
2,1,39,74,bereikte,waarom de reuzen in limburg zijn uitgestorven,0.49176162481307983
2,1,40,75,ze,waarom de reuzen in limburg zijn uitgestorven,0.502422571182251
2,1,41,76,hun,waarom de reuzen in limburg zijn uitgestorven,0.5100467801094055
2,1,42,77,schip,waarom de reuzen in limburg zijn uitgestorven,0.500379204750061
2,1,43,78,in,waarom de reuzen in limburg zijn uitgestorven,0.48189547657966614
2,1,44,79,één,waarom de reuzen in limburg zijn uitgestorven,0.4857870936393738
2,1,45,80,"schrede,",waarom de reuzen in limburg zijn uitgestorven,0.48103341460227966
2,1,46,81,nam,waarom de reuzen in limburg zijn uitgestorven,0.4900374412536621
2,1,47,82,het,waarom de reuzen in limburg zijn uitgestorven,0.5168514251708984
2,1,48,83,met,waarom de reuzen in limburg zijn uitgestorven,0.4846133887767792
2,1,49,84,één,waarom de reuzen in limburg zijn uitgestorven,0.5032744407653809
2,1,50,85,van,waarom de reuzen in limburg zijn uitgestorven,0.4952555298805237
2,1,51,86,haar,waarom de reuzen in limburg zijn uitgestorven,0.49711987376213074
2,1,52,87,vingers,waarom de reuzen in limburg zijn uitgestorven,0.4706157445907593
2,1,53,88,"op,",waarom de reuzen in limburg zijn uitgestorven,0.5026252269744873
2,1,54,89,en,waarom de reuzen in limburg zijn uitgestorven,0.47447633743286133
2,1,55,90,wierp,waarom de reuzen in limburg zijn uitgestorven,0.48401761054992676
2,1,56,91,het,waarom de reuzen in limburg zijn uitgestorven,0.5220202207565308
2,1,57,92,in,waarom de reuzen in limburg zijn uitgestorven,0.5010092854499817
2,1,58,93,de,waarom de reuzen in limburg zijn uitgestorven,0.5039456486701965
2,1,59,94,lucht.,waarom de reuzen in limburg zijn uitgestorven,0.4939986765384674
2,1,60,95,Toen,waarom de reuzen in limburg zijn uitgestorven,0.4654132127761841
2,1,61,96,alle,waarom de reuzen in limburg zijn uitgestorven,0.49780508875846863
2,1,62,97,rovers,waarom de reuzen in limburg zijn uitgestorven,0.5388132929801941
2,1,63,98,dood,waarom de reuzen in limburg zijn uitgestorven,0.5138556957244873
2,1,64,99,"waren,",waarom de reuzen in limburg zijn uitgestorven,0.550890326499939
2,1,65,100,at,waarom de reuzen in limburg zijn uitgestorven,0.4909396767616272
2,1,66,101,ze,waarom de reuzen in limburg zijn uitgestorven,0.5180063843727112
2,1,67,102,hen,waarom de reuzen in limburg zijn uitgestorven,0.5187744498252869
2,1,68,103,met,waarom de reuzen in limburg zijn uitgestorven,0.4966473877429962
2,1,69,104,huid,waarom de reuzen in limburg zijn uitgestorven,0.5465859174728394
2,1,70,105,en,waarom de reuzen in limburg zijn uitgestorven,0.49200940132141113
2,1,71,106,"haar,",waarom de reuzen in limburg zijn uitgestorven,0.5084870457649231
2,1,72,107,nam,waarom de reuzen in limburg zijn uitgestorven,0.5164260864257812
2,1,73,108,haar,waarom de reuzen in limburg zijn uitgestorven,0.5154366493225098
2,1,74,109,kudde,waarom de reuzen in limburg zijn uitgestorven,0.5080044865608215
2,1,75,110,"mee,",waarom de reuzen in limburg zijn uitgestorven,0.4975016713142395
2,1,76,111,en,waarom de reuzen in limburg zijn uitgestorven,0.49198150634765625
2,1,77,112,kwam,waarom de reuzen in limburg zijn uitgestorven,0.5232206583023071
2,1,78,113,weer,waarom de reuzen in limburg zijn uitgestorven,0.5033872127532959
2,1,79,114,behouden,waarom de reuzen in limburg zijn uitgestorven,0.5314202308654785
2,1,80,115,aan,waarom de reuzen in limburg zijn uitgestorven,0.4856829345226288
2,1,81,116,land.,waarom de reuzen in limburg zijn uitgestorven,0.5280274152755737
2,2,0,117,Ook,waarom de reuzen in limburg zijn uitgestorven,0.49820706248283386
2,2,1,118,in,waarom de reuzen in limburg zijn uitgestorven,0.49603286385536194
2,2,2,119,Limburg,waarom de reuzen in limburg zijn uitgestorven,0.5674796104431152
2,2,3,120,woonden,waarom de reuzen in limburg zijn uitgestorven,0.5267698168754578
2,2,4,121,de,waarom de reuzen in limburg zijn uitgestorven,0.5068618059158325
2,2,5,122,reuzen.,waarom de reuzen in limburg zijn uitgestorven,0.6307169795036316
2,2,6,123,Hun,waarom de reuzen in limburg zijn uitgestorven,0.5158181190490723
2,2,7,124,koning,waarom de reuzen in limburg zijn uitgestorven,0.507841169834137
2,2,8,125,heette,waarom de reuzen in limburg zijn uitgestorven,0.4782256782054901
2,2,9,126,Halichem,waarom de reuzen in limburg zijn uitgestorven,0.506945788860321
2,2,10,127,en,waarom de reuzen in limburg zijn uitgestorven,0.49167492985725403
2,2,11,128,hij,waarom de reuzen in limburg zijn uitgestorven,0.5283797383308411
2,2,12,129,was,waarom de reuzen in limburg zijn uitgestorven,0.5041829347610474
2,2,13,130,ongetrouwd.,waarom de reuzen in limburg zijn uitgestorven,0.4517830014228821
2,2,14,131,Het,waarom de reuzen in limburg zijn uitgestorven,0.5336984395980835
2,2,15,132,was,waarom de reuzen in limburg zijn uitgestorven,0.4981803297996521
2,2,16,133,een,waarom de reuzen in limburg zijn uitgestorven,0.5199158191680908
2,2,17,134,ernstige,waarom de reuzen in limburg zijn uitgestorven,0.49233344197273254
2,2,18,135,"kerel,",waarom de reuzen in limburg zijn uitgestorven,0.5525222420692444
2,2,19,136,die,waarom de reuzen in limburg zijn uitgestorven,0.497597336769104
2,2,20,137,er,waarom de reuzen in limburg zijn uitgestorven,0.5158000588417053
2,2,21,138,weinig,waarom de reuzen in limburg zijn uitgestorven,0.47206857800483704
2,2,22,139,woorden,waarom de reuzen in limburg zijn uitgestorven,0.5076208710670471
2,2,23,140,op,waarom de reuzen in limburg zijn uitgestorven,0.4827496409416199
2,2,24,141,nahield.,waarom de reuzen in limburg zijn uitgestorven,0.506484866142273
2,2,25,142,Als,waarom de reuzen in limburg zijn uitgestorven,0.4942172169685364
2,2,26,143,er,waarom de reuzen in limburg zijn uitgestorven,0.5184604525566101
2,2,27,144,iets,waarom de reuzen in limburg zijn uitgestorven,0.5362346768379211
2,2,28,145,moest,waarom de reuzen in limburg zijn uitgestorven,0.5442644357681274
2,2,29,146,"gebeuren,",waarom de reuzen in limburg zijn uitgestorven,0.523442804813385
2,2,30,147,sprak,waarom de reuzen in limburg zijn uitgestorven,0.46687743067741394
2,2,31,148,hij,waarom de reuzen in limburg zijn uitgestorven,0.5392453670501709
2,2,32,149,het,waarom de reuzen in limburg zijn uitgestorven,0.5343083739280701
2,2,33,150,"kortaf,",waarom de reuzen in limburg zijn uitgestorven,0.5005821585655212
2,2,34,151,en,waarom de reuzen in limburg zijn uitgestorven,0.49007660150527954
2,2,35,152,o,waarom de reuzen in limburg zijn uitgestorven,0.48417091369628906
2,2,36,153,wee,waarom de reuzen in limburg zijn uitgestorven,0.48013126850128174
2,2,37,154,als,waarom de reuzen in limburg zijn uitgestorven,0.4845774173736572
2,2,38,155,je,waarom de reuzen in limburg zijn uitgestorven,0.5058664083480835
2,2,39,156,zijn,waarom de reuzen in limburg zijn uitgestorven,0.5262914299964905
2,2,40,157,bevel,waarom de reuzen in limburg zijn uitgestorven,0.49267858266830444
2,2,41,158,niet,waarom de reuzen in limburg zijn uitgestorven,0.5333505868911743
2,2,42,159,gehoorzaamde.,waarom de reuzen in limburg zijn uitgestorven,0.4857969284057617
2,3,0,160,Hij,waarom de reuzen in limburg zijn uitgestorven,0.5257061719894409
2,3,1,161,was,waarom de reuzen in limburg zijn uitgestorven,0.5078617334365845
2,3,2,162,zo,waarom de reuzen in limburg zijn uitgestorven,0.5281094908714294
2,3,3,163,om,waarom de reuzen in limburg zijn uitgestorven,0.5304867625236511
2,3,4,164,en,waarom de reuzen in limburg zijn uitgestorven,0.4956740140914917
2,3,5,165,nabij,waarom de reuzen in limburg zijn uitgestorven,0.5253745317459106
2,3,6,166,de,waarom de reuzen in limburg zijn uitgestorven,0.5087305307388306
2,3,7,167,vijftig,waarom de reuzen in limburg zijn uitgestorven,0.4560253918170929
2,3,8,168,"jaar,",waarom de reuzen in limburg zijn uitgestorven,0.5073791146278381
2,3,9,169,toen,waarom de reuzen in limburg zijn uitgestorven,0.5327065587043762
2,3,10,170,vonden,waarom de reuzen in limburg zijn uitgestorven,0.5531044602394104
2,3,11,171,zijn,waarom de reuzen in limburg zijn uitgestorven,0.5251976251602173
2,3,12,172,onderdanen,waarom de reuzen in limburg zijn uitgestorven,0.5158774256706238
2,3,13,173,dat,waarom de reuzen in limburg zijn uitgestorven,0.5168437361717224
2,3,14,174,het,waarom de reuzen in limburg zijn uitgestorven,0.5365893244743347
2,3,15,175,tijd,waarom de reuzen in limburg zijn uitgestorven,0.5217344164848328
2,3,16,176,was,waarom de reuzen in limburg zijn uitgestorven,0.5098416805267334
2,3,17,177,voor,waarom de reuzen in limburg zijn uitgestorven,0.522904634475708
2,3,18,178,hem,waarom de reuzen in limburg zijn uitgestorven,0.5241121053695679
2,3,19,179,om,waarom de reuzen in limburg zijn uitgestorven,0.5306913256645203
2,3,20,180,te,waarom de reuzen in limburg zijn uitgestorven,0.4795493185520172
2,3,21,181,trouwen.,waarom de reuzen in limburg zijn uitgestorven,0.49313783645629883
2,3,22,182,Niemand,waarom de reuzen in limburg zijn uitgestorven,0.5070692300796509
2,3,23,183,durfde,waarom de reuzen in limburg zijn uitgestorven,0.5208934545516968
2,3,24,184,het,waarom de reuzen in limburg zijn uitgestorven,0.5375589728355408
2,3,25,185,tegen,waarom de reuzen in limburg zijn uitgestorven,0.5085678696632385
2,3,26,186,hem,waarom de reuzen in limburg zijn uitgestorven,0.5268980264663696
2,3,27,187,te,waarom de reuzen in limburg zijn uitgestorven,0.4843243956565857
2,3,28,188,zeggen.,waarom de reuzen in limburg zijn uitgestorven,0.5053526163101196
2,3,29,189,Toch,waarom de reuzen in limburg zijn uitgestorven,0.5350226163864136
2,3,30,190,ging,waarom de reuzen in limburg zijn uitgestorven,0.5145998597145081
2,3,31,191,het,waarom de reuzen in limburg zijn uitgestorven,0.5334005951881409
2,3,32,192,op,waarom de reuzen in limburg zijn uitgestorven,0.4883614480495453
2,3,33,193,den,waarom de reuzen in limburg zijn uitgestorven,0.533043384552002
2,3,34,194,duur,waarom de reuzen in limburg zijn uitgestorven,0.5281170606613159
2,3,35,195,niet,waarom de reuzen in limburg zijn uitgestorven,0.5374860167503357
2,3,36,196,langer.,waarom de reuzen in limburg zijn uitgestorven,0.5170718431472778
2,3,37,197,Het,waarom de reuzen in limburg zijn uitgestorven,0.5340282320976257
2,3,38,198,volk,waarom de reuzen in limburg zijn uitgestorven,0.5163823962211609
2,3,39,199,moest,waarom de reuzen in limburg zijn uitgestorven,0.5362616777420044
2,3,40,200,een,waarom de reuzen in limburg zijn uitgestorven,0.5151566863059998
2,3,41,201,vorst,waarom de reuzen in limburg zijn uitgestorven,0.5054371356964111
2,3,42,202,"hebben,",waarom de reuzen in limburg zijn uitgestorven,0.5189497470855713
2,3,43,203,als,waarom de reuzen in limburg zijn uitgestorven,0.4804269075393677
2,3,44,204,Halichem,waarom de reuzen in limburg zijn uitgestorven,0.5470604300498962
2,3,45,205,eens,waarom de reuzen in limburg zijn uitgestorven,0.5308441519737244
2,3,46,206,iets,waarom de reuzen in limburg zijn uitgestorven,0.5311949849128723
2,3,47,207,menselijks,waarom de reuzen in limburg zijn uitgestorven,0.47985807061195374
2,3,48,208,passeerde.,waarom de reuzen in limburg zijn uitgestorven,0.5134400129318237
2,4,0,209,Eindelijk,waarom de reuzen in limburg zijn uitgestorven,0.5157383680343628
2,4,1,210,besloot,waarom de reuzen in limburg zijn uitgestorven,0.4923807382583618
2,4,2,211,een,waarom de reuzen in limburg zijn uitgestorven,0.5241111516952515
2,4,3,212,hunner,waarom de reuzen in limburg zijn uitgestorven,0.49897927045822144
2,4,4,213,met,waarom de reuzen in limburg zijn uitgestorven,0.49140238761901855
2,4,5,214,de,waarom de reuzen in limburg zijn uitgestorven,0.5036859512329102
2,4,6,215,koning,waarom de reuzen in limburg zijn uitgestorven,0.536746621131897
2,4,7,216,te,waarom de reuzen in limburg zijn uitgestorven,0.4723424017429352
2,4,8,217,gaan,waarom de reuzen in limburg zijn uitgestorven,0.5215617418289185
2,4,9,218,spreken.,waarom de reuzen in limburg zijn uitgestorven,0.4632114768028259
2,4,10,219,Wat,waarom de reuzen in limburg zijn uitgestorven,0.499086856842041
2,4,11,220,ze,waarom de reuzen in limburg zijn uitgestorven,0.5236095190048218
2,4,12,221,met,waarom de reuzen in limburg zijn uitgestorven,0.49827277660369873
2,4,13,222,elkaar,waarom de reuzen in limburg zijn uitgestorven,0.5429759621620178
2,4,14,223,verhandeld,waarom de reuzen in limburg zijn uitgestorven,0.4926365613937378
2,4,15,224,"hebben,",waarom de reuzen in limburg zijn uitgestorven,0.5188232660293579
2,4,16,225,weet,waarom de reuzen in limburg zijn uitgestorven,0.5331052541732788
2,4,17,226,niemand.,waarom de reuzen in limburg zijn uitgestorven,0.482089638710022
2,4,18,227,Halichem,waarom de reuzen in limburg zijn uitgestorven,0.5492905378341675
2,4,19,228,bulderde,waarom de reuzen in limburg zijn uitgestorven,0.5480258464813232
2,4,20,229,zo,waarom de reuzen in limburg zijn uitgestorven,0.5254740118980408
2,4,21,230,"luid,",waarom de reuzen in limburg zijn uitgestorven,0.558060348033905
2,4,22,231,dat,waarom de reuzen in limburg zijn uitgestorven,0.5161616802215576
2,4,23,232,het,waarom de reuzen in limburg zijn uitgestorven,0.5400388240814209
2,4,24,233,huilen,waarom de reuzen in limburg zijn uitgestorven,0.5400679111480713
2,4,25,234,van,waarom de reuzen in limburg zijn uitgestorven,0.5182856321334839
2,4,26,235,de,waarom de reuzen in limburg zijn uitgestorven,0.50974440574646
2,4,27,236,storm,waarom de reuzen in limburg zijn uitgestorven,0.5523909330368042
2,4,28,237,er,waarom de reuzen in limburg zijn uitgestorven,0.5269128084182739
2,4,29,238,een,waarom de reuzen in limburg zijn uitgestorven,0.5252030491828918
2,4,30,239,zefiertje,waarom de reuzen in limburg zijn uitgestorven,0.5253409147262573
2,4,31,240,bij,waarom de reuzen in limburg zijn uitgestorven,0.5435786247253418
2,4,32,241,"is,",waarom de reuzen in limburg zijn uitgestorven,0.4991973042488098
2,4,33,242,en,waarom de reuzen in limburg zijn uitgestorven,0.5041399002075195
2,4,34,243,alle,waarom de reuzen in limburg zijn uitgestorven,0.5122997164726257
2,4,35,244,reuzen,waarom de reuzen in limburg zijn uitgestorven,0.6107911467552185
2,4,36,245,maakten,waarom de reuzen in limburg zijn uitgestorven,0.5361670255661011
2,4,37,246,zich,waarom de reuzen in limburg zijn uitgestorven,0.5442265272140503
2,4,38,247,uit,waarom de reuzen in limburg zijn uitgestorven,0.5550047159194946
2,4,39,248,de,waarom de reuzen in limburg zijn uitgestorven,0.5091190338134766
2,4,40,249,voeten.,waarom de reuzen in limburg zijn uitgestorven,0.482332706451416
2,4,41,250,Daarbij,waarom de reuzen in limburg zijn uitgestorven,0.48386502265930176
2,4,42,251,zijn,waarom de reuzen in limburg zijn uitgestorven,0.5227855443954468
2,4,43,252,heel,waarom de reuzen in limburg zijn uitgestorven,0.5065383315086365
2,4,44,253,veel,waarom de reuzen in limburg zijn uitgestorven,0.5132251381874084
2,4,45,254,heuvels,waarom de reuzen in limburg zijn uitgestorven,0.5513619780540466
2,4,46,255,en,waarom de reuzen in limburg zijn uitgestorven,0.5007433295249939
2,4,47,256,dalen,waarom de reuzen in limburg zijn uitgestorven,0.5250068306922913
2,4,48,257,"ontstaan,",waarom de reuzen in limburg zijn uitgestorven,0.5369346737861633
2,4,49,258,te,waarom de reuzen in limburg zijn uitgestorven,0.4844517707824707
2,4,50,259,veel,waarom de reuzen in limburg zijn uitgestorven,0.5312583446502686
2,4,51,260,om,waarom de reuzen in limburg zijn uitgestorven,0.544826865196228
2,4,52,261,op,waarom de reuzen in limburg zijn uitgestorven,0.49715369939804077
2,4,53,262,te,waarom de reuzen in limburg zijn uitgestorven,0.48901304602622986
2,4,54,263,noemen.,waarom de reuzen in limburg zijn uitgestorven,0.5079101920127869
2,5,0,264,Halichem,waarom de reuzen in limburg zijn uitgestorven,0.5741853713989258
2,5,1,265,hield,waarom de reuzen in limburg zijn uitgestorven,0.5548051595687866
2,5,2,266,van,waarom de reuzen in limburg zijn uitgestorven,0.5147964358329773
2,5,3,267,zijn,waarom de reuzen in limburg zijn uitgestorven,0.5275400876998901
2,5,4,268,vrijgezellenleven!,waarom de reuzen in limburg zijn uitgestorven,0.4679686427116394
2,5,5,269,Waarom?,waarom de reuzen in limburg zijn uitgestorven,0.5035917162895203
2,5,6,270,De,waarom de reuzen in limburg zijn uitgestorven,0.5336214900016785
2,5,7,271,oude,waarom de reuzen in limburg zijn uitgestorven,0.5476067662239075
2,5,8,272,kronieken,waarom de reuzen in limburg zijn uitgestorven,0.5426311492919922
2,5,9,273,zwijgen,waarom de reuzen in limburg zijn uitgestorven,0.5205287337303162
2,5,10,274,hierover.,waarom de reuzen in limburg zijn uitgestorven,0.5098299384117126
2,5,11,275,Misschien,waarom de reuzen in limburg zijn uitgestorven,0.5096606612205505
2,5,12,276,had,waarom de reuzen in limburg zijn uitgestorven,0.4974938631057739
2,5,13,277,hij,waarom de reuzen in limburg zijn uitgestorven,0.5454855561256409
2,5,14,278,over,waarom de reuzen in limburg zijn uitgestorven,0.5005105137825012
2,5,15,279,eten,waarom de reuzen in limburg zijn uitgestorven,0.4924844801425934
2,5,16,280,en,waarom de reuzen in limburg zijn uitgestorven,0.49828341603279114
2,5,17,281,drinken,waarom de reuzen in limburg zijn uitgestorven,0.5114791989326477
2,5,18,282,niet,waarom de reuzen in limburg zijn uitgestorven,0.5307490825653076
2,5,19,283,te,waarom de reuzen in limburg zijn uitgestorven,0.48149532079696655
2,5,20,284,klagen.,waarom de reuzen in limburg zijn uitgestorven,0.4745004177093506
2,5,21,285,Het,waarom de reuzen in limburg zijn uitgestorven,0.5442368388175964
2,5,22,286,"dierenvel,",waarom de reuzen in limburg zijn uitgestorven,0.5375431776046753
2,5,23,287,dat,waarom de reuzen in limburg zijn uitgestorven,0.508822500705719
2,5,24,288,hij,waarom de reuzen in limburg zijn uitgestorven,0.5442692637443542
2,5,25,289,over,waarom de reuzen in limburg zijn uitgestorven,0.4974853992462158
2,5,26,290,de,waarom de reuzen in limburg zijn uitgestorven,0.5164965987205505
2,5,27,291,schouders,waarom de reuzen in limburg zijn uitgestorven,0.4778325855731964
2,5,28,292,"droeg,",waarom de reuzen in limburg zijn uitgestorven,0.5295544862747192
2,5,29,293,zag,waarom de reuzen in limburg zijn uitgestorven,0.5300605893135071
2,5,30,294,er,waarom de reuzen in limburg zijn uitgestorven,0.517408013343811
2,5,31,295,zeker,waarom de reuzen in limburg zijn uitgestorven,0.505908191204071
2,5,32,296,steeds,waarom de reuzen in limburg zijn uitgestorven,0.5174840092658997
2,5,33,297,keurig,waarom de reuzen in limburg zijn uitgestorven,0.5099318027496338
2,5,34,298,uit.,waarom de reuzen in limburg zijn uitgestorven,0.5191401839256287
2,5,35,299,Ook,waarom de reuzen in limburg zijn uitgestorven,0.502892792224884
2,5,36,300,kon,waarom de reuzen in limburg zijn uitgestorven,0.504663348197937
2,5,37,301,hij,waarom de reuzen in limburg zijn uitgestorven,0.5475614666938782
2,5,38,302,het,waarom de reuzen in limburg zijn uitgestorven,0.5375867486000061
2,5,39,303,waarschijnlijk,waarom de reuzen in limburg zijn uitgestorven,0.5126173496246338
2,5,40,304,met,waarom de reuzen in limburg zijn uitgestorven,0.4939716160297394
2,5,41,305,zijn,waarom de reuzen in limburg zijn uitgestorven,0.5223865509033203
2,5,42,306,vrienden,waarom de reuzen in limburg zijn uitgestorven,0.5363799929618835
2,5,43,307,goed,waarom de reuzen in limburg zijn uitgestorven,0.5058621168136597
2,5,44,308,vinden.,waarom de reuzen in limburg zijn uitgestorven,0.5408557057380676
2,5,45,309,Bovendien,waarom de reuzen in limburg zijn uitgestorven,0.48754802346229553
2,5,46,310,kon,waarom de reuzen in limburg zijn uitgestorven,0.5009301900863647
2,5,47,311,hij,waarom de reuzen in limburg zijn uitgestorven,0.546246349811554
2,5,48,312,wel,waarom de reuzen in limburg zijn uitgestorven,0.5048009157180786
2,5,49,313,wat,waarom de reuzen in limburg zijn uitgestorven,0.5052670240402222
2,5,50,314,verlegen,waarom de reuzen in limburg zijn uitgestorven,0.5223481059074402
2,5,51,315,geweest,waarom de reuzen in limburg zijn uitgestorven,0.526168167591095
2,5,52,316,zijn,waarom de reuzen in limburg zijn uitgestorven,0.5198093056678772
2,5,53,317,tegenover,waarom de reuzen in limburg zijn uitgestorven,0.4944450259208679
2,5,54,318,de,waarom de reuzen in limburg zijn uitgestorven,0.5150250196456909
2,5,55,319,andere,waarom de reuzen in limburg zijn uitgestorven,0.5177250504493713
2,5,56,320,"sekse,",waarom de reuzen in limburg zijn uitgestorven,0.5176225304603577
2,5,57,321,want,waarom de reuzen in limburg zijn uitgestorven,0.4679214358329773
2,5,58,322,dat,waarom de reuzen in limburg zijn uitgestorven,0.505181610584259
2,5,59,323,heb,waarom de reuzen in limburg zijn uitgestorven,0.5366215705871582
2,5,60,324,je,waarom de reuzen in limburg zijn uitgestorven,0.4971119463443756
2,5,61,325,tegenwoordig,waarom de reuzen in limburg zijn uitgestorven,0.4794602394104004
2,5,62,326,zelfs,waarom de reuzen in limburg zijn uitgestorven,0.5285115838050842
2,5,63,327,vaak,waarom de reuzen in limburg zijn uitgestorven,0.5111218094825745
2,5,64,328,met,waarom de reuzen in limburg zijn uitgestorven,0.48593175411224365
2,5,65,329,grote,waarom de reuzen in limburg zijn uitgestorven,0.5774314999580383
2,5,66,330,kerels.,waarom de reuzen in limburg zijn uitgestorven,0.5522391200065613
2,6,0,331,Het,waarom de reuzen in limburg zijn uitgestorven,0.5384772419929504
2,6,1,332,doet,waarom de reuzen in limburg zijn uitgestorven,0.5295032262802124
2,6,2,333,er,waarom de reuzen in limburg zijn uitgestorven,0.5134498476982117
2,6,3,334,ook,waarom de reuzen in limburg zijn uitgestorven,0.5019243955612183
2,6,4,335,eigenlijk,waarom de reuzen in limburg zijn uitgestorven,0.5253421068191528
2,6,5,336,niets,waarom de reuzen in limburg zijn uitgestorven,0.5193884372711182
2,6,6,337,toe.,waarom de reuzen in limburg zijn uitgestorven,0.4730345606803894
2,7,0,338,Halichem,waarom de reuzen in limburg zijn uitgestorven,0.5737451910972595
2,7,1,339,wilde,waarom de reuzen in limburg zijn uitgestorven,0.5733304023742676
2,7,2,340,niet,waarom de reuzen in limburg zijn uitgestorven,0.5234581232070923
2,7,3,341,"trouwen,",waarom de reuzen in limburg zijn uitgestorven,0.5381271243095398
2,7,4,342,en,waarom de reuzen in limburg zijn uitgestorven,0.4926745593547821
2,7,5,343,de,waarom de reuzen in limburg zijn uitgestorven,0.5152802467346191
2,7,6,344,eerste,waarom de reuzen in limburg zijn uitgestorven,0.5018562078475952
2,7,7,345,poging,waarom de reuzen in limburg zijn uitgestorven,0.5001795291900635
2,7,8,346,om,waarom de reuzen in limburg zijn uitgestorven,0.5308617949485779
2,7,9,347,hem,waarom de reuzen in limburg zijn uitgestorven,0.5296491384506226
2,7,10,348,van,waarom de reuzen in limburg zijn uitgestorven,0.49157506227493286
2,7,11,349,zijn,waarom de reuzen in limburg zijn uitgestorven,0.5130993723869324
2,7,12,350,plan,waarom de reuzen in limburg zijn uitgestorven,0.4565373361110687
2,7,13,351,af,waarom de reuzen in limburg zijn uitgestorven,0.47370967268943787
2,7,14,352,te,waarom de reuzen in limburg zijn uitgestorven,0.4701234996318817
2,7,15,353,brengen,waarom de reuzen in limburg zijn uitgestorven,0.5329411029815674
2,7,16,354,mislukte,waarom de reuzen in limburg zijn uitgestorven,0.49617189168930054
2,7,17,355,geheel.,waarom de reuzen in limburg zijn uitgestorven,0.4705212712287903
2,7,18,356,Na,waarom de reuzen in limburg zijn uitgestorven,0.49949076771736145
2,7,19,357,dagen,waarom de reuzen in limburg zijn uitgestorven,0.5352271795272827
2,7,20,358,durfden,waarom de reuzen in limburg zijn uitgestorven,0.5227513313293457
2,7,21,359,zijn,waarom de reuzen in limburg zijn uitgestorven,0.5130993723869324
2,7,22,360,onderdanen,waarom de reuzen in limburg zijn uitgestorven,0.5174280405044556
2,7,23,361,pas,waarom de reuzen in limburg zijn uitgestorven,0.5099148750305176
2,7,24,362,terug,waarom de reuzen in limburg zijn uitgestorven,0.5106935501098633
2,7,25,363,te,waarom de reuzen in limburg zijn uitgestorven,0.4701234996318817
2,7,26,364,komen.,waarom de reuzen in limburg zijn uitgestorven,0.5073310136795044
2,8,0,365,Met,waarom de reuzen in limburg zijn uitgestorven,0.4643056392669678
2,8,1,366,zijn,waarom de reuzen in limburg zijn uitgestorven,0.5130993723869324
2,8,2,367,weigering,waarom de reuzen in limburg zijn uitgestorven,0.48374035954475403
2,8,3,368,was,waarom de reuzen in limburg zijn uitgestorven,0.48944103717803955
2,8,4,369,het,waarom de reuzen in limburg zijn uitgestorven,0.5274847149848938
2,8,5,370,immers,waarom de reuzen in limburg zijn uitgestorven,0.49271851778030396
2,8,6,371,nog,waarom de reuzen in limburg zijn uitgestorven,0.5083608627319336
2,8,7,372,niet,waarom de reuzen in limburg zijn uitgestorven,0.5213608741760254
2,8,8,373,geheel,waarom de reuzen in limburg zijn uitgestorven,0.5033869743347168
2,8,9,374,afgelopen.,waarom de reuzen in limburg zijn uitgestorven,0.48499032855033875
2,9,0,375,Op,waarom de reuzen in limburg zijn uitgestorven,0.48142534494400024
2,9,1,376,een,waarom de reuzen in limburg zijn uitgestorven,0.5021443963050842
2,9,2,377,zomerdag,waarom de reuzen in limburg zijn uitgestorven,0.5070416331291199
2,9,3,378,kwam,waarom de reuzen in limburg zijn uitgestorven,0.5182161331176758
2,9,4,379,zijn,waarom de reuzen in limburg zijn uitgestorven,0.5130993723869324
2,9,5,380,volk,waarom de reuzen in limburg zijn uitgestorven,0.5183584094047546
2,9,6,381,in,waarom de reuzen in limburg zijn uitgestorven,0.48898541927337646
2,9,7,382,een,waarom de reuzen in limburg zijn uitgestorven,0.5021443963050842
2,9,8,383,geheime,waarom de reuzen in limburg zijn uitgestorven,0.5216397047042847
2,9,9,384,vergadering,waarom de reuzen in limburg zijn uitgestorven,0.4417199492454529
2,9,10,385,tezamen.,waarom de reuzen in limburg zijn uitgestorven,0.49764448404312134
2,9,11,386,Men,waarom de reuzen in limburg zijn uitgestorven,0.4979148507118225
2,9,12,387,zou,waarom de reuzen in limburg zijn uitgestorven,0.5260516405105591
2,9,13,388,een,waarom de reuzen in limburg zijn uitgestorven,0.5021443963050842
2,9,14,389,deputatie,waarom de reuzen in limburg zijn uitgestorven,0.47390875220298767
2,9,15,390,van,waarom de reuzen in limburg zijn uitgestorven,0.49157506227493286
2,9,16,391,sterke,waarom de reuzen in limburg zijn uitgestorven,0.5349303483963013
2,9,17,392,reuzen,waarom de reuzen in limburg zijn uitgestorven,0.5899078845977783
2,9,18,393,naar,waarom de reuzen in limburg zijn uitgestorven,0.5082757472991943
2,9,19,394,Halichem,waarom de reuzen in limburg zijn uitgestorven,0.5840622782707214
2,9,20,395,"afvaardigen,",waarom de reuzen in limburg zijn uitgestorven,0.48446381092071533
2,9,21,396,en,waarom de reuzen in limburg zijn uitgestorven,0.4893905818462372
2,9,22,397,hem,waarom de reuzen in limburg zijn uitgestorven,0.5296491384506226
2,9,23,398,tot,waarom de reuzen in limburg zijn uitgestorven,0.4987477958202362
2,9,24,399,rede,waarom de reuzen in limburg zijn uitgestorven,0.5049504041671753
2,9,25,400,brengen.,waarom de reuzen in limburg zijn uitgestorven,0.4906596839427948
2,10,0,401,Aldus,waarom de reuzen in limburg zijn uitgestorven,0.5378642678260803
2,10,1,402,geschiedde.,waarom de reuzen in limburg zijn uitgestorven,0.4895428419113159
2,10,2,403,Zeven,waarom de reuzen in limburg zijn uitgestorven,0.5317505598068237
2,10,3,404,van,waarom de reuzen in limburg zijn uitgestorven,0.49157506227493286
2,10,4,405,de,waarom de reuzen in limburg zijn uitgestorven,0.5100828409194946
2,10,5,406,sterkste,waarom de reuzen in limburg zijn uitgestorven,0.5149370431900024
2,10,6,407,reuzen,waarom de reuzen in limburg zijn uitgestorven,0.5899078845977783
2,10,7,408,organiseerden,waarom de reuzen in limburg zijn uitgestorven,0.46595072746276855
2,10,8,409,"zich,",waarom de reuzen in limburg zijn uitgestorven,0.528458833694458
2,10,9,410,en,waarom de reuzen in limburg zijn uitgestorven,0.4893905818462372
2,10,10,411,de,waarom de reuzen in limburg zijn uitgestorven,0.5100828409194946
2,10,11,412,petitie,waarom de reuzen in limburg zijn uitgestorven,0.46843916177749634
2,10,12,413,werd,waarom de reuzen in limburg zijn uitgestorven,0.4956706166267395
2,10,13,414,overgereikt.,waarom de reuzen in limburg zijn uitgestorven,0.4974178373813629
2,10,14,415,De,waarom de reuzen in limburg zijn uitgestorven,0.527074933052063
2,10,15,416,vorst,waarom de reuzen in limburg zijn uitgestorven,0.5157387256622314
2,10,16,417,had,waarom de reuzen in limburg zijn uitgestorven,0.486838698387146
2,10,17,418,zich,waarom de reuzen in limburg zijn uitgestorven,0.5285236835479736
2,10,18,419,naar,waarom de reuzen in limburg zijn uitgestorven,0.5082757472991943
2,10,19,420,de,waarom de reuzen in limburg zijn uitgestorven,0.5100828409194946
2,10,20,421,wens,waarom de reuzen in limburg zijn uitgestorven,0.49739235639572144
2,10,21,422,van,waarom de reuzen in limburg zijn uitgestorven,0.49157506227493286
2,10,22,423,zijn,waarom de reuzen in limburg zijn uitgestorven,0.5130993723869324
2,10,23,424,natie,waarom de reuzen in limburg zijn uitgestorven,0.5010265111923218
2,10,24,425,te,waarom de reuzen in limburg zijn uitgestorven,0.4701234996318817
2,10,25,426,schikken.,waarom de reuzen in limburg zijn uitgestorven,0.47779202461242676
2,10,26,427,Hij,waarom de reuzen in limburg zijn uitgestorven,0.5384602546691895
2,10,27,428,ontving,waarom de reuzen in limburg zijn uitgestorven,0.5097932815551758
2,10,28,429,de,waarom de reuzen in limburg zijn uitgestorven,0.5100828409194946
2,10,29,430,gedeputeerden,waarom de reuzen in limburg zijn uitgestorven,0.480300635099411
2,10,30,431,"allergenadigst,",waarom de reuzen in limburg zijn uitgestorven,0.4719734489917755
2,10,31,432,en,waarom de reuzen in limburg zijn uitgestorven,0.4893905818462372
2,10,32,433,beloofde,waarom de reuzen in limburg zijn uitgestorven,0.5150303840637207
2,10,33,434,hun,waarom de reuzen in limburg zijn uitgestorven,0.5322344303131104
2,10,34,435,verlangen,waarom de reuzen in limburg zijn uitgestorven,0.5005431175231934
2,10,35,436,in,waarom de reuzen in limburg zijn uitgestorven,0.48898541927337646
2,10,36,437,overweging,waarom de reuzen in limburg zijn uitgestorven,0.5046414732933044
2,10,37,438,te,waarom de reuzen in limburg zijn uitgestorven,0.4701234996318817
2,10,38,439,nemen.,waarom de reuzen in limburg zijn uitgestorven,0.49207329750061035
2,11,0,440,Maar…,waarom de reuzen in limburg zijn uitgestorven,0.5229474306106567
2,11,1,441,wie,waarom de reuzen in limburg zijn uitgestorven,0.507296085357666
2,11,2,442,was,waarom de reuzen in limburg zijn uitgestorven,0.48944103717803955
2,11,3,443,er,waarom de reuzen in limburg zijn uitgestorven,0.5065456628799438
2,11,4,444,"waardig,",waarom de reuzen in limburg zijn uitgestorven,0.48862558603286743
2,11,5,445,om,waarom de reuzen in limburg zijn uitgestorven,0.5251540541648865
2,11,6,446,koningin,waarom de reuzen in limburg zijn uitgestorven,0.5331025719642639
2,11,7,447,te,waarom de reuzen in limburg zijn uitgestorven,0.4701234996318817
2,11,8,448,worden?,waarom de reuzen in limburg zijn uitgestorven,0.5273102521896362
2,12,0,449,Halichem,waarom de reuzen in limburg zijn uitgestorven,0.5840622782707214
2,12,1,450,ging,waarom de reuzen in limburg zijn uitgestorven,0.514381468296051
2,12,2,451,zelf,waarom de reuzen in limburg zijn uitgestorven,0.5180894732475281
2,12,3,452,op,waarom de reuzen in limburg zijn uitgestorven,0.47400856018066406
2,12,4,453,zoek.,waarom de reuzen in limburg zijn uitgestorven,0.4843878448009491
2,12,5,454,Hij,waarom de reuzen in limburg zijn uitgestorven,0.5384602546691895
2,12,6,455,vond,waarom de reuzen in limburg zijn uitgestorven,0.5185497403144836
2,12,7,456,een,waarom de reuzen in limburg zijn uitgestorven,0.5021443963050842
2,12,8,457,aardig,waarom de reuzen in limburg zijn uitgestorven,0.5050598978996277
2,12,9,458,"meisje,",waarom de reuzen in limburg zijn uitgestorven,0.49616947770118713
2,12,10,459,zowat,waarom de reuzen in limburg zijn uitgestorven,0.5238019227981567
2,12,11,460,vier,waarom de reuzen in limburg zijn uitgestorven,0.47902023792266846
2,12,12,461,voeten,waarom de reuzen in limburg zijn uitgestorven,0.4840344786643982
2,12,13,462,kleiner,waarom de reuzen in limburg zijn uitgestorven,0.5216462016105652
2,12,14,463,dan,waarom de reuzen in limburg zijn uitgestorven,0.5050801634788513
2,12,15,464,hij.,waarom de reuzen in limburg zijn uitgestorven,0.5253903865814209
2,12,16,465,Alle,waarom de reuzen in limburg zijn uitgestorven,0.49888983368873596
2,12,17,466,bestanddelen,waarom de reuzen in limburg zijn uitgestorven,0.4626668095588684
2,12,18,467,van,waarom de reuzen in limburg zijn uitgestorven,0.49157506227493286
2,12,19,468,een,waarom de reuzen in limburg zijn uitgestorven,0.5021443963050842
2,12,20,469,goed,waarom de reuzen in limburg zijn uitgestorven,0.4959685504436493
2,12,21,470,huwelijk,waarom de reuzen in limburg zijn uitgestorven,0.5419905185699463
2,12,22,471,waren,waarom de reuzen in limburg zijn uitgestorven,0.5230934023857117
2,12,23,472,dus,waarom de reuzen in limburg zijn uitgestorven,0.5281970500946045
2,12,24,473,"aanwezig,",waarom de reuzen in limburg zijn uitgestorven,0.4698646068572998
2,12,25,474,want,waarom de reuzen in limburg zijn uitgestorven,0.4651510417461395
2,12,26,475,voor,waarom de reuzen in limburg zijn uitgestorven,0.5082091093063354
2,12,27,476,een,waarom de reuzen in limburg zijn uitgestorven,0.5021443963050842
2,12,28,477,"nette,",waarom de reuzen in limburg zijn uitgestorven,0.47852247953414917
2,12,29,478,fatsoenlijke,waarom de reuzen in limburg zijn uitgestorven,0.474896639585495
2,12,30,479,bruiloft,waarom de reuzen in limburg zijn uitgestorven,0.5314982533454895
2,12,31,480,behoort,waarom de reuzen in limburg zijn uitgestorven,0.4953864514827728
2,12,32,481,het,waarom de reuzen in limburg zijn uitgestorven,0.5274847149848938
2,12,33,482,meisje,waarom de reuzen in limburg zijn uitgestorven,0.49933892488479614
2,12,34,483,niet,waarom de reuzen in limburg zijn uitgestorven,0.5213608741760254
2,12,35,484,zo,waarom de reuzen in limburg zijn uitgestorven,0.5087507963180542
2,12,36,485,groot,waarom de reuzen in limburg zijn uitgestorven,0.5360677242279053
2,12,37,486,te,waarom de reuzen in limburg zijn uitgestorven,0.4701234996318817
2,12,38,487,zijn,waarom de reuzen in limburg zijn uitgestorven,0.5130993723869324
2,12,39,488,als,waarom de reuzen in limburg zijn uitgestorven,0.47759172320365906
2,12,40,489,de,waarom de reuzen in limburg zijn uitgestorven,0.5100828409194946
2,12,41,490,jongen.,waarom de reuzen in limburg zijn uitgestorven,0.45794984698295593
2,12,42,491,Anders,waarom de reuzen in limburg zijn uitgestorven,0.4953782856464386
2,12,43,492,staat,waarom de reuzen in limburg zijn uitgestorven,0.517694354057312
2,12,44,493,het,waarom de reuzen in limburg zijn uitgestorven,0.5274847149848938
2,12,45,494,niet.,waarom de reuzen in limburg zijn uitgestorven,0.5013171434402466
2,13,0,495,Het,waarom de reuzen in limburg zijn uitgestorven,0.5428417325019836
2,13,1,496,volk,waarom de reuzen in limburg zijn uitgestorven,0.5183584094047546
2,13,2,497,was,waarom de reuzen in limburg zijn uitgestorven,0.48944103717803955
2,13,3,498,dronken,waarom de reuzen in limburg zijn uitgestorven,0.5240320563316345
2,13,4,499,van,waarom de reuzen in limburg zijn uitgestorven,0.49157506227493286
2,13,5,500,vreugde.,waarom de reuzen in limburg zijn uitgestorven,0.47459661960601807
2,14,0,501,Met,waarom de reuzen in limburg zijn uitgestorven,0.4643056392669678
2,14,1,502,haast,waarom de reuzen in limburg zijn uitgestorven,0.5338134765625
2,14,2,503,werd,waarom de reuzen in limburg zijn uitgestorven,0.4956706166267395
2,14,3,504,het,waarom de reuzen in limburg zijn uitgestorven,0.5274847149848938
2,14,4,505,paleis,waarom de reuzen in limburg zijn uitgestorven,0.5052580833435059
2,14,5,506,gebouwd.,waarom de reuzen in limburg zijn uitgestorven,0.513701319694519
2,14,6,507,Omdat,waarom de reuzen in limburg zijn uitgestorven,0.5320677161216736
2,14,7,508,de,waarom de reuzen in limburg zijn uitgestorven,0.5100828409194946
2,14,8,509,trouwplechtigheid,waarom de reuzen in limburg zijn uitgestorven,0.4997655153274536
2,14,9,510,spoedig,waarom de reuzen in limburg zijn uitgestorven,0.48227012157440186
2,14,10,511,zou,waarom de reuzen in limburg zijn uitgestorven,0.5260516405105591
2,14,11,512,"plaatsvinden,",waarom de reuzen in limburg zijn uitgestorven,0.4949529469013214
2,14,12,513,werd,waarom de reuzen in limburg zijn uitgestorven,0.4956706166267395
2,14,13,514,er,waarom de reuzen in limburg zijn uitgestorven,0.5065456628799438
2,14,14,515,niet,waarom de reuzen in limburg zijn uitgestorven,0.5213608741760254
2,14,15,516,veel,waarom de reuzen in limburg zijn uitgestorven,0.5076761841773987
2,14,16,517,zorg,waarom de reuzen in limburg zijn uitgestorven,0.4646029472351074
2,14,17,518,aan,waarom de reuzen in limburg zijn uitgestorven,0.4767455756664276
2,14,18,519,de,waarom de reuzen in limburg zijn uitgestorven,0.5100828409194946
2,14,19,520,architectuur,waarom de reuzen in limburg zijn uitgestorven,0.4682747423648834
2,14,20,521,besteed.,waarom de reuzen in limburg zijn uitgestorven,0.4868873357772827
2,14,21,522,Dit,waarom de reuzen in limburg zijn uitgestorven,0.506688117980957
2,14,22,523,behoefde,waarom de reuzen in limburg zijn uitgestorven,0.4710787236690521
2,14,23,524,ook,waarom de reuzen in limburg zijn uitgestorven,0.49174314737319946
2,14,24,525,niet.,waarom de reuzen in limburg zijn uitgestorven,0.5013171434402466
2,14,25,526,In,waarom de reuzen in limburg zijn uitgestorven,0.5057560205459595
2,14,26,527,het,waarom de reuzen in limburg zijn uitgestorven,0.5274847149848938
2,14,27,528,nederigste,waarom de reuzen in limburg zijn uitgestorven,0.5070995688438416
2,14,28,529,hutje,waarom de reuzen in limburg zijn uitgestorven,0.568405270576477
2,14,29,530,kan,waarom de reuzen in limburg zijn uitgestorven,0.515768826007843
2,14,30,531,immers,waarom de reuzen in limburg zijn uitgestorven,0.49271851778030396
2,14,31,532,geluk,waarom de reuzen in limburg zijn uitgestorven,0.5427145957946777
2,14,32,533,wonen?,waarom de reuzen in limburg zijn uitgestorven,0.5031203031539917
2,15,0,534,Maar…,waarom de reuzen in limburg zijn uitgestorven,0.5229474306106567
2,16,0,535,Het,waarom de reuzen in limburg zijn uitgestorven,0.5428417325019836
2,16,1,536,volk,waarom de reuzen in limburg zijn uitgestorven,0.5183584094047546
2,16,2,537,was,waarom de reuzen in limburg zijn uitgestorven,0.48944103717803955
2,16,3,538,tevreden.,waarom de reuzen in limburg zijn uitgestorven,0.4692658483982086
2,16,4,539,Maar,waarom de reuzen in limburg zijn uitgestorven,0.5359389185905457
2,16,5,540,"Halichem,",waarom de reuzen in limburg zijn uitgestorven,0.6045629978179932
2,16,6,541,de,waarom de reuzen in limburg zijn uitgestorven,0.5100828409194946
2,16,7,542,"vorst,",waarom de reuzen in limburg zijn uitgestorven,0.5142900943756104
2,16,8,543,vond,waarom de reuzen in limburg zijn uitgestorven,0.5185497403144836
2,16,9,544,zijn,waarom de reuzen in limburg zijn uitgestorven,0.5130993723869324
2,16,10,545,"poging,",waarom de reuzen in limburg zijn uitgestorven,0.4695631265640259
2,16,11,546,gedaan,waarom de reuzen in limburg zijn uitgestorven,0.5177186727523804
2,16,12,547,in,waarom de reuzen in limburg zijn uitgestorven,0.48898541927337646
2,16,13,548,het,waarom de reuzen in limburg zijn uitgestorven,0.5274847149848938
2,16,14,549,belang,waarom de reuzen in limburg zijn uitgestorven,0.5165094137191772
2,16,15,550,van,waarom de reuzen in limburg zijn uitgestorven,0.49157506227493286
2,16,16,551,zijn,waarom de reuzen in limburg zijn uitgestorven,0.5130993723869324
2,16,17,552,"volk,",waarom de reuzen in limburg zijn uitgestorven,0.5354169011116028
2,16,18,553,een,waarom de reuzen in limburg zijn uitgestorven,0.5021443963050842
2,16,19,554,grote,waarom de reuzen in limburg zijn uitgestorven,0.5730673670768738
2,16,20,555,teleurstelling.,waarom de reuzen in limburg zijn uitgestorven,0.4399591088294983
2,16,21,556,Het,waarom de reuzen in limburg zijn uitgestorven,0.5428417325019836
2,16,22,557,was,waarom de reuzen in limburg zijn uitgestorven,0.48944103717803955
2,16,23,558,wel,waarom de reuzen in limburg zijn uitgestorven,0.4963544011116028
2,16,24,559,een,waarom de reuzen in limburg zijn uitgestorven,0.5021443963050842
2,16,25,560,aardig,waarom de reuzen in limburg zijn uitgestorven,0.5050598978996277
2,16,26,561,meisje,waarom de reuzen in limburg zijn uitgestorven,0.49933892488479614
2,16,27,562,om,waarom de reuzen in limburg zijn uitgestorven,0.5251540541648865
2,16,28,563,te,waarom de reuzen in limburg zijn uitgestorven,0.4701234996318817
2,16,29,564,"zien,",waarom de reuzen in limburg zijn uitgestorven,0.5151354670524597
2,16,30,565,maar,waarom de reuzen in limburg zijn uitgestorven,0.5234304666519165
2,16,31,566,wat,waarom de reuzen in limburg zijn uitgestorven,0.4984089434146881
2,16,32,567,er,waarom de reuzen in limburg zijn uitgestorven,0.5065456628799438
2,16,33,568,aan,waarom de reuzen in limburg zijn uitgestorven,0.4767455756664276
2,16,34,569,haar,waarom de reuzen in limburg zijn uitgestorven,0.519306480884552
2,16,35,570,"ontbrak,",waarom de reuzen in limburg zijn uitgestorven,0.5080997347831726
2,16,36,571,was,waarom de reuzen in limburg zijn uitgestorven,0.48944103717803955
2,16,37,572,eigenlijk,waarom de reuzen in limburg zijn uitgestorven,0.5178292989730835
2,16,38,573,wat,waarom de reuzen in limburg zijn uitgestorven,0.4984089434146881
2,16,39,574,ze,waarom de reuzen in limburg zijn uitgestorven,0.5221868753433228
2,16,40,575,te,waarom de reuzen in limburg zijn uitgestorven,0.4701234996318817
2,16,41,576,veel,waarom de reuzen in limburg zijn uitgestorven,0.5076761841773987
2,16,42,577,had.,waarom de reuzen in limburg zijn uitgestorven,0.5104281306266785
2,17,0,578,Ze,waarom de reuzen in limburg zijn uitgestorven,0.5259641408920288
2,17,1,579,kon,waarom de reuzen in limburg zijn uitgestorven,0.49498450756073
2,17,2,580,"alleronmenselijkst,",waarom de reuzen in limburg zijn uitgestorven,0.4869687557220459
2,17,3,581,"allerongedanigst,",waarom de reuzen in limburg zijn uitgestorven,0.5046066641807556
2,17,4,582,allerverduiverkaterst,waarom de reuzen in limburg zijn uitgestorven,0.5287677645683289
2,17,5,583,veel,waarom de reuzen in limburg zijn uitgestorven,0.5076761841773987
2,17,6,584,praten.,waarom de reuzen in limburg zijn uitgestorven,0.4865548014640808
2,17,7,585,Ze,waarom de reuzen in limburg zijn uitgestorven,0.5259641408920288
2,17,8,586,praatte,waarom de reuzen in limburg zijn uitgestorven,0.49690523743629456
2,17,9,587,van,waarom de reuzen in limburg zijn uitgestorven,0.49157506227493286
2,17,10,588,de,waarom de reuzen in limburg zijn uitgestorven,0.5100828409194946
2,17,11,589,vroege,waarom de reuzen in limburg zijn uitgestorven,0.48950713872909546
2,17,12,590,morgen,waarom de reuzen in limburg zijn uitgestorven,0.5071585774421692
2,17,13,591,tot,waarom de reuzen in limburg zijn uitgestorven,0.4987477958202362
2,17,14,592,de,waarom de reuzen in limburg zijn uitgestorven,0.5100828409194946
2,17,15,593,late,waarom de reuzen in limburg zijn uitgestorven,0.46609508991241455
2,17,16,594,avond.,waarom de reuzen in limburg zijn uitgestorven,0.47061687707901
3,0,0,1,Aspasia,aspasia,
3,0,1,2,was,aspasia,0.6214635372161865
3,0,2,3,de,aspasia,0.6401588916778564
3,0,3,4,hoogbegaafde,aspasia,0.6657722592353821
3,0,4,5,Milesische,aspasia,0.5524387955665588
3,0,5,6,levensgezellin,aspasia,0.5620278716087341
3,0,6,7,van,aspasia,0.45338618755340576
3,0,7,8,de,aspasia,0.43517178297042847
3,0,8,9,Atheense,aspasia,0.5972186923027039
3,0,9,10,staatsman,aspasia,0.5122058987617493
3,0,10,11,"Perikles,",aspasia,0.5503090620040894
3,0,11,12,met,aspasia,0.460732638835907
3,0,12,13,wie,aspasia,0.4929267168045044
3,0,13,14,zij,aspasia,0.5132869482040405
3,0,14,15,in,aspasia,0.44069692492485046
3,0,15,16,concubinaat,aspasia,0.5478675961494446
3,0,16,17,leefde.,aspasia,0.4578118324279785
3,0,17,18,Ze,aspasia,0.4641421437263489
3,0,18,19,bracht,aspasia,0.4878140687942505
3,0,19,20,het,aspasia,0.455401211977005
3,0,20,21,merendeel,aspasia,0.45910465717315674
3,0,21,22,van,aspasia,0.4428160786628723
3,0,22,23,haar,aspasia,0.46702873706817627
3,0,23,24,volwassen,aspasia,0.47281867265701294
3,0,24,25,leven,aspasia,0.47093063592910767
3,0,25,26,door,aspasia,0.3847101330757141
3,0,26,27,in,aspasia,0.42588010430336
3,0,27,28,"Athene,",aspasia,0.5746952891349792
3,0,28,29,en,aspasia,0.42702868580818176
3,0,29,30,ze,aspasia,0.46242034435272217
3,0,30,31,had,aspasia,0.45614615082740784
3,0,31,32,mogelijk,aspasia,0.4711708724498749
3,0,32,33,invloed,aspasia,0.47059622406959534
3,0,33,34,op,aspasia,0.4433075785636902
3,0,34,35,Perikles,aspasia,0.6259382963180542
3,0,35,36,en,aspasia,0.4203616976737976
3,0,36,37,de,aspasia,0.44846636056900024
3,0,37,38,Atheense,aspasia,0.6042962670326233
3,0,38,39,politieke,aspasia,0.459646999835968
3,0,39,40,elite.,aspasia,0.4528120756149292
3,0,40,41,Ze,aspasia,0.46374696493148804
3,0,41,42,wordt,aspasia,0.45604196190834045
3,0,42,43,vermeld,aspasia,0.4997378885746002
3,0,43,44,in,aspasia,0.4321996569633484
3,0,44,45,de,aspasia,0.42524537444114685
3,0,45,46,geschriften,aspasia,0.4644017219543457
3,0,46,47,van,aspasia,0.44233378767967224
3,0,47,48,"Plato,",aspasia,0.5494929552078247
3,0,48,49,"Aristophanes,",aspasia,0.5555285215377808
3,0,49,50,Xenophon,aspasia,0.49407637119293213
3,0,50,51,en,aspasia,0.4174755811691284
3,0,51,52,andere,aspasia,0.48594599962234497
3,0,52,53,auteurs,aspasia,0.46444234251976013
3,0,53,54,uit,aspasia,0.48010629415512085
3,0,54,55,die,aspasia,0.42724478244781494
3,0,55,56,tijd.,aspasia,0.41898322105407715
3,1,0,57,Antieke,aspasia,0.5045673847198486
3,1,1,58,schrijvers,aspasia,0.4836829900741577
3,1,2,59,vermelden,aspasia,0.4440418779850006
3,1,3,60,ook,aspasia,0.4231494069099426
3,1,4,61,dat,aspasia,0.4324341416358948
3,1,5,62,Aspasia,aspasia,0.6829439401626587
3,1,6,63,bordeelhoudster,aspasia,0.5163348317146301
3,1,7,64,en,aspasia,0.40111243724823
3,1,8,65,prostituee,aspasia,0.5233765244483948
3,1,9,66,"was,",aspasia,0.4832938313484192
3,1,10,67,hoewel,aspasia,0.43277373909950256
3,1,11,68,dit,aspasia,0.423956036567688
3,1,12,69,wordt,aspasia,0.43079674243927
3,1,13,70,betwist,aspasia,0.45004239678382874
3,1,14,71,door,aspasia,0.37000903487205505
3,1,15,72,moderne,aspasia,0.4297357201576233
3,1,16,73,"geleerden,",aspasia,0.4361133873462677
3,1,17,74,omdat,aspasia,0.4364602565765381
3,1,18,75,vele,aspasia,0.4303666949272156
3,1,19,76,van,aspasia,0.44459933042526245
3,1,20,77,deze,aspasia,0.45414721965789795
3,1,21,78,auteurs,aspasia,0.4435887336730957
3,1,22,79,komedieschrijvers,aspasia,0.4589192867279053
3,1,23,80,waren,aspasia,0.46214529871940613
3,1,24,81,die,aspasia,0.41746702790260315
3,1,25,82,politici,aspasia,0.4714618921279907
3,1,26,83,als,aspasia,0.4470464587211609
3,1,27,84,Perikles,aspasia,0.5942723751068115
3,1,28,85,voor,aspasia,0.43195295333862305
3,1,29,86,gek,aspasia,0.4553299844264984
3,1,30,87,wilden,aspasia,0.4483015537261963
3,1,31,88,zetten.,aspasia,0.4187447428703308
3,1,32,89,Sommige,aspasia,0.4524795711040497
3,1,33,90,onderzoekers,aspasia,0.4256134629249573
3,1,34,91,twijfelen,aspasia,0.4199717044830322
3,1,35,92,zelfs,aspasia,0.46042323112487793
3,1,36,93,aan,aspasia,0.4425986707210541
3,1,37,94,de,aspasia,0.4198063313961029
3,1,38,95,historische,aspasia,0.47224703431129456
3,1,39,96,traditie,aspasia,0.4471605718135834
3,1,40,97,dat,aspasia,0.4316518306732178
3,1,41,98,ze,aspasia,0.44146716594696045
3,1,42,99,een,aspasia,0.4472675025463104
3,1,43,100,"hetaere,",aspasia,0.4558063745498657
3,1,44,101,of,aspasia,0.45115774869918823
3,1,45,102,een,aspasia,0.4503421485424042
3,1,46,103,"courtisane,",aspasia,0.5233514308929443
3,1,47,104,was,aspasia,0.46213650703430176
3,1,48,105,en,aspasia,0.4147067964076996
3,1,49,106,suggereren,aspasia,0.42342549562454224
3,1,50,107,dat,aspasia,0.43349161744117737
3,1,51,108,ze,aspasia,0.44342929124832153
3,1,52,109,in,aspasia,0.4284588694572449
3,1,53,110,feite,aspasia,0.4641965329647064
3,1,54,111,was,aspasia,0.4637013077735901
3,1,55,112,getrouwd,aspasia,0.528648853302002
3,1,56,113,met,aspasia,0.4437924027442932
3,1,57,114,Perikles.,aspasia,0.5592511296272278
3,1,58,115,Aspasia,aspasia,0.6434130072593689
3,1,59,116,had,aspasia,0.42957931756973267
3,1,60,117,een,aspasia,0.44541487097740173
3,1,61,118,zoon,aspasia,0.4610919952392578
3,1,62,119,bij,aspasia,0.4378630816936493
3,1,63,120,"Perikles,",aspasia,0.5902417302131653
3,1,64,121,genaamd,aspasia,0.452781617641449
3,1,65,122,Perikles,aspasia,0.5935840606689453
3,1,66,123,de,aspasia,0.4100326597690582
3,1,67,124,Jongere.,aspasia,0.4358915090560913
3,1,68,125,Men,aspasia,0.4067528247833252
3,1,69,126,denkt,aspasia,0.42430180311203003
3,1,70,127,dat,aspasia,0.4241979718208313
3,1,71,128,ze,aspasia,0.43403539061546326
3,1,72,129,na,aspasia,0.4255620539188385
3,1,73,130,de,aspasia,0.4097541868686676
3,1,74,131,dood,aspasia,0.42506980895996094
3,1,75,132,van,aspasia,0.4348786771297455
3,1,76,133,Perikles,aspasia,0.6017374992370605
3,1,77,134,de,aspasia,0.4087546169757843
3,1,78,135,Oudere,aspasia,0.4546217918395996
3,1,79,136,de,aspasia,0.4081951975822449
3,1,80,137,courtisane,aspasia,0.5441268086433411
3,1,81,138,van,aspasia,0.43400558829307556
3,1,82,139,Lysikles,aspasia,0.5223078727722168
3,1,83,140,"werd,",aspasia,0.41522225737571716
3,1,84,141,een,aspasia,0.44312939047813416
3,1,85,142,andere,aspasia,0.46569523215293884
3,1,86,143,Atheens,aspasia,0.5575235486030579
3,1,87,144,staatsman,aspasia,0.5070568919181824
3,1,88,145,en,aspasia,0.40914180874824524
3,1,89,146,generaal.,aspasia,0.38100895285606384
3,2,0,147,Aspasia,aspasia,0.6450161337852478
3,2,1,148,werd,aspasia,0.419708251953125
3,2,2,149,geboren,aspasia,0.46654659509658813
3,2,3,150,in,aspasia,0.4191145896911621
3,2,4,151,de,aspasia,0.40810656547546387
3,2,5,152,Ionische,aspasia,0.46133601665496826
3,2,6,153,polis,aspasia,0.5046984553337097
3,2,7,154,Milete.,aspasia,0.4782349169254303
3,2,8,155,Er,aspasia,0.42198967933654785
3,2,9,156,is,aspasia,0.42229053378105164
3,2,10,157,weinig,aspasia,0.40835538506507874
3,2,11,158,over,aspasia,0.39227354526519775
3,2,12,159,haar,aspasia,0.45715221762657166
3,2,13,160,familie,aspasia,0.4729820787906647
3,2,14,161,"bekend,",aspasia,0.46872469782829285
3,2,15,162,behalve,aspasia,0.427732914686203
3,2,16,163,dat,aspasia,0.42885836958885193
3,2,17,164,haar,aspasia,0.4573582112789154
3,2,18,165,vaders,aspasia,0.4494883120059967
3,2,19,166,naam,aspasia,0.4631248116493225
3,2,20,167,Axiochos,aspasia,0.5269966721534729
3,2,21,168,was.,aspasia,0.46270042657852173
3,2,22,169,Verder,aspasia,0.40964823961257935
3,2,23,170,is,aspasia,0.41650161147117615
3,2,24,171,duidelijk,aspasia,0.4133743941783905
3,2,25,172,dat,aspasia,0.4259839951992035
3,2,26,173,ze,aspasia,0.43151170015335083
3,2,27,174,tot,aspasia,0.4239519536495209
3,2,28,175,een,aspasia,0.4341702163219452
3,2,29,176,rijke,aspasia,0.45785221457481384
3,2,30,177,familie,aspasia,0.4867667853832245
3,2,31,178,moet,aspasia,0.4171064794063568
3,2,32,179,hebben,aspasia,0.421904057264328
3,2,33,180,behoord.,aspasia,0.4295883774757385
3,2,34,181,Sommige,aspasia,0.4357207417488098
3,2,35,182,antieke,aspasia,0.47687822580337524
3,2,36,183,bronnen,aspasia,0.43517056107521057
3,2,37,184,beweren,aspasia,0.4421621561050415
3,2,38,185,dat,aspasia,0.425188273191452
3,2,39,186,ze,aspasia,0.4325743615627289
3,2,40,187,een,aspasia,0.4356386959552765
3,2,41,188,Carische,aspasia,0.4590394198894501
3,2,42,189,krijgsgevangene,aspasia,0.4447098672389984
3,2,43,190,was,aspasia,0.44051000475883484
3,2,44,191,die,aspasia,0.4123776853084564
3,2,45,192,tot,aspasia,0.4252628684043884
3,2,46,193,slaaf,aspasia,0.4755915701389313
3,2,47,194,werd,aspasia,0.4128355085849762
3,2,48,195,"gemaakt,",aspasia,0.4257221817970276
3,2,49,196,maar,aspasia,0.42460280656814575
3,2,50,197,deze,aspasia,0.44602662324905396
3,2,51,198,beweringen,aspasia,0.44104865193367004
3,2,52,199,worden,aspasia,0.44713717699050903
3,2,53,200,over,aspasia,0.3808947801589966
3,2,54,201,het,aspasia,0.4349018931388855
3,2,55,202,algemeen,aspasia,0.40327078104019165
3,2,56,203,als,aspasia,0.43263620138168335
3,2,57,204,onjuist,aspasia,0.4575567841529846
3,2,58,205,beschouwd.,aspasia,0.43101587891578674
3,3,0,206,Het,aspasia,0.4345890283584595
3,3,1,207,is,aspasia,0.4151722192764282
3,3,2,208,niet,aspasia,0.44765138626098633
3,3,3,209,bekend,aspasia,0.474509060382843
3,3,4,210,in,aspasia,0.4121602475643158
3,3,5,211,welke,aspasia,0.43092358112335205
3,3,6,212,omstandigheden,aspasia,0.4207243025302887
3,3,7,213,ze,aspasia,0.4330277740955353
3,3,8,214,voor,aspasia,0.4198676645755768
3,3,9,215,het,aspasia,0.43553221225738525
3,3,10,216,eerst,aspasia,0.43158888816833496
3,3,11,217,naar,aspasia,0.4294452965259552
3,3,12,218,Athene,aspasia,0.5512683391571045
3,3,13,219,reisde.,aspasia,0.4391792416572571
3,3,14,220,Volgens,aspasia,0.47319480776786804
3,3,15,221,de,aspasia,0.41533181071281433
3,3,16,222,betwiste,aspasia,0.4563416540622711
3,3,17,223,beweringen,aspasia,0.4454286992549896
3,3,18,224,van,aspasia,0.42744535207748413
3,3,19,225,de,aspasia,0.41575539112091064
3,3,20,226,antieke,aspasia,0.4757307171821594
3,3,21,227,auteurs,aspasia,0.44316336512565613
3,3,22,228,en,aspasia,0.41075238585472107
3,3,23,229,sommige,aspasia,0.44356822967529297
3,3,24,230,moderne,aspasia,0.4268498122692108
3,3,25,231,"geleerden,",aspasia,0.4258948266506195
3,3,26,232,werd,aspasia,0.41590067744255066
3,3,27,233,Aspasia,aspasia,0.6444557905197144
3,3,28,234,een,aspasia,0.43277090787887573
3,3,29,235,hetaere,aspasia,0.45612281560897827
3,3,30,236,in,aspasia,0.41602855920791626
3,3,31,237,Athene,aspasia,0.5614309310913086
3,3,32,238,en,aspasia,0.4180358350276947
3,3,33,239,was,aspasia,0.4458134174346924
3,3,34,240,zij,aspasia,0.48470884561538696
3,3,35,241,waarschijnlijk,aspasia,0.4663417339324951
3,3,36,242,bordeelhoudster.,aspasia,0.49899235367774963
3,3,37,243,Hetaeren,aspasia,0.5176801085472107
3,3,38,244,waren,aspasia,0.46710440516471863
3,3,39,245,professionele,aspasia,0.45155760645866394
3,3,40,246,entertainers,aspasia,0.4505522847175598
3,3,41,247,van,aspasia,0.4394526779651642
3,3,42,248,de,aspasia,0.4324074387550354
3,3,43,249,hogere,aspasia,0.4255472719669342
3,3,44,250,"klasse,",aspasia,0.4590217173099518
3,3,45,251,evenals,aspasia,0.4417182207107544
3,3,46,252,courtisanes.,aspasia,0.5210159420967102
3,3,47,253,Behalve,aspasia,0.4027550518512726
3,3,48,254,door,aspasia,0.3757057785987854
3,3,49,255,hun,aspasia,0.5023561716079712
3,3,50,256,fysieke,aspasia,0.4323194622993469
3,3,51,257,"schoonheid,",aspasia,0.4370739758014679
3,3,52,258,verschilden,aspasia,0.42437389492988586
3,3,53,259,ze,aspasia,0.4521537125110626
3,3,54,260,van,aspasia,0.4418546259403229
3,3,55,261,de,aspasia,0.43450161814689636
3,3,56,262,meest,aspasia,0.478545606136322
3,3,57,263,Atheense,aspasia,0.6032285094261169
3,3,58,264,vrouwen,aspasia,0.48124098777770996
3,3,59,265,doordat,aspasia,0.47130534052848816
3,3,60,266,ze,aspasia,0.45177367329597473
3,3,61,267,hadden,aspasia,0.47664421796798706
3,3,62,268,gestudeerd,aspasia,0.47922760248184204
3,3,63,269,(vaak,aspasia,0.43176043033599854
3,3,64,270,zeer,aspasia,0.4483451545238495
3,3,65,271,hoogstaande,aspasia,0.4442332983016968
3,3,66,272,"studies,",aspasia,0.4395862817764282
3,3,67,273,zoals,aspasia,0.47066056728363037
3,3,68,274,in,aspasia,0.4360012412071228
3,3,69,275,het,aspasia,0.4762442409992218
3,3,70,276,geval,aspasia,0.4808574914932251
3,3,71,277,van,aspasia,0.4440351128578186
3,3,72,278,"Aspasia),",aspasia,0.5927586555480957
3,3,73,279,onafhankelijk,aspasia,0.47018760442733765
3,3,74,280,waren,aspasia,0.4750897288322449
3,3,75,281,en,aspasia,0.4329352080821991
3,3,76,282,belastingen,aspasia,0.424543172121048
3,3,77,283,betaalden.,aspasia,0.44997358322143555
3,3,78,284,Ze,aspasia,0.45418986678123474
3,3,79,285,waren,aspasia,0.4768097400665283
3,3,80,286,waarschijnlijk,aspasia,0.477954238653183
3,3,81,287,de,aspasia,0.43786290287971497
3,3,82,288,meest,aspasia,0.48142561316490173
3,3,83,289,vrijgevochten,aspasia,0.4915275275707245
3,3,84,290,vrouwen,aspasia,0.487013578414917
3,3,85,291,van,aspasia,0.44579261541366577
3,3,86,292,hun,aspasia,0.510121762752533
3,3,87,293,"tijd,",aspasia,0.4171152412891388
3,3,88,294,en,aspasia,0.43303585052490234
3,3,89,295,"Aspasia,",aspasia,0.6080164909362793
3,3,90,296,die,aspasia,0.42569780349731445
3,3,91,297,een,aspasia,0.4535374939441681
3,3,92,298,levendig,aspasia,0.43922024965286255
3,3,93,299,figuur,aspasia,0.45465484261512756
3,3,94,300,zou,aspasia,0.46906760334968567
3,3,95,301,worden,aspasia,0.4658799469470978
3,3,96,302,in,aspasia,0.4365880489349365
3,3,97,303,de,aspasia,0.4390329420566559
3,3,98,304,Atheense,aspasia,0.611685574054718
3,3,99,305,"maatschappij,",aspasia,0.45004743337631226
3,3,100,306,was,aspasia,0.4641786515712738
3,3,101,307,waarschijnlijk,aspasia,0.4774152636528015
3,3,102,308,een,aspasia,0.4532354176044464
3,3,103,309,duidelijk,aspasia,0.4359951913356781
3,3,104,310,voorbeeld,aspasia,0.4517689347267151
3,3,105,311,hiervan.,aspasia,0.3995867967605591
3,4,0,312,Als,aspasia,0.4646121859550476
3,4,1,313,vreemdelinge,aspasia,0.48620590567588806
3,4,2,314,en,aspasia,0.43342509865760803
3,4,3,315,mogelijk,aspasia,0.46470093727111816
3,4,4,316,hetaere,aspasia,0.516285240650177
3,4,5,317,was,aspasia,0.46408218145370483
3,4,6,318,Aspasia,aspasia,0.631779134273529
3,4,7,319,vrijgesteld,aspasia,0.48801857233047485
3,4,8,320,van,aspasia,0.44738122820854187
3,4,9,321,de,aspasia,0.4386172592639923
3,4,10,322,wettelijke,aspasia,0.43905454874038696
3,4,11,323,bepalingen,aspasia,0.4042258858680725
3,4,12,324,die,aspasia,0.42574867606163025
3,4,13,325,getrouwde,aspasia,0.5315420031547546
3,4,14,326,vrouwen,aspasia,0.48986345529556274
3,4,15,327,traditioneel,aspasia,0.46510565280914307
3,4,16,328,aan,aspasia,0.44981545209884644
3,4,17,329,hun,aspasia,0.5105987191200256
3,4,18,330,huis,aspasia,0.4641564190387726
3,4,19,331,"bonden,",aspasia,0.4827112555503845
3,4,20,332,zodat,aspasia,0.45606541633605957
3,4,21,333,ze,aspasia,0.458693265914917
3,4,22,334,mocht,aspasia,0.468134343624115
3,4,23,335,deelnemen,aspasia,0.42965590953826904
3,4,24,336,aan,aspasia,0.44981545209884644
3,4,25,337,het,aspasia,0.47776347398757935
3,4,26,338,publieke,aspasia,0.452880322933197
3,4,27,339,leven,aspasia,0.4728282690048218
3,4,28,340,van,aspasia,0.44738122820854187
3,4,29,341,de,aspasia,0.4386172592639923
3,4,30,342,polis.,aspasia,0.4856090545654297
3,4,31,343,Ze,aspasia,0.46292489767074585
3,4,32,344,werd,aspasia,0.43342065811157227
3,4,33,345,de,aspasia,0.4386172592639923
3,4,34,346,minnares,aspasia,0.48309090733528137
3,4,35,347,van,aspasia,0.44738122820854187
3,4,36,348,de,aspasia,0.4386172592639923
3,4,37,349,staatsman,aspasia,0.5117480754852295
3,4,38,350,Perikles,aspasia,0.5923088192939758
3,4,39,351,in,aspasia,0.43674609065055847
3,4,40,352,de,aspasia,0.4386172592639923
3,4,41,353,vroege,aspasia,0.44477635622024536
3,4,42,354,jaren,aspasia,0.4488919973373413
3,4,43,355,440.,aspasia,0.4214591383934021
3,5,0,356,In,aspasia,0.44485747814178467
3,5,1,357,de,aspasia,0.4386172592639923
3,5,2,358,hogere,aspasia,0.43635791540145874
3,5,3,359,kringen,aspasia,0.4864225387573242
3,5,4,360,werd,aspasia,0.43342065811157227
3,5,5,361,Aspasia,aspasia,0.631779134273529
3,5,6,362,eerder,aspasia,0.4564190208911896
3,5,7,363,opgemerkt,aspasia,0.44272181391716003
3,5,8,364,door,aspasia,0.37805718183517456
3,5,9,365,haar,aspasia,0.4901006817817688
3,5,10,366,vaardigheid,aspasia,0.4001780152320862
3,5,11,367,als,aspasia,0.44719818234443665
3,5,12,368,onderhoudend,aspasia,0.4220578074455261
3,5,13,369,praatster,aspasia,0.4760035574436188
3,5,14,370,en,aspasia,0.43342509865760803
3,5,15,371,adviseuse,aspasia,0.5019899606704712
3,5,16,372,dan,aspasia,0.44776225090026855
3,5,17,373,alleen,aspasia,0.4862586259841919
3,5,18,374,om,aspasia,0.4470715820789337
3,5,19,375,haar,aspasia,0.4901006817817688
3,5,20,376,schoonheid.,aspasia,0.42913371324539185
3,5,21,377,Volgens,aspasia,0.4849144518375397
3,5,22,378,Plutarchus,aspasia,0.5214450359344482
3,5,23,379,werd,aspasia,0.43342065811157227
3,5,24,380,het,aspasia,0.47776347398757935
3,5,25,381,huis,aspasia,0.4641564190387726
3,5,26,382,van,aspasia,0.44738122820854187
3,5,27,383,Perikles,aspasia,0.5923088192939758
3,5,28,384,en,aspasia,0.43342509865760803
3,5,29,385,Aspasia,aspasia,0.631779134273529
3,5,30,386,een,aspasia,0.45360445976257324
3,5,31,387,intellectueel,aspasia,0.4883708953857422
3,5,32,388,centrum,aspasia,0.447421133518219
3,5,33,389,in,aspasia,0.43674609065055847
3,5,34,390,"Athene,",aspasia,0.5739620923995972
3,5,35,391,dat,aspasia,0.4516691565513611
3,5,36,392,de,aspasia,0.4386172592639923
3,5,37,393,meest,aspasia,0.48218435049057007
3,5,38,394,prominente,aspasia,0.4888499975204468
3,5,39,395,schrijvers,aspasia,0.4654697775840759
3,5,40,396,en,aspasia,0.43342509865760803
3,5,41,397,denkers,aspasia,0.4493974447250366
3,5,42,398,"aantrok,",aspasia,0.44507166743278503
3,5,43,399,waaronder,aspasia,0.41562169790267944
3,5,44,400,de,aspasia,0.4386172592639923
3,5,45,401,filosoof,aspasia,0.5151301026344299
3,5,46,402,Socrates.,aspasia,0.48794156312942505
3,5,47,403,De,aspasia,0.4640057682991028
3,5,48,404,biograaf,aspasia,0.5134679675102234
3,5,49,405,schrijft,aspasia,0.498150110244751
3,5,50,406,"dat,",aspasia,0.4654976725578308
3,5,51,407,ondanks,aspasia,0.43917298316955566
3,5,52,408,haar,aspasia,0.4901006817817688
3,5,53,409,immorele,aspasia,0.47911524772644043
3,5,54,410,"leven,",aspasia,0.47342148423194885
3,5,55,411,Atheense,aspasia,0.6144332885742188
3,5,56,412,mannen,aspasia,0.47977378964424133
3,5,57,413,hun,aspasia,0.5105987191200256
3,5,58,414,echtgenotes,aspasia,0.5312026739120483
3,5,59,415,zouden,aspasia,0.4685344994068146
3,5,60,416,meebrengen,aspasia,0.4152742326259613
3,5,61,417,om,aspasia,0.4470715820789337
3,5,62,418,haar,aspasia,0.4901006817817688
3,5,63,419,conversaties,aspasia,0.4187013506889343
3,5,64,420,te,aspasia,0.44307899475097656
3,5,65,421,aanhoren.,aspasia,0.3890562951564789
3,6,0,422,"Perikles,",aspasia,0.582322895526886
3,6,1,423,Aspasia,aspasia,0.631779134273529
3,6,2,424,en,aspasia,0.43342509865760803
3,6,3,425,hun,aspasia,0.5105987191200256
3,6,4,426,vrienden,aspasia,0.5109395980834961
3,6,5,427,waren,aspasia,0.47797495126724243
3,6,6,428,niet,aspasia,0.4667534828186035
3,6,7,429,immuun,aspasia,0.4341256320476532
3,6,8,430,voor,aspasia,0.44716978073120117
3,6,9,431,"aanvallen,",aspasia,0.4283860921859741
3,6,10,432,daar,aspasia,0.42135149240493774
3,6,11,433,een,aspasia,0.45360445976257324
3,6,12,434,vooraanstaande,aspasia,0.4623047709465027
3,6,13,435,positie,aspasia,0.4409368634223938
3,6,14,436,in,aspasia,0.43674609065055847
3,6,15,437,de,aspasia,0.4386172592639923
3,6,16,438,Atheense,aspasia,0.6144332885742188
3,6,17,439,democratie,aspasia,0.41862598061561584
3,6,18,440,niet,aspasia,0.4667534828186035
3,6,19,441,gelijk,aspasia,0.461908757686615
3,6,20,442,stond,aspasia,0.4905245900154114
3,6,21,443,met,aspasia,0.45394593477249146
3,6,22,444,een,aspasia,0.45360445976257324
3,6,23,445,absolute,aspasia,0.4113057255744934
3,6,24,446,regering.,aspasia,0.4223514795303345
3,6,25,447,Haar,aspasia,0.4757689833641052
3,6,26,448,relatie,aspasia,0.5126579999923706
3,6,27,449,met,aspasia,0.45394593477249146
3,6,28,450,Perikles,aspasia,0.5923088192939758
3,6,29,451,en,aspasia,0.43342509865760803
3,6,30,452,haar,aspasia,0.4901006817817688
3,6,31,453,latere,aspasia,0.4848483204841614
3,6,32,454,politieke,aspasia,0.4505372941493988
3,6,33,455,invloed,aspasia,0.4448649287223816
3,6,34,456,veroorzaakte,aspasia,0.4321139454841614
3,6,35,457,nogal,aspasia,0.40997135639190674
3,6,36,458,wat,aspasia,0.4435494840145111
3,6,37,459,reactie.,aspasia,0.4342315196990967
3,6,38,460,Donald,aspasia,0.4138791859149933
3,6,39,461,Kagan,aspasia,0.5008531212806702
3,6,40,462,gelooft,aspasia,0.4568762481212616
3,6,41,463,dat,aspasia,0.4516691565513611
3,6,42,464,Aspasia,aspasia,0.631779134273529
3,6,43,465,vooral,aspasia,0.45004522800445557
3,6,44,466,onpopulair,aspasia,0.43773019313812256
3,6,45,467,was,aspasia,0.46408218145370483
3,6,46,468,in,aspasia,0.43674609065055847
3,6,47,469,de,aspasia,0.4386172592639923
3,6,48,470,jaren,aspasia,0.4488919973373413
3,6,49,471,volgend,aspasia,0.40775132179260254
3,6,50,472,op,aspasia,0.43449610471725464
3,6,51,473,de,aspasia,0.4386172592639923
3,6,52,474,Samische,aspasia,0.46899449825286865
3,6,53,475,Oorlog.,aspasia,0.4147472083568573
3,6,54,476,In,aspasia,0.44485747814178467
3,6,55,477,440,aspasia,0.4474231004714966
3,6,56,478,v.Chr.,aspasia,0.44836869835853577
3,6,57,479,was,aspasia,0.46408218145370483
3,6,58,480,Samos,aspasia,0.5005881190299988
3,6,59,481,in,aspasia,0.43674609065055847
3,6,60,482,oorlog,aspasia,0.4364599585533142
3,6,61,483,met,aspasia,0.45394593477249146
3,6,62,484,Milete,aspasia,0.5141626000404358
3,6,63,485,over,aspasia,0.40870100259780884
3,6,64,486,"Priëne,",aspasia,0.48774075508117676
3,6,65,487,een,aspasia,0.45360445976257324
3,6,66,488,oude,aspasia,0.4759679436683655
3,6,67,489,stad,aspasia,0.49910035729408264
3,6,68,490,van,aspasia,0.44738122820854187
3,6,69,491,Ionië.,aspasia,0.4484254717826843
3,6,70,492,Verzwakt,aspasia,0.46360766887664795
3,6,71,493,door,aspasia,0.37805718183517456
3,6,72,494,de,aspasia,0.4386172592639923
3,6,73,495,"oorlog,",aspasia,0.42342278361320496
3,6,74,496,kwamen,aspasia,0.4751359224319458
3,6,75,497,de,aspasia,0.4386172592639923
3,6,76,498,Milesiërs,aspasia,0.4950103461742401
3,6,77,499,naar,aspasia,0.4555026888847351
3,6,78,500,Athene,aspasia,0.5778305530548096
3,6,79,501,om,aspasia,0.4470715820789337
3,6,80,502,voor,aspasia,0.44716978073120117
3,6,81,503,hun,aspasia,0.5105987191200256
3,6,82,504,zaak,aspasia,0.4786984622478485
3,6,83,505,tegen,aspasia,0.413332998752594
3,6,84,506,de,aspasia,0.4386172592639923
3,6,85,507,Samiërs,aspasia,0.48326733708381653
3,6,86,508,te,aspasia,0.44307899475097656
3,6,87,509,pleiten.,aspasia,0.44674795866012573
3,6,88,510,Toen,aspasia,0.443795770406723
3,6,89,511,de,aspasia,0.4386172592639923
3,6,90,512,Atheners,aspasia,0.5629209280014038
3,6,91,513,beide,aspasia,0.46363285183906555
3,6,92,514,partijen,aspasia,0.4417460262775421
3,6,93,515,bevalen,aspasia,0.5035889744758606
3,6,94,516,de,aspasia,0.4386172592639923
3,6,95,517,strijd,aspasia,0.4653858542442322
3,6,96,518,te,aspasia,0.44307899475097656
3,6,97,519,staken,aspasia,0.4702397584915161
3,6,98,520,en,aspasia,0.43342509865760803
3,6,99,521,hun,aspasia,0.5105987191200256
3,6,100,522,zaak,aspasia,0.4786984622478485
3,6,101,523,voor,aspasia,0.44716978073120117
3,6,102,524,te,aspasia,0.44307899475097656
3,6,103,525,leggen,aspasia,0.4617021679878235
3,6,104,526,aan,aspasia,0.44981545209884644
3,6,105,527,"Athene,",aspasia,0.5739620923995972
3,6,106,528,weigerden,aspasia,0.4068658649921417
3,6,107,529,de,aspasia,0.4386172592639923
3,6,108,530,Samiërs.,aspasia,0.4445194602012634
3,6,109,531,In,aspasia,0.44485747814178467
3,6,110,532,antwoord,aspasia,0.46005409955978394
3,6,111,533,daarop,aspasia,0.42309606075286865
3,6,112,534,liet,aspasia,0.4806220531463623
3,6,113,535,Perikles,aspasia,0.5923088192939758
3,6,114,536,een,aspasia,0.45360445976257324
3,6,115,537,decreet,aspasia,0.4362584948539734
3,6,116,538,goedkeuren,aspasia,0.3738424777984619
3,6,117,539,om,aspasia,0.4470715820789337
3,6,118,540,een,aspasia,0.45360445976257324
3,6,119,541,expeditie,aspasia,0.437411904335022
3,6,120,542,uit,aspasia,0.48293739557266235
3,6,121,543,te,aspasia,0.44307899475097656
3,6,122,544,sturen,aspasia,0.46361592411994934
3,6,123,545,naar,aspasia,0.4555026888847351
3,6,124,546,Samos.,aspasia,0.48240336775779724
3,6,125,547,De,aspasia,0.4640057682991028
3,6,126,548,campagne,aspasia,0.4226912260055542
3,6,127,549,bleek,aspasia,0.4048931300640106
3,6,128,550,moeilijker,aspasia,0.40429019927978516
3,6,129,551,te,aspasia,0.44307899475097656
3,6,130,552,zijn,aspasia,0.4559541344642639
3,6,131,553,dan,aspasia,0.44776225090026855
3,6,132,554,gedacht,aspasia,0.47258710861206055
3,6,133,555,en,aspasia,0.43342509865760803
3,6,134,556,de,aspasia,0.4386172592639923
3,6,135,557,Atheners,aspasia,0.5629209280014038
3,6,136,558,moesten,aspasia,0.4596336781978607
3,6,137,559,zware,aspasia,0.4456738233566284
3,6,138,560,verliezen,aspasia,0.41061651706695557
3,6,139,561,lijden,aspasia,0.4277174472808838
3,6,140,562,alvorens,aspasia,0.45073890686035156
3,6,141,563,Samos,aspasia,0.5005881190299988
3,6,142,564,werd,aspasia,0.43342065811157227
3,6,143,565,verslagen.,aspasia,0.47409310936927795
3,6,144,566,Volgens,aspasia,0.4849144518375397
3,6,145,567,Plutarchus,aspasia,0.5214450359344482
3,6,146,568,was,aspasia,0.46408218145370483
3,6,147,569,men,aspasia,0.4353240132331848
3,6,148,570,van,aspasia,0.44738122820854187
3,6,149,571,mening,aspasia,0.4423627555370331
3,6,150,572,dat,aspasia,0.4516691565513611
3,6,151,573,"Aspasia,",aspasia,0.6098238229751587
3,6,152,574,die,aspasia,0.42574867606163025
3,6,153,575,van,aspasia,0.44738122820854187
3,6,154,576,Milete,aspasia,0.5141626000404358
3,6,155,577,"kwam,",aspasia,0.45612460374832153
3,6,156,578,verantwoordelijk,aspasia,0.4324764013290405
3,6,157,579,was,aspasia,0.46408218145370483
3,6,158,580,voor,aspasia,0.44716978073120117
3,6,159,581,de,aspasia,0.4386172592639923
3,6,160,582,Samische,aspasia,0.46899449825286865
3,6,161,583,Oorlog,aspasia,0.4414631128311157
3,6,162,584,en,aspasia,0.43342509865760803
3,6,163,585,dat,aspasia,0.4516691565513611
3,6,164,586,Perikles,aspasia,0.5923088192939758
3,6,165,587,om,aspasia,0.4470715820789337
3,6,166,588,haar,aspasia,0.4901006817817688
3,6,167,589,te,aspasia,0.44307899475097656
3,6,168,590,behagen,aspasia,0.482422798871994
3,6,169,591,de,aspasia,0.4386172592639923
3,6,170,592,kant,aspasia,0.44985803961753845
3,6,171,593,van,aspasia,0.44738122820854187
3,6,172,594,Milete,aspasia,0.5141626000404358
3,6,173,595,had,aspasia,0.45537883043289185
3,6,174,596,gekozen,aspasia,0.47818052768707275
3,6,175,597,en,aspasia,0.43342509865760803
3,6,176,598,Samos,aspasia,0.5005881190299988
3,6,177,599,had,aspasia,0.45537883043289185
3,6,178,600,aangevallen.,aspasia,0.4469386339187622
4,0,0,1,Het,de zilveren schaatsen,
4,0,1,2,was,de zilveren schaatsen,0.7452968955039978
4,0,2,3,heel,de zilveren schaatsen,0.6678214073181152
4,0,3,4,vroeg,de zilveren schaatsen,0.7233313918113708
4,0,4,5,in,de zilveren schaatsen,0.6020917892456055
4,0,5,6,de,de zilveren schaatsen,0.5930696725845337
4,0,6,7,morgen.,de zilveren schaatsen,0.7535027861595154
4,0,7,8,De,de zilveren schaatsen,0.5467177629470825
4,0,8,9,meeste,de zilveren schaatsen,0.5954517126083374
4,0,9,10,bewoners,de zilveren schaatsen,0.5866515636444092
4,0,10,11,van,de zilveren schaatsen,0.5442646145820618
4,0,11,12,Broek,de zilveren schaatsen,0.5170265436172485
4,0,12,13,waren,de zilveren schaatsen,0.5561172366142273
4,0,13,14,nog,de zilveren schaatsen,0.4881327748298645
4,0,14,15,warm,de zilveren schaatsen,0.4868197739124298
4,0,15,16,in,de zilveren schaatsen,0.48957666754722595
4,0,16,17,hun,de zilveren schaatsen,0.4744335114955902
4,0,17,18,bedden,de zilveren schaatsen,0.533292829990387
4,0,18,19,gedoken:,de zilveren schaatsen,0.5514426827430725
4,0,19,20,want,de zilveren schaatsen,0.42818716168403625
4,0,20,21,het,de zilveren schaatsen,0.5456523895263672
4,0,21,22,was,de zilveren schaatsen,0.5159813165664673
4,0,22,23,aardig,de zilveren schaatsen,0.529302179813385
4,0,23,24,koud,de zilveren schaatsen,0.5626371502876282
4,0,24,25,en,de zilveren schaatsen,0.45950597524642944
4,0,25,26,had,de zilveren schaatsen,0.46830490231513977
4,0,26,27,die,de zilveren schaatsen,0.4817012846469879
4,0,27,28,nacht,de zilveren schaatsen,0.5543221831321716
4,0,28,29,geducht,de zilveren schaatsen,0.5171381831169128
4,0,29,30,gevroren.,de zilveren schaatsen,0.5609936118125916
4,0,30,31,Slechts,de zilveren schaatsen,0.4592890739440918
4,0,31,32,een,de zilveren schaatsen,0.4810156524181366
4,0,32,33,enkeling,de zilveren schaatsen,0.49087226390838623
4,0,33,34,reed,de zilveren schaatsen,0.46874329447746277
4,0,34,35,op,de zilveren schaatsen,0.4844776391983032
4,0,35,36,de,de zilveren schaatsen,0.46726590394973755
4,0,36,37,gladde,de zilveren schaatsen,0.4870546758174896
4,0,37,38,spiegelvlakte,de zilveren schaatsen,0.45090121030807495
4,0,38,39,en,de zilveren schaatsen,0.45737144351005554
4,0,39,40,wierp,de zilveren schaatsen,0.4554316997528076
4,0,40,41,een,de zilveren schaatsen,0.49148741364479065
4,0,41,42,vriendelijke,de zilveren schaatsen,0.4869419038295746
4,0,42,43,blik,de zilveren schaatsen,0.5102084875106812
4,0,43,44,op,de zilveren schaatsen,0.4979323744773865
4,0,44,45,het,de zilveren schaatsen,0.5202127695083618
4,0,45,46,"tweetal,",de zilveren schaatsen,0.46951550245285034
4,0,46,47,dat,de zilveren schaatsen,0.4556838572025299
4,0,47,48,daar,de zilveren schaatsen,0.47295069694519043
4,0,48,49,aan,de zilveren schaatsen,0.4750000536441803
4,0,49,50,de,de zilveren schaatsen,0.44870513677597046
4,0,50,51,kant,de zilveren schaatsen,0.4520626664161682
4,0,51,52,geknield,de zilveren schaatsen,0.546393871307373
4,0,52,53,lag,de zilveren schaatsen,0.4758315682411194
4,0,53,54,en,de zilveren schaatsen,0.4687964916229248
4,0,54,55,zich,de zilveren schaatsen,0.4796300232410431
4,0,55,56,bezighield,de zilveren schaatsen,0.5113314390182495
4,0,56,57,met,de zilveren schaatsen,0.5013833045959473
4,0,57,58,iets,de zilveren schaatsen,0.5104478597640991
4,0,58,59,aan,de zilveren schaatsen,0.4940851032733917
4,0,59,60,te,de zilveren schaatsen,0.4429894983768463
4,0,60,61,"binden,",de zilveren schaatsen,0.5051085948944092
4,0,61,62,hetwelk,de zilveren schaatsen,0.49041301012039185
4,0,62,63,schaatsen,de zilveren schaatsen,0.5002061724662781
4,0,63,64,moesten,de zilveren schaatsen,0.49056488275527954
4,0,64,65,verbeelden,de zilveren schaatsen,0.48083794116973877
4,0,65,66,en,de zilveren schaatsen,0.450008749961853
4,0,66,67,dat,de zilveren schaatsen,0.45102816820144653
4,0,67,68,bestond,de zilveren schaatsen,0.4922245740890503
4,0,68,69,uit,de zilveren schaatsen,0.5118517279624939
4,0,69,70,stukken,de zilveren schaatsen,0.5164719820022583
4,0,70,71,hard,de zilveren schaatsen,0.4639272093772888
4,0,71,72,"hout,",de zilveren schaatsen,0.5201975107192993
4,0,72,73,die,de zilveren schaatsen,0.42239171266555786
4,0,73,74,naar,de zilveren schaatsen,0.48151201009750366
4,0,74,75,onderen,de zilveren schaatsen,0.5093345046043396
4,0,75,76,spits,de zilveren schaatsen,0.49535226821899414
4,0,76,77,toeliepen,de zilveren schaatsen,0.47205451130867004
4,0,77,78,en,de zilveren schaatsen,0.4628421366214752
4,0,78,79,waarin,de zilveren schaatsen,0.495998740196228
4,0,79,80,gaten,de zilveren schaatsen,0.5484321117401123
4,0,80,81,waren,de zilveren schaatsen,0.5222282409667969
4,0,81,82,"geboord,",de zilveren schaatsen,0.5498965978622437
4,0,82,83,om,de zilveren schaatsen,0.4702073931694031
4,0,83,84,ze,de zilveren schaatsen,0.4915038049221039
4,0,84,85,met,de zilveren schaatsen,0.4961780309677124
4,0,85,86,touwen,de zilveren schaatsen,0.5868200659751892
4,0,86,87,aan,de zilveren schaatsen,0.511311411857605
4,0,87,88,de,de zilveren schaatsen,0.4928897023200989
4,0,88,89,voeten,de zilveren schaatsen,0.5594281554222107
4,0,89,90,te,de zilveren schaatsen,0.4862819015979767
4,0,90,91,bevestigen.,de zilveren schaatsen,0.5119791626930237
4,1,0,92,Die,de zilveren schaatsen,0.4523012638092041
4,1,1,93,schaatsen,de zilveren schaatsen,0.5951226949691772
4,1,2,94,waren,de zilveren schaatsen,0.5430519580841064
4,1,3,95,het,de zilveren schaatsen,0.5389806032180786
4,1,4,96,fabrikaat,de zilveren schaatsen,0.5357012748718262
4,1,5,97,van,de zilveren schaatsen,0.529515266418457
4,1,6,98,"Hans,",de zilveren schaatsen,0.5532801151275635
4,1,7,99,de,de zilveren schaatsen,0.5023457407951355
4,1,8,100,oudste,de zilveren schaatsen,0.503447949886322
4,1,9,101,van,de zilveren schaatsen,0.5286374688148499
4,1,10,102,de,de zilveren schaatsen,0.5042173862457275
4,1,11,103,twee:,de zilveren schaatsen,0.5453789830207825
4,1,12,104,want,de zilveren schaatsen,0.4681137502193451
4,1,13,105,zijn,de zilveren schaatsen,0.5274825692176819
4,1,14,106,moeder,de zilveren schaatsen,0.5374762415885925
4,1,15,107,was,de zilveren schaatsen,0.5328875184059143
4,1,16,108,een,de zilveren schaatsen,0.5459300875663757
4,1,17,109,arme,de zilveren schaatsen,0.5591772794723511
4,1,18,110,"boerenvrouw,",de zilveren schaatsen,0.5464563965797424
4,1,19,111,die,de zilveren schaatsen,0.49115514755249023
4,1,20,112,geen,de zilveren schaatsen,0.5425597429275513
4,1,21,113,schaatsen,de zilveren schaatsen,0.6246258020401001
4,1,22,114,bekostigen,de zilveren schaatsen,0.5083146095275879
4,1,23,115,kon;,de zilveren schaatsen,0.5383206009864807
4,1,24,116,en,de zilveren schaatsen,0.4781157374382019
4,1,25,117,daarom,de zilveren schaatsen,0.525065541267395
4,1,26,118,had,de zilveren schaatsen,0.515819787979126
4,1,27,119,onze,de zilveren schaatsen,0.5070662498474121
4,1,28,120,"knaap,",de zilveren schaatsen,0.5745332837104797
4,1,29,121,die,de zilveren schaatsen,0.4880576729774475
4,1,30,122,zeer,de zilveren schaatsen,0.5297937989234924
4,1,31,123,behendig,de zilveren schaatsen,0.560204029083252
4,1,32,124,in,de zilveren schaatsen,0.5090152025222778
4,1,33,125,het,de zilveren schaatsen,0.5486268401145935
4,1,34,126,snijden,de zilveren schaatsen,0.5434867143630981
4,1,35,127,van,de zilveren schaatsen,0.5237446427345276
4,1,36,128,hout,de zilveren schaatsen,0.5743672251701355
4,1,37,129,"was,",de zilveren schaatsen,0.5394247770309448
4,1,38,130,er,de zilveren schaatsen,0.504106879234314
4,1,39,131,een,de zilveren schaatsen,0.5264041423797607
4,1,40,132,paar,de zilveren schaatsen,0.5607855916023254
4,1,41,133,voor,de zilveren schaatsen,0.5427348017692566
4,1,42,134,zich,de zilveren schaatsen,0.532161295413971
4,1,43,135,en,de zilveren schaatsen,0.4900398552417755
4,1,44,136,zijn,de zilveren schaatsen,0.5163335204124451
4,1,45,137,zuster,de zilveren schaatsen,0.533696711063385
4,1,46,138,Griete,de zilveren schaatsen,0.5171452760696411
4,1,47,139,vervaardigd.,de zilveren schaatsen,0.5495785474777222
4,2,0,140,"'Kom,",de zilveren schaatsen,0.5102449059486389
4,2,1,141,"Griete,'",de zilveren schaatsen,0.5461490750312805
4,2,2,142,zei,de zilveren schaatsen,0.49232468008995056
4,2,3,143,"Hans,",de zilveren schaatsen,0.5925728678703308
4,2,4,144,toen,de zilveren schaatsen,0.5285729169845581
4,2,5,145,hij,de zilveren schaatsen,0.540601909160614
4,2,6,146,opstond,de zilveren schaatsen,0.48931431770324707
4,2,7,147,en,de zilveren schaatsen,0.4742017388343811
4,2,8,148,een,de zilveren schaatsen,0.5038033127784729
4,2,9,149,prachtige,de zilveren schaatsen,0.5101422071456909
4,2,10,150,streek,de zilveren schaatsen,0.5018030405044556
4,2,11,151,op,de zilveren schaatsen,0.4915653169155121
4,2,12,152,de,de zilveren schaatsen,0.48134270310401917
4,2,13,153,vaart,de zilveren schaatsen,0.48997828364372253
4,2,14,154,"maakte,",de zilveren schaatsen,0.5753303170204163
4,2,15,155,niet,de zilveren schaatsen,0.4983454942703247
4,2,16,156,zonder,de zilveren schaatsen,0.5134260058403015
4,2,17,157,beide,de zilveren schaatsen,0.5039703845977783
4,2,18,158,armen,de zilveren schaatsen,0.5080403685569763
4,2,19,159,geducht,de zilveren schaatsen,0.5418049097061157
4,2,20,160,te,de zilveren schaatsen,0.4657518267631531
4,2,21,161,bewegen.,de zilveren schaatsen,0.48911961913108826
4,3,0,162,"'Ach,",de zilveren schaatsen,0.5299704670906067
4,3,1,163,Hans!',de zilveren schaatsen,0.5807309746742249
4,3,2,164,riep,de zilveren schaatsen,0.5061606168746948
4,3,3,165,Griete,de zilveren schaatsen,0.5254461765289307
4,3,4,166,op,de zilveren schaatsen,0.48144063353538513
4,3,5,167,verdrietige,de zilveren schaatsen,0.4782179594039917
4,3,6,168,toon.,de zilveren schaatsen,0.5006392002105713
4,3,7,169,'De,de zilveren schaatsen,0.45974668860435486
4,3,8,170,touwen,de zilveren schaatsen,0.5388731360435486
4,3,9,171,hebben,de zilveren schaatsen,0.5040010809898376
4,3,10,172,mij,de zilveren schaatsen,0.4921552538871765
4,3,11,173,gisteren,de zilveren schaatsen,0.5280158519744873
4,3,12,174,zo,de zilveren schaatsen,0.46854379773139954
4,3,13,175,geducht,de zilveren schaatsen,0.5307258367538452
4,3,14,176,"gekneld,",de zilveren schaatsen,0.5340410470962524
4,3,15,177,en,de zilveren schaatsen,0.4495740532875061
4,3,16,178,nu,de zilveren schaatsen,0.49386581778526306
4,3,17,179,kan,de zilveren schaatsen,0.48326119780540466
4,3,18,180,ik,de zilveren schaatsen,0.4558679163455963
4,3,19,181,ze,de zilveren schaatsen,0.46979400515556335
4,3,20,182,niet,de zilveren schaatsen,0.4976026117801666
4,3,21,183,op,de zilveren schaatsen,0.4733867645263672
4,3,22,184,dezelfde,de zilveren schaatsen,0.48300349712371826
4,3,23,185,plaats,de zilveren schaatsen,0.46699973940849304
4,3,24,186,verdragen.',de zilveren schaatsen,0.5011347532272339
4,4,0,187,'Bind,de zilveren schaatsen,0.5262537598609924
4,4,1,188,ze,de zilveren schaatsen,0.4755919873714447
4,4,2,189,dan,de zilveren schaatsen,0.4803718626499176
4,4,3,190,wat,de zilveren schaatsen,0.4697640836238861
4,4,4,191,"hoger,'",de zilveren schaatsen,0.5124092102050781
4,4,5,192,gaf,de zilveren schaatsen,0.4471518099308014
4,4,6,193,Hans,de zilveren schaatsen,0.5159515738487244
4,4,7,194,ten,de zilveren schaatsen,0.46305984258651733
4,4,8,195,"antwoord,",de zilveren schaatsen,0.48330140113830566
4,4,9,196,terwijl,de zilveren schaatsen,0.48587706685066223
4,4,10,197,hij,de zilveren schaatsen,0.5185101628303528
4,4,11,198,op,de zilveren schaatsen,0.47237932682037354
4,4,12,199,zijn,de zilveren schaatsen,0.47741296887397766
4,4,13,200,manier,de zilveren schaatsen,0.49174997210502625
4,4,14,201,een,de zilveren schaatsen,0.4785902202129364
4,4,15,202,sierlijke,de zilveren schaatsen,0.4594626724720001
4,4,16,203,zwaai,de zilveren schaatsen,0.4825150668621063
4,4,17,204,maakte.,de zilveren schaatsen,0.5451989769935608
4,5,0,205,'Dat,de zilveren schaatsen,0.4794031083583832
4,5,1,206,kan,de zilveren schaatsen,0.48931658267974854
4,5,2,207,ik,de zilveren schaatsen,0.46263161301612854
4,5,3,208,niet,de zilveren schaatsen,0.5023461580276489
4,5,4,209,doen:,de zilveren schaatsen,0.5024886727333069
4,5,5,210,want,de zilveren schaatsen,0.4641515910625458
4,5,6,211,het,de zilveren schaatsen,0.5223150849342346
4,5,7,212,touw,de zilveren schaatsen,0.565189003944397
4,5,8,213,is,de zilveren schaatsen,0.46073827147483826
4,5,9,214,te,de zilveren schaatsen,0.468876451253891
4,5,10,215,kort.',de zilveren schaatsen,0.5380747318267822
4,6,0,216,Hans,de zilveren schaatsen,0.5200756192207336
4,6,1,217,had,de zilveren schaatsen,0.4869863986968994
4,6,2,218,toch,de zilveren schaatsen,0.5254355072975159
4,6,3,219,medelijden,de zilveren schaatsen,0.4780868589878082
4,6,4,220,met,de zilveren schaatsen,0.4839969575405121
4,6,5,221,zijn,de zilveren schaatsen,0.4918038249015808
4,6,6,222,zusje,de zilveren schaatsen,0.5312395095825195
4,6,7,223,en,de zilveren schaatsen,0.4671214818954468
4,6,8,224,reed,de zilveren schaatsen,0.4978804886341095
4,6,9,225,naar,de zilveren schaatsen,0.5183956623077393
4,6,10,226,haar,de zilveren schaatsen,0.5205766558647156
4,6,11,227,toe.,de zilveren schaatsen,0.5412037968635559
4,7,0,228,'Waarom,de zilveren schaatsen,0.47264719009399414
4,7,1,229,heb,de zilveren schaatsen,0.47135767340660095
4,7,2,230,je,de zilveren schaatsen,0.4864811897277832
4,7,3,231,ook,de zilveren schaatsen,0.45135271549224854
4,7,4,232,die,de zilveren schaatsen,0.4575696587562561
4,7,5,233,dunne,de zilveren schaatsen,0.47206151485443115
4,7,6,234,schoenen,de zilveren schaatsen,0.5238421559333801
4,7,7,235,aan,de zilveren schaatsen,0.48709043860435486
4,7,8,236,je,de zilveren schaatsen,0.48734050989151
4,7,9,237,"voeten,",de zilveren schaatsen,0.5528833270072937
4,7,10,238,malle,de zilveren schaatsen,0.5018054842948914
4,7,11,239,meid?',de zilveren schaatsen,0.5336006283760071
4,7,12,240,zei,de zilveren schaatsen,0.48297497630119324
4,7,13,241,hij.,de zilveren schaatsen,0.529162585735321
4,7,14,242,'Wie,de zilveren schaatsen,0.49294525384902954
4,7,15,243,trekt,de zilveren schaatsen,0.5407084226608276
4,7,16,244,zulk,de zilveren schaatsen,0.4994348883628845
4,7,17,245,dun,de zilveren schaatsen,0.5074582099914551
4,7,18,246,schoeisel,de zilveren schaatsen,0.5717377662658691
4,7,19,247,"aan,",de zilveren schaatsen,0.5027540326118469
4,7,20,248,als,de zilveren schaatsen,0.4822300374507904
4,7,21,249,hij,de zilveren schaatsen,0.5280066728591919
4,7,22,250,er,de zilveren schaatsen,0.4840497374534607
4,7,23,251,dikker,de zilveren schaatsen,0.5058916807174683
4,7,24,252,heeft?,de zilveren schaatsen,0.5255330204963684
4,7,25,253,Had,de zilveren schaatsen,0.5132734775543213
4,7,26,254,dan,de zilveren schaatsen,0.4903126657009125
4,7,27,255,liever,de zilveren schaatsen,0.5002923011779785
4,7,28,256,je,de zilveren schaatsen,0.48995622992515564
4,7,29,257,klompen,de zilveren schaatsen,0.533538281917572
4,7,30,258,aangehouden.',de zilveren schaatsen,0.5004032850265503
4,8,0,259,"'Maar,",de zilveren schaatsen,0.5191685557365417
4,8,1,260,Hans!,de zilveren schaatsen,0.5385785102844238
4,8,2,261,Weet,de zilveren schaatsen,0.44246917963027954
4,8,3,262,je,de zilveren schaatsen,0.4892268478870392
4,8,4,263,dan,de zilveren schaatsen,0.4912697672843933
4,8,5,264,"niet,",de zilveren schaatsen,0.522493302822113
4,8,6,265,dat,de zilveren schaatsen,0.47738948464393616
4,8,7,266,vader,de zilveren schaatsen,0.47761794924736023
4,8,8,267,mijn,de zilveren schaatsen,0.4989578127861023
4,8,9,268,beste,de zilveren schaatsen,0.4622168242931366
4,8,10,269,schoenen,de zilveren schaatsen,0.5628920793533325
4,8,11,270,in,de zilveren schaatsen,0.48777562379837036
4,8,12,271,het,de zilveren schaatsen,0.5206210017204285
4,8,13,272,vuur,de zilveren schaatsen,0.5068812966346741
4,8,14,273,heeft,de zilveren schaatsen,0.5065523982048035
4,8,15,274,gegooid?,de zilveren schaatsen,0.5154408812522888
4,8,16,275,Voordat,de zilveren schaatsen,0.4881545901298523
4,8,17,276,ik,de zilveren schaatsen,0.46632710099220276
4,8,18,277,"wist,",de zilveren schaatsen,0.5085412859916687
4,8,19,278,wat,de zilveren schaatsen,0.4654119610786438
4,8,20,279,hij,de zilveren schaatsen,0.5246689915657043
4,8,21,280,gedaan,de zilveren schaatsen,0.5104681253433228
4,8,22,281,"had,",de zilveren schaatsen,0.52503502368927
4,8,23,282,waren,de zilveren schaatsen,0.49795952439308167
4,8,24,283,ze,de zilveren schaatsen,0.4815525412559509
4,8,25,284,al,de zilveren schaatsen,0.4473714232444763
4,8,26,285,helemaal,de zilveren schaatsen,0.496616393327713
4,8,27,286,omgekruld,de zilveren schaatsen,0.5023648738861084
4,8,28,287,en,de zilveren schaatsen,0.4805341958999634
4,8,29,288,bedorven.,de zilveren schaatsen,0.5201193690299988
4,8,30,289,Met,de zilveren schaatsen,0.4333702027797699
4,8,31,290,die,de zilveren schaatsen,0.46966326236724854
4,8,32,291,schoenen,de zilveren schaatsen,0.581547200679779
4,8,33,292,kon,de zilveren schaatsen,0.4938521385192871
4,8,34,293,ik,de zilveren schaatsen,0.4819710850715637
4,8,35,294,wel,de zilveren schaatsen,0.4642557203769684
4,8,36,295,"rijden,",de zilveren schaatsen,0.5193734765052795
4,8,37,296,maar,de zilveren schaatsen,0.47422051429748535
4,8,38,297,niet,de zilveren schaatsen,0.5124716758728027
4,8,39,298,met,de zilveren schaatsen,0.4921557307243347
4,8,40,299,mijn,de zilveren schaatsen,0.5062797665596008
4,8,41,300,klompen.',de zilveren schaatsen,0.5774233937263489
4,9,0,301,Hans,de zilveren schaatsen,0.5413969159126282
4,9,1,302,had,de zilveren schaatsen,0.508055567741394
4,9,2,303,intussen,de zilveren schaatsen,0.47801926732063293
4,9,3,304,een,de zilveren schaatsen,0.4852149486541748
4,9,4,305,touw,de zilveren schaatsen,0.5526127815246582
4,9,5,306,uit,de zilveren schaatsen,0.5456410646438599
4,9,6,307,zijn,de zilveren schaatsen,0.4883342683315277
4,9,7,308,zak,de zilveren schaatsen,0.47971442341804504
4,9,8,309,gehaald,de zilveren schaatsen,0.5242556929588318
4,9,9,310,en,de zilveren schaatsen,0.48380523920059204
4,9,10,311,knielde,de zilveren schaatsen,0.5464901328086853
4,9,11,312,voor,de zilveren schaatsen,0.5164955258369446
4,9,12,313,"Griete,",de zilveren schaatsen,0.571885883808136
4,9,13,314,terwijl,de zilveren schaatsen,0.4846254885196686
4,9,14,315,hij,de zilveren schaatsen,0.5236513018608093
4,9,15,316,zijn,de zilveren schaatsen,0.48939815163612366
4,9,16,317,best,de zilveren schaatsen,0.45584213733673096
4,9,17,318,deed,de zilveren schaatsen,0.49778082966804504
4,9,18,319,om,de zilveren schaatsen,0.4860990047454834
4,9,19,320,haar,de zilveren schaatsen,0.5215954780578613
4,9,20,321,schaats,de zilveren schaatsen,0.5834029912948608
4,9,21,322,vast,de zilveren schaatsen,0.46225908398628235
4,9,22,323,te,de zilveren schaatsen,0.47950026392936707
4,9,23,324,maken.,de zilveren schaatsen,0.5306276679039001
4,10,0,325,"'O,",de zilveren schaatsen,0.5290958881378174
4,10,1,326,je,de zilveren schaatsen,0.4945431351661682
4,10,2,327,doet,de zilveren schaatsen,0.5028542280197144
4,10,3,328,me,de zilveren schaatsen,0.4958347678184509
4,10,4,329,zeer!',de zilveren schaatsen,0.5136629343032837
4,10,5,330,riep,de zilveren schaatsen,0.5202925205230713
4,10,6,331,zij,de zilveren schaatsen,0.5077067613601685
4,10,7,332,uit.,de zilveren schaatsen,0.5189138650894165
4,11,0,333,Hans,de zilveren schaatsen,0.5267367959022522
4,11,1,334,werd,de zilveren schaatsen,0.5024756789207458
4,11,2,335,bijna,de zilveren schaatsen,0.5191887617111206
4,11,3,336,"boos,",de zilveren schaatsen,0.5024082064628601
4,11,4,337,maar,de zilveren schaatsen,0.49095794558525085
4,11,5,338,hij,de zilveren schaatsen,0.530531644821167
4,11,6,339,zag,de zilveren schaatsen,0.500805139541626
4,11,7,340,een,de zilveren schaatsen,0.47981342673301697
4,11,8,341,traan,de zilveren schaatsen,0.49696120619773865
4,11,9,342,in,de zilveren schaatsen,0.49033480882644653
4,11,10,343,Griete's,de zilveren schaatsen,0.5398930311203003
4,11,11,344,oog,de zilveren schaatsen,0.4806872308254242
4,11,12,345,en,de zilveren schaatsen,0.47777891159057617
4,11,13,346,bedwong,de zilveren schaatsen,0.486897349357605
4,11,14,347,zijn,de zilveren schaatsen,0.4896458089351654
4,11,15,348,toorn.,de zilveren schaatsen,0.5287429094314575
4,11,16,349,Integendeel,de zilveren schaatsen,0.4657561480998993
4,11,17,350,hernam,de zilveren schaatsen,0.49202558398246765
4,11,18,351,hij,de zilveren schaatsen,0.530531644821167
4,11,19,352,op,de zilveren schaatsen,0.49577346444129944
4,11,20,353,vriendelijke,de zilveren schaatsen,0.47821730375289917
4,11,21,354,toon:,de zilveren schaatsen,0.5144488215446472
4,12,0,355,'Ik,de zilveren schaatsen,0.47786009311676025
4,12,1,356,kan,de zilveren schaatsen,0.5023434162139893
4,12,2,357,het,de zilveren schaatsen,0.521892249584198
4,12,3,358,niet,de zilveren schaatsen,0.5140131711959839
4,12,4,359,"helpen,",de zilveren schaatsen,0.5177300572395325
4,12,5,360,Griete.,de zilveren schaatsen,0.562068521976471
4,12,6,361,Maar,de zilveren schaatsen,0.473152756690979
4,12,7,362,ik,de zilveren schaatsen,0.4813597798347473
4,12,8,363,moet,de zilveren schaatsen,0.49272483587265015
4,12,9,364,de,de zilveren schaatsen,0.48240795731544495
4,12,10,365,schaats,de zilveren schaatsen,0.5834029912948608
4,12,11,366,toch,de zilveren schaatsen,0.5327947735786438
4,12,12,367,vastmaken.,de zilveren schaatsen,0.5246038436889648
4,12,13,368,En,de zilveren schaatsen,0.4755838215351105
4,12,14,369,je,de zilveren schaatsen,0.4945431351661682
4,12,15,370,weet,de zilveren schaatsen,0.4954203963279724
4,12,16,371,"zelf,",de zilveren schaatsen,0.4974706768989563
4,12,17,372,dat,de zilveren schaatsen,0.4866781234741211
4,12,18,373,we,de zilveren schaatsen,0.4947879910469055
4,12,19,374,weinig,de zilveren schaatsen,0.4932698905467987
4,12,20,375,tijd,de zilveren schaatsen,0.4979300796985626
4,12,21,376,hebben:,de zilveren schaatsen,0.5167940855026245
4,12,22,377,want,de zilveren schaatsen,0.48271340131759644
4,12,23,378,moeder,de zilveren schaatsen,0.5118539333343506
4,12,24,379,zal,de zilveren schaatsen,0.48069173097610474
4,12,25,380,ons,de zilveren schaatsen,0.49955421686172485
4,12,26,381,wel,de zilveren schaatsen,0.46317610144615173
4,12,27,382,gauw,de zilveren schaatsen,0.5137191414833069
4,12,28,383,roepen.',de zilveren schaatsen,0.5096620321273804
4,13,0,384,Hierop,de zilveren schaatsen,0.46012991666793823
4,13,1,385,keek,de zilveren schaatsen,0.47077736258506775
4,13,2,386,hij,de zilveren schaatsen,0.530531644821167
4,13,3,387,rond,de zilveren schaatsen,0.4990708529949188
4,13,4,388,of,de zilveren schaatsen,0.5018293261528015
4,13,5,389,hij,de zilveren schaatsen,0.530531644821167
4,13,6,390,niets,de zilveren schaatsen,0.49773404002189636
4,13,7,391,"zag,",de zilveren schaatsen,0.5144621729850769
4,13,8,392,waarmee,de zilveren schaatsen,0.5128785967826843
4,13,9,393,hij,de zilveren schaatsen,0.530531644821167
4,13,10,394,zijn,de zilveren schaatsen,0.4896458089351654
4,13,11,395,zuster,de zilveren schaatsen,0.5485183000564575
4,13,12,396,kon,de zilveren schaatsen,0.4943927824497223
4,13,13,397,"helpen,",de zilveren schaatsen,0.5177300572395325
4,13,14,398,bedacht,de zilveren schaatsen,0.48646992444992065
4,13,15,399,zich,de zilveren schaatsen,0.5167375206947327
4,13,16,400,"even,",de zilveren schaatsen,0.5064246654510498
4,13,17,401,nam,de zilveren schaatsen,0.4908730983734131
4,13,18,402,zijn,de zilveren schaatsen,0.4896458089351654
4,13,19,403,pet,de zilveren schaatsen,0.49364081025123596
4,13,20,404,"af,",de zilveren schaatsen,0.5246511697769165
4,13,21,405,haalde,de zilveren schaatsen,0.5020180940628052
4,13,22,406,uit,de zilveren schaatsen,0.5398203730583191
4,13,23,407,de,de zilveren schaatsen,0.48240795731544495
4,13,24,408,gescheurde,de zilveren schaatsen,0.5307679176330566
4,13,25,409,voering,de zilveren schaatsen,0.5513449907302856
4,13,26,410,een,de zilveren schaatsen,0.47981342673301697
4,13,27,411,dotje,de zilveren schaatsen,0.5198633670806885
4,13,28,412,"watten,",de zilveren schaatsen,0.5167101621627808
4,13,29,413,legde,de zilveren schaatsen,0.5105754733085632
4,13,30,414,dat,de zilveren schaatsen,0.4866781234741211
4,13,31,415,op,de zilveren schaatsen,0.49577346444129944
4,13,32,416,de,de zilveren schaatsen,0.48240795731544495
4,13,33,417,"plaats,",de zilveren schaatsen,0.4995093047618866
4,13,34,418,waar,de zilveren schaatsen,0.47882235050201416
4,13,35,419,hij,de zilveren schaatsen,0.530531644821167
4,13,36,420,het,de zilveren schaatsen,0.521892249584198
4,13,37,421,touw,de zilveren schaatsen,0.5749476552009583
4,13,38,422,moest,de zilveren schaatsen,0.49744877219200134
4,13,39,423,"binden,",de zilveren schaatsen,0.5431978106498718
4,13,40,424,en,de zilveren schaatsen,0.47777891159057617
4,13,41,425,bond,de zilveren schaatsen,0.5401604771614075
4,13,42,426,toen,de zilveren schaatsen,0.5365971326828003
4,13,43,427,de,de zilveren schaatsen,0.48240795731544495
4,13,44,428,schaats,de zilveren schaatsen,0.5834029912948608
4,13,45,429,"vast,",de zilveren schaatsen,0.48109984397888184
4,13,46,430,zo,de zilveren schaatsen,0.48891323804855347
4,13,47,431,schielijk,de zilveren schaatsen,0.5394214987754822
4,13,48,432,als,de zilveren schaatsen,0.4801945984363556
4,13,49,433,hij,de zilveren schaatsen,0.530531644821167
4,13,50,434,het,de zilveren schaatsen,0.521892249584198
4,13,51,435,met,de zilveren schaatsen,0.4889891445636749
4,13,52,436,zijn,de zilveren schaatsen,0.4896458089351654
4,13,53,437,van,de zilveren schaatsen,0.4876248836517334
4,13,54,438,kou,de zilveren schaatsen,0.5293365120887756
4,13,55,439,verstijfde,de zilveren schaatsen,0.5263538360595703
4,13,56,440,vingers,de zilveren schaatsen,0.5237343907356262
4,13,57,441,doen,de zilveren schaatsen,0.4884716272354126
4,13,58,442,kon.,de zilveren schaatsen,0.5267436504364014
4,14,0,443,"'Kijk,",de zilveren schaatsen,0.5143484473228455
4,14,1,444,nu,de zilveren schaatsen,0.5152385234832764
4,14,2,445,zal,de zilveren schaatsen,0.48069173097610474
4,14,3,446,het,de zilveren schaatsen,0.521892249584198
4,14,4,447,je,de zilveren schaatsen,0.4945431351661682
4,14,5,448,geen,de zilveren schaatsen,0.4962838888168335
4,14,6,449,pijn,de zilveren schaatsen,0.47008180618286133
4,14,7,450,meer,de zilveren schaatsen,0.47651201486587524
4,14,8,451,"doen,",de zilveren schaatsen,0.5053117275238037
4,14,9,452,"Griete,'",de zilveren schaatsen,0.5718223452568054
4,14,10,453,zei,de zilveren schaatsen,0.49466681480407715
4,14,11,454,"hij,",de zilveren schaatsen,0.5505086183547974
4,14,12,455,'want,de zilveren schaatsen,0.4926537573337555
4,14,13,456,nu,de zilveren schaatsen,0.5152385234832764
4,14,14,457,zal,de zilveren schaatsen,0.48069173097610474
4,14,15,458,je,de zilveren schaatsen,0.4945431351661682
4,14,16,459,wel,de zilveren schaatsen,0.46317610144615173
4,14,17,460,enige,de zilveren schaatsen,0.4860894978046417
4,14,18,461,drukking,de zilveren schaatsen,0.49549439549446106
4,14,19,462,kunnen,de zilveren schaatsen,0.5028210282325745
4,14,20,463,verdragen.',de zilveren schaatsen,0.5092410445213318
4,15,0,464,Griete,de zilveren schaatsen,0.533892035484314
4,15,1,465,beet,de zilveren schaatsen,0.4618403911590576
4,15,2,466,zich,de zilveren schaatsen,0.5167375206947327
4,15,3,467,op,de zilveren schaatsen,0.49577346444129944
4,15,4,468,de,de zilveren schaatsen,0.48240795731544495
4,15,5,469,"lippen,",de zilveren schaatsen,0.5045674443244934
4,15,6,470,want,de zilveren schaatsen,0.48271340131759644
4,15,7,471,zij,de zilveren schaatsen,0.5077067613601685
4,15,8,472,wilde,de zilveren schaatsen,0.48982125520706177
4,15,9,473,zeggen:,de zilveren schaatsen,0.5312049984931946
4,15,10,474,'Het,de zilveren schaatsen,0.5227561593055725
4,15,11,475,doet,de zilveren schaatsen,0.5028542280197144
4,15,12,476,mij,de zilveren schaatsen,0.4958866238594055
4,15,13,477,toch,de zilveren schaatsen,0.5327947735786438
4,15,14,478,nog,de zilveren schaatsen,0.5034506320953369
4,15,15,479,"zeer',",de zilveren schaatsen,0.5210246443748474
4,15,16,480,maar,de zilveren schaatsen,0.49095794558525085
4,15,17,481,zij,de zilveren schaatsen,0.5077067613601685
4,15,18,482,zweeg,de zilveren schaatsen,0.5234147906303406
4,15,19,483,en,de zilveren schaatsen,0.47777891159057617
4,15,20,484,liet,de zilveren schaatsen,0.5197836756706238
4,15,21,485,hem,de zilveren schaatsen,0.5415348410606384
4,15,22,486,begaan.,de zilveren schaatsen,0.5117769837379456
4,16,0,487,Enige,de zilveren schaatsen,0.49469318985939026
4,16,1,488,ogenblikken,de zilveren schaatsen,0.4511183500289917
4,16,2,489,later,de zilveren schaatsen,0.49078279733657837
4,16,3,490,reden,de zilveren schaatsen,0.5055381059646606
4,16,4,491,zij,de zilveren schaatsen,0.5077067613601685
4,16,5,492,lachend,de zilveren schaatsen,0.5018599629402161
4,16,6,493,en,de zilveren schaatsen,0.47777891159057617
4,16,7,494,vrolijk,de zilveren schaatsen,0.48798325657844543
4,16,8,495,over,de zilveren schaatsen,0.48266544938087463
4,16,9,496,de,de zilveren schaatsen,0.48240795731544495
4,16,10,497,vaart.,de zilveren schaatsen,0.5008434057235718
4,16,11,498,Maar,de zilveren schaatsen,0.473152756690979
4,16,12,499,ineens,de zilveren schaatsen,0.49084722995758057
4,16,13,500,begonnen,de zilveren schaatsen,0.5104668140411377
4,16,14,501,de,de zilveren schaatsen,0.48240795731544495
4,16,15,502,schaatsen,de zilveren schaatsen,0.566394567489624
4,16,16,503,van,de zilveren schaatsen,0.4876248836517334
4,16,17,504,Hans,de zilveren schaatsen,0.5267367959022522
4,16,18,505,een,de zilveren schaatsen,0.47981342673301697
4,16,19,506,raar,de zilveren schaatsen,0.4898132085800171
4,16,20,507,soort,de zilveren schaatsen,0.5010786652565002
4,16,21,508,van,de zilveren schaatsen,0.4876248836517334
4,16,22,509,geluid,de zilveren schaatsen,0.47749102115631104
4,16,23,510,te,de zilveren schaatsen,0.47950026392936707
4,16,24,511,"geven,",de zilveren schaatsen,0.4836292266845703
4,16,25,512,zijn,de zilveren schaatsen,0.4896458089351654
4,16,26,513,streken,de zilveren schaatsen,0.48231184482574463
4,16,27,514,werden,de zilveren schaatsen,0.4844849705696106
4,16,28,515,al,de zilveren schaatsen,0.44663023948669434
4,16,29,516,korter,de zilveren schaatsen,0.5377749800682068
4,16,30,517,en,de zilveren schaatsen,0.47777891159057617
4,16,31,518,"korter,",de zilveren schaatsen,0.5396702885627747
4,16,32,519,flap!,de zilveren schaatsen,0.4955131709575653
4,16,33,520,daar,de zilveren schaatsen,0.4564882516860962
4,16,34,521,lag,de zilveren schaatsen,0.49753111600875854
4,16,35,522,hij,de zilveren schaatsen,0.530531644821167
4,16,36,523,zo,de zilveren schaatsen,0.48891323804855347
4,16,37,524,lang,de zilveren schaatsen,0.4813987612724304
4,16,38,525,als,de zilveren schaatsen,0.4801945984363556
4,16,39,526,hij,de zilveren schaatsen,0.530531644821167
4,16,40,527,was,de zilveren schaatsen,0.5064610242843628
4,16,41,528,op,de zilveren schaatsen,0.49577346444129944
4,16,42,529,het,de zilveren schaatsen,0.521892249584198
4,16,43,530,ijs,de zilveren schaatsen,0.5478765964508057
4,16,44,531,te,de zilveren schaatsen,0.47950026392936707
4,16,45,532,spartelen.,de zilveren schaatsen,0.5450026988983154
4,17,0,533,"'Ha,",de zilveren schaatsen,0.5353595614433289
4,17,1,534,"ha,'",de zilveren schaatsen,0.554443359375
4,17,2,535,riep,de zilveren schaatsen,0.5202925205230713
4,17,3,536,Griete,de zilveren schaatsen,0.533892035484314
4,17,4,537,lachend.,de zilveren schaatsen,0.48988479375839233
4,17,5,538,'Daar,de zilveren schaatsen,0.4805770814418793
4,17,6,539,ben,de zilveren schaatsen,0.47938546538352966
4,17,7,540,je,de zilveren schaatsen,0.4945431351661682
4,17,8,541,mooi,de zilveren schaatsen,0.4914760887622833
4,17,9,542,te,de zilveren schaatsen,0.47950026392936707
4,17,10,543,land,de zilveren schaatsen,0.4842595160007477
4,17,11,544,gekomen.',de zilveren schaatsen,0.5148444771766663
4,17,12,545,Maar,de zilveren schaatsen,0.473152756690979
4,17,13,546,even,de zilveren schaatsen,0.5186648964881897
4,17,14,547,snel,de zilveren schaatsen,0.5117599964141846
4,17,15,548,kwam,de zilveren schaatsen,0.5085761547088623
4,17,16,549,het,de zilveren schaatsen,0.521892249584198
4,17,17,550,liefderijke,de zilveren schaatsen,0.4731151759624481
4,17,18,551,zusterhart,de zilveren schaatsen,0.5223749876022339
4,17,19,552,weer,de zilveren schaatsen,0.46088680624961853
4,17,20,553,"boven,",de zilveren schaatsen,0.49838316440582275
4,17,21,554,en,de zilveren schaatsen,0.47777891159057617
4,17,22,555,met,de zilveren schaatsen,0.4889891445636749
4,17,23,556,een,de zilveren schaatsen,0.47981342673301697
4,17,24,557,fikse,de zilveren schaatsen,0.5151606202125549
4,17,25,558,omzwaai,de zilveren schaatsen,0.4736992120742798
4,17,26,559,stond,de zilveren schaatsen,0.530640184879303
4,17,27,560,"zij,",de zilveren schaatsen,0.513372540473938
4,17,28,561,ofschoon,de zilveren schaatsen,0.5125008225440979
4,17,29,562,nog,de zilveren schaatsen,0.5034506320953369
4,17,30,563,altijd,de zilveren schaatsen,0.493557333946228
4,17,31,564,"lachend,",de zilveren schaatsen,0.505254864692688
4,17,32,565,vóór,de zilveren schaatsen,0.4976072311401367
4,17,33,566,haar,de zilveren schaatsen,0.5215954780578613
4,17,34,567,gevallen,de zilveren schaatsen,0.5056904554367065
4,17,35,568,broeder.,de zilveren schaatsen,0.5395253896713257
4,18,0,569,'Je,de zilveren schaatsen,0.47878625988960266
4,18,1,570,hebt,de zilveren schaatsen,0.5381677150726318
4,18,2,571,je,de zilveren schaatsen,0.4945431351661682
4,18,3,572,toch,de zilveren schaatsen,0.5327947735786438
4,18,4,573,niet,de zilveren schaatsen,0.5140131711959839
4,18,5,574,"bezeerd,",de zilveren schaatsen,0.507172167301178
4,18,6,575,Hans?',de zilveren schaatsen,0.5532087683677673
4,18,7,576,vroeg,de zilveren schaatsen,0.5198542475700378
4,18,8,577,zij,de zilveren schaatsen,0.5077067613601685
4,18,9,578,medelijdend.,de zilveren schaatsen,0.4823894798755646
4,18,10,579,"'O,",de zilveren schaatsen,0.5290958881378174
4,18,11,580,je,de zilveren schaatsen,0.4945431351661682
4,18,12,581,lacht.,de zilveren schaatsen,0.48773330450057983
4,18,13,582,Dan,de zilveren schaatsen,0.4803304672241211
4,18,14,583,is,de zilveren schaatsen,0.470894455909729
4,18,15,584,het,de zilveren schaatsen,0.521892249584198
4,18,16,585,niets.',de zilveren schaatsen,0.4908638894557953
4,18,17,586,En,de zilveren schaatsen,0.4755838215351105
4,18,18,587,terwijl,de zilveren schaatsen,0.4978618025779724
4,18,19,588,zij,de zilveren schaatsen,0.5077067613601685
4,18,20,589,weer,de zilveren schaatsen,0.46088680624961853
4,18,21,590,voortreed,de zilveren schaatsen,0.5011736154556274
4,18,22,591,riep,de zilveren schaatsen,0.5202925205230713
4,18,23,592,zij:,de zilveren schaatsen,0.5363013744354248
4,18,24,593,'Hans,de zilveren schaatsen,0.5295684337615967
4,18,25,594,je,de zilveren schaatsen,0.4945431351661682
4,18,26,595,kunt,de zilveren schaatsen,0.5021452307701111
4,18,27,596,mij,de zilveren schaatsen,0.4958866238594055
4,18,28,597,niet,de zilveren schaatsen,0.5140131711959839
4,18,29,598,krijgen!',de zilveren schaatsen,0.5054169297218323
5,0,0,1,Permafrost,permafrost,
5,0,1,2,is,permafrost,0.6668081879615784
5,0,2,3,het,permafrost,0.6673367023468018
5,0,3,4,verschijnsel,permafrost,0.6328497529029846
5,0,4,5,dat,permafrost,0.5096315145492554
5,0,5,6,in,permafrost,0.46476131677627563
5,0,6,7,bepaalde,permafrost,0.48619934916496277
5,0,7,8,gebieden,permafrost,0.5069568753242493
5,0,8,9,de,permafrost,0.4419843852519989
5,0,9,10,ondergrond,permafrost,0.5303234457969666
5,0,10,11,nooit,permafrost,0.44436633586883545
5,0,11,12,helemaal,permafrost,0.4499799609184265
5,0,12,13,ontdooit.,permafrost,0.4790155589580536
5,0,13,14,Permafrost,permafrost,0.7705956697463989
5,0,14,15,bevindt,permafrost,0.4719405174255371
5,0,15,16,zich,permafrost,0.4423999488353729
5,0,16,17,naar,permafrost,0.4647488594055176
5,0,17,18,schatting,permafrost,0.4234318435192108
5,0,18,19,onder,permafrost,0.5255561470985413
5,0,19,20,20,permafrost,0.39971959590911865
5,0,20,21,procent,permafrost,0.46298766136169434
5,0,21,22,van,permafrost,0.4092469811439514
5,0,22,23,de,permafrost,0.4525032043457031
5,0,23,24,aardse,permafrost,0.5196348428726196
5,0,24,25,landmassa.,permafrost,0.5421148538589478
5,0,25,26,De,permafrost,0.4580165147781372
5,0,26,27,bovenzijde,permafrost,0.47134530544281006
5,0,27,28,van,permafrost,0.420480340719223
5,0,28,29,de,permafrost,0.4634292721748352
5,0,29,30,permafrost,permafrost,0.7491289377212524
5,0,30,31,heet,permafrost,0.48094916343688965
5,0,31,32,permafrost-tafel.,permafrost,0.6815014481544495
5,0,32,33,In,permafrost,0.48145192861557007
5,0,33,34,de,permafrost,0.46039918065071106
5,0,34,35,winter,permafrost,0.4946524202823639
5,0,35,36,is,permafrost,0.49665379524230957
5,0,36,37,de,permafrost,0.4582918882369995
5,0,37,38,grond,permafrost,0.5773347020149231
5,0,38,39,tot,permafrost,0.45399150252342224
5,0,39,40,op,permafrost,0.44279494881629944
5,0,40,41,grote,permafrost,0.4902254045009613
5,0,41,42,diepte,permafrost,0.4956969618797302
5,0,42,43,bevroren,permafrost,0.47670140862464905
5,0,43,44,en,permafrost,0.4263076186180115
5,0,44,45,in,permafrost,0.47320160269737244
5,0,45,46,de,permafrost,0.46075862646102905
5,0,46,47,zomer,permafrost,0.4765672981739044
5,0,47,48,ontdooit,permafrost,0.549400269985199
5,0,48,49,alleen,permafrost,0.46492713689804077
5,0,49,50,het,permafrost,0.4805348813533783
5,0,50,51,bovenste,permafrost,0.47683149576187134
5,0,51,52,"laagje,",permafrost,0.46131256222724915
5,0,52,53,enige,permafrost,0.42368000745773315
5,0,53,54,decimeters,permafrost,0.5157918930053711
5,0,54,55,tot,permafrost,0.45386433601379395
5,0,55,56,enige,permafrost,0.42666590213775635
5,0,56,57,meters.,permafrost,0.48179247975349426
5,0,57,58,De,permafrost,0.45349329710006714
5,0,58,59,laag,permafrost,0.4876859784126282
5,0,59,60,die,permafrost,0.4595336318016052
5,0,60,61,wel,permafrost,0.43330827355384827
5,0,61,62,ontdooit,permafrost,0.5587189793586731
5,0,62,63,en,permafrost,0.42539361119270325
5,0,63,64,weer,permafrost,0.5495665073394775
5,0,64,65,bevriest,permafrost,0.4755529463291168
5,0,65,66,wordt,permafrost,0.4821943938732147
5,0,66,67,de,permafrost,0.45521435141563416
5,0,67,68,actieve,permafrost,0.44581711292266846
5,0,68,69,laag,permafrost,0.4854707419872284
5,0,69,70,genoemd.,permafrost,0.4362368881702423
5,0,70,71,In,permafrost,0.4871014952659607
5,0,71,72,die,permafrost,0.4606422185897827
5,0,72,73,actieve,permafrost,0.4739033281803131
5,0,73,74,laag,permafrost,0.4999430179595947
5,0,74,75,kunnen,permafrost,0.44118815660476685
5,0,75,76,planten,permafrost,0.47797343134880066
5,0,76,77,"groeien,",permafrost,0.4443003237247467
5,0,77,78,in,permafrost,0.4825493097305298
5,0,78,79,de,permafrost,0.45588111877441406
5,0,79,80,permafrostlaag,permafrost,0.7674257159233093
5,0,80,81,niet.,permafrost,0.4394686818122864
5,1,0,82,Blijvend,permafrost,0.47001391649246216
5,1,1,83,bevroren,permafrost,0.480716347694397
5,1,2,84,pakketten,permafrost,0.430802583694458
5,1,3,85,worden,permafrost,0.44426393508911133
5,1,4,86,onder,permafrost,0.5471009612083435
5,1,5,87,een,permafrost,0.43081092834472656
5,1,6,88,vijfde,permafrost,0.39916157722473145
5,1,7,89,van,permafrost,0.41450199484825134
5,1,8,90,het,permafrost,0.4700096547603607
5,1,9,91,landoppervlak,permafrost,0.577366054058075
5,1,10,92,van,permafrost,0.4117133915424347
5,1,11,93,de,permafrost,0.449239581823349
5,1,12,94,aarde,permafrost,0.5686814188957214
5,1,13,95,aangetroffen.,permafrost,0.4007047116756439
5,1,14,96,Het,permafrost,0.4644380211830139
5,1,15,97,zijn,permafrost,0.4299079477787018
5,1,16,98,de,permafrost,0.4495362341403961
5,1,17,99,gebieden,permafrost,0.4819009304046631
5,1,18,100,met,permafrost,0.4367268681526184
5,1,19,101,zeer,permafrost,0.47245073318481445
5,1,20,102,koude,permafrost,0.49974679946899414
5,1,21,103,en,permafrost,0.41174978017807007
5,1,22,104,tevens,permafrost,0.40845444798469543
5,1,23,105,lange,permafrost,0.4421823024749756
5,1,24,106,"winters,",permafrost,0.48371559381484985
5,1,25,107,afgewisseld,permafrost,0.40464460849761963
5,1,26,108,door,permafrost,0.39634063839912415
5,1,27,109,vrij,permafrost,0.43661755323410034
5,1,28,110,korte,permafrost,0.4514424502849579
5,1,29,111,zomers,permafrost,0.4553731679916382
5,1,30,112,en,permafrost,0.3983134627342224
5,1,31,113,met,permafrost,0.42040473222732544
5,1,32,114,een,permafrost,0.41437485814094543
5,1,33,115,gemiddelde,permafrost,0.435417503118515
5,1,34,116,jaartemperatuur,permafrost,0.5701538920402527
5,1,35,117,van,permafrost,0.40508806705474854
5,1,36,118,minder,permafrost,0.46737444400787354
5,1,37,119,dan,permafrost,0.44312798976898193
5,1,38,120,-2°C.,permafrost,0.5195143818855286
5,1,39,121,Lokale,permafrost,0.4371872842311859
5,1,40,122,condities,permafrost,0.44813305139541626
5,1,41,123,spelen,permafrost,0.41221144795417786
5,1,42,124,ook,permafrost,0.39122113585472107
5,1,43,125,een,permafrost,0.41040757298469543
5,1,44,126,belangrijke,permafrost,0.3902140259742737
5,1,45,127,rol,permafrost,0.41696032881736755
5,1,46,128,bij,permafrost,0.43045395612716675
5,1,47,129,het,permafrost,0.4423860013484955
5,1,48,130,al,permafrost,0.40149492025375366
5,1,49,131,dan,permafrost,0.4401811361312866
5,1,50,132,niet,permafrost,0.442873477935791
5,1,51,133,voorkomen,permafrost,0.43029847741127014
5,1,52,134,van,permafrost,0.3969514071941376
5,1,53,135,permafrost.,permafrost,0.6854028701782227
5,1,54,136,Sneeuw,permafrost,0.5569363832473755
5,1,55,137,is,permafrost,0.4656258523464203
5,1,56,138,een,permafrost,0.4137811064720154
5,1,57,139,goede,permafrost,0.4003754258155823
5,1,58,140,isolator,permafrost,0.4846470355987549
5,1,59,141,van,permafrost,0.4019366502761841
5,1,60,142,de,permafrost,0.43568751215934753
5,1,61,143,bodem,permafrost,0.5694050788879395
5,1,62,144,tegen,permafrost,0.4056740403175354
5,1,63,145,vorst.,permafrost,0.4683833718299866
5,1,64,146,Zo,permafrost,0.4332890510559082
5,1,65,147,zal,permafrost,0.43378981947898865
5,1,66,148,bij,permafrost,0.43275585770606995
5,1,67,149,een,permafrost,0.41142532229423523
5,1,68,150,gemiddelde,permafrost,0.435184121131897
5,1,69,151,jaartemperatuur,permafrost,0.5818189978599548
5,1,70,152,van,permafrost,0.4024121165275574
5,1,71,153,-4°C,permafrost,0.5706819891929626
5,1,72,154,toch,permafrost,0.4323791265487671
5,1,73,155,geen,permafrost,0.4267905354499817
5,1,74,156,permafrost,permafrost,0.7150651812553406
5,1,75,157,voorkomen,permafrost,0.43942975997924805
5,1,76,158,als,permafrost,0.401932030916214
5,1,77,159,de,permafrost,0.4298899173736572
5,1,78,160,gemiddelde,permafrost,0.443231463432312
5,1,79,161,sneeuwbedekking,permafrost,0.5691998600959778
5,1,80,162,meer,permafrost,0.43826863169670105
5,1,81,163,dan,permafrost,0.44211405515670776
5,1,82,164,70,permafrost,0.41157934069633484
5,1,83,165,centimeter,permafrost,0.4780479669570923
5,1,84,166,is.,permafrost,0.45074591040611267
5,1,85,167,Daar,permafrost,0.4219987690448761
5,1,86,168,tegenover,permafrost,0.4202750325202942
5,1,87,169,staan,permafrost,0.4630070924758911
5,1,88,170,de,permafrost,0.427510142326355
5,1,89,171,plaatsen,permafrost,0.4382532835006714
5,1,90,172,met,permafrost,0.40960854291915894
5,1,91,173,zware,permafrost,0.4475277364253998
5,1,92,174,organische,permafrost,0.42093411087989807
5,1,93,175,"bodems,",permafrost,0.5038516521453857
5,1,94,176,zoals,permafrost,0.4391046166419983
5,1,95,177,veengebieden.,permafrost,0.40751856565475464
5,1,96,178,Door,permafrost,0.4078601002693176
5,1,97,179,de,permafrost,0.43029674887657166
5,1,98,180,slechte,permafrost,0.4063679575920105
5,1,99,181,thermale,permafrost,0.4810653030872345
5,1,100,182,conductiviteit,permafrost,0.47055041790008545
5,1,101,183,van,permafrost,0.3971555531024933
5,1,102,184,de,permafrost,0.42645353078842163
5,1,103,185,bodem,permafrost,0.5668734312057495
5,1,104,186,kunnen,permafrost,0.40155062079429626
5,1,105,187,zelfs,permafrost,0.4216648042201996
5,1,106,188,op,permafrost,0.4061865210533142
5,1,107,189,deze,permafrost,0.4180681109428406
5,1,108,190,plaatsen,permafrost,0.434081107378006
5,1,109,191,sporadische,permafrost,0.4951927363872528
5,1,110,192,permafrostcondities,permafrost,0.7279424667358398
5,1,111,193,voorkomen,permafrost,0.4344412684440613
5,1,112,194,als,permafrost,0.39823174476623535
5,1,113,195,de,permafrost,0.42452165484428406
5,1,114,196,gemiddelde,permafrost,0.43772244453430176
5,1,115,197,oppervlaktetemperatuur,permafrost,0.6164980530738831
5,1,116,198,boven,permafrost,0.44504737854003906
5,1,117,199,de,permafrost,0.4237382113933563
5,1,118,200,0°C,permafrost,0.5497812628746033
5,1,119,201,ligt.,permafrost,0.4466669261455536
5,2,0,202,Bouwen,permafrost,0.43169617652893066
5,2,1,203,op,permafrost,0.40680140256881714
5,2,2,204,permafrost,permafrost,0.7055478096008301
5,2,3,205,is,permafrost,0.4516277313232422
5,2,4,206,lastig,permafrost,0.4329893887042999
5,2,5,207,doordat,permafrost,0.4248322546482086
5,2,6,208,de,permafrost,0.41929399967193604
5,2,7,209,warmte,permafrost,0.5161455869674683
5,2,8,210,van,permafrost,0.3909623920917511
5,2,9,211,een,permafrost,0.3994279205799103
5,2,10,212,gebouw,permafrost,0.4176994562149048
5,2,11,213,de,permafrost,0.41788250207901
5,2,12,214,laag,permafrost,0.4862212538719177
5,2,13,215,zal,permafrost,0.4166836142539978
5,2,14,216,doen,permafrost,0.41261357069015503
5,2,15,217,"smelten,",permafrost,0.42424190044403076
5,2,16,218,waardoor,permafrost,0.45305460691452026
5,2,17,219,het,permafrost,0.42193520069122314
5,2,18,220,zal,permafrost,0.4156424105167389
5,2,19,221,dreigen,permafrost,0.426710844039917
5,2,20,222,te,permafrost,0.40971341729164124
5,2,21,223,verzakken.,permafrost,0.402047336101532
5,3,0,224,Een,permafrost,0.3984159529209137
5,3,1,225,bekende,permafrost,0.4055030047893524
5,3,2,226,stad,permafrost,0.42027395963668823
5,3,3,227,die,permafrost,0.41260284185409546
5,3,4,228,is,permafrost,0.4409756362438202
5,3,5,229,gebouwd,permafrost,0.41693347692489624
5,3,6,230,op,permafrost,0.39172255992889404
5,3,7,231,de,permafrost,0.4171561300754547
5,3,8,232,permafrost,permafrost,0.6951512694358826
5,3,9,233,is,permafrost,0.4406084418296814
5,3,10,234,de,permafrost,0.41522523760795593
5,3,11,235,Russische,permafrost,0.397765576839447
5,3,12,236,stad,permafrost,0.4364854097366333
5,3,13,237,Jakoetsk.,permafrost,0.4169348478317261
5,3,14,238,In,permafrost,0.4456057548522949
5,3,15,239,de,permafrost,0.42676809430122375
5,3,16,240,tijd,permafrost,0.45020854473114014
5,3,17,241,van,permafrost,0.4112003445625305
5,3,18,242,houten,permafrost,0.4158087968826294
5,3,19,243,huizen,permafrost,0.4108636677265167
5,3,20,244,bouwde,permafrost,0.4444390535354614
5,3,21,245,men,permafrost,0.3746037185192108
5,3,22,246,zo,permafrost,0.43996158242225647
5,3,23,247,veel,permafrost,0.4129922091960907
5,3,24,248,mogelijk,permafrost,0.4319589138031006
5,3,25,249,op,permafrost,0.39920955896377563
5,3,26,250,de,permafrost,0.43361490964889526
5,3,27,251,hoogste,permafrost,0.47745418548583984
5,3,28,252,"plaatsen,",permafrost,0.45000049471855164
5,3,29,253,alwaar,permafrost,0.4171499013900757
5,3,30,254,zich,permafrost,0.42887693643569946
5,3,31,255,de,permafrost,0.4339662194252014
5,3,32,256,minste,permafrost,0.4636828303337097
5,3,33,257,werking,permafrost,0.45465683937072754
5,3,34,258,van,permafrost,0.4252360463142395
5,3,35,259,het,permafrost,0.4367049038410187
5,3,36,260,ijs,permafrost,0.5385297536849976
5,3,37,261,voordoet.,permafrost,0.41575759649276733
5,3,38,262,Doordat,permafrost,0.4320511817932129
5,3,39,263,bouwen,permafrost,0.4850521981716156
5,3,40,264,op,permafrost,0.39877140522003174
5,3,41,265,een,permafrost,0.41646888852119446
5,3,42,266,jaarlijks,permafrost,0.447067528963089
5,3,43,267,smeltende,permafrost,0.4645196199417114
5,3,44,268,en,permafrost,0.397872656583786
5,3,45,269,ontdooiende,permafrost,0.4312628507614136
5,3,46,270,grond,permafrost,0.5256109833717346
5,3,47,271,voor,permafrost,0.4509393870830536
5,3,48,272,beweging,permafrost,0.4452357590198517
5,3,49,273,van,permafrost,0.4240873157978058
5,3,50,274,het,permafrost,0.436017781496048
5,3,51,275,gebouw,permafrost,0.46648889780044556
5,3,52,276,zorgt,permafrost,0.406902939081192
5,3,53,277,zijn,permafrost,0.40082770586013794
5,3,54,278,sommige,permafrost,0.4086974859237671
5,3,55,279,houten,permafrost,0.4571521282196045
5,3,56,280,huizen,permafrost,0.4437711536884308
5,3,57,281,verzakt.,permafrost,0.43604037165641785
5,3,58,282,Intussen,permafrost,0.41920435428619385
5,3,59,283,is,permafrost,0.4393461048603058
5,3,60,284,Jakoetsk,permafrost,0.5136473178863525
5,3,61,285,een,permafrost,0.4249902665615082
5,3,62,286,moderne,permafrost,0.4292561113834381
5,3,63,287,stad,permafrost,0.4679729640483856
5,3,64,288,met,permafrost,0.42517343163490295
5,3,65,289,vrij,permafrost,0.45190444588661194
5,3,66,290,hoge,permafrost,0.43413570523262024
5,3,67,291,gebouwen.,permafrost,0.4617108404636383
5,3,68,292,De,permafrost,0.43550193309783936
5,3,69,293,fundering,permafrost,0.4202919006347656
5,3,70,294,vindt,permafrost,0.44517600536346436
5,3,71,295,als,permafrost,0.4227069616317749
5,3,72,296,volgt,permafrost,0.4247082471847534
5,3,73,297,plaats:,permafrost,0.4753057658672333
5,3,74,298,in,permafrost,0.44623854756355286
5,3,75,299,de,permafrost,0.4389796853065491
5,3,76,300,bevroren,permafrost,0.4325074553489685
5,3,77,301,grond,permafrost,0.53090500831604
5,3,78,302,worden,permafrost,0.4238903522491455
5,3,79,303,gaten,permafrost,0.461758553981781
5,3,80,304,geboord,permafrost,0.48764097690582275
5,3,81,305,waarin,permafrost,0.4271131455898285
5,3,82,306,betonnen,permafrost,0.48633286356925964
5,3,83,307,palen,permafrost,0.46511921286582947
5,3,84,308,worden,permafrost,0.42586660385131836
5,3,85,309,geplaatst.,permafrost,0.4171537756919861
5,3,86,310,Daarboven,permafrost,0.46181708574295044
5,3,87,311,bevindt,permafrost,0.42149555683135986
5,3,88,312,zich,permafrost,0.4503852427005768
5,3,89,313,dan,permafrost,0.44927313923835754
5,3,90,314,de,permafrost,0.44315624237060547
5,3,91,315,jaarlijks,permafrost,0.4533829689025879
5,3,92,316,bevriezende,permafrost,0.4401588439941406
5,3,93,317,en,permafrost,0.4166799783706665
5,3,94,318,ontdooiende,permafrost,0.4395034909248352
5,3,95,319,laag.,permafrost,0.4733220636844635
5,3,96,320,Pas,permafrost,0.48121216893196106
5,3,97,321,één,permafrost,0.422054648399353
5,3,98,322,tot,permafrost,0.44197919964790344
5,3,99,323,twee,permafrost,0.42653587460517883
5,3,100,324,meter,permafrost,0.46281927824020386
5,3,101,325,boven,permafrost,0.45073381066322327
5,3,102,326,het,permafrost,0.44526204466819763
5,3,103,327,maaiveld,permafrost,0.4862150549888611
5,3,104,328,wordt,permafrost,0.4460822641849518
5,3,105,329,de,permafrost,0.433982789516449
5,3,106,330,fundering,permafrost,0.42514467239379883
5,3,107,331,van,permafrost,0.4290182590484619
5,3,108,332,het,permafrost,0.44526204466819763
5,3,109,333,gebouw,permafrost,0.48345130681991577
5,3,110,334,gestort,permafrost,0.44841107726097107
5,3,111,335,op,permafrost,0.4049175977706909
5,3,112,336,de,permafrost,0.433982789516449
5,3,113,337,funderingspalen;,permafrost,0.44875532388687134
5,3,114,338,anders,permafrost,0.40563368797302246
5,3,115,339,gezegd:,permafrost,0.4264531433582306
5,3,116,340,alle,permafrost,0.43350276350975037
5,3,117,341,gebouwen,permafrost,0.4789007008075714
5,3,118,342,staan,permafrost,0.46441638469696045
5,3,119,343,op,permafrost,0.4049175977706909
5,3,120,344,poten,permafrost,0.4612068831920624
5,3,121,345,ongeveer,permafrost,0.45238152146339417
5,3,122,346,twee,permafrost,0.42653587460517883
5,3,123,347,meter,permafrost,0.46281927824020386
5,3,124,348,boven,permafrost,0.45073381066322327
5,3,125,349,de,permafrost,0.433982789516449
5,3,126,350,"grond,",permafrost,0.4938998818397522
5,3,127,351,waardoor,permafrost,0.4545053243637085
5,3,128,352,in,permafrost,0.4459021985530853
5,3,129,353,de,permafrost,0.433982789516449
5,3,130,354,winter,permafrost,0.504307210445404
5,3,131,355,de,permafrost,0.433982789516449
5,3,132,356,koude,permafrost,0.49665287137031555
5,3,133,357,lucht,permafrost,0.4447961449623108
5,3,134,358,vrij,permafrost,0.4461962878704071
5,3,135,359,spel,permafrost,0.4393996596336365
5,3,136,360,heeft,permafrost,0.42161452770233154
5,3,137,361,over,permafrost,0.42697203159332275
5,3,138,362,de,permafrost,0.433982789516449
5,3,139,363,bodem.,permafrost,0.5240492224693298
5,3,140,364,Dat,permafrost,0.4494675397872925
5,3,141,365,laatste,permafrost,0.43508630990982056
5,3,142,366,is,permafrost,0.4521324038505554
5,3,143,367,nodig,permafrost,0.4209633469581604
5,3,144,368,om,permafrost,0.4541131258010864
5,3,145,369,te,permafrost,0.4197866916656494
5,3,146,370,voorkomen,permafrost,0.41620200872421265
5,3,147,371,dat,permafrost,0.45224910974502563
5,3,148,372,de,permafrost,0.433982789516449
5,3,149,373,permafrost,permafrost,0.6638178825378418
5,3,150,374,onder,permafrost,0.4941022992134094
5,3,151,375,de,permafrost,0.433982789516449
5,3,152,376,gebouwen,permafrost,0.4789007008075714
5,3,153,377,gaat,permafrost,0.43734467029571533
5,3,154,378,ontdooien.,permafrost,0.4270166754722595
5,4,0,379,Meting,permafrost,0.4544009566307068
5,4,1,380,van,permafrost,0.4290182590484619
5,4,2,381,de,permafrost,0.433982789516449
5,4,3,382,diepte,permafrost,0.4780454635620117
5,4,4,383,en,permafrost,0.4091053009033203
5,4,5,384,uitbreiding,permafrost,0.42927035689353943
5,4,6,385,van,permafrost,0.4290182590484619
5,4,7,386,de,permafrost,0.433982789516449
5,4,8,387,permafrost,permafrost,0.6638178825378418
5,4,9,388,zou,permafrost,0.4558594822883606
5,4,10,389,een,permafrost,0.42155689001083374
5,4,11,390,aanwijzing,permafrost,0.43559786677360535
5,4,12,391,bij,permafrost,0.4276609718799591
5,4,13,392,het,permafrost,0.44526204466819763
5,4,14,393,bestuderen,permafrost,0.4030389189720154
5,4,15,394,van,permafrost,0.4290182590484619
5,4,16,395,het,permafrost,0.44526204466819763
5,4,17,396,broeikaseffect,permafrost,0.494571715593338
5,4,18,397,kunnen,permafrost,0.42921680212020874
5,4,19,398,zijn.,permafrost,0.38794782757759094
5,4,20,399,De,permafrost,0.43717193603515625
5,4,21,400,kans,permafrost,0.4022672176361084
5,4,22,401,dat,permafrost,0.45224910974502563
5,4,23,402,de,permafrost,0.433982789516449
5,4,24,403,permafrostlaag,permafrost,0.6895973682403564
5,4,25,404,versneld,permafrost,0.4022005498409271
5,4,26,405,zal,permafrost,0.44837990403175354
5,4,27,406,ontdooien,permafrost,0.4710375964641571
5,4,28,407,waardoor,permafrost,0.4545053243637085
5,4,29,408,een,permafrost,0.42155689001083374
5,4,30,409,grote,permafrost,0.4620014727115631
5,4,31,410,hoeveelheid,permafrost,0.4216892719268799
5,4,32,411,methaan,permafrost,0.47962066531181335
5,4,33,412,uit,permafrost,0.4753137230873108
5,4,34,413,het,permafrost,0.44526204466819763
5,4,35,414,methaanhydraat,permafrost,0.4476858973503113
5,4,36,415,in,permafrost,0.4459021985530853
5,4,37,416,het,permafrost,0.44526204466819763
5,4,38,417,ijs,permafrost,0.5455912351608276
5,4,39,418,"vrijkomt,",permafrost,0.39569157361984253
5,4,40,419,werd,permafrost,0.45883697271347046
5,4,41,420,sedert,permafrost,0.4451919496059418
5,4,42,421,2015,permafrost,0.41745567321777344
5,4,43,422,door,permafrost,0.39387181401252747
5,4,44,423,een,permafrost,0.42155689001083374
5,4,45,424,groeiend,permafrost,0.42346251010894775
5,4,46,425,aantal,permafrost,0.43281427025794983
5,4,47,426,klimatologen,permafrost,0.5113459825515747
5,4,48,427,vrij,permafrost,0.4461962878704071
5,4,49,428,groot,permafrost,0.45079120993614197
5,4,50,429,geacht.,permafrost,0.4356878399848938
5,4,51,430,Intussen,permafrost,0.434550940990448
5,4,52,431,is,permafrost,0.4521324038505554
5,4,53,432,"de,",permafrost,0.461176335811615
5,4,54,433,nog,permafrost,0.4370849132537842
5,4,55,434,"toenemende,",permafrost,0.39884263277053833
5,4,56,435,methaanuitstoot,permafrost,0.4938964545726776
5,4,57,436,aangetoond.,permafrost,0.3933761715888977
5,4,58,437,Er,permafrost,0.43502098321914673
5,4,59,438,is,permafrost,0.4521324038505554
5,4,60,439,echter,permafrost,0.4305477738380432
5,4,61,440,wel,permafrost,0.4089842438697815
5,4,62,441,bekend,permafrost,0.42818495631217957
5,4,63,442,dat,permafrost,0.45224910974502563
5,4,64,443,permafrost,permafrost,0.6638178825378418
5,4,65,444,koolstof,permafrost,0.4762217700481415
5,4,66,445,opslaat,permafrost,0.4517744183540344
5,4,67,446,in,permafrost,0.4459021985530853
5,4,68,447,de,permafrost,0.433982789516449
5,4,69,448,vorm,permafrost,0.48961618542671204
5,4,70,449,van,permafrost,0.4290182590484619
5,4,71,450,turf,permafrost,0.42837056517601013
5,4,72,451,en,permafrost,0.4091053009033203
5,4,73,452,methaan.,permafrost,0.41106387972831726
5,4,74,453,Vooral,permafrost,0.4663476049900055
5,4,75,454,als,permafrost,0.4165932536125183
5,4,76,455,methaan,permafrost,0.47962066531181335
5,4,77,456,vrij,permafrost,0.4461962878704071
5,4,78,457,zou,permafrost,0.4558594822883606
5,4,79,458,"komen,",permafrost,0.41634464263916016
5,4,80,459,zou,permafrost,0.4558594822883606
5,4,81,460,dit,permafrost,0.42244476079940796
5,4,82,461,het,permafrost,0.44526204466819763
5,4,83,462,broeikaseffect,permafrost,0.494571715593338
5,4,84,463,versterken.,permafrost,0.3745877742767334
5,5,0,464,Een,permafrost,0.4229523539543152
5,5,1,465,ander,permafrost,0.41908547282218933
5,5,2,466,gevolg,permafrost,0.4370228052139282
5,5,3,467,van,permafrost,0.4290182590484619
5,5,4,468,de,permafrost,0.433982789516449
5,5,5,469,opwarming,permafrost,0.5127546191215515
5,5,6,470,is,permafrost,0.4521324038505554
5,5,7,471,de,permafrost,0.433982789516449
5,5,8,472,algemene,permafrost,0.4005565345287323
5,5,9,473,degradatie,permafrost,0.4790915846824646
5,5,10,474,van,permafrost,0.4290182590484619
5,5,11,475,de,permafrost,0.433982789516449
5,5,12,476,oppervlakkige,permafrost,0.4559556245803833
5,5,13,477,permafrost,permafrost,0.6638178825378418
5,5,14,478,in,permafrost,0.4459021985530853
5,5,15,479,de,permafrost,0.433982789516449
5,5,16,480,21e,permafrost,0.4473266005516052
5,5,17,481,eeuw.,permafrost,0.38647928833961487
5,5,18,482,De,permafrost,0.43717193603515625
5,5,19,483,temperatuurstijging,permafrost,0.5094143748283386
5,5,20,484,leidt,permafrost,0.4167375862598419
5,5,21,485,tot,permafrost,0.44197919964790344
5,5,22,486,een,permafrost,0.42155689001083374
5,5,23,487,mogelijk,permafrost,0.43339627981185913
5,5,24,488,abrupte,permafrost,0.45986083149909973
5,5,25,489,verandering,permafrost,0.4245721697807312
5,5,26,490,in,permafrost,0.4459021985530853
5,5,27,491,de,permafrost,0.433982789516449
5,5,28,492,draagkracht,permafrost,0.4456944167613983
5,5,29,493,en,permafrost,0.4091053009033203
5,5,30,494,de,permafrost,0.433982789516449
5,5,31,495,waterhuishouding,permafrost,0.4303455054759979
5,5,32,496,van,permafrost,0.4290182590484619
5,5,33,497,de,permafrost,0.433982789516449
5,5,34,498,bodem.,permafrost,0.5240492224693298
5,5,35,499,De,permafrost,0.43717193603515625
5,5,36,500,instorting,permafrost,0.39967042207717896
5,5,37,501,van,permafrost,0.4290182590484619
5,5,38,502,de,permafrost,0.433982789516449
5,5,39,503,permafrostbodems,permafrost,0.6823582053184509
5,5,40,504,kan,permafrost,0.4428308308124542
5,5,41,505,ook,permafrost,0.39067649841308594
5,5,42,506,leiden,permafrost,0.392762154340744
5,5,43,507,tot,permafrost,0.44197919964790344
5,5,44,508,een,permafrost,0.42155689001083374
5,5,45,509,extreme,permafrost,0.4417881965637207
5,5,46,510,vorm,permafrost,0.48961618542671204
5,5,47,511,van,permafrost,0.4290182590484619
5,5,48,512,"thermokarst,",permafrost,0.5494637489318848
5,5,49,513,de,permafrost,0.433982789516449
5,5,50,514,permafrostkrater.,permafrost,0.6350735425949097
5,6,0,515,Door,permafrost,0.4195886552333832
5,6,1,516,de,permafrost,0.433982789516449
5,6,2,517,dooi,permafrost,0.43874701857566833
5,6,3,518,zijn,permafrost,0.41195347905158997
5,6,4,519,ook,permafrost,0.39067649841308594
5,6,5,520,de,permafrost,0.433982789516449
5,6,6,521,prehistorische,permafrost,0.4909965693950653
5,6,7,522,karkassen,permafrost,0.47167935967445374
5,6,8,523,vrijgekomen,permafrost,0.41015952825546265
5,6,9,524,van,permafrost,0.4290182590484619
5,6,10,525,de,permafrost,0.433982789516449
5,6,11,526,wolharige,permafrost,0.4356263279914856
5,6,12,527,"mammoet,",permafrost,0.48302555084228516
5,6,13,528,wolharige,permafrost,0.4356263279914856
5,6,14,529,"neushoorn,",permafrost,0.4253609776496887
5,6,15,530,holenbeer,permafrost,0.3976878225803375
5,6,16,531,en,permafrost,0.4091053009033203
5,6,17,532,het,permafrost,0.44526204466819763
5,6,18,533,prehistorisch,permafrost,0.5040303468704224
5,6,19,534,paard.,permafrost,0.39305490255355835
5,6,20,535,Dat,permafrost,0.4494675397872925
5,6,21,536,gaf,permafrost,0.425646036863327
5,6,22,537,wetenschappers,permafrost,0.43792620301246643
5,6,23,538,toegang,permafrost,0.42007774114608765
5,6,24,539,tot,permafrost,0.44197919964790344
5,6,25,540,een,permafrost,0.42155689001083374
5,6,26,541,biologische,permafrost,0.4367602467536926
5,6,27,542,schat,permafrost,0.47639626264572144
5,6,28,543,met,permafrost,0.42534998059272766
5,6,29,544,niet,permafrost,0.46305185556411743
5,6,30,545,alleen,permafrost,0.4652542471885681
5,6,31,546,"botten,",permafrost,0.4399503767490387
5,6,32,547,maar,permafrost,0.43975597620010376
5,6,33,548,ook,permafrost,0.39067649841308594
5,6,34,549,vlees,permafrost,0.4114077687263489
5,6,35,550,en,permafrost,0.4091053009033203
5,6,36,551,"bont,",permafrost,0.4762512743473053
5,6,37,552,cellen,permafrost,0.44500815868377686
5,6,38,553,en,permafrost,0.4091053009033203
5,6,39,554,zelfs,permafrost,0.43800562620162964
5,6,40,555,bloed,permafrost,0.41456055641174316
5,6,41,556,uit,permafrost,0.4753137230873108
5,6,42,557,de,permafrost,0.433982789516449
5,6,43,558,prehistorie.,permafrost,0.47131988406181335
5,6,44,559,Er,permafrost,0.43502098321914673
5,6,45,560,werd,permafrost,0.45883697271347046
5,6,46,561,ook,permafrost,0.39067649841308594
5,6,47,562,gepoogd,permafrost,0.44124293327331543
5,6,48,563,sommige,permafrost,0.4187667965888977
5,6,49,564,soorten,permafrost,0.42971542477607727
5,6,50,565,weer,permafrost,0.49815258383750916
5,6,51,566,tot,permafrost,0.44197919964790344
5,6,52,567,leven,permafrost,0.43964722752571106
5,6,53,568,te,permafrost,0.4197866916656494
5,6,54,569,brengen.,permafrost,0.34749212861061096
5,6,55,570,Het,permafrost,0.44468849897384644
5,6,56,571,onderzoek,permafrost,0.44256341457366943
5,6,57,572,is,permafrost,0.4521324038505554
5,6,58,573,echter,permafrost,0.4305477738380432
5,6,59,574,niet,permafrost,0.46305185556411743
5,6,60,575,zonder,permafrost,0.45202216506004333
5,6,61,576,gevaar:,permafrost,0.45923253893852234
5,6,62,577,er,permafrost,0.4334050118923187
5,6,63,578,zijn,permafrost,0.41195347905158997
5,6,64,579,"al,",permafrost,0.43924659490585327
5,6,65,580,vooral,permafrost,0.4403810203075409
5,6,66,581,voor,permafrost,0.46053212881088257
5,6,67,582,rendieren,permafrost,0.41865772008895874
5,6,68,583,"dodelijke,",permafrost,0.4233580231666565
5,6,69,584,uitbraken,permafrost,0.4695827066898346
5,6,70,585,van,permafrost,0.4290182590484619
5,6,71,586,miltvuur,permafrost,0.46606507897377014
5,6,72,587,(anthrax),permafrost,0.45850270986557007
5,6,73,588,"voorgekomen,",permafrost,0.431769996881485
5,6,74,589,en,permafrost,0.4091053009033203
5,6,75,590,een,permafrost,0.42155689001083374
5,6,76,591,ontsnapping,permafrost,0.46025505661964417
5,6,77,592,van,permafrost,0.4290182590484619
5,6,78,593,het,permafrost,0.44526204466819763
5,6,79,594,pokkenvirus,permafrost,0.4647265672683716
5,6,80,595,wordt,permafrost,0.4460822641849518
5,6,81,596,niet,permafrost,0.46305185556411743
5,6,82,597,uitgesloten.,permafrost,0.4034273624420166
6,0,0,1,Nomadisch,nomadisch pastoralisme,
6,0,1,2,pastoralisme,nomadisch pastoralisme,0.6950264573097229
6,0,2,3,is,nomadisch pastoralisme,0.5482563972473145
6,0,3,4,een,nomadisch pastoralisme,0.5386324524879456
6,0,4,5,vorm,nomadisch pastoralisme,0.5450627207756042
6,0,5,6,van,nomadisch pastoralisme,0.4914030432701111
6,0,6,7,pastoralisme,nomadisch pastoralisme,0.7165760397911072
6,0,7,8,waarbij,nomadisch pastoralisme,0.4563536047935486
6,0,8,9,het,nomadisch pastoralisme,0.45387423038482666
6,0,9,10,vee,nomadisch pastoralisme,0.43661975860595703
6,0,10,11,op,nomadisch pastoralisme,0.40586400032043457
6,0,11,12,zoek,nomadisch pastoralisme,0.47338613867759705
6,0,12,13,naar,nomadisch pastoralisme,0.4582776725292206
6,0,13,14,steeds,nomadisch pastoralisme,0.38132742047309875
6,0,14,15,wisselende,nomadisch pastoralisme,0.40074241161346436
6,0,15,16,verse,nomadisch pastoralisme,0.42931991815567017
6,0,16,17,weidegronden,nomadisch pastoralisme,0.46261170506477356
6,0,17,18,wordt,nomadisch pastoralisme,0.4381857216358185
6,0,18,19,gedreven.,nomadisch pastoralisme,0.47911229729652405
6,0,19,20,Echte,nomadisch pastoralisme,0.43792614340782166
6,0,20,21,nomaden,nomadisch pastoralisme,0.6061626672744751
6,0,21,22,volgen,nomadisch pastoralisme,0.48801547288894653
6,0,22,23,een,nomadisch pastoralisme,0.42428743839263916
6,0,23,24,onregelmatig,nomadisch pastoralisme,0.4680308699607849
6,0,24,25,"bewegingspatroon,",nomadisch pastoralisme,0.5190934538841248
6,0,25,26,in,nomadisch pastoralisme,0.4251253604888916
6,0,26,27,tegenstelling,nomadisch pastoralisme,0.40916913747787476
6,0,27,28,tot,nomadisch pastoralisme,0.43577682971954346
6,0,28,29,transhumance,nomadisch pastoralisme,0.631277859210968
6,0,29,30,waarbij,nomadisch pastoralisme,0.4687211811542511
6,0,30,31,men,nomadisch pastoralisme,0.4243093729019165
6,0,31,32,seizoensgebonden,nomadisch pastoralisme,0.4909994304180145
6,0,32,33,vaste,nomadisch pastoralisme,0.45430609583854675
6,0,33,34,weiden,nomadisch pastoralisme,0.4731099009513855
6,0,34,35,bezoekt.,nomadisch pastoralisme,0.45831456780433655
6,0,35,36,Dit,nomadisch pastoralisme,0.45994699001312256
6,0,36,37,onderscheid,nomadisch pastoralisme,0.4179184138774872
6,0,37,38,wordt,nomadisch pastoralisme,0.4478192627429962
6,0,38,39,echter,nomadisch pastoralisme,0.44124844670295715
6,0,39,40,vaak,nomadisch pastoralisme,0.44439518451690674
6,0,40,41,niet,nomadisch pastoralisme,0.44951409101486206
6,0,41,42,"waargenomen,",nomadisch pastoralisme,0.4381677508354187
6,0,42,43,en,nomadisch pastoralisme,0.40988174080848694
6,0,43,44,de,nomadisch pastoralisme,0.42419782280921936
6,0,44,45,term,nomadisch pastoralisme,0.4528753161430359
6,0,45,46,'nomade',nomadisch pastoralisme,0.6200913786888123
6,0,46,47,wordt,nomadisch pastoralisme,0.4394083023071289
6,0,47,48,vaak,nomadisch pastoralisme,0.44154253602027893
6,0,48,49,voor,nomadisch pastoralisme,0.43536654114723206
6,0,49,50,beide,nomadisch pastoralisme,0.4268254041671753
6,0,50,51,gebruikt.,nomadisch pastoralisme,0.42160582542419434
6,0,51,52,Daarnaast,nomadisch pastoralisme,0.40451958775520325
6,0,52,53,is,nomadisch pastoralisme,0.4492977261543274
6,0,53,54,in,nomadisch pastoralisme,0.43371349573135376
6,0,54,55,historische,nomadisch pastoralisme,0.45231789350509644
6,0,55,56,gevallen,nomadisch pastoralisme,0.4382013976573944
6,0,56,57,de,nomadisch pastoralisme,0.42135363817214966
6,0,57,58,regelmatigheid,nomadisch pastoralisme,0.4893816113471985
6,0,58,59,van,nomadisch pastoralisme,0.4816175103187561
6,0,59,60,het,nomadisch pastoralisme,0.44996654987335205
6,0,60,61,bewegingspatroon,nomadisch pastoralisme,0.570990264415741
6,0,61,62,vaak,nomadisch pastoralisme,0.4491347372531891
6,0,62,63,onbekend.,nomadisch pastoralisme,0.48520931601524353
6,0,63,64,Het,nomadisch pastoralisme,0.46075335144996643
6,0,64,65,gehoedde,nomadisch pastoralisme,0.4540347158908844
6,0,65,66,vee,nomadisch pastoralisme,0.4774044454097748
6,0,66,67,omvat,nomadisch pastoralisme,0.4678918719291687
6,0,67,68,"runderen,",nomadisch pastoralisme,0.5066444277763367
6,0,68,69,"waterbuffels,",nomadisch pastoralisme,0.48387813568115234
6,0,69,70,"jaks,",nomadisch pastoralisme,0.4660250246524811
6,0,70,71,"lama's,",nomadisch pastoralisme,0.4750571846961975
6,0,71,72,"schapen,",nomadisch pastoralisme,0.5604594349861145
6,0,72,73,"geiten,",nomadisch pastoralisme,0.5356362462043762
6,0,73,74,"rendieren,",nomadisch pastoralisme,0.4606906473636627
6,0,74,75,"paarden,",nomadisch pastoralisme,0.5393739938735962
6,0,75,76,ezels,nomadisch pastoralisme,0.4694752097129822
6,0,76,77,en,nomadisch pastoralisme,0.3987492322921753
6,0,77,78,kamelen.,nomadisch pastoralisme,0.5438264608383179
6,0,78,79,Nomadisch,nomadisch pastoralisme,0.6159884929656982
6,0,79,80,pastoralisme,nomadisch pastoralisme,0.650766909122467
6,0,80,81,wordt,nomadisch pastoralisme,0.4296373426914215
6,0,81,82,gewoonlijk,nomadisch pastoralisme,0.4290384352207184
6,0,82,83,toegepast,nomadisch pastoralisme,0.4337676465511322
6,0,83,84,in,nomadisch pastoralisme,0.4213966727256775
6,0,84,85,regio's,nomadisch pastoralisme,0.45733171701431274
6,0,85,86,met,nomadisch pastoralisme,0.4183332026004791
6,0,86,87,weinig,nomadisch pastoralisme,0.4392571747303009
6,0,87,88,"akkerland,",nomadisch pastoralisme,0.49140629172325134
6,0,88,89,zoals,nomadisch pastoralisme,0.4608071744441986
6,0,89,90,in,nomadisch pastoralisme,0.4234589636325836
6,0,90,91,de,nomadisch pastoralisme,0.41183704137802124
6,0,91,92,steppelanden,nomadisch pastoralisme,0.48969966173171997
6,0,92,93,ten,nomadisch pastoralisme,0.4300331771373749
6,0,93,94,noorden,nomadisch pastoralisme,0.4783931374549866
6,0,94,95,van,nomadisch pastoralisme,0.46500876545906067
6,0,95,96,de,nomadisch pastoralisme,0.4113242030143738
6,0,96,97,landbouwzone,nomadisch pastoralisme,0.5035203099250793
6,0,97,98,van,nomadisch pastoralisme,0.4622853994369507
6,0,98,99,Eurazië.,nomadisch pastoralisme,0.4174553453922272
6,1,0,100,Van,nomadisch pastoralisme,0.4755864441394806
6,1,1,101,de,nomadisch pastoralisme,0.41401904821395874
6,1,2,102,geschatte,nomadisch pastoralisme,0.465712308883667
6,1,3,103,30,nomadisch pastoralisme,0.416753888130188
6,1,4,104,tot,nomadisch pastoralisme,0.43766018748283386
6,1,5,105,40,nomadisch pastoralisme,0.41902756690979004
6,1,6,106,miljoen,nomadisch pastoralisme,0.42261868715286255
6,1,7,107,nomadische,nomadisch pastoralisme,0.6383469700813293
6,1,8,108,pastoralisten,nomadisch pastoralisme,0.6609912514686584
6,1,9,109,wereldwijd,nomadisch pastoralisme,0.4467219114303589
6,1,10,110,bevinden,nomadisch pastoralisme,0.45886752009391785
6,1,11,111,zich,nomadisch pastoralisme,0.4766375720500946
6,1,12,112,de,nomadisch pastoralisme,0.4164823591709137
6,1,13,113,meeste,nomadisch pastoralisme,0.48363110423088074
6,1,14,114,in,nomadisch pastoralisme,0.4289838671684265
6,1,15,115,Centraal-Azië,nomadisch pastoralisme,0.486104279756546
6,1,16,116,en,nomadisch pastoralisme,0.4044073522090912
6,1,17,117,de,nomadisch pastoralisme,0.4201761782169342
6,1,18,118,Sahel-regio,nomadisch pastoralisme,0.5139532089233398
6,1,19,119,van,nomadisch pastoralisme,0.46815529465675354
6,1,20,120,Noord-,nomadisch pastoralisme,0.5008779764175415
6,1,21,121,en,nomadisch pastoralisme,0.4065421521663666
6,1,22,122,"West-Afrika,",nomadisch pastoralisme,0.5059483647346497
6,1,23,123,zoals,nomadisch pastoralisme,0.4632016718387604
6,1,24,124,de,nomadisch pastoralisme,0.42152848839759827
6,1,25,125,"Fulbe,",nomadisch pastoralisme,0.49169284105300903
6,1,26,126,Toeareg,nomadisch pastoralisme,0.48664170503616333
6,1,27,127,en,nomadisch pastoralisme,0.404171347618103
6,1,28,128,"Toeboe,",nomadisch pastoralisme,0.4523199200630188
6,1,29,129,in,nomadisch pastoralisme,0.4310430884361267
6,1,30,130,andere,nomadisch pastoralisme,0.4418288469314575
6,1,31,131,delen,nomadisch pastoralisme,0.4230170249938965
6,1,32,132,van,nomadisch pastoralisme,0.46527111530303955
6,1,33,133,Afrika,nomadisch pastoralisme,0.4977443218231201
6,1,34,134,zoals,nomadisch pastoralisme,0.4628772735595703
6,1,35,135,Nigeria,nomadisch pastoralisme,0.4615849554538727
6,1,36,136,en,nomadisch pastoralisme,0.4078321158885956
6,1,37,137,Somalië,nomadisch pastoralisme,0.49343961477279663
6,1,38,138,en,nomadisch pastoralisme,0.4086717367172241
6,1,39,139,sommige,nomadisch pastoralisme,0.4545319974422455
6,1,40,140,in,nomadisch pastoralisme,0.4317062795162201
6,1,41,141,het,nomadisch pastoralisme,0.4533499777317047
6,1,42,142,"Midden-Oosten,",nomadisch pastoralisme,0.5015984773635864
6,1,43,143,zoals,nomadisch pastoralisme,0.4631878733634949
6,1,44,144,traditionele,nomadisch pastoralisme,0.4877602458000183
6,1,45,145,Bedoeïenen.,nomadisch pastoralisme,0.4616748094558716
6,2,0,146,Een,nomadisch pastoralisme,0.43048274517059326
6,2,1,147,toenemend,nomadisch pastoralisme,0.43125200271606445
6,2,2,148,aantal,nomadisch pastoralisme,0.4635735750198364
6,2,3,149,vee,nomadisch pastoralisme,0.48904022574424744
6,2,4,150,kan,nomadisch pastoralisme,0.46334341168403625
6,2,5,151,leiden,nomadisch pastoralisme,0.4307298958301544
6,2,6,152,tot,nomadisch pastoralisme,0.4416852295398712
6,2,7,153,overbegrazing,nomadisch pastoralisme,0.39474374055862427
6,2,8,154,en,nomadisch pastoralisme,0.40982842445373535
6,2,9,155,woestijnvorming,nomadisch pastoralisme,0.5397857427597046
6,2,10,156,als,nomadisch pastoralisme,0.3911707103252411
6,2,11,157,het,nomadisch pastoralisme,0.4484558403491974
6,2,12,158,land,nomadisch pastoralisme,0.47132065892219543
6,2,13,159,zich,nomadisch pastoralisme,0.4746929705142975
6,2,14,160,niet,nomadisch pastoralisme,0.44990336894989014
6,2,15,161,kan,nomadisch pastoralisme,0.46120378375053406
6,2,16,162,herstellen,nomadisch pastoralisme,0.452186644077301
6,2,17,163,tussen,nomadisch pastoralisme,0.4429742991924286
6,2,18,164,een,nomadisch pastoralisme,0.4305707514286041
6,2,19,165,graasperiode,nomadisch pastoralisme,0.5072600841522217
6,2,20,166,en,nomadisch pastoralisme,0.4055734872817993
6,2,21,167,de,nomadisch pastoralisme,0.4176664352416992
6,2,22,168,volgende.,nomadisch pastoralisme,0.39539387822151184
6,2,23,169,Nomadisch,nomadisch pastoralisme,0.6138862371444702
6,2,24,170,pastoralisme,nomadisch pastoralisme,0.6498356461524963
6,2,25,171,ontstond,nomadisch pastoralisme,0.448126882314682
6,2,26,172,met,nomadisch pastoralisme,0.41370442509651184
6,2,27,173,de,nomadisch pastoralisme,0.4180738627910614
6,2,28,174,opkomst,nomadisch pastoralisme,0.4818651080131531
6,2,29,175,van,nomadisch pastoralisme,0.4559500217437744
6,2,30,176,de,nomadisch pastoralisme,0.41721320152282715
6,2,31,177,landbouw.,nomadisch pastoralisme,0.5033459067344666
6,2,32,178,Men,nomadisch pastoralisme,0.41506850719451904
6,2,33,179,begon,nomadisch pastoralisme,0.4377497136592865
6,2,34,180,dieren,nomadisch pastoralisme,0.503221333026886
6,2,35,181,en,nomadisch pastoralisme,0.4017886817455292
6,2,36,182,planten,nomadisch pastoralisme,0.4361339509487152
6,2,37,183,voor,nomadisch pastoralisme,0.43407291173934937
6,2,38,184,voedsel,nomadisch pastoralisme,0.4544394612312317
6,2,39,185,te,nomadisch pastoralisme,0.4163999855518341
6,2,40,186,"domesticeren,",nomadisch pastoralisme,0.5008538365364075
6,2,41,187,en,nomadisch pastoralisme,0.40010637044906616
6,2,42,188,steden,nomadisch pastoralisme,0.4498971998691559
6,2,43,189,begonnen,nomadisch pastoralisme,0.44293805956840515
6,2,44,190,zich,nomadisch pastoralisme,0.4674907922744751
6,2,45,191,te,nomadisch pastoralisme,0.41496542096138
6,2,46,192,vormen.,nomadisch pastoralisme,0.41869544982910156
6,2,47,193,Nomadisme,nomadisch pastoralisme,0.6281955242156982
6,2,48,194,bestaat,nomadisch pastoralisme,0.43855762481689453
6,2,49,195,in,nomadisch pastoralisme,0.4124116599559784
6,2,50,196,het,nomadisch pastoralisme,0.4366988241672516
6,2,51,197,algemeen,nomadisch pastoralisme,0.397357702255249
6,2,52,198,in,nomadisch pastoralisme,0.4121251702308655
6,2,53,199,symbiose,nomadisch pastoralisme,0.4843226671218872
6,2,54,200,met,nomadisch pastoralisme,0.4076167345046997
6,2,55,201,dergelijke,nomadisch pastoralisme,0.4332812428474426
6,2,56,202,gevestigde,nomadisch pastoralisme,0.4564947187900543
6,2,57,203,culturen,nomadisch pastoralisme,0.4298267364501953
6,2,58,204,die,nomadisch pastoralisme,0.4219835698604584
6,2,59,205,dierlijke,nomadisch pastoralisme,0.503354012966156
6,2,60,206,producten,nomadisch pastoralisme,0.41205736994743347
6,2,61,207,als,nomadisch pastoralisme,0.38189977407455444
6,2,62,208,"vlees,",nomadisch pastoralisme,0.4726829528808594
6,2,63,209,"huiden,",nomadisch pastoralisme,0.48337486386299133
6,2,64,210,wol,nomadisch pastoralisme,0.46076878905296326
6,2,65,211,en,nomadisch pastoralisme,0.39376869797706604
6,2,66,212,kaas,nomadisch pastoralisme,0.41846251487731934
6,2,67,213,ruilen,nomadisch pastoralisme,0.4277990162372589
6,2,68,214,voor,nomadisch pastoralisme,0.4269903898239136
6,2,69,215,ambachtelijke,nomadisch pastoralisme,0.4041181206703186
6,2,70,216,producten,nomadisch pastoralisme,0.4241406321525574
6,2,71,217,die,nomadisch pastoralisme,0.4198691248893738
6,2,72,218,door,nomadisch pastoralisme,0.36570248007774353
6,2,73,219,de,nomadisch pastoralisme,0.41049060225486755
6,2,74,220,nomadische,nomadisch pastoralisme,0.6360408663749695
6,2,75,221,herders,nomadisch pastoralisme,0.5620896220207214
6,2,76,222,niet,nomadisch pastoralisme,0.4379290044307709
6,2,77,223,worden,nomadisch pastoralisme,0.4283579885959625
6,2,78,224,geproduceerd.,nomadisch pastoralisme,0.4039459526538849
6,2,79,225,In,nomadisch pastoralisme,0.4253896176815033
6,2,80,226,het,nomadisch pastoralisme,0.4416283369064331
6,2,81,227,verleden,nomadisch pastoralisme,0.42349672317504883
6,2,82,228,werd,nomadisch pastoralisme,0.4526885747909546
6,2,83,229,gesteld,nomadisch pastoralisme,0.4241904020309448
6,2,84,230,dat,nomadisch pastoralisme,0.43247976899147034
6,2,85,231,pastorale,nomadisch pastoralisme,0.5900115966796875
6,2,86,232,nomaden,nomadisch pastoralisme,0.6094309687614441
6,2,87,233,archeologisch,nomadisch pastoralisme,0.47893932461738586
6,2,88,234,geen,nomadisch pastoralisme,0.45121151208877563
6,2,89,235,aanwezigheid,nomadisch pastoralisme,0.42808106541633606
6,2,90,236,achterlieten,nomadisch pastoralisme,0.4980078935623169
6,2,91,237,of,nomadisch pastoralisme,0.4307372570037842
6,2,92,238,verarmd,nomadisch pastoralisme,0.47173041105270386
6,2,93,239,waren.,nomadisch pastoralisme,0.4238700568675995
6,2,94,240,Dit,nomadisch pastoralisme,0.42944812774658203
6,2,95,241,was,nomadisch pastoralisme,0.43773022294044495
6,2,96,242,echter,nomadisch pastoralisme,0.44146043062210083
6,2,97,243,duidelijk,nomadisch pastoralisme,0.40333154797554016
6,2,98,244,niet,nomadisch pastoralisme,0.445016473531723
6,2,99,245,het,nomadisch pastoralisme,0.4341086447238922
6,2,100,246,geval,nomadisch pastoralisme,0.42776918411254883
6,2,101,247,voor,nomadisch pastoralisme,0.4299885630607605
6,2,102,248,veel,nomadisch pastoralisme,0.4510010778903961
6,2,103,249,oude,nomadisch pastoralisme,0.45017266273498535
6,2,104,250,Euraziatische,nomadisch pastoralisme,0.4936002790927887
6,2,105,251,"nomaden,",nomadisch pastoralisme,0.567695677280426
6,2,106,252,die,nomadisch pastoralisme,0.41959530115127563
6,2,107,253,zeer,nomadisch pastoralisme,0.4293335974216461
6,2,108,254,rijke,nomadisch pastoralisme,0.41068416833877563
6,2,109,255,grafheuvel-begraafplaatsen,nomadisch pastoralisme,0.44270724058151245
6,2,110,256,hebben,nomadisch pastoralisme,0.4089788794517517
6,2,111,257,achtergelaten.,nomadisch pastoralisme,0.4540604054927826
6,2,112,258,Pastorale,nomadisch pastoralisme,0.5803396701812744
6,2,113,259,nomadische,nomadisch pastoralisme,0.6271864175796509
6,2,114,260,gebieden,nomadisch pastoralisme,0.45141133666038513
6,2,115,261,kan,nomadisch pastoralisme,0.4546990990638733
6,2,116,262,men,nomadisch pastoralisme,0.41068556904792786
6,2,117,263,identificeren,nomadisch pastoralisme,0.45005208253860474
6,2,118,264,op,nomadisch pastoralisme,0.39123037457466125
6,2,119,265,basis,nomadisch pastoralisme,0.41487136483192444
6,2,120,266,van,nomadisch pastoralisme,0.4523961842060089
6,2,121,267,hun,nomadisch pastoralisme,0.46035921573638916
6,2,122,268,locatie,nomadisch pastoralisme,0.425579696893692
6,2,123,269,buiten,nomadisch pastoralisme,0.4469195604324341
6,2,124,270,de,nomadisch pastoralisme,0.4176434874534607
6,2,125,271,"landbouwzone,",nomadisch pastoralisme,0.5125406384468079
6,2,126,272,de,nomadisch pastoralisme,0.4160671532154083
6,2,127,273,afwezigheid,nomadisch pastoralisme,0.4501638412475586
6,2,128,274,van,nomadisch pastoralisme,0.4515937566757202
6,2,129,275,granen,nomadisch pastoralisme,0.47002604603767395
6,2,130,276,of,nomadisch pastoralisme,0.42800500988960266
6,2,131,277,"graanverwerkingsapparatuur,",nomadisch pastoralisme,0.4537432789802551
6,2,132,278,de,nomadisch pastoralisme,0.4169226586818695
6,2,133,279,beperkte,nomadisch pastoralisme,0.3980989456176758
6,2,134,280,en,nomadisch pastoralisme,0.39258521795272827
6,2,135,281,karakteristieke,nomadisch pastoralisme,0.4237384796142578
6,2,136,282,"architectuur,",nomadisch pastoralisme,0.40216588973999023
6,2,137,283,een,nomadisch pastoralisme,0.4153752326965332
6,2,138,284,overheersing,nomadisch pastoralisme,0.4557320475578308
6,2,139,285,van,nomadisch pastoralisme,0.4529845714569092
6,2,140,286,schapen-,nomadisch pastoralisme,0.521237313747406
6,2,141,287,en,nomadisch pastoralisme,0.3873496353626251
6,2,142,288,"geitenbeenderen,",nomadisch pastoralisme,0.48236072063446045
6,2,143,289,en,nomadisch pastoralisme,0.3917982280254364
6,2,144,290,door,nomadisch pastoralisme,0.37166574597358704
6,2,145,291,etnografische,nomadisch pastoralisme,0.5320814251899719
6,2,146,292,analogie,nomadisch pastoralisme,0.41697385907173157
6,2,147,293,met,nomadisch pastoralisme,0.39651671051979065
6,2,148,294,moderne,nomadisch pastoralisme,0.434926837682724
6,2,149,295,pastorale,nomadisch pastoralisme,0.5883127450942993
6,2,150,296,nomadische,nomadisch pastoralisme,0.6160873174667358
6,2,151,297,volkeren.,nomadisch pastoralisme,0.44847798347473145
6,3,0,298,De,nomadisch pastoralisme,0.42334362864494324
6,3,1,299,nomaden,nomadisch pastoralisme,0.5950639843940735
6,3,2,300,van,nomadisch pastoralisme,0.4496348202228546
6,3,3,301,de,nomadisch pastoralisme,0.4173833727836609
6,3,4,302,Centraal-Aziatische,nomadisch pastoralisme,0.46851101517677307
6,3,5,303,bronstijd,nomadisch pastoralisme,0.47980499267578125
6,3,6,304,worden,nomadisch pastoralisme,0.4232831299304962
6,3,7,305,geassocieerd,nomadisch pastoralisme,0.4097817540168762
6,3,8,306,met,nomadisch pastoralisme,0.39651671051979065
6,3,9,307,de,nomadisch pastoralisme,0.4173833727836609
6,3,10,308,vroegste,nomadisch pastoralisme,0.4300815761089325
6,3,11,309,transmissies,nomadisch pastoralisme,0.4313611686229706
6,3,12,310,van,nomadisch pastoralisme,0.4496348202228546
6,3,13,311,gierst,nomadisch pastoralisme,0.45247945189476013
6,3,14,312,en,nomadisch pastoralisme,0.3917982280254364
6,3,15,313,tarwe,nomadisch pastoralisme,0.45910608768463135
6,3,16,314,door,nomadisch pastoralisme,0.37166574597358704
6,3,17,315,de,nomadisch pastoralisme,0.4173833727836609
6,3,18,316,"regio,",nomadisch pastoralisme,0.46348604559898376
6,3,19,317,die,nomadisch pastoralisme,0.418116956949234
6,3,20,318,uiteindelijk,nomadisch pastoralisme,0.39900657534599304
6,3,21,319,het,nomadisch pastoralisme,0.4346851110458374
6,3,22,320,centrum,nomadisch pastoralisme,0.4106697738170624
6,3,23,321,van,nomadisch pastoralisme,0.4496348202228546
6,3,24,322,de,nomadisch pastoralisme,0.4173833727836609
6,3,25,323,zijderoute,nomadisch pastoralisme,0.48655328154563904
6,3,26,324,zou,nomadisch pastoralisme,0.45394134521484375
6,3,27,325,vormen.,nomadisch pastoralisme,0.4192084074020386
6,4,0,326,Nomadisch,nomadisch pastoralisme,0.5866383910179138
6,4,1,327,pastoralisme,nomadisch pastoralisme,0.6357173323631287
6,4,2,328,is,nomadisch pastoralisme,0.404680997133255
6,4,3,329,historisch,nomadisch pastoralisme,0.44576969742774963
6,4,4,330,gezien,nomadisch pastoralisme,0.4382854700088501
6,4,5,331,wijdverspreid,nomadisch pastoralisme,0.4624958336353302
6,4,6,332,over,nomadisch pastoralisme,0.39128249883651733
6,4,7,333,de,nomadisch pastoralisme,0.4173833727836609
6,4,8,334,minder,nomadisch pastoralisme,0.4620949327945709
6,4,9,335,vruchtbare,nomadisch pastoralisme,0.46012601256370544
6,4,10,336,gebieden,nomadisch pastoralisme,0.4514457881450653
6,4,11,337,van,nomadisch pastoralisme,0.4496348202228546
6,4,12,338,de,nomadisch pastoralisme,0.4173833727836609
6,4,13,339,aarde.,nomadisch pastoralisme,0.43519681692123413
6,4,14,340,Het,nomadisch pastoralisme,0.43985459208488464
6,4,15,341,is,nomadisch pastoralisme,0.404680997133255
6,4,16,342,te,nomadisch pastoralisme,0.40932220220565796
6,4,17,343,vinden,nomadisch pastoralisme,0.4695778489112854
6,4,18,344,in,nomadisch pastoralisme,0.4088990390300751
6,4,19,345,gebieden,nomadisch pastoralisme,0.4514457881450653
6,4,20,346,met,nomadisch pastoralisme,0.39651671051979065
6,4,21,347,een,nomadisch pastoralisme,0.41813716292381287
6,4,22,348,lage,nomadisch pastoralisme,0.4370388686656952
6,4,23,349,"regenval,",nomadisch pastoralisme,0.429276704788208
6,4,24,350,zoals,nomadisch pastoralisme,0.4515003263950348
6,4,25,351,het,nomadisch pastoralisme,0.4346851110458374
6,4,26,352,Arabisch,nomadisch pastoralisme,0.44163939356803894
6,4,27,353,Schiereiland,nomadisch pastoralisme,0.5017717480659485
6,4,28,354,met,nomadisch pastoralisme,0.39651671051979065
6,4,29,355,de,nomadisch pastoralisme,0.4173833727836609
6,4,30,356,"Bedoeïnen,",nomadisch pastoralisme,0.452677458524704
6,4,31,357,en,nomadisch pastoralisme,0.3917982280254364
6,4,32,358,in,nomadisch pastoralisme,0.4088990390300751
6,4,33,359,Noordoost-Afrika,nomadisch pastoralisme,0.5056502223014832
6,4,34,360,met,nomadisch pastoralisme,0.39651671051979065
6,4,35,361,verscheidene,nomadisch pastoralisme,0.4371448755264282
6,4,36,362,etnische,nomadisch pastoralisme,0.5121152997016907
6,4,37,363,groepen,nomadisch pastoralisme,0.42039796710014343
6,4,38,364,zoals,nomadisch pastoralisme,0.4515003263950348
6,4,39,365,de,nomadisch pastoralisme,0.4173833727836609
6,4,40,366,Somaliërs.,nomadisch pastoralisme,0.4273619055747986
6,4,41,367,Nomadische,nomadisch pastoralisme,0.619266927242279
6,4,42,368,transhumance,nomadisch pastoralisme,0.5943218469619751
6,4,43,369,is,nomadisch pastoralisme,0.404680997133255
6,4,44,370,ook,nomadisch pastoralisme,0.3876214921474457
6,4,45,371,gebruikelijk,nomadisch pastoralisme,0.4242142140865326
6,4,46,372,in,nomadisch pastoralisme,0.4088990390300751
6,4,47,373,gebieden,nomadisch pastoralisme,0.4514457881450653
6,4,48,374,met,nomadisch pastoralisme,0.39651671051979065
6,4,49,375,een,nomadisch pastoralisme,0.41813716292381287
6,4,50,376,hard,nomadisch pastoralisme,0.3808640241622925
6,4,51,377,"klimaat,",nomadisch pastoralisme,0.3910001218318939
6,4,52,378,zoals,nomadisch pastoralisme,0.4515003263950348
6,4,53,379,Noord-Eurazië,nomadisch pastoralisme,0.5004171133041382
6,4,54,380,met,nomadisch pastoralisme,0.39651671051979065
6,4,55,381,de,nomadisch pastoralisme,0.4173833727836609
6,4,56,382,inheemse,nomadisch pastoralisme,0.4855010211467743
6,4,57,383,"Samen,",nomadisch pastoralisme,0.444080650806427
6,4,58,384,Nenetsen,nomadisch pastoralisme,0.4708613455295563
6,4,59,385,en,nomadisch pastoralisme,0.3917982280254364
6,4,60,386,Tsjoektsjen.,nomadisch pastoralisme,0.4181665778160095
6,4,61,387,Er,nomadisch pastoralisme,0.4247792065143585
6,4,62,388,zijn,nomadisch pastoralisme,0.42360571026802063
6,4,63,389,naar,nomadisch pastoralisme,0.4414491355419159
6,4,64,390,schatting,nomadisch pastoralisme,0.427352637052536
6,4,65,391,tussen,nomadisch pastoralisme,0.43030375242233276
6,4,66,392,de,nomadisch pastoralisme,0.4173833727836609
6,4,67,393,30,nomadisch pastoralisme,0.40417715907096863
6,4,68,394,en,nomadisch pastoralisme,0.3917982280254364
6,4,69,395,40,nomadisch pastoralisme,0.40688610076904297
6,4,70,396,miljoen,nomadisch pastoralisme,0.4264028072357178
6,4,71,397,nomaden,nomadisch pastoralisme,0.5950639843940735
6,4,72,398,in,nomadisch pastoralisme,0.4088990390300751
6,4,73,399,de,nomadisch pastoralisme,0.4173833727836609
6,4,74,400,wereld.,nomadisch pastoralisme,0.4226921498775482
6,4,75,401,Pastorale,nomadisch pastoralisme,0.590319812297821
6,4,76,402,nomaden,nomadisch pastoralisme,0.5950639843940735
6,4,77,403,en,nomadisch pastoralisme,0.3917982280254364
6,4,78,404,semi-nomadische,nomadisch pastoralisme,0.6067835092544556
6,4,79,405,pastoralisten,nomadisch pastoralisme,0.650188148021698
6,4,80,406,vormen,nomadisch pastoralisme,0.45413264632225037
6,4,81,407,een,nomadisch pastoralisme,0.41813716292381287
6,4,82,408,significante,nomadisch pastoralisme,0.4031524062156677
6,4,83,409,maar,nomadisch pastoralisme,0.4220603406429291
6,4,84,410,dalende,nomadisch pastoralisme,0.443747341632843
6,4,85,411,minderheid,nomadisch pastoralisme,0.4502294659614563
6,4,86,412,in,nomadisch pastoralisme,0.4088990390300751
6,4,87,413,landen,nomadisch pastoralisme,0.43817171454429626
6,4,88,414,als,nomadisch pastoralisme,0.3859507739543915
6,4,89,415,"Saoedi-Arabië,",nomadisch pastoralisme,0.4163241684436798
6,4,90,416,Iran,nomadisch pastoralisme,0.441223680973053
6,4,91,417,en,nomadisch pastoralisme,0.3917982280254364
6,4,92,418,Afghanistan.,nomadisch pastoralisme,0.4373813569545746
6,4,93,419,Ze,nomadisch pastoralisme,0.4375897943973541
6,4,94,420,omvatten,nomadisch pastoralisme,0.44730299711227417
6,4,95,421,minder,nomadisch pastoralisme,0.4620949327945709
6,4,96,422,dan,nomadisch pastoralisme,0.40095090866088867
6,4,97,423,twee,nomadisch pastoralisme,0.40748852491378784
6,4,98,424,procent,nomadisch pastoralisme,0.4289535582065582
6,4,99,425,van,nomadisch pastoralisme,0.4496348202228546
6,4,100,426,de,nomadisch pastoralisme,0.4173833727836609
6,4,101,427,bevolking,nomadisch pastoralisme,0.4410732686519623
6,4,102,428,in,nomadisch pastoralisme,0.4088990390300751
6,4,103,429,de,nomadisch pastoralisme,0.4173833727836609
6,4,104,430,landen,nomadisch pastoralisme,0.43817171454429626
6,4,105,431,van,nomadisch pastoralisme,0.4496348202228546
6,4,106,432,"Noord-Afrika,",nomadisch pastoralisme,0.5075822472572327
6,4,107,433,behalve,nomadisch pastoralisme,0.41234084963798523
6,4,108,434,Libië,nomadisch pastoralisme,0.43532001972198486
6,4,109,435,en,nomadisch pastoralisme,0.3917982280254364
6,4,110,436,Mauritanië.,nomadisch pastoralisme,0.45597633719444275
6,5,0,437,Soms,nomadisch pastoralisme,0.4197635054588318
6,5,1,438,bewegen,nomadisch pastoralisme,0.4393053352832794
6,5,2,439,nomadische,nomadisch pastoralisme,0.6160873174667358
6,5,3,440,pastoralisten,nomadisch pastoralisme,0.650188148021698
6,5,4,441,hun,nomadisch pastoralisme,0.4585447311401367
6,5,5,442,kuddes,nomadisch pastoralisme,0.4666450619697571
6,5,6,443,over,nomadisch pastoralisme,0.39128249883651733
6,5,7,444,internationale,nomadisch pastoralisme,0.42390716075897217
6,5,8,445,"grenzen,",nomadisch pastoralisme,0.4373595714569092
6,5,9,446,op,nomadisch pastoralisme,0.38777878880500793
6,5,10,447,zoek,nomadisch pastoralisme,0.4446112811565399
6,5,11,448,naar,nomadisch pastoralisme,0.4414491355419159
6,5,12,449,nieuwe,nomadisch pastoralisme,0.4403091371059418
6,5,13,450,weidegebieden,nomadisch pastoralisme,0.5200749039649963
6,5,14,451,of,nomadisch pastoralisme,0.42829564213752747
6,5,15,452,voor,nomadisch pastoralisme,0.4299776256084442
6,5,16,453,de,nomadisch pastoralisme,0.4173833727836609
6,5,17,454,handel.,nomadisch pastoralisme,0.46606317162513733
6,5,18,455,Deze,nomadisch pastoralisme,0.4486774802207947
6,5,19,456,grensoverschrijdende,nomadisch pastoralisme,0.44234761595726013
6,5,20,457,activiteiten,nomadisch pastoralisme,0.46667614579200745
6,5,21,458,kunnen,nomadisch pastoralisme,0.4469616115093231
6,5,22,459,leiden,nomadisch pastoralisme,0.41168609261512756
6,5,23,460,tot,nomadisch pastoralisme,0.4287739098072052
6,5,24,461,spanningen,nomadisch pastoralisme,0.4038919508457184
6,5,25,462,met,nomadisch pastoralisme,0.39651671051979065
6,5,26,463,nationale,nomadisch pastoralisme,0.4311578571796417
6,5,27,464,"regeringen,",nomadisch pastoralisme,0.39336976408958435
6,5,28,465,aangezien,nomadisch pastoralisme,0.40876802802085876
6,5,29,466,deze,nomadisch pastoralisme,0.4503532350063324
6,5,30,467,vaak,nomadisch pastoralisme,0.43707194924354553
6,5,31,468,informeel,nomadisch pastoralisme,0.44992733001708984
6,5,32,469,en,nomadisch pastoralisme,0.3917982280254364
6,5,33,470,buiten,nomadisch pastoralisme,0.4451262056827545
6,5,34,471,hun,nomadisch pastoralisme,0.4585447311401367
6,5,35,472,controle,nomadisch pastoralisme,0.4069651961326599
6,5,36,473,en,nomadisch pastoralisme,0.3917982280254364
6,5,37,474,regelgeving,nomadisch pastoralisme,0.38264262676239014
6,5,38,475,vallen.,nomadisch pastoralisme,0.4295117259025574
6,5,39,476,In,nomadisch pastoralisme,0.42191019654273987
6,5,40,477,Oost-Afrika,nomadisch pastoralisme,0.49713757634162903
6,5,41,478,verloopt,nomadisch pastoralisme,0.443203330039978
6,5,42,479,meer,nomadisch pastoralisme,0.4185296893119812
6,5,43,480,dan,nomadisch pastoralisme,0.40095090866088867
6,5,44,481,95,nomadisch pastoralisme,0.39350488781929016
6,5,45,482,procent,nomadisch pastoralisme,0.4289535582065582
6,5,46,483,van,nomadisch pastoralisme,0.4496348202228546
6,5,47,484,de,nomadisch pastoralisme,0.4173833727836609
6,5,48,485,grensoverschrijdende,nomadisch pastoralisme,0.44234761595726013
6,5,49,486,handel,nomadisch pastoralisme,0.4915527403354645
6,5,50,487,via,nomadisch pastoralisme,0.4346221685409546
6,5,51,488,onofficiële,nomadisch pastoralisme,0.4649347960948944
6,5,52,489,kanalen.,nomadisch pastoralisme,0.39389318227767944
6,5,53,490,De,nomadisch pastoralisme,0.42334362864494324
6,5,54,491,onofficiële,nomadisch pastoralisme,0.4649347960948944
6,5,55,492,handel,nomadisch pastoralisme,0.4915527403354645
6,5,56,493,in,nomadisch pastoralisme,0.4088990390300751
6,5,57,494,levende,nomadisch pastoralisme,0.4855651259422302
6,5,58,495,"runderen,",nomadisch pastoralisme,0.4873683452606201
6,5,59,496,"kamelen,",nomadisch pastoralisme,0.49734535813331604
6,5,60,497,schapen,nomadisch pastoralisme,0.540692150592804
6,5,61,498,en,nomadisch pastoralisme,0.3917982280254364
6,5,62,499,geiten,nomadisch pastoralisme,0.5191200375556946
6,5,63,500,van,nomadisch pastoralisme,0.4496348202228546
6,5,64,501,Ethiopië,nomadisch pastoralisme,0.45676618814468384
6,5,65,502,naar,nomadisch pastoralisme,0.4414491355419159
6,5,66,503,"Somalië,",nomadisch pastoralisme,0.45525893568992615
6,5,67,504,Kenia,nomadisch pastoralisme,0.44023022055625916
6,5,68,505,en,nomadisch pastoralisme,0.3917982280254364
6,5,69,506,Djibouti,nomadisch pastoralisme,0.4580646753311157
6,5,70,507,genereert,nomadisch pastoralisme,0.42306971549987793
6,5,71,508,een,nomadisch pastoralisme,0.41813716292381287
6,5,72,509,geschatte,nomadisch pastoralisme,0.46150627732276917
6,5,73,510,totale,nomadisch pastoralisme,0.4086543023586273
6,5,74,511,waarde,nomadisch pastoralisme,0.42172005772590637
6,5,75,512,van,nomadisch pastoralisme,0.4496348202228546
6,5,76,513,tussen,nomadisch pastoralisme,0.43030375242233276
6,5,77,514,250,nomadisch pastoralisme,0.4140293300151825
6,5,78,515,en,nomadisch pastoralisme,0.3917982280254364
6,5,79,516,300,nomadisch pastoralisme,0.4101123809814453
6,5,80,517,miljoen,nomadisch pastoralisme,0.4264028072357178
6,5,81,518,Amerikaanse,nomadisch pastoralisme,0.4293934106826782
6,5,82,519,Dollars,nomadisch pastoralisme,0.38769444823265076
6,5,83,520,per,nomadisch pastoralisme,0.3981703221797943
6,5,84,521,jaar,nomadisch pastoralisme,0.4007547199726105
6,5,85,522,(100,nomadisch pastoralisme,0.39874064922332764
6,5,86,523,keer,nomadisch pastoralisme,0.42591723799705505
6,5,87,524,meer,nomadisch pastoralisme,0.4185296893119812
6,5,88,525,dan,nomadisch pastoralisme,0.40095090866088867
6,5,89,526,het,nomadisch pastoralisme,0.4346851110458374
6,5,90,527,officiële,nomadisch pastoralisme,0.4172714054584503
6,5,91,528,bedrag).,nomadisch pastoralisme,0.4189252555370331
6,5,92,529,Deze,nomadisch pastoralisme,0.4486774802207947
6,5,93,530,handel,nomadisch pastoralisme,0.4915527403354645
6,5,94,531,helpt,nomadisch pastoralisme,0.44147148728370667
6,5,95,532,de,nomadisch pastoralisme,0.4173833727836609
6,5,96,533,voedselprijzen,nomadisch pastoralisme,0.4130907356739044
6,5,97,534,te,nomadisch pastoralisme,0.40932220220565796
6,5,98,535,"verlagen,",nomadisch pastoralisme,0.42126592993736267
6,5,99,536,de,nomadisch pastoralisme,0.4173833727836609
6,5,100,537,voedselzekerheid,nomadisch pastoralisme,0.46622079610824585
6,5,101,538,te,nomadisch pastoralisme,0.40932220220565796
6,5,102,539,"vergroten,",nomadisch pastoralisme,0.41764113306999207
6,5,103,540,de,nomadisch pastoralisme,0.4173833727836609
6,5,104,541,grensspanningen,nomadisch pastoralisme,0.4618077874183655
6,5,105,542,te,nomadisch pastoralisme,0.40932220220565796
6,5,106,543,verlichten,nomadisch pastoralisme,0.3817054033279419
6,5,107,544,en,nomadisch pastoralisme,0.3917982280254364
6,5,108,545,de,nomadisch pastoralisme,0.4173833727836609
6,5,109,546,regionale,nomadisch pastoralisme,0.45113077759742737
6,5,110,547,integratie,nomadisch pastoralisme,0.40599849820137024
6,5,111,548,te,nomadisch pastoralisme,0.40932220220565796
6,5,112,549,bevorderen.,nomadisch pastoralisme,0.37040114402770996
6,5,113,550,Er,nomadisch pastoralisme,0.4247792065143585
6,5,114,551,zijn,nomadisch pastoralisme,0.42360571026802063
6,5,115,552,echter,nomadisch pastoralisme,0.4398360550403595
6,5,116,553,ook,nomadisch pastoralisme,0.3876214921474457
6,5,117,554,risico's,nomadisch pastoralisme,0.36484602093696594
6,5,118,555,aan,nomadisch pastoralisme,0.40175169706344604
6,5,119,556,de,nomadisch pastoralisme,0.4173833727836609
6,5,120,557,niet-gereguleerde,nomadisch pastoralisme,0.447760671377182
6,5,121,558,en,nomadisch pastoralisme,0.3917982280254364
6,5,122,559,ongedocumenteerde,nomadisch pastoralisme,0.5014969706535339
6,5,123,560,aard,nomadisch pastoralisme,0.4864584505558014
6,5,124,561,van,nomadisch pastoralisme,0.4496348202228546
6,5,125,562,deze,nomadisch pastoralisme,0.4503532350063324
6,5,126,563,"handel,",nomadisch pastoralisme,0.47391873598098755
6,5,127,564,zoals,nomadisch pastoralisme,0.4515003263950348
6,5,128,565,het,nomadisch pastoralisme,0.4346851110458374
6,5,129,566,gemakkelijker,nomadisch pastoralisme,0.40493521094322205
6,5,130,567,verspreiden,nomadisch pastoralisme,0.45436891913414
6,5,131,568,van,nomadisch pastoralisme,0.4496348202228546
6,5,132,569,ziektes,nomadisch pastoralisme,0.3955577313899994
6,5,133,570,over,nomadisch pastoralisme,0.39128249883651733
6,5,134,571,nationale,nomadisch pastoralisme,0.4311578571796417
6,5,135,572,grenzen.,nomadisch pastoralisme,0.4198343753814697
6,5,136,573,Bovendien,nomadisch pastoralisme,0.37824031710624695
6,5,137,574,zijn,nomadisch pastoralisme,0.42360571026802063
6,5,138,575,regeringen,nomadisch pastoralisme,0.38955366611480713
6,5,139,576,ongelukkig,nomadisch pastoralisme,0.4108261168003082
6,5,140,577,met,nomadisch pastoralisme,0.39651671051979065
6,5,141,578,verloren,nomadisch pastoralisme,0.4352545440196991
6,5,142,579,belastinginkomsten,nomadisch pastoralisme,0.39018720388412476
6,5,143,580,en,nomadisch pastoralisme,0.3917982280254364
6,5,144,581,"wisselkoersopbrengsten,",nomadisch pastoralisme,0.4085415303707123
6,5,145,582,en,nomadisch pastoralisme,0.3917982280254364
6,5,146,583,kan,nomadisch pastoralisme,0.45387002825737
6,5,147,584,dergelijk,nomadisch pastoralisme,0.41400912404060364
6,5,148,585,handelsverkeer,nomadisch pastoralisme,0.4829868674278259
6,5,149,586,ook,nomadisch pastoralisme,0.3876214921474457
6,5,150,587,worden,nomadisch pastoralisme,0.4232831299304962
6,5,151,588,misbruikt,nomadisch pastoralisme,0.437094122171402
6,5,152,589,voor,nomadisch pastoralisme,0.4299776256084442
6,5,153,590,illegale,nomadisch pastoralisme,0.4450884163379669
6,5,154,591,zaken,nomadisch pastoralisme,0.43659213185310364
6,5,155,592,als,nomadisch pastoralisme,0.3859507739543915
6,5,156,593,"smokkel,",nomadisch pastoralisme,0.40773138403892517
6,5,157,594,"mensenhandel,",nomadisch pastoralisme,0.47092923521995544
6,5,158,595,witwaspraktijken,nomadisch pastoralisme,0.4770684242248535
6,5,159,596,en,nomadisch pastoralisme,0.3917982280254364
6,5,160,597,terrorisme.,nomadisch pastoralisme,0.41506242752075195
7,0,0,1,Vleermuizen,vleermuizen,
7,0,1,2,(Chiroptera),vleermuizen,0.6695976257324219
7,0,2,3,zijn,vleermuizen,0.5382609963417053
7,0,3,4,een,vleermuizen,0.4801793098449707
7,0,4,5,orde,vleermuizen,0.4935299754142761
7,0,5,6,van,vleermuizen,0.49753719568252563
7,0,6,7,kleine,vleermuizen,0.5159809589385986
7,0,7,8,zoogdieren,vleermuizen,0.5912200212478638
7,0,8,9,die,vleermuizen,0.4743954539299011
7,0,9,10,zich,vleermuizen,0.498751163482666
7,0,10,11,actief,vleermuizen,0.49249494075775146
7,0,11,12,door,vleermuizen,0.45063573122024536
7,0,12,13,de,vleermuizen,0.4706559181213379
7,0,13,14,lucht,vleermuizen,0.4594794511795044
7,0,14,15,kunnen,vleermuizen,0.4726862907409668
7,0,15,16,voortbewegen.,vleermuizen,0.49733003973960876
7,0,16,17,Hiertoe,vleermuizen,0.526874840259552
7,0,17,18,hebben,vleermuizen,0.4806215167045593
7,0,18,19,ze,vleermuizen,0.48957914113998413
7,0,19,20,vleugels,vleermuizen,0.6120015382766724
7,0,20,21,die,vleermuizen,0.48754608631134033
7,0,21,22,bestaan,vleermuizen,0.5195043683052063
7,0,22,23,uit,vleermuizen,0.5305303931236267
7,0,23,24,een,vleermuizen,0.48145249485969543
7,0,24,25,"vlieghuid,",vleermuizen,0.5790578722953796
7,0,25,26,opgespannen,vleermuizen,0.5074986219406128
7,0,26,27,tussen,vleermuizen,0.48296844959259033
7,0,27,28,de,vleermuizen,0.48435521125793457
7,0,28,29,vingers,vleermuizen,0.5616259574890137
7,0,29,30,van,vleermuizen,0.5094812512397766
7,0,30,31,hun,vleermuizen,0.4986819922924042
7,0,31,32,voor-,vleermuizen,0.4899308979511261
7,0,32,33,en,vleermuizen,0.4531012773513794
7,0,33,34,achterpoten,vleermuizen,0.5733561515808105
7,0,34,35,en,vleermuizen,0.4442657232284546
7,0,35,36,hun,vleermuizen,0.49978575110435486
7,0,36,37,staart.,vleermuizen,0.4701152443885803
7,1,0,38,De,vleermuizen,0.46002912521362305
7,1,1,39,meeste,vleermuizen,0.5160781145095825
7,1,2,40,vleermuizen,vleermuizen,0.7222536206245422
7,1,3,41,zijn,vleermuizen,0.5085715651512146
7,1,4,42,insectivoor,vleermuizen,0.6111606359481812
7,1,5,43,of,vleermuizen,0.5095162391662598
7,1,6,44,frugivoor,vleermuizen,0.5418717861175537
7,1,7,45,(fruit-eters).,vleermuizen,0.5308547019958496
7,1,8,46,Enkele,vleermuizen,0.5135560631752014
7,1,9,47,soorten,vleermuizen,0.5489485859870911
7,1,10,48,hebben,vleermuizen,0.4877830743789673
7,1,11,49,een,vleermuizen,0.47364571690559387
7,1,12,50,ander,vleermuizen,0.5023142695426941
7,1,13,51,dieet.,vleermuizen,0.47492268681526184
7,1,14,52,Opmerkelijk,vleermuizen,0.4886319935321808
7,1,15,53,zijn,vleermuizen,0.5043614506721497
7,1,16,54,de,vleermuizen,0.46587976813316345
7,1,17,55,"vampiervleermuizen,",vleermuizen,0.6751499772071838
7,1,18,56,die,vleermuizen,0.497136652469635
7,1,19,57,van,vleermuizen,0.5207772254943848
7,1,20,58,het,vleermuizen,0.5150484442710876
7,1,21,59,bloed,vleermuizen,0.5220187306404114
7,1,22,60,leven,vleermuizen,0.5172687768936157
7,1,23,61,van,vleermuizen,0.5187464952468872
7,1,24,62,zoogdieren,vleermuizen,0.6022670269012451
7,1,25,63,en,vleermuizen,0.4511992335319519
7,1,26,64,vogels.,vleermuizen,0.581400990486145
7,1,27,65,Vrijwel,vleermuizen,0.4879283905029297
7,1,28,66,alle,vleermuizen,0.4768625497817993
7,1,29,67,vleermuizen,vleermuizen,0.7262110114097595
7,1,30,68,hebben,vleermuizen,0.4826934337615967
7,1,31,69,een,vleermuizen,0.4612734019756317
7,1,32,70,nachtelijke,vleermuizen,0.4843379557132721
7,1,33,71,levenswijze.,vleermuizen,0.4986461400985718
7,1,34,72,Overdag,vleermuizen,0.49297574162483215
7,1,35,73,verschuilen,vleermuizen,0.5099017024040222
7,1,36,74,ze,vleermuizen,0.474088579416275
7,1,37,75,zich,vleermuizen,0.5115901827812195
7,1,38,76,in,vleermuizen,0.47135239839553833
7,1,39,77,grotten,vleermuizen,0.4684982895851135
7,1,40,78,of,vleermuizen,0.4792770743370056
7,1,41,79,andere,vleermuizen,0.4675760567188263
7,1,42,80,verlaten,vleermuizen,0.4613848030567169
7,1,43,81,schuilplaatsen.,vleermuizen,0.5371953248977661
7,1,44,82,Vleermuizen,vleermuizen,0.7137925028800964
7,1,45,83,komen,vleermuizen,0.49160027503967285
7,1,46,84,wereldwijd,vleermuizen,0.45494699478149414
7,1,47,85,"voor,",vleermuizen,0.4478790760040283
7,1,48,86,met,vleermuizen,0.4613874852657318
7,1,49,87,uitzondering,vleermuizen,0.4657213091850281
7,1,50,88,van,vleermuizen,0.5028795003890991
7,1,51,89,extreem,vleermuizen,0.4747264087200165
7,1,52,90,koude,vleermuizen,0.47951892018318176
7,1,53,91,gebieden.,vleermuizen,0.45800358057022095
7,1,54,92,Ze,vleermuizen,0.4925205707550049
7,1,55,93,zijn,vleermuizen,0.47932514548301697
7,1,56,94,van,vleermuizen,0.5036507248878479
7,1,57,95,groot,vleermuizen,0.5063351392745972
7,1,58,96,ecologisch,vleermuizen,0.48934483528137207
7,1,59,97,"belang,",vleermuizen,0.42132702469825745
7,1,60,98,voornamelijk,vleermuizen,0.4841661751270294
7,1,61,99,bij,vleermuizen,0.49915948510169983
7,1,62,100,bestuiven,vleermuizen,0.5159902572631836
7,1,63,101,van,vleermuizen,0.4970119893550873
7,1,64,102,bloemen,vleermuizen,0.4710770547389984
7,1,65,103,en,vleermuizen,0.4273224472999573
7,1,66,104,het,vleermuizen,0.48139479756355286
7,1,67,105,verspreiden,vleermuizen,0.4775310158729553
7,1,68,106,van,vleermuizen,0.4960730969905853
7,1,69,107,zaden;,vleermuizen,0.46167808771133423
7,1,70,108,veel,vleermuizen,0.48906660079956055
7,1,71,109,tropische,vleermuizen,0.5299463868141174
7,1,72,110,planten,vleermuizen,0.4848858416080475
7,1,73,111,zijn,vleermuizen,0.46630463004112244
7,1,74,112,voor,vleermuizen,0.46680617332458496
7,1,75,113,hun,vleermuizen,0.47316306829452515
7,1,76,114,voortplanting,vleermuizen,0.48070061206817627
7,1,77,115,volledig,vleermuizen,0.4607527554035187
7,1,78,116,afhankelijk,vleermuizen,0.4292841851711273
7,1,79,117,van,vleermuizen,0.4893036484718323
7,1,80,118,vleermuizen.,vleermuizen,0.6803601980209351
7,2,0,119,Vleermuizen,vleermuizen,0.7082475423812866
7,2,1,120,bieden,vleermuizen,0.4758606255054474
7,2,2,121,de,vleermuizen,0.4307228922843933
7,2,3,122,mens,vleermuizen,0.4451170265674591
7,2,4,123,een,vleermuizen,0.4380625784397125
7,2,5,124,aantal,vleermuizen,0.46929144859313965
7,2,6,125,"voordelen,",vleermuizen,0.44959333539009094
7,2,7,126,zij,vleermuizen,0.4874612092971802
7,2,8,127,het,vleermuizen,0.4792579114437103
7,2,9,128,ten,vleermuizen,0.447006493806839
7,2,10,129,koste,vleermuizen,0.45006176829338074
7,2,11,130,van,vleermuizen,0.486201673746109
7,2,12,131,enkele,vleermuizen,0.4651510417461395
7,2,13,132,bedreigingen.,vleermuizen,0.46206191182136536
7,2,14,133,De,vleermuizen,0.41214439272880554
7,2,15,134,mest,vleermuizen,0.4797789454460144
7,2,16,135,van,vleermuizen,0.48563361167907715
7,2,17,136,"vleermuizen,",vleermuizen,0.6638890504837036
7,2,18,137,"guano,",vleermuizen,0.4452493190765381
7,2,19,138,wordt,vleermuizen,0.4580957889556885
7,2,20,139,gewonnen,vleermuizen,0.48048123717308044
7,2,21,140,uit,vleermuizen,0.5103946924209595
7,2,22,141,grotten,vleermuizen,0.47141388058662415
7,2,23,142,en,vleermuizen,0.43132510781288147
7,2,24,143,gebruikt,vleermuizen,0.4864126145839691
7,2,25,144,als,vleermuizen,0.42316168546676636
7,2,26,145,natuurlijke,vleermuizen,0.48565974831581116
7,2,27,146,mest,vleermuizen,0.4850139021873474
7,2,28,147,voor,vleermuizen,0.4792090058326721
7,2,29,148,sierteelt,vleermuizen,0.5321100950241089
7,2,30,149,en,vleermuizen,0.4377952218055725
7,2,31,150,fruit.,vleermuizen,0.4708516597747803
7,2,32,151,Vleermuizen,vleermuizen,0.7052444815635681
7,2,33,152,beperken,vleermuizen,0.41544315218925476
7,2,34,153,"insectenplagen,",vleermuizen,0.5356524586677551
7,2,35,154,waardoor,vleermuizen,0.5201016068458557
7,2,36,155,er,vleermuizen,0.46857401728630066
7,2,37,156,minder,vleermuizen,0.5154072046279907
7,2,38,157,pesticiden,vleermuizen,0.509742796421051
7,2,39,158,nodig,vleermuizen,0.4627572000026703
7,2,40,159,zijn.,vleermuizen,0.4668188691139221
7,2,41,160,Sommige,vleermuizen,0.4818420112133026
7,2,42,161,soorten,vleermuizen,0.530299186706543
7,2,43,162,worden,vleermuizen,0.4794195294380188
7,2,44,163,in,vleermuizen,0.4657067656517029
7,2,45,164,Azië,vleermuizen,0.47939205169677734
7,2,46,165,verwerkt,vleermuizen,0.5103989839553833
7,2,47,166,in,vleermuizen,0.4623788595199585
7,2,48,167,gerechten.,vleermuizen,0.45694610476493835
7,2,49,168,In,vleermuizen,0.481616735458374
7,2,50,169,veel,vleermuizen,0.48264309763908386
7,2,51,170,culturen,vleermuizen,0.4554264545440674
7,2,52,171,worden,vleermuizen,0.4779685437679291
7,2,53,172,vleermuizen,vleermuizen,0.7096586227416992
7,2,54,173,geassocieerd,vleermuizen,0.43375349044799805
7,2,55,174,met,vleermuizen,0.44990310072898865
7,2,56,175,"duisternis,",vleermuizen,0.4534079134464264
7,2,57,176,"kwaadwilligheid,",vleermuizen,0.4559468924999237
7,2,58,177,"hekserij,",vleermuizen,0.5050262212753296
7,2,59,178,vampieren,vleermuizen,0.5772976279258728
7,2,60,179,en,vleermuizen,0.43420496582984924
7,2,61,180,de,vleermuizen,0.43238747119903564
7,2,62,181,dood.,vleermuizen,0.4710189402103424
7,3,0,182,In,vleermuizen,0.47916191816329956
7,3,1,183,het,vleermuizen,0.4777613878250122
7,3,2,184,verleden,vleermuizen,0.4170253574848175
7,3,3,185,werden,vleermuizen,0.4752795696258545
7,3,4,186,de,vleermuizen,0.43017685413360596
7,3,5,187,vleermuizen,vleermuizen,0.7063803672790527
7,3,6,188,in,vleermuizen,0.4582723379135132
7,3,7,189,twee,vleermuizen,0.4710054397583008
7,3,8,190,onderordes,vleermuizen,0.5030233860015869
7,3,9,191,ingedeeld:,vleermuizen,0.4409964382648468
7,3,10,192,Megachiroptera,vleermuizen,0.581939160823822
7,3,11,193,(grote,vleermuizen,0.4698416292667389
7,3,12,194,vleermuizen),vleermuizen,0.671959400177002
7,3,13,195,en,vleermuizen,0.42707860469818115
7,3,14,196,Microchiroptera,vleermuizen,0.6273725628852844
7,3,15,197,(kleine,vleermuizen,0.4664367139339447
7,3,16,198,vleermuizen).,vleermuizen,0.634493887424469
7,3,17,199,De,vleermuizen,0.41649168729782104
7,3,18,200,eerste,vleermuizen,0.44040197134017944
7,3,19,201,groep,vleermuizen,0.48248058557510376
7,3,20,202,bestaat,vleermuizen,0.49424585700035095
7,3,21,203,uit,vleermuizen,0.5095407366752625
7,3,22,204,grotere,vleermuizen,0.4711412191390991
7,3,23,205,"soorten,",vleermuizen,0.5200414657592773
7,3,24,206,die,vleermuizen,0.4751022458076477
7,3,25,207,zich,vleermuizen,0.49853751063346863
7,3,26,208,meestal,vleermuizen,0.4616435766220093
7,3,27,209,op,vleermuizen,0.434429407119751
7,3,28,210,het,vleermuizen,0.47444817423820496
7,3,29,211,zicht,vleermuizen,0.409942626953125
7,3,30,212,oriënteren,vleermuizen,0.47018977999687195
7,3,31,213,en,vleermuizen,0.42464274168014526
7,3,32,214,die,vleermuizen,0.4750378727912903
7,3,33,215,vaak,vleermuizen,0.471561074256897
7,3,34,216,fruit,vleermuizen,0.47815993428230286
7,3,35,217,eten;,vleermuizen,0.49396535754203796
7,3,36,218,de,vleermuizen,0.42648935317993164
7,3,37,219,vleerhonden,vleermuizen,0.617550253868103
7,3,38,220,behoren,vleermuizen,0.49206748604774475
7,3,39,221,hiertoe.,vleermuizen,0.4391849935054779
7,3,40,222,De,vleermuizen,0.4135953485965729
7,3,41,223,tweede,vleermuizen,0.4483259916305542
7,3,42,224,groep,vleermuizen,0.48200148344039917
7,3,43,225,bestaat,vleermuizen,0.4922329783439636
7,3,44,226,vrijwel,vleermuizen,0.4668365716934204
7,3,45,227,alleen,vleermuizen,0.46605342626571655
7,3,46,228,uit,vleermuizen,0.5066560506820679
7,3,47,229,"vleeseters,",vleermuizen,0.5157550573348999
7,3,48,230,die,vleermuizen,0.4715791940689087
7,3,49,231,zonder,vleermuizen,0.47905606031417847
7,3,50,232,uitzondering,vleermuizen,0.45836278796195984
7,3,51,233,gebruikmaken,vleermuizen,0.44504058361053467
7,3,52,234,van,vleermuizen,0.47174936532974243
7,3,53,235,echolocatie.,vleermuizen,0.4270588755607605
7,3,54,236,Tot,vleermuizen,0.5123868584632874
7,3,55,237,deze,vleermuizen,0.4667339324951172
7,3,56,238,groep,vleermuizen,0.4795824885368347
7,3,57,239,behoren,vleermuizen,0.48908910155296326
7,3,58,240,alle,vleermuizen,0.4454769492149353
7,3,59,241,andere,vleermuizen,0.46064293384552
7,3,60,242,vleermuizen.,vleermuizen,0.6571545004844666
7,4,0,243,Europese,vleermuizen,0.45570284128189087
7,4,1,244,vleermuizen,vleermuizen,0.6949671506881714
7,4,2,245,eten,vleermuizen,0.4923631250858307
7,4,3,246,meestal,vleermuizen,0.4511907994747162
7,4,4,247,"insecten,",vleermuizen,0.5133659243583679
7,4,5,248,die,vleermuizen,0.46660923957824707
7,4,6,249,in,vleermuizen,0.4534318447113037
7,4,7,250,de,vleermuizen,0.42583316564559937
7,4,8,251,avondschemer,vleermuizen,0.4804740846157074
7,4,9,252,in,vleermuizen,0.4494366943836212
7,4,10,253,de,vleermuizen,0.42489510774612427
7,4,11,254,lucht,vleermuizen,0.4740409255027771
7,4,12,255,gevangen,vleermuizen,0.4770846664905548
7,4,13,256,worden,vleermuizen,0.455689013004303
7,4,14,257,met,vleermuizen,0.4362775981426239
7,4,15,258,behulp,vleermuizen,0.44296884536743164
7,4,16,259,van,vleermuizen,0.46971747279167175
7,4,17,260,echolocatie.,vleermuizen,0.4347371757030487
7,4,18,261,Omdat,vleermuizen,0.4761155843734741
7,4,19,262,er,vleermuizen,0.4537715017795563
7,4,20,263,in,vleermuizen,0.45148229598999023
7,4,21,264,de,vleermuizen,0.42591607570648193
7,4,22,265,winter,vleermuizen,0.4004735052585602
7,4,23,266,nauwelijks,vleermuizen,0.4495126008987427
7,4,24,267,insecten,vleermuizen,0.5402170419692993
7,4,25,268,"rondvliegen,",vleermuizen,0.5136194825172424
7,4,26,269,houden,vleermuizen,0.4604397118091583
7,4,27,270,de,vleermuizen,0.4231891930103302
7,4,28,271,in,vleermuizen,0.44802266359329224
7,4,29,272,Nederland,vleermuizen,0.4181821346282959
7,4,30,273,en,vleermuizen,0.4167567491531372
7,4,31,274,België,vleermuizen,0.4007689654827118
7,4,32,275,voorkomende,vleermuizen,0.4595797657966614
7,4,33,276,soorten,vleermuizen,0.5129056572914124
7,4,34,277,een,vleermuizen,0.4260510504245758
7,4,35,278,"winterslaap,",vleermuizen,0.4066135287284851
7,4,36,279,waarbij,vleermuizen,0.4575895369052887
7,4,37,280,ze,vleermuizen,0.4320743978023529
7,4,38,281,hun,vleermuizen,0.4546748399734497
7,4,39,282,metabolisme,vleermuizen,0.46499472856521606
7,4,40,283,tot,vleermuizen,0.47795307636260986
7,4,41,284,een,vleermuizen,0.4247528314590454
7,4,42,285,uiterst,vleermuizen,0.44471225142478943
7,4,43,286,laag,vleermuizen,0.4122353792190552
7,4,44,287,pitje,vleermuizen,0.45191121101379395
7,4,45,288,terugdraaien,vleermuizen,0.4117152690887451
7,4,46,289,en,vleermuizen,0.4130673110485077
7,4,47,290,hun,vleermuizen,0.4546748399734497
7,4,48,291,lichaamstemperatuur,vleermuizen,0.40242844820022583
7,4,49,292,maar,vleermuizen,0.43293502926826477
7,4,50,293,net,vleermuizen,0.39968639612197876
7,4,51,294,boven,vleermuizen,0.4399157464504242
7,4,52,295,het,vleermuizen,0.45731937885284424
7,4,53,296,vriespunt,vleermuizen,0.4635472595691681
7,4,54,297,blijft.,vleermuizen,0.4080694019794464
7,4,55,298,Vleermuizen,vleermuizen,0.6840285658836365
7,4,56,299,paren,vleermuizen,0.4450708031654358
7,4,57,300,vóór,vleermuizen,0.4181132912635803
7,4,58,301,de,vleermuizen,0.422453373670578
7,4,59,302,"winter,",vleermuizen,0.40368664264678955
7,4,60,303,maar,vleermuizen,0.43293502926826477
7,4,61,304,de,vleermuizen,0.422453373670578
7,4,62,305,eisprong,vleermuizen,0.4599674940109253
7,4,63,306,en,vleermuizen,0.4130673110485077
7,4,64,307,bevruchting,vleermuizen,0.45431408286094666
7,4,65,308,treden,vleermuizen,0.4159054458141327
7,4,66,309,pas,vleermuizen,0.43715497851371765
7,4,67,310,een,vleermuizen,0.4247528314590454
7,4,68,311,paar,vleermuizen,0.45717617869377136
7,4,69,312,maanden,vleermuizen,0.44345784187316895
7,4,70,313,later,vleermuizen,0.4358428418636322
7,4,71,314,op.,vleermuizen,0.4169386327266693
7,4,72,315,Meestal,vleermuizen,0.44060614705085754
7,4,73,316,is,vleermuizen,0.43507686257362366
7,4,74,317,er,vleermuizen,0.44433677196502686
7,4,75,318,maar,vleermuizen,0.43293502926826477
7,4,76,319,één,vleermuizen,0.44027179479599
7,4,77,320,jong;,vleermuizen,0.42687705159187317
7,4,78,321,dat,vleermuizen,0.44161662459373474
7,4,79,322,wordt,vleermuizen,0.4279214143753052
7,4,80,323,gezoogd,vleermuizen,0.4963546693325043
7,4,81,324,en,vleermuizen,0.4130673110485077
7,4,82,325,blijft,vleermuizen,0.4459397494792938
7,4,83,326,tijdens,vleermuizen,0.4379730820655823
7,4,84,327,de,vleermuizen,0.422453373670578
7,4,85,328,jacht,vleermuizen,0.4291435778141022
7,4,86,329,van,vleermuizen,0.46358659863471985
7,4,87,330,de,vleermuizen,0.422453373670578
7,4,88,331,moeder,vleermuizen,0.43646714091300964
7,4,89,332,op,vleermuizen,0.4191673696041107
7,4,90,333,de,vleermuizen,0.422453373670578
7,4,91,334,slaapplaats,vleermuizen,0.44145312905311584
7,4,92,335,hangen.,vleermuizen,0.43466001749038696
7,4,93,336,Vleermuizen,vleermuizen,0.6840285658836365
7,4,94,337,kunnen,vleermuizen,0.4340420663356781
7,4,95,338,tot,vleermuizen,0.47795307636260986
7,4,96,339,tientallen,vleermuizen,0.4372936189174652
7,4,97,340,jaren,vleermuizen,0.4150007367134094
7,4,98,341,oud,vleermuizen,0.41620951890945435
7,4,99,342,worden,vleermuizen,0.44522780179977417
7,4,100,343,en,vleermuizen,0.4130673110485077
7,4,101,344,planten,vleermuizen,0.45658716559410095
7,4,102,345,zich,vleermuizen,0.4780779480934143
7,4,103,346,maar,vleermuizen,0.43293502926826477
7,4,104,347,langzaam,vleermuizen,0.4324917495250702
7,4,105,348,voort.,vleermuizen,0.4219572842121124
7,4,106,349,Ze,vleermuizen,0.44197484850883484
7,4,107,350,zijn,vleermuizen,0.44735291600227356
7,4,108,351,meestal,vleermuizen,0.44225719571113586
7,4,109,352,zeer,vleermuizen,0.4521549344062805
7,4,110,353,trouw,vleermuizen,0.4210294187068939
7,4,111,354,aan,vleermuizen,0.43229180574417114
7,4,112,355,hun,vleermuizen,0.4546748399734497
7,4,113,356,standplaats,vleermuizen,0.3997277021408081
7,4,114,357,en,vleermuizen,0.4130673110485077
7,4,115,358,overwinteringsplaats.,vleermuizen,0.4418543577194214
7,5,0,359,Ze,vleermuizen,0.44197484850883484
7,5,1,360,zijn,vleermuizen,0.44735291600227356
7,5,2,361,in,vleermuizen,0.4435119926929474
7,5,3,362,de,vleermuizen,0.422453373670578
7,5,4,363,schemering,vleermuizen,0.4898998439311981
7,5,5,364,goed,vleermuizen,0.41156333684921265
7,5,6,365,te,vleermuizen,0.4072730541229248
7,5,7,366,"herkennen,",vleermuizen,0.46106797456741333
7,5,8,367,in,vleermuizen,0.4435119926929474
7,5,9,368,de,vleermuizen,0.422453373670578
7,5,10,369,eerste,vleermuizen,0.4209745228290558
7,5,11,370,plaats,vleermuizen,0.4319444000720978
7,5,12,371,omdat,vleermuizen,0.4494463801383972
7,5,13,372,er,vleermuizen,0.44433677196502686
7,5,14,373,in,vleermuizen,0.4435119926929474
7,5,15,374,de,vleermuizen,0.422453373670578
7,5,16,375,schemering,vleermuizen,0.4898998439311981
7,5,17,376,weinig,vleermuizen,0.43297213315963745
7,5,18,377,vogels,vleermuizen,0.5186637043952942
7,5,19,378,vliegen,vleermuizen,0.49989932775497437
7,5,20,379,en,vleermuizen,0.4130673110485077
7,5,21,380,in,vleermuizen,0.4435119926929474
7,5,22,381,de,vleermuizen,0.422453373670578
7,5,23,382,tweede,vleermuizen,0.4401799142360687
7,5,24,383,plaats,vleermuizen,0.4319444000720978
7,5,25,384,omdat,vleermuizen,0.4494463801383972
7,5,26,385,hun,vleermuizen,0.4546748399734497
7,5,27,386,vlucht,vleermuizen,0.5158495306968689
7,5,28,387,nogal,vleermuizen,0.4655464291572571
7,5,29,388,afwijkend,vleermuizen,0.4336574673652649
7,5,30,389,is.,vleermuizen,0.4495283365249634
7,5,31,390,Op,vleermuizen,0.42865487933158875
7,5,32,391,jacht,vleermuizen,0.4291435778141022
7,5,33,392,naar,vleermuizen,0.43582507967948914
7,5,34,393,vliegende,vleermuizen,0.5008725523948669
7,5,35,394,insecten,vleermuizen,0.5378302335739136
7,5,36,395,hebben,vleermuizen,0.4467048645019531
7,5,37,396,ze,vleermuizen,0.4320743978023529
7,5,38,397,een,vleermuizen,0.4247528314590454
7,5,39,398,zeer,vleermuizen,0.4521549344062805
7,5,40,399,onregelmatige,vleermuizen,0.45008862018585205
7,5,41,400,"vlucht,",vleermuizen,0.4977622330188751
7,5,42,401,ze,vleermuizen,0.4320743978023529
7,5,43,402,kunnen,vleermuizen,0.4340420663356781
7,5,44,403,snel,vleermuizen,0.43076369166374207
7,5,45,404,hun,vleermuizen,0.4546748399734497
7,5,46,405,vliegrichting,vleermuizen,0.504409670829773
7,5,47,406,aanpassen.,vleermuizen,0.39232686161994934
7,5,48,407,Deze,vleermuizen,0.4646505117416382
7,5,49,408,vleermuizen,vleermuizen,0.6875394582748413
7,5,50,409,zenden,vleermuizen,0.44188836216926575
7,5,51,410,namelijk,vleermuizen,0.4287670850753784
7,5,52,411,ultrasone,vleermuizen,0.43801599740982056
7,5,53,412,geluiden,vleermuizen,0.43009382486343384
7,5,54,413,uit,vleermuizen,0.49495548009872437
7,5,55,414,die,vleermuizen,0.45824235677719116
7,5,56,415,op,vleermuizen,0.4191673696041107
7,5,57,416,een,vleermuizen,0.4247528314590454
7,5,58,417,prooi,vleermuizen,0.4976288974285126
7,5,59,418,weerkaatsen,vleermuizen,0.4276205003261566
7,5,60,419,en,vleermuizen,0.4130673110485077
7,5,61,420,weer,vleermuizen,0.4185967445373535
7,5,62,421,opgevangen,vleermuizen,0.44766536355018616
7,5,63,422,worden.,vleermuizen,0.4253682494163513
7,5,64,423,Zo,vleermuizen,0.4426615536212921
7,5,65,424,kan,vleermuizen,0.4395708739757538
7,5,66,425,de,vleermuizen,0.422453373670578
7,5,67,426,vleermuis,vleermuizen,0.6928386092185974
7,5,68,427,de,vleermuizen,0.422453373670578
7,5,69,428,afstand,vleermuizen,0.4804278314113617
7,5,70,429,tot,vleermuizen,0.47795307636260986
7,5,71,430,zijn,vleermuizen,0.44735291600227356
7,5,72,431,prooi,vleermuizen,0.4976288974285126
7,5,73,432,en,vleermuizen,0.4130673110485077
7,5,74,433,omgeving,vleermuizen,0.4391290247440338
7,5,75,434,inschatten,vleermuizen,0.4610210359096527
7,5,76,435,en,vleermuizen,0.4130673110485077
7,5,77,436,vliegt,vleermuizen,0.506351888179779
7,5,78,437,hij,vleermuizen,0.47030824422836304
7,5,79,438,opmerkelijk,vleermuizen,0.42279377579689026
7,5,80,439,veilig.,vleermuizen,0.43878114223480225
7,5,81,440,Vleermuizen,vleermuizen,0.6840285658836365
7,5,82,441,kunnen,vleermuizen,0.4340420663356781
7,5,83,442,in,vleermuizen,0.4435119926929474
7,5,84,443,een,vleermuizen,0.4247528314590454
7,5,85,444,volledig,vleermuizen,0.44547581672668457
7,5,86,445,donkere,vleermuizen,0.4397667348384857
7,5,87,446,kamer,vleermuizen,0.44199123978614807
7,5,88,447,vliegen,vleermuizen,0.49989932775497437
7,5,89,448,waarin,vleermuizen,0.45724549889564514
7,5,90,449,zeer,vleermuizen,0.4521549344062805
7,5,91,450,dunne,vleermuizen,0.38985714316368103
7,5,92,451,draden,vleermuizen,0.44925546646118164
7,5,93,452,gespannen,vleermuizen,0.44875964522361755
7,5,94,453,"zijn,",vleermuizen,0.45245876908302307
7,5,95,454,zonder,vleermuizen,0.4643266797065735
7,5,96,455,deze,vleermuizen,0.45275333523750305
7,5,97,456,te,vleermuizen,0.4072730541229248
7,5,98,457,raken.,vleermuizen,0.42831605672836304
7,6,0,458,In,vleermuizen,0.45709216594696045
7,6,1,459,tegenstelling,vleermuizen,0.3861408233642578
7,6,2,460,tot,vleermuizen,0.47795307636260986
7,6,3,461,wat,vleermuizen,0.4436582326889038
7,6,4,462,vaak,vleermuizen,0.4539737403392792
7,6,5,463,gedacht,vleermuizen,0.4289746880531311
7,6,6,464,"wordt,",vleermuizen,0.4045826196670532
7,6,7,465,zijn,vleermuizen,0.44735291600227356
7,6,8,466,vleermuizen,vleermuizen,0.6875394582748413
7,6,9,467,niet,vleermuizen,0.46711400151252747
7,6,10,468,blind.,vleermuizen,0.40195563435554504
7,6,11,469,Bij,vleermuizen,0.5066484212875366
7,6,12,470,de,vleermuizen,0.422453373670578
7,6,13,471,eerste,vleermuizen,0.4209745228290558
7,6,14,472,onderzoeken,vleermuizen,0.4252369701862335
7,6,15,473,naar,vleermuizen,0.43582507967948914
7,6,16,474,de,vleermuizen,0.422453373670578
7,6,17,475,mogelijkheid,vleermuizen,0.4399031102657318
7,6,18,476,van,vleermuizen,0.46358659863471985
7,6,19,477,vleermuizen,vleermuizen,0.6875394582748413
7,6,20,478,in,vleermuizen,0.4435119926929474
7,6,21,479,het,vleermuizen,0.45731937885284424
7,6,22,480,donker,vleermuizen,0.41419717669487
7,6,23,481,te,vleermuizen,0.4072730541229248
7,6,24,482,vliegen,vleermuizen,0.49989932775497437
7,6,25,483,zonder,vleermuizen,0.4643266797065735
7,6,26,484,tegen,vleermuizen,0.397429496049881
7,6,27,485,obstakels,vleermuizen,0.4122845232486725
7,6,28,486,aan,vleermuizen,0.43229180574417114
7,6,29,487,te,vleermuizen,0.4072730541229248
7,6,30,488,"botsen,",vleermuizen,0.4377571642398834
7,6,31,489,moest,vleermuizen,0.4708692133426666
7,6,32,490,Lazzaro,vleermuizen,0.39893779158592224
7,6,33,491,Spallanzani,vleermuizen,0.43470054864883423
7,6,34,492,vleermuizen,vleermuizen,0.6875394582748413
7,6,35,493,blind,vleermuizen,0.43602171540260315
7,6,36,494,maken.,vleermuizen,0.46947208046913147
7,6,37,495,De,vleermuizen,0.4043932557106018
7,6,38,496,meeste,vleermuizen,0.48464688658714294
7,6,39,497,vleermuissoorten,vleermuizen,0.7132894396781921
7,6,40,498,zijn,vleermuizen,0.44735291600227356
7,6,41,499,"promiscue,",vleermuizen,0.44016653299331665
7,6,42,500,maar,vleermuizen,0.43293502926826477
7,6,43,501,er,vleermuizen,0.44433677196502686
7,6,44,502,zijn,vleermuizen,0.44735291600227356
7,6,45,503,ook,vleermuizen,0.40875282883644104
7,6,46,504,monogame,vleermuizen,0.460060715675354
7,6,47,505,soorten.,vleermuizen,0.49844372272491455
7,7,0,506,Vleermuizen,vleermuizen,0.6840285658836365
7,7,1,507,zijn,vleermuizen,0.44735291600227356
7,7,2,508,door,vleermuizen,0.41821742057800293
7,7,3,509,hun,vleermuizen,0.4546748399734497
7,7,4,510,gewoonte,vleermuizen,0.45138850808143616
7,7,5,511,om,vleermuizen,0.4447576701641083
7,7,6,512,in,vleermuizen,0.4435119926929474
7,7,7,513,groepen,vleermuizen,0.46199771761894226
7,7,8,514,te,vleermuizen,0.4072730541229248
7,7,9,515,rusten,vleermuizen,0.4510467052459717
7,7,10,516,zeer,vleermuizen,0.4521549344062805
7,7,11,517,kwetsbaar.,vleermuizen,0.4186330735683441
7,7,12,518,Bij,vleermuizen,0.5066484212875366
7,7,13,519,"instorting,",vleermuizen,0.4232884347438812
7,7,14,520,overstroming,vleermuizen,0.4203585684299469
7,7,15,521,en,vleermuizen,0.4130673110485077
7,7,16,522,dergelijke,vleermuizen,0.43903207778930664
7,7,17,523,kan,vleermuizen,0.4395708739757538
7,7,18,524,een,vleermuizen,0.4247528314590454
7,7,19,525,hele,vleermuizen,0.44148677587509155
7,7,20,526,kolonie,vleermuizen,0.45990845561027527
7,7,21,527,worden,vleermuizen,0.44522780179977417
7,7,22,528,verwoest.,vleermuizen,0.40514105558395386
7,7,23,529,Ook,vleermuizen,0.43077582120895386
7,7,24,530,planten,vleermuizen,0.45658716559410095
7,7,25,531,vleermuizen,vleermuizen,0.6875394582748413
7,7,26,532,zich,vleermuizen,0.4780779480934143
7,7,27,533,traag,vleermuizen,0.4103175103664398
7,7,28,534,voort.,vleermuizen,0.4219572842121124
7,7,29,535,Sommige,vleermuizen,0.4636317789554596
7,7,30,536,soorten,vleermuizen,0.5109439492225647
7,7,31,537,zijn,vleermuizen,0.44735291600227356
7,7,32,538,pas,vleermuizen,0.43715497851371765
7,7,33,539,na,vleermuizen,0.42438387870788574
7,7,34,540,enige,vleermuizen,0.42364391684532166
7,7,35,541,jaren,vleermuizen,0.4150007367134094
7,7,36,542,"geslachtsrijp,",vleermuizen,0.5164386034011841
7,7,37,543,en,vleermuizen,0.4130673110485077
7,7,38,544,een,vleermuizen,0.4247528314590454
7,7,39,545,worp,vleermuizen,0.4421220123767853
7,7,40,546,bestaat,vleermuizen,0.4743195176124573
7,7,41,547,vaak,vleermuizen,0.4539737403392792
7,7,42,548,uit,vleermuizen,0.49495548009872437
7,7,43,549,niet,vleermuizen,0.46711400151252747
7,7,44,550,meer,vleermuizen,0.4304005801677704
7,7,45,551,dan,vleermuizen,0.4411007761955261
7,7,46,552,één,vleermuizen,0.44027179479599
7,7,47,553,jong.,vleermuizen,0.4055602550506592
7,8,0,554,Door,vleermuizen,0.44224053621292114
7,8,1,555,de,vleermuizen,0.422453373670578
7,8,2,556,beschadiging,vleermuizen,0.43375128507614136
7,8,3,557,van,vleermuizen,0.46358659863471985
7,8,4,558,hun,vleermuizen,0.4546748399734497
7,8,5,559,habitat,vleermuizen,0.49456045031547546
7,8,6,560,is,vleermuizen,0.43507686257362366
7,8,7,561,vleermuisbescherming,vleermuizen,0.6738210320472717
7,8,8,562,nodig.,vleermuizen,0.4140259325504303
7,8,9,563,Goede,vleermuizen,0.396230548620224
7,8,10,564,roestplaatsen,vleermuizen,0.4583243727684021
7,8,11,565,overdag,vleermuizen,0.4603864550590515
7,8,12,566,(holle,vleermuizen,0.45529794692993164
7,8,13,567,bomen),vleermuizen,0.4569284915924072
7,8,14,568,en,vleermuizen,0.4130673110485077
7,8,15,569,goede,vleermuizen,0.4254795014858246
7,8,16,570,"overwinteringsplaatsen,",vleermuizen,0.4425058662891388
7,8,17,571,veiligheid,vleermuizen,0.4455204904079437
7,8,18,572,voor,vleermuizen,0.44691285490989685
7,8,19,573,roofdieren,vleermuizen,0.5629094839096069
7,8,20,574,en,vleermuizen,0.4130673110485077
7,8,21,575,de,vleermuizen,0.422453373670578
7,8,22,576,mens,vleermuizen,0.4244440495967865
7,8,23,577,en,vleermuizen,0.4130673110485077
7,8,24,578,een,vleermuizen,0.4247528314590454
7,8,25,579,temperatuur,vleermuizen,0.44147664308547974
7,8,26,580,die,vleermuizen,0.45824235677719116
7,8,27,581,in,vleermuizen,0.4435119926929474
7,8,28,582,de,vleermuizen,0.422453373670578
7,8,29,583,winter,vleermuizen,0.40442800521850586
7,8,30,584,niet,vleermuizen,0.46711400151252747
7,8,31,585,onder,vleermuizen,0.4778127074241638
7,8,32,586,het,vleermuizen,0.45731937885284424
7,8,33,587,vriespunt,vleermuizen,0.4635472595691681
7,8,34,588,"zakt,",vleermuizen,0.4325263202190399
7,8,35,589,zijn,vleermuizen,0.44735291600227356
7,8,36,590,schaars.,vleermuizen,0.475737988948822
7,8,37,591,In,vleermuizen,0.45709216594696045
7,8,38,592,de,vleermuizen,0.422453373670578
7,8,39,593,Europese,vleermuizen,0.451265811920166
7,8,40,594,Unie,vleermuizen,0.40403103828430176
7,8,41,595,zijn,vleermuizen,0.44735291600227356
7,8,42,596,alle,vleermuizen,0.43766382336616516
7,8,43,597,soorten,vleermuizen,0.5109439492225647
7,8,44,598,bij,vleermuizen,0.47328847646713257
7,8,45,599,wet,vleermuizen,0.43008100986480713
7,8,46,600,beschermd.,vleermuizen,0.48130467534065247
8,0,0,1,Violetta,violetta,
8,0,1,2,Castillo,violetta,0.6751553416252136
8,0,2,3,is,violetta,0.6215832829475403
8,0,3,4,een,violetta,0.5527330636978149
8,0,4,5,17-jarig,violetta,0.5866071581840515
8,0,5,6,"meisje,",violetta,0.5875945091247559
8,0,6,7,onbewust,violetta,0.44245103001594543
8,0,7,8,van,violetta,0.5262685418128967
8,0,8,9,haar,violetta,0.499977707862854
8,0,9,10,zeer,violetta,0.4758724272251129
8,0,10,11,speciale,violetta,0.4951135814189911
8,0,11,12,zangtalent.,violetta,0.5143070816993713
8,0,12,13,Ze,violetta,0.4724804162979126
8,0,13,14,heeft,violetta,0.502914309501648
8,0,14,15,dit,violetta,0.47155311703681946
8,0,15,16,talent,violetta,0.5380347967147827
8,0,16,17,geërfd,violetta,0.45393913984298706
8,0,17,18,van,violetta,0.4690220057964325
8,0,18,19,haar,violetta,0.49259865283966064
8,0,19,20,"moeder,",violetta,0.4754091501235962
8,0,20,21,"María,",violetta,0.5316936373710632
8,0,21,22,een,violetta,0.450268417596817
8,0,22,23,beroemde,violetta,0.507122278213501
8,0,23,24,zangeres,violetta,0.608375072479248
8,0,24,25,die,violetta,0.42467862367630005
8,0,25,26,omkwam,violetta,0.47544190287590027
8,0,26,27,bij,violetta,0.4418765902519226
8,0,27,28,een,violetta,0.44339513778686523
8,0,28,29,vliegtuigongeluk.,violetta,0.442137748003006
8,0,29,30,Haar,violetta,0.4463561177253723
8,0,30,31,"vader,",violetta,0.5041200518608093
8,0,31,32,"Germán,",violetta,0.45827949047088623
8,0,32,33,is,violetta,0.4384228587150574
8,0,33,34,een,violetta,0.4397856295108795
8,0,34,35,zeer,violetta,0.45397868752479553
8,0,35,36,succesvolle,violetta,0.47764939069747925
8,0,36,37,man,violetta,0.4487425684928894
8,0,37,38,die,violetta,0.42675265669822693
8,0,38,39,veel,violetta,0.47611290216445923
8,0,39,40,reist,violetta,0.4901342988014221
8,0,40,41,en,violetta,0.39779067039489746
8,0,41,42,van,violetta,0.47443991899490356
8,0,42,43,zijn,violetta,0.4352613091468811
8,0,43,44,dochter,violetta,0.560300350189209
8,0,44,45,"houdt,",violetta,0.4343636929988861
8,0,45,46,ondanks,violetta,0.4609256982803345
8,0,46,47,zijn,violetta,0.43537241220474243
8,0,47,48,strenge,violetta,0.48194679617881775
8,0,48,49,regels,violetta,0.4226953685283661
8,0,49,50,en,violetta,0.4044080674648285
8,0,50,51,overbezorgdheid.,violetta,0.39777737855911255
8,0,51,52,Verblind,violetta,0.48285481333732605
8,0,52,53,door,violetta,0.41845807433128357
8,0,53,54,verdriet,violetta,0.47012796998023987
8,0,54,55,besluit,violetta,0.4447343349456787
8,0,55,56,hij,violetta,0.4811597466468811
8,0,56,57,haar,violetta,0.4914041757583618
8,0,57,58,verleden,violetta,0.471256285905838
8,0,58,59,en,violetta,0.41021397709846497
8,0,59,60,het,violetta,0.47007808089256287
8,0,60,61,lot,violetta,0.47032320499420166
8,0,61,62,van,violetta,0.4863300025463104
8,0,62,63,haar,violetta,0.4968244433403015
8,0,63,64,moeder,violetta,0.5384513735771179
8,0,64,65,geheim,violetta,0.4935237467288971
8,0,65,66,te,violetta,0.4453487694263458
8,0,66,67,houden,violetta,0.4769965708255768
8,0,67,68,voor,violetta,0.47554612159729004
8,0,68,69,"Violetta,",violetta,0.6323009133338928
8,0,69,70,omdat,violetta,0.4771538972854614
8,0,70,71,hij,violetta,0.4854908883571625
8,0,71,72,bezorgd,violetta,0.45254310965538025
8,0,72,73,is,violetta,0.4369240999221802
8,0,73,74,dat,violetta,0.4549199938774109
8,0,74,75,ze,violetta,0.4628162682056427
8,0,75,76,in,violetta,0.43753498792648315
8,0,76,77,de,violetta,0.41484999656677246
8,0,77,78,voetsporen,violetta,0.4445134699344635
8,0,78,79,van,violetta,0.4824032485485077
8,0,79,80,haar,violetta,0.4984479248523712
8,0,80,81,moeder,violetta,0.5410479307174683
8,0,81,82,zou,violetta,0.43300193548202515
8,0,82,83,treden.,violetta,0.4077506363391876
8,1,0,84,Alles,violetta,0.47535470128059387
8,1,1,85,verandert,violetta,0.47887980937957764
8,1,2,86,wanneer,violetta,0.46921759843826294
8,1,3,87,ze,violetta,0.4683678150177002
8,1,4,88,terugkeren,violetta,0.40105679631233215
8,1,5,89,naar,violetta,0.4600263237953186
8,1,6,90,hun,violetta,0.47870492935180664
8,1,7,91,thuisland,violetta,0.4950302839279175
8,1,8,92,in,violetta,0.4492509365081787
8,1,9,93,Buenos,violetta,0.5174925923347473
8,1,10,94,Aires.,violetta,0.48049071431159973
8,1,11,95,Daar,violetta,0.43871551752090454
8,1,12,96,begint,violetta,0.5065374374389648
8,1,13,97,Violetta,violetta,0.6502641439437866
8,1,14,98,pianoles,violetta,0.4974323809146881
8,1,15,99,te,violetta,0.44381847977638245
8,1,16,100,volgen,violetta,0.5025650262832642
8,1,17,101,aan,violetta,0.45193853974342346
8,1,18,102,'Studio,violetta,0.4426785111427307
8,1,19,103,"21',",violetta,0.4609948396682739
8,1,20,104,een,violetta,0.4483703076839447
8,1,21,105,prestigieuze,violetta,0.47098201513290405
8,1,22,106,muziekschool.,violetta,0.5304616093635559
8,1,23,107,Ze,violetta,0.4691942632198334
8,1,24,108,ontmoet,violetta,0.46900925040245056
8,1,25,109,"Angie,",violetta,0.5330060720443726
8,1,26,110,haar,violetta,0.4998137056827545
8,1,27,111,nieuwe,violetta,0.4680698812007904
8,1,28,112,"lerares,",violetta,0.4691733717918396
8,1,29,113,die,violetta,0.44978731870651245
8,1,30,114,haar,violetta,0.5008100867271423
8,1,31,115,helpt,violetta,0.46567049622535706
8,1,32,116,haar,violetta,0.4994480609893799
8,1,33,117,talent,violetta,0.5072090029716492
8,1,34,118,te,violetta,0.44538718461990356
8,1,35,119,ontdekken.,violetta,0.46344831585884094
8,1,36,120,Angie,violetta,0.5191017985343933
8,1,37,121,is,violetta,0.4340948164463043
8,1,38,122,ook,violetta,0.4424576461315155
8,1,39,123,de,violetta,0.4198090434074402
8,1,40,124,zus,violetta,0.5080981850624084
8,1,41,125,van,violetta,0.48566991090774536
8,1,42,126,Violetta's,violetta,0.6041263937950134
8,1,43,127,"moeder,",violetta,0.5119766592979431
8,1,44,128,maar,violetta,0.47020840644836426
8,1,45,129,dit,violetta,0.4460919499397278
8,1,46,130,houdt,violetta,0.4755285978317261
8,1,47,131,ze,violetta,0.4573802351951599
8,1,48,132,geheim.,violetta,0.4669126570224762
8,1,49,133,Ze,violetta,0.4664830267429352
8,1,50,134,vreest,violetta,0.44236260652542114
8,1,51,135,dat,violetta,0.44644901156425476
8,1,52,136,Germán,violetta,0.4603269398212433
8,1,53,137,Violetta,violetta,0.6449530720710754
8,1,54,138,naar,violetta,0.46474993228912354
8,1,55,139,een,violetta,0.4478701949119568
8,1,56,140,ander,violetta,0.49116966128349304
8,1,57,141,land,violetta,0.41576051712036133
8,1,58,142,zou,violetta,0.43267500400543213
8,1,59,143,"brengen,",violetta,0.4223461449146271
8,1,60,144,als,violetta,0.42018282413482666
8,1,61,145,ze,violetta,0.45423197746276855
8,1,62,146,Violetta,violetta,0.6446175575256348
8,1,63,147,of,violetta,0.43206191062927246
8,1,64,148,Germán,violetta,0.4582924544811249
8,1,65,149,de,violetta,0.41078370809555054
8,1,66,150,waarheid,violetta,0.47729358077049255
8,1,67,151,vertelt.,violetta,0.4545688033103943
8,1,68,152,Violetta,violetta,0.6319032311439514
8,1,69,153,wordt,violetta,0.4454359710216522
8,1,70,154,verliefd,violetta,0.5008403062820435
8,1,71,155,op,violetta,0.42199942469596863
8,1,72,156,Tomás.,violetta,0.48491787910461426
8,1,73,157,"Ludmila,",violetta,0.5439643263816833
8,1,74,158,het,violetta,0.44093558192253113
8,1,75,159,rijkste,violetta,0.46759676933288574
8,1,76,160,en,violetta,0.4065078794956207
8,1,77,161,arrogantste,violetta,0.4546131491661072
8,1,78,162,meisje,violetta,0.5525862574577332
8,1,79,163,in,violetta,0.43433377146720886
8,1,80,164,Studio,violetta,0.47298309206962585
8,1,81,165,"21,",violetta,0.4640967547893524
8,1,82,166,wordt,violetta,0.441478967666626
8,1,83,167,ook,violetta,0.4238099753856659
8,1,84,168,verliefd,violetta,0.5075544714927673
8,1,85,169,op,violetta,0.41823047399520874
8,1,86,170,"Tomás,",violetta,0.541759729385376
8,1,87,171,tot,violetta,0.4779377281665802
8,1,88,172,woede,violetta,0.4416917562484741
8,1,89,173,van,violetta,0.4760693907737732
8,1,90,174,"León,",violetta,0.5249112248420715
8,1,91,175,haar,violetta,0.481923907995224
8,1,92,176,oude,violetta,0.47159573435783386
8,1,93,177,vriendje.,violetta,0.4660108983516693
8,1,94,178,Later,violetta,0.44057267904281616
8,1,95,179,beginnen,violetta,0.4448848366737366
8,1,96,180,Ludmila,violetta,0.549519956111908
8,1,97,181,en,violetta,0.4038206934928894
8,1,98,182,Tomás,violetta,0.5311822891235352
8,1,99,183,te,violetta,0.43124011158943176
8,1,100,184,daten.,violetta,0.43557626008987427
8,1,101,185,León,violetta,0.5106799006462097
8,1,102,186,wordt,violetta,0.4417821764945984
8,1,103,187,woedend,violetta,0.4431746304035187
8,1,104,188,en,violetta,0.40212032198905945
8,1,105,189,besluit,violetta,0.433489590883255
8,1,106,190,Violetta,violetta,0.6367214322090149
8,1,107,191,te,violetta,0.42914140224456787
8,1,108,192,daten,violetta,0.42155247926712036
8,1,109,193,om,violetta,0.42329472303390503
8,1,110,194,Ludmila,violetta,0.548073947429657
8,1,111,195,en,violetta,0.40107011795043945
8,1,112,196,Tomás,violetta,0.531446635723114
8,1,113,197,een,violetta,0.43794572353363037
8,1,114,198,lesje,violetta,0.4428737163543701
8,1,115,199,te,violetta,0.4296863377094269
8,1,116,200,leren.,violetta,0.4424818754196167
8,1,117,201,In,violetta,0.437682569026947
8,1,118,202,tegenstelling,violetta,0.4303482472896576
8,1,119,203,tot,violetta,0.47156447172164917
8,1,120,204,zijn,violetta,0.4218648672103882
8,1,121,205,originele,violetta,0.4683394730091095
8,1,122,206,plannen,violetta,0.44788891077041626
8,1,123,207,begint,violetta,0.46431028842926025
8,1,124,208,hij,violetta,0.4597226679325104
8,1,125,209,voor,violetta,0.4601972699165344
8,1,126,210,Violetta,violetta,0.6371638178825378
8,1,127,211,te,violetta,0.42975759506225586
8,1,128,212,"vallen,",violetta,0.4767366945743561
8,1,129,213,en,violetta,0.40009433031082153
8,1,130,214,zij,violetta,0.4992043375968933
8,1,131,215,begint,violetta,0.46435922384262085
8,1,132,216,op,violetta,0.4146187901496887
8,1,133,217,haar,violetta,0.47517699003219604
8,1,134,218,beurt,violetta,0.43362870812416077
8,1,135,219,verliefd,violetta,0.5190019607543945
8,1,136,220,te,violetta,0.42901092767715454
8,1,137,221,worden,violetta,0.4606788754463196
8,1,138,222,op,violetta,0.41512981057167053
8,1,139,223,"León,",violetta,0.5350390672683716
8,1,140,224,wat,violetta,0.44191956520080566
8,1,141,225,Tomás,violetta,0.5332016348838806
8,1,142,226,en,violetta,0.4015377163887024
8,1,143,227,Ludmila,violetta,0.5522165894508362
8,1,144,228,irriteert.,violetta,0.39352089166641235
8,2,0,229,Germán,violetta,0.463492214679718
8,2,1,230,is,violetta,0.4169870913028717
8,2,2,231,verloofd,violetta,0.5268155336380005
8,2,3,232,met,violetta,0.41573184728622437
8,2,4,233,"Jade,",violetta,0.5307358503341675
8,2,5,234,een,violetta,0.4395265579223633
8,2,6,235,onintelligente,violetta,0.44138720631599426
8,2,7,236,vrouw,violetta,0.5253202319145203
8,2,8,237,"die,",violetta,0.44284719228744507
8,2,9,238,hoewel,violetta,0.43644237518310547
8,2,10,239,ze,violetta,0.45289191603660583
8,2,11,240,erg,violetta,0.4094081223011017
8,2,12,241,ambitieus,violetta,0.467978835105896
8,2,13,242,"is,",violetta,0.4402279853820801
8,2,14,243,gevoelloos,violetta,0.4484921097755432
8,2,15,244,is,violetta,0.4209338426589966
8,2,16,245,en,violetta,0.4068076014518738
8,2,17,246,een,violetta,0.44141653180122375
8,2,18,247,hekel,violetta,0.4397667646408081
8,2,19,248,heeft,violetta,0.4602838158607483
8,2,20,249,aan,violetta,0.4283691346645355
8,2,21,250,Violetta.,violetta,0.6129733920097351
8,2,22,251,Jade,violetta,0.5116216540336609
8,2,23,252,doet,violetta,0.47339820861816406
8,2,24,253,er,violetta,0.43304911255836487
8,2,25,254,alles,violetta,0.49958711862564087
8,2,26,255,aan,violetta,0.4391729235649109
8,2,27,256,om,violetta,0.4405132532119751
8,2,28,257,met,violetta,0.4280964136123657
8,2,29,258,Germán,violetta,0.4952031970024109
8,2,30,259,te,violetta,0.4556522071361542
8,2,31,260,trouwen,violetta,0.48905426263809204
8,2,32,261,omdat,violetta,0.46561574935913086
8,2,33,262,ze,violetta,0.47274643182754517
8,2,34,263,oprecht,violetta,0.4854055643081665
8,2,35,264,van,violetta,0.4768775701522827
8,2,36,265,hem,violetta,0.4596521556377411
8,2,37,266,"houdt,",violetta,0.436637818813324
8,2,38,267,maar,violetta,0.4679962694644928
8,2,39,268,haar,violetta,0.4883634150028229
8,2,40,269,oudere,violetta,0.46393659710884094
8,2,41,270,broer,violetta,0.5028136968612671
8,2,42,271,wil,violetta,0.45988067984580994
8,2,43,272,dat,violetta,0.45169758796691895
8,2,44,273,ze,violetta,0.4721389412879944
8,2,45,274,met,violetta,0.42454665899276733
8,2,46,275,Germán,violetta,0.50429368019104
8,2,47,276,trouwt,violetta,0.5300381183624268
8,2,48,277,vanwege,violetta,0.4527020752429962
8,2,49,278,zijn,violetta,0.4389156103134155
8,2,50,279,geld.,violetta,0.4500254988670349
8,2,51,280,Violetta,violetta,0.6297341585159302
8,2,52,281,is,violetta,0.43245112895965576
8,2,53,282,het,violetta,0.4456690847873688
8,2,54,283,hier,violetta,0.4698971211910248
8,2,55,284,nooit,violetta,0.4885183274745941
8,2,56,285,mee,violetta,0.4520454704761505
8,2,57,286,eens,violetta,0.45191988348960876
8,2,58,287,geweest,violetta,0.4602493941783905
8,2,59,288,en,violetta,0.4207196831703186
8,2,60,289,heeft,violetta,0.4714531898498535
8,2,61,290,altijd,violetta,0.48942044377326965
8,2,62,291,ruzie,violetta,0.46630263328552246
8,2,63,292,met,violetta,0.4232024550437927
8,2,64,293,Jade.,violetta,0.5529022812843323
8,2,65,294,Later,violetta,0.468792200088501
8,2,66,295,ontdekt,violetta,0.46040061116218567
8,2,67,296,Jade,violetta,0.5814114809036255
8,2,68,297,dat,violetta,0.4513169825077057
8,2,69,298,Violetta,violetta,0.6290609240531921
8,2,70,299,stiekem,violetta,0.4709722697734833
8,2,71,300,muziek,violetta,0.47669073939323425
8,2,72,301,studeert,violetta,0.4974692165851593
8,2,73,302,aan,violetta,0.431289941072464
8,2,74,303,Studio,violetta,0.49847298860549927
8,2,75,304,"21,",violetta,0.4787455201148987
8,2,76,305,en,violetta,0.4141095280647278
8,2,77,306,maakt,violetta,0.47142475843429565
8,2,78,307,ze,violetta,0.47155892848968506
8,2,79,308,een,violetta,0.4519862234592438
8,2,80,309,deal,violetta,0.4442169666290283
8,2,81,310,met,violetta,0.4233360290527344
8,2,82,311,haar:,violetta,0.4695667028427124
8,2,83,312,als,violetta,0.41005781292915344
8,2,84,313,Violetta,violetta,0.6260532736778259
8,2,85,314,ervoor,violetta,0.46599212288856506
8,2,86,315,zorgt,violetta,0.4571245312690735
8,2,87,316,dat,violetta,0.45132896304130554
8,2,88,317,Germán,violetta,0.502439022064209
8,2,89,318,met,violetta,0.42373862862586975
8,2,90,319,haar,violetta,0.483707994222641
8,2,91,320,wil,violetta,0.45601218938827515
8,2,92,321,"trouwen,",violetta,0.5023052096366882
8,2,93,322,zal,violetta,0.457198828458786
8,2,94,323,Jade,violetta,0.5853226184844971
8,2,95,324,het,violetta,0.44452348351478577
8,2,96,325,geheim,violetta,0.4934566617012024
8,2,97,326,van,violetta,0.4705337584018707
8,2,98,327,Violetta,violetta,0.621390700340271
8,2,99,328,niet,violetta,0.4953836500644684
8,2,100,329,aan,violetta,0.4257344901561737
8,2,101,330,Germán,violetta,0.5033830404281616
8,2,102,331,vertellen.,violetta,0.4236351251602173
8,2,103,332,Uiteindelijk,violetta,0.4484260678291321
8,2,104,333,ontdekt,violetta,0.4582979083061218
8,2,105,334,Germán,violetta,0.5029168128967285
8,2,106,335,toch,violetta,0.463116317987442
8,2,107,336,dat,violetta,0.44651785492897034
8,2,108,337,Violetta,violetta,0.6175262331962585
8,2,109,338,bij,violetta,0.45510125160217285
8,2,110,339,de,violetta,0.43453261256217957
8,2,111,340,Studio,violetta,0.4978462755680084
8,2,112,341,muziek,violetta,0.4749303162097931
8,2,113,342,studeert,violetta,0.5021698474884033
8,2,114,343,en,violetta,0.4142935574054718
8,2,115,344,dat,violetta,0.4461754560470581
8,2,116,345,Angie,violetta,0.5390468239784241
8,2,117,346,eigenlijk,violetta,0.4438529312610626
8,2,118,347,haar,violetta,0.47838908433914185
8,2,119,348,tante,violetta,0.5031927227973938
8,2,120,349,is,violetta,0.4256035387516022
8,2,121,350,die,violetta,0.44717395305633545
8,2,122,351,haar,violetta,0.47838908433914185
8,2,123,352,altijd,violetta,0.4838138818740845
8,2,124,353,heeft,violetta,0.4675666391849518
8,2,125,354,geholpen,violetta,0.44813740253448486
8,2,126,355,en,violetta,0.4142935574054718
8,2,127,356,beschermd.,violetta,0.4357803165912628
8,2,128,357,Germán,violetta,0.5036422610282898
8,2,129,358,wilde,violetta,0.49335798621177673
8,2,130,359,Violetta,violetta,0.6175262331962585
8,2,131,360,eigenlijk,violetta,0.4438529312610626
8,2,132,361,weg,violetta,0.49755915999412537
8,2,133,362,"halen,",violetta,0.45348218083381653
8,2,134,363,maar,violetta,0.45839691162109375
8,2,135,364,dankzij,violetta,0.43748989701271057
8,2,136,365,Angie,violetta,0.5390468239784241
8,2,137,366,besluit,violetta,0.4478352665901184
8,2,138,367,hij,violetta,0.46610522270202637
8,2,139,368,in,violetta,0.43779709935188293
8,2,140,369,Buenos,violetta,0.5157303214073181
8,2,141,370,Aires,violetta,0.4951380789279938
8,2,142,371,te,violetta,0.45156508684158325
8,2,143,372,"blijven,",violetta,0.4435442090034485
8,2,144,373,zodat,violetta,0.44871068000793457
8,2,145,374,Violetta,violetta,0.6175262331962585
8,2,146,375,kan,violetta,0.4420076608657837
8,2,147,376,doorgaan,violetta,0.46416598558425903
8,2,148,377,bij,violetta,0.45510125160217285
8,2,149,378,Studio,violetta,0.4978462755680084
8,2,150,379,21.,violetta,0.47552788257598877
8,2,151,380,Uiteindelijk,violetta,0.4585569202899933
8,2,152,381,gaat,violetta,0.4855369031429291
8,2,153,382,Tomás,violetta,0.5359532237052917
8,2,154,383,terug,violetta,0.4521014988422394
8,2,155,384,naar,violetta,0.4748096764087677
8,2,156,385,Spanje,violetta,0.47976207733154297
8,2,157,386,omdat,violetta,0.4554404616355896
8,2,158,387,hij,violetta,0.46610522270202637
8,2,159,388,de,violetta,0.43453261256217957
8,2,160,389,kans,violetta,0.46863511204719543
8,2,161,390,krijgt,violetta,0.4772385060787201
8,2,162,391,iets,violetta,0.4814475476741791
8,2,163,392,van,violetta,0.46738895773887634
8,2,164,393,zijn,violetta,0.43029460310935974
8,2,165,394,muziek,violetta,0.4749303162097931
8,2,166,395,te,violetta,0.45156508684158325
8,2,167,396,maken,violetta,0.46065428853034973
8,2,168,397,en,violetta,0.4142935574054718
8,2,169,398,sluit,violetta,0.4401707053184509
8,2,170,399,Ludmila,violetta,0.5531429648399353
8,2,171,400,vrede,violetta,0.46677443385124207
8,2,172,401,met,violetta,0.41936972737312317
8,2,173,402,iedereen.,violetta,0.4487532377243042
8,2,174,403,León,violetta,0.5269801020622253
8,2,175,404,belooft,violetta,0.4617432653903961
8,2,176,405,aan,violetta,0.4239569902420044
8,2,177,406,zichzelf,violetta,0.4714803397655487
8,2,178,407,Violetta,violetta,0.6175262331962585
8,2,179,408,te,violetta,0.45156508684158325
8,2,180,409,vergeten.,violetta,0.4102332592010498
8,3,0,410,In,violetta,0.4648131728172302
8,3,1,411,het,violetta,0.44081777334213257
8,3,2,412,tweede,violetta,0.4745285212993622
8,3,3,413,seizoen,violetta,0.45399385690689087
8,3,4,414,begint,violetta,0.46351194381713867
8,3,5,415,Violetta,violetta,0.6175262331962585
8,3,6,416,te,violetta,0.45156508684158325
8,3,7,417,vallen,violetta,0.4929712414741516
8,3,8,418,voor,violetta,0.467641144990921
8,3,9,419,León,violetta,0.5269801020622253
8,3,10,420,en,violetta,0.4142935574054718
8,3,11,421,voelt,violetta,0.42120757699012756
8,3,12,422,hij,violetta,0.46610522270202637
8,3,13,423,hetzelfde,violetta,0.4540303647518158
8,3,14,424,voor,violetta,0.467641144990921
8,3,15,425,haar.,violetta,0.4438764154911041
8,3,16,426,Ze,violetta,0.4898771047592163
8,3,17,427,beginnen,violetta,0.4517551064491272
8,3,18,428,te,violetta,0.45156508684158325
8,3,19,429,"daten,",violetta,0.447090208530426
8,3,20,430,maar,violetta,0.45839691162109375
8,3,21,431,"Diego,",violetta,0.5463140606880188
8,3,22,432,een,violetta,0.4465605914592743
8,3,23,433,nieuwe,violetta,0.4652351140975952
8,3,24,434,student,violetta,0.4686811566352844
8,3,25,435,bij,violetta,0.45510125160217285
8,3,26,436,Studio,violetta,0.4978462755680084
8,3,27,437,"21,",violetta,0.4769320487976074
8,3,28,438,probeert,violetta,0.4729916453361511
8,3,29,439,Violetta,violetta,0.6175262331962585
8,3,30,440,te,violetta,0.45156508684158325
8,3,31,441,kussen.,violetta,0.44731661677360535
8,3,32,442,León,violetta,0.5269801020622253
8,3,33,443,ziet,violetta,0.47621026635169983
8,3,34,444,dit,violetta,0.43506231904029846
8,3,35,445,en,violetta,0.4142935574054718
8,3,36,446,verbreekt,violetta,0.45550915598869324
8,3,37,447,zijn,violetta,0.43029460310935974
8,3,38,448,relatie,violetta,0.5190615057945251
8,3,39,449,met,violetta,0.41936972737312317
8,3,40,450,Violetta.,violetta,0.5845465660095215
8,3,41,451,Ludmila,violetta,0.5531429648399353
8,3,42,452,blijft,violetta,0.4936933219432831
8,3,43,453,een,violetta,0.4465605914592743
8,3,44,454,onaardig,violetta,0.44640159606933594
8,3,45,455,en,violetta,0.4142935574054718
8,3,46,456,glamoureus,violetta,0.45407721400260925
8,3,47,457,meisje,violetta,0.5457879900932312
8,3,48,458,dat,violetta,0.4461754560470581
8,3,49,459,er,violetta,0.427404522895813
8,3,50,460,alles,violetta,0.4936947524547577
8,3,51,461,voor,violetta,0.467641144990921
8,3,52,462,doet,violetta,0.470183402299881
8,3,53,463,om,violetta,0.4330374598503113
8,3,54,464,te,violetta,0.45156508684158325
8,3,55,465,krijgen,violetta,0.4584985673427582
8,3,56,466,wat,violetta,0.45265981554985046
8,3,57,467,ze,violetta,0.46802636981010437
8,3,58,468,wil:,violetta,0.4532009959220886
8,3,59,469,ze,violetta,0.46802636981010437
8,3,60,470,roept,violetta,0.44375845789909363
8,3,61,471,haar,violetta,0.47838908433914185
8,3,62,472,vriend,violetta,0.504720151424408
8,3,63,473,van,violetta,0.46738895773887634
8,3,64,474,vroeger,violetta,0.4542195796966553
8,3,65,475,op,violetta,0.4249879717826843
8,3,66,476,om,violetta,0.4330374598503113
8,3,67,477,haar,violetta,0.47838908433914185
8,3,68,478,te,violetta,0.45156508684158325
8,3,69,479,helpen,violetta,0.4452464282512665
8,3,70,480,Violetta,violetta,0.6175262331962585
8,3,71,481,uit,violetta,0.5097907781600952
8,3,72,482,de,violetta,0.43453261256217957
8,3,73,483,studio,violetta,0.4610361158847809
8,3,74,484,te,violetta,0.45156508684158325
8,3,75,485,"krijgen,",violetta,0.4395188093185425
8,3,76,486,maar,violetta,0.45839691162109375
8,3,77,487,ze,violetta,0.46802636981010437
8,3,78,488,wordt,violetta,0.45026731491088867
8,3,79,489,ongeduldig,violetta,0.433527410030365
8,3,80,490,en,violetta,0.4142935574054718
8,3,81,491,chanteert,violetta,0.5041590929031372
8,3,82,492,Diego,violetta,0.5347744226455688
8,3,83,493,om,violetta,0.4330374598503113
8,3,84,494,te,violetta,0.45156508684158325
8,3,85,495,blijven,violetta,0.47818371653556824
8,3,86,496,doen,violetta,0.45691385865211487
8,3,87,497,alsof,violetta,0.417267382144928
8,3,88,498,hij,violetta,0.46610522270202637
8,3,89,499,van,violetta,0.46738895773887634
8,3,90,500,Violetta,violetta,0.6175262331962585
8,3,91,501,houdt.,violetta,0.41292425990104675
8,4,0,502,León,violetta,0.5269801020622253
8,4,1,503,verdenkt,violetta,0.44420698285102844
8,4,2,504,Diego,violetta,0.5347744226455688
8,4,3,505,de,violetta,0.43453261256217957
8,4,4,506,hele,violetta,0.4545588791370392
8,4,5,507,tijd,violetta,0.4379728138446808
8,4,6,508,en,violetta,0.4142935574054718
8,4,7,509,vindt,violetta,0.46220242977142334
8,4,8,510,bewijs,violetta,0.44242167472839355
8,4,9,511,dat,violetta,0.4461754560470581
8,4,10,512,Diego,violetta,0.5347744226455688
8,4,11,513,en,violetta,0.4142935574054718
8,4,12,514,Ludmila,violetta,0.5531429648399353
8,4,13,515,samen,violetta,0.47702333331108093
8,4,14,516,werkten,violetta,0.45880982279777527
8,4,15,517,om,violetta,0.4330374598503113
8,4,16,518,Violetta,violetta,0.6175262331962585
8,4,17,519,verdrietig,violetta,0.46442660689353943
8,4,18,520,en,violetta,0.4142935574054718
8,4,19,521,vernederd,violetta,0.4437825083732605
8,4,20,522,te,violetta,0.45156508684158325
8,4,21,523,maken,violetta,0.46065428853034973
8,4,22,524,tijdens,violetta,0.4457075297832489
8,4,23,525,haar,violetta,0.47838908433914185
8,4,24,526,grote,violetta,0.4683457911014557
8,4,25,527,"optreden,",violetta,0.46147963404655457
8,4,26,528,wanneer,violetta,0.4591216444969177
8,4,27,529,ze,violetta,0.46802636981010437
8,4,28,530,zouden,violetta,0.4280600845813751
8,4,29,531,zeggen,violetta,0.43941301107406616
8,4,30,532,dat,violetta,0.4461754560470581
8,4,31,533,Diego,violetta,0.5347744226455688
8,4,32,534,nooit,violetta,0.4837459623813629
8,4,33,535,van,violetta,0.46738895773887634
8,4,34,536,Violetta,violetta,0.6175262331962585
8,4,35,537,heeft,violetta,0.4675666391849518
8,4,36,538,gehouden.,violetta,0.41937610507011414
8,4,37,539,León,violetta,0.5269801020622253
8,4,38,540,laat,violetta,0.47326311469078064
8,4,39,541,de,violetta,0.43453261256217957
8,4,40,542,beelden,violetta,0.45144060254096985
8,4,41,543,van,violetta,0.46738895773887634
8,4,42,544,het,violetta,0.44081777334213257
8,4,43,545,bewijs,violetta,0.44242167472839355
8,4,44,546,op,violetta,0.4249879717826843
8,4,45,547,zijn,violetta,0.43029460310935974
8,4,46,548,telefoon,violetta,0.471477746963501
8,4,47,549,zien,violetta,0.4667517840862274
8,4,48,550,aan,violetta,0.4239569902420044
8,4,49,551,"Francesca,",violetta,0.5263073444366455
8,4,50,552,maar,violetta,0.45839691162109375
8,4,51,553,Violetta,violetta,0.6175262331962585
8,4,52,554,luistert,violetta,0.46862632036209106
8,4,53,555,mee.,violetta,0.4052794575691223
8,4,54,556,Violetta,violetta,0.6175262331962585
8,4,55,557,begint,violetta,0.46351194381713867
8,4,56,558,te,violetta,0.45156508684158325
8,4,57,559,huilen,violetta,0.4885736107826233
8,4,58,560,tijdens,violetta,0.4457075297832489
8,4,59,561,haar,violetta,0.47838908433914185
8,4,60,562,optreden,violetta,0.47533202171325684
8,4,61,563,zonder,violetta,0.45761170983314514
8,4,62,564,enige,violetta,0.4404884874820709
8,4,63,565,kracht,violetta,0.4456300437450409
8,4,64,566,om,violetta,0.4330374598503113
8,4,65,567,te,violetta,0.45156508684158325
8,4,66,568,zingen.,violetta,0.47813868522644043
8,4,67,569,Gelukkig,violetta,0.47663024067878723
8,4,68,570,komt,violetta,0.459297239780426
8,4,69,571,León,violetta,0.5269801020622253
8,4,70,572,het,violetta,0.44081777334213257
8,4,71,573,podium,violetta,0.4303837716579437
8,4,72,574,op,violetta,0.4249879717826843
8,4,73,575,en,violetta,0.4142935574054718
8,4,74,576,begint,violetta,0.46351194381713867
8,4,75,577,'Podemos',violetta,0.5071414113044739
8,4,76,578,met,violetta,0.41936972737312317
8,4,77,579,Violetta,violetta,0.6175262331962585
8,4,78,580,te,violetta,0.45156508684158325
8,4,79,581,zingen.,violetta,0.47813868522644043
8,4,80,582,Violetta,violetta,0.6175262331962585
8,4,81,583,en,violetta,0.4142935574054718
8,4,82,584,León,violetta,0.5269801020622253
8,4,83,585,komen,violetta,0.44366785883903503
8,4,84,586,weer,violetta,0.4284713566303253
8,4,85,587,bij,violetta,0.45510125160217285
8,4,86,588,elkaar.,violetta,0.4918194115161896
8,4,87,589,Na,violetta,0.45212697982788086
8,4,88,590,alles,violetta,0.4936947524547577
8,4,89,591,wat,violetta,0.45265981554985046
8,4,90,592,er,violetta,0.427404522895813
8,4,91,593,is,violetta,0.4256035387516022
8,4,92,594,"gebeurd,",violetta,0.4298984706401825
8,4,93,595,is,violetta,0.4256035387516022
8,4,94,596,hun,violetta,0.48156172037124634
8,4,95,597,liefde,violetta,0.5370023846626282
8,4,96,598,sterker,violetta,0.4591211676597595
8,4,97,599,dan,violetta,0.4717635214328766
8,4,98,600,ooit.,violetta,0.42887070775032043
